:020000040000FA
:10800000E02500204D830000C1BB0000FB82000082
:10801000598300005B8300005D83000000000000C6
:108020000000000000000000000000005F8300006E
:1080300061830000000000004782000019C70000B3
:10804000F9BC00006DBE000099CC00006783000001
:108050006783000067830000D5AA000067830000E3
:108060004DCA00006783000067830000678300003B
:108070006783000067830000678300006783000058
:108080006783000067830000678300006783000048
:108090006783000067830000678300006783000038
:1080A000678300006783000079CA000067830000CF
:1080B00067830000678300000000000000000000EC
:1080C0006783000067830000678300006783000008
:1080D00067830000678300006783000000000000E2
:1080E0000000000000000000000000000000000090
:1080F0000000000000000000000000000000000080
:10810000000000000000000000000000000000006F
:10811000000000000000000000000000000000005F
:10812000000000000000000000000000000000004F
:10813000000000000000000000000000000000003F
:10814000000000000000000000000000000000002F
:10815000000000000000000000000000000000001F
:10816000000000000000000000000000000000000F
:1081700000000000000000000000000000000000FF
:1081800000000000000000000000000000000000EF
:1081900000000000000000000000000000000000DF
:1081A00000000000000000000000000000000000CF
:1081B00000000000000000000000000000000000BF
:1081C00000000000000000000000000000000000AF
:1081D000000000000000000000000000000000009F
:1081E000000000000000000000000000000000008F
:1081F000000000000000000000000000000000007F
:10820000DFF810D001F0B4F800480047C150010079
:10821000AFF30080E0250020EFF3108072B67047C6
:1082200080F310887047434A1368012B04D04FF045
:1082300001031360404A1060404A116040484FF00B
:10824000805101607047EFF3108272B639480168BF
:1082500051B34FF0000101603748016891B1EFF36D
:1082600009811EF0100F08BF21ED108B21E9F00FDE
:108270004FF000041EF0100F08BF012441F8044D18
:10828000006801602D490968096808C9B1E8F00F64
:10829000002B18BFB1EC108B81F309884EF0100E43
:1082A000002B18BF2EF0100E82F310884EF0040E33
:1082B000704722490860EFF3148222F0040282F32F
:1082C00014881D494FF0000008601A494FF0010062
:1082D00008601C484FF47F01D0F8002041EA0201F9
:1082E000016017484FF0805101601748006800682E
:1082F00080F3088861B662B670471EF0040F0CBFA9
:10830000EFF30880EFF3098020E9F00F40F804ED67
:1083100040F804ED1EF0040F0CBF80F3088880F3D2
:10832000098800B510F060F95DF804EB4EF0040E1A
:108330007047000020030020180300201C030020C9
:1083400004ED00E020ED00E008ED00E00648804785
:1083500006480047FEE7FEE7FEE7FEE7FEE7FEE72A
:10836000FEE7FEE7FEE7FEE775C7000001820000BA
:108370002DE9F05F0546002092469B46884606465A
:10838000814640241BE0284641464746224600F0ED
:10839000E6FD53465A46C01A914110D3114618467D
:1083A000224600F0CDFD2D1A67EB01084F4622460C
:1083B0000120002100F0C4FD17EB00094E41201EF2
:1083C000A4F10104DFDC484631462A464346BDE8B5
:1083D000F09F00000048704774D0010010B50446BB
:1083E000FFF7F8FF0068005D00F0010010BD40EAF3
:1083F00001039B0703D009E008C9121F08C0042A23
:10840000FAD203E011F8013B00F8013B521EF9D209
:108410007047D2B201E000F8012B491EFBD2704731
:108420000022F6E710B513460A4604461946FFF740
:10843000F0FF204610BD10B5044604E00B7800F8AC
:10844000013B03B1491C521EF8D2204610BDCAB2EE
:10845000401E10F8011F8A4202D00029F9D10020E5
:108460007047421C10F8011B0029FBD1801A70478D
:1084700010B5002200E0521C835C8C5CA34201D149
:10848000002BF8D1D8B2E1B2401A10BD30B5054684
:108490000020034600E05B1C934205D2EC5CC85C04
:1084A000201A01D1002CF6D130BD00000FB400B568
:1084B0008DB010A909900B9000914FF0FF300A90F9
:1084C00000200C9005480690054807906A4609A8C8
:1084D0000F9900F07BFD0DB05DF814FBE98F0000F3
:1084E000079000002DE9FF5F1D464FF0FF3BD5E9E7
:1084F000014691465F464FF00008A9697F1C01982C
:108500008847296A824688470028F6D1BAF1FF3F9A
:108510000CD024F4C064002E19DD600614D5BAF125
:108520002B0F09D0BAF12D0F0ED103E0584604B03D
:10853000BDE8F09F44F48064A9697F1C01988847D6
:10854000761E8246002E02DDBAF1300F03D0B9F15B
:10855000000F26D032E0A969761E44F400747F1C17
:10856000019888478246002E05DDBAF1780F06D0C3
:10857000BAF1580F03D0B9F1000F10D01EE0B9F1D5
:10858000000F02D0B9F1100F18D1A969761E24F49A
:1085900000747F1C019888478246102002E0082062
:1085A00000E00A20814609E008FB0908A969761E57
:1085B00044F400747F1C019888478246002E05DD34
:1085C0004946504600F0EDFC0028EDDAE9690198D3
:1085D0008847A00502D46FF00100A8E7E00725D185
:1085E000600613D5600502D5C8F1000000E04046E2
:1085F00029680A1D2A600968220501D5087015E05E
:10860000220701D5088011E008600FE02868011DED
:1086100029600068210502D580F8008006E0210766
:1086200002D5A0F8008001E0C0F8008038467EE75F
:108630002DE9FF5FD2E901A74FF000089169994643
:108640001446DDF838B0464601988847054659EA91
:108650000B0005D009E0A169761C01988847054602
:10866000216A284688470028F5D1681C03D05FEAB4
:10867000CA7005D015E04FF0FF3004B0BDE8F09FA0
:108680002068011D2160D0F800800AE05FEACA700E
:1086900001D108F8015BA169761C7F1E019888470B
:1086A0000546002F1ADD681C18D0B9F1000F0DD057
:1086B000E81705EBD060421120F01F0059F8221096
:1086C0002A1A012090400142E0D107E0BBF1000FDF
:1086D000DCD1216A284688470028D7D0E169019873
:1086E0008847BBF1000F07D1002E05DD5FEACA7095
:1086F00002D1002188F80010A068B84203DDBBF168
:10870000000F03D017B16FF00100B6E73046B4E7B1
:108710002DE9FF4F087883B09946FF2805D0491C02
:108720002D2804D00024002008E000200BE00124C4
:10873000F9E700EB800003EB4000491C0B78FF2BAE
:10874000F7D104B1404200230293147819461D4624
:108750002D2C01D02B2C04D1521C2D2C13D00024F5
:108760000294AA461478FF2C0FD00A25A3FB0578A3
:1087700001FB05814FF0000C03FB0C11521CE319A7
:108780004AEB0101EEE70124EAE7814453EA0100E4
:1087900002D019F5C87F06DA03980021C0E900115C
:1087A00007B0BDE8F08F0025AE4E2F46DFF8B88247
:1087B000184600F084FDCDE90001B9F1000002DAAD
:1087C000C9F1000400E004460023A74A1AEB030B9A
:1087D00042EB045A12E0E00707D02A4633463846F7
:1087E000414600F05DFA074688462A463346104661
:1087F000194600F055FA05460E466410002CEAD1E1
:10880000DDE90001B9F1000F5A46534606DA00F0DF
:10881000B9FA3A46434600F0B5FA05E000F040FAEE
:108820003A46434600F03CFA029A0AB181F0004110
:10883000039AC2E90001B3E72DE9FF4F1F468DB04F
:10884000D7E901464FF0FF382E2045464FF000098A
:108850000B90B9696D1C0E988847396A8246884723
:108860000028F6D1BAF1FF3F0AD024F4D064002EDC
:1088700011DDBAF12B0F08D0BAF12D0F0BD102E0A8
:10888000404611B08DE744F48064B9696D1C0E98C0
:1088900088478246761E6946600501D52D2000E096
:1088A0002B208DF8000001F1010B0DF1200809E0EB
:1088B000B9696D1C0E98884782460F9844F400747D
:1088C000761E0560002E02DDBAF1300FF0D00B9954
:1088D0008A453ED144F0800406E00F99681CA9F156
:1088E000010944F400740860B9696D1C761E0E9885
:1088F000884782463028F0D02BE00B998A4505D175
:10890000200603D444F08004761E18E0504606F09A
:108910004DFB08B30DF11301761E44F400748B4532
:1089200008D2AAF130000BF8010B200607D5A9F1F7
:10893000010003E0200602D409F101008146A005F0
:1089400002D50F99681C0860B9696D1C0E9888479C
:108950008246002ED1DC53E0002E51DDBAF1650FC6
:1089600002D0BAF1450F4BD1A00549D5B9696D1CAC
:1089700024F44074761E0E9888478246002E0CDD43
:108980002B2804D0BAF12D0F07D144F48074B969B3
:108990006D1C0E9888478246761EE00501D52D2174
:1089A00000E02B2108F8011BCDF82C8021E00DF10F
:1089B0002901761E44F4007488450CD2AAF13000D7
:1089C00010F0FF0088F8000002D10B99884509D902
:1089D00008F1010806E0E00501D5244801E042F273
:1089E0000F708146B9696D1C0E98884782460F98B2
:1089F0000560002E04DD504606F0D8FA0028D6D1D6
:108A0000F9690E988847FF208BF8000088F800006D
:108A10000020069007904B466A4608A906A8FFF773
:108A200077FEA00502D46FF001002AE714F0240FAE
:108A30000AD0E00714D1DDE906123868031D3B6057
:108A40000068C0E900120BE0DDE9060100F046FA1B
:108A50000146E00704D13868021D3A6000680160F1
:108A600028460EE7000014400000F03FF1D8FFFF59
:108A70002DE9F04791460F4680460446002614F83B
:108A8000015B2DB1FFF7A6FC0068405DC007F6D181
:108A90002B2D02D02D2D18D0641E4A463946204673
:108AA00000F0C2FA27B13968A14201D1C7F80080AD
:108AB00071054FF002040BD54042002803DD04F09D
:108AC000E7FA0460A007BDE8F08746F48066E4E7B3
:108AD0000028F8DA04F0DCFA04606FF00040F2E7F6
:108AE0002DE9F05F93460F4680460446002604F0C9
:108AF000CFFAD0F80090824614F8015B2DB1FFF751
:108B000069FC0068405DC007F6D12B2D02D02D2DE9
:108B10001AD0641E0021CAF800105A463946204671
:108B200000F082FA014627B13868A04201D1C7F8A7
:108B30000080DAF80000022809D0CAF80090700519
:108B400005D54842BDE8F09F46F48066E2E7084656
:108B5000F8E72DE9FE4F804681EA0300C00F0C467E
:108B6000009021F0004123F00045B8EB0200A9413C
:108B700005D24046214690461C460B46024623F04D
:108B80000040104347D0270DC7F30A00C3F30A5132
:108B90000290401A019040286BDAC3F3130040F4AE
:108BA000801B0098924620B10023D2EB030A63EBAE
:108BB0000B0B01985946C0F14002504600F0C0F935
:108BC00006460D4650465946019A00F0D8F910EB7A
:108BD00008006141002487EA115284EAE7731A43CE
:108BE00040D0009A62B3019A012A4FEA075215DC7D
:108BF000001B61EB02014FF0004202EA0752CDE98F
:108C00000042001C41F5801132462B4600F0A1FACB
:108C100003B0BDE8F08F40462146F9E7001B61EB49
:108C20000201001C41F5801300185B412018A2F5D9
:108C3000001747EB030140EAD570B6196D4111E00A
:108C40006D084FEA360645EAC0754FEA0752001B29
:108C500061EB0201001C41F5801149084FEA300028
:108C60000019514132462B4603B0BDE8F04F00F0E9
:108C700061BA0098012240000023D0EB020263EBAE
:108C8000E073009821464FEAE074B8EB000061EB16
:108C90000401E9E783F000435BE781F0004158E716
:108CA0002DE9FE4F81EA030404F0004421F0004165
:108CB00000944FF0000B23F0004350EA01045ED013
:108CC00052EA03045BD0C3F30A54C1F30A552C449F
:108CD000A4F2F3340194A0FB0254C1F3130141F454
:108CE0008011C3F3130343F4801301FB024400FB20
:108CF000034E840A970A44EA815447EA8357A4FB47
:108D0000076802958D0A05FB07854FEA932C04FB43
:108D10000C542705029D4FEA065847EA1637B5EB73
:108D200008056EEB070C870E920E47EA811742EAA0
:108D30008312A7FB0201B6EB0B0164EB00042B0DC1
:108D400043EA0C335E1844EB1C50DA465146E7FB0D
:108D50000201C5F313044FEA0B3343EA14534FEAFD
:108D60000432019C43EA0603A4F10C040294009C23
:108D7000CDE900B400F0EDF903B0BDE8F08F0020BC
:108D80000146F9E72DE9F04D81EA030404F0004BB8
:108D900021F0004514464FF0000A23F0004150EA4C
:108DA000050220D054EA01021DD0C5F30A5702463D
:108DB000C5F31303C1F31300C1F30A5640F4801541
:108DC00043F48013A7EB0608101BD64608F2FD38C3
:108DD00073EB050002D308F1010801E092185B4132
:108DE000B8F1000F03DA00200146BDE8F08D002045
:108DF0004FF48011064684460EE0171B73EB0507FF
:108E000005D3121B63EB050306434CEA010C49082A
:108E10004FEA300092185B4150EA0107EDD152EA67
:108E2000030012D082EA040083EA0501084305D05A
:108E3000101BAB4106D20122002306E000224FF0B6
:108E4000004302E06FF0010253101AEB06004CEBF6
:108E5000085110EB0A0041EB0B01BDE8F04D00F0AA
:108E600069B90EB5C10F80EAE0700844CA07002155
:108E700040F233438DE80E000A460B4600F069F9D4
:108E800003B000BD00F0004230F000400AD0C10D38
:108E900001F56071C0F3160042EA0151C2084007B3
:108EA00011437047002001467047000030B5041E92
:108EB00071F1000404DB4FF00044404264EB010117
:108EC000141E73F1000405DB1C464FF000435242B0
:108ED00063EB04038B4208BF824230BD01F00043C4
:108EE00030B421F0004150EA010206D00A0DA2F58B
:108EF0006072C1F31301002A02DC30BC002070470D
:108F0000440F44EAC104C100E01830BC00EBC25079
:108F100000F0D9B830B50B460146002020220124CC
:108F200009E021FA02F59D4205D303FA02F5491B37
:108F300004FA02F52844151EA2F10102F1DC30BD4D
:108F4000202A04DB203A00FA02F100207047914009
:108F5000C2F1200320FA03F3194390407047202AFE
:108F600004DB203A21FA02F00021704721FA02F3D3
:108F7000D040C2F120029140084319467047202A90
:108F800006DBCB17203A41FA02F043EAE07306E031
:108F900041FA02F3D040C2F1200291400843194641
:108FA00070473A2800D2303820F02002412A01D3FD
:108FB000A2F13700884201D34FF0FF307047000024
:108FC000026811441378016018467047D160044963
:108FD00051610449116200211161114600F0DAB9B2
:108FE000C18F0000DD830000426842B1016811F8C2
:108FF000013B23B1521EC0E90012184670470121FF
:10900000C160881E704742685AB1C368016843B99D
:1090100083688B4205D0491E521CC0E90012002013
:1090200070474FF0FF3070472DE9F05F82460078BF
:10903000002715468B460AF10104B946302801D0B5
:109040009DB113E014F8010B0127782803D05828AC
:1090500001D045B10AE00DB1102D07D10027102530
:1090600014F8010B02E0082500E00A250026B046AE
:109070000EE005FB080005FB06F1012701EB104699
:109080001FFA80F8B6F5803F00D3B94614F8010BFB
:109090002946FFF786FF0028EBDABBF1000F05D069
:1090A0000FB1641E00E05446CBF80040B9F1000F48
:1090B00006D003F0EDFF02210160C81EBDE8F09F5D
:1090C00048EA0640FAE70029A8BF7047401C49005B
:1090D00008BF20F00100704710B4B0FA80FC00FA1D
:1090E0000CF050EA010404BF10BC704749B1CCF148
:1090F000200421FA04F411FA0CF118BF01212143D4
:109100000843A3EB0C01CB1D4FEA00614FEA10208E
:1091100042BF002010BC704700EBC3501044002930
:10912000A4BF10BC7047401C490008BF20F00100DC
:1091300010BC704710B5141E73F1000408DA401C0F
:1091400041F1000192185B411A4301D120F0010066
:1091500010BD2DE9F04D92469B4611B1B1FA81F256
:1091600002E0B0FA80F220329046FFF7E9FE0446B2
:109170000F4640EA0A0041EA0B0153465A460843AB
:1091800013D0114653EA010019D0C8F140025046ED
:10919000FFF7E5FE05460E46504659464246FFF7A4
:1091A000CFFE084305D0012004E020463946BDE843
:1091B000F08D0020054346EAE0762C4337430A98B9
:1091C0006305E40AA0EB08000022FD0A44EA4754C4
:1091D0000A3002D500200146E9E70105101969416E
:1091E000DDE9084500196941BDE8F04DA2E770B519
:1091F00021F0004303430CD0C1F30A550024D5EB02
:10920000040564EB0403D617AD1AB34102DB00205A
:10921000014670BD201841EB025170BD2DE9F04DA3
:1092200000231A461B1A8A4103DB00200146BDE8D1
:10923000F08DC1F30A52C1F3130141F480154FF0D0
:10924000000BD10702D100186D41521E00270446C1
:1092500040F2FF11384601EB620A3E468046024664
:1092600000204FF48011FFF77AFEC2197141BB183C
:1092700046EB0100B4EB030C75EB000C04D3E41ACD
:1092800065EB000517460E46241908F101006D41F3
:1092900080463428E3DDF91946EB0600091BA84196
:1092A00003D24FF0FF32134601E0002213461BEBBE
:1092B000070046EB0A51BDE8F04DFFF73BBF0EB586
:1092C00040F2334202920022CDE900221346FFF71A
:1092D00040FF03B000BDC1F30A52C1F3130140F2D5
:1092E000FF3341F480119A4202DA002001467047B0
:1092F00040F233439A42A2F2334202DC5242FFF779
:109300002EBEFFF71DBE000030B5041E71F1000433
:1093100004DB4FF00044404264EB0101141E73F182
:10932000000405DB1C464FF00043524263EB04038C
:10933000994208BF904230BD002801DBC0F10040D7
:10934000002901DBC1F10041814202D24FF000400F
:1093500004E04FF0005001D14FF0C0404FEA2062CE
:10936000EFF3008162F31F6181F300887047000012
:10937000064C074D06E0E06840F0010394E8070062
:1093800098471034AC42F6D3FEF73EFF04DF0100ED
:1093900024DF01002DE9F34F8BB04FF0000801F1FD
:1093A0000C000C464FF0010B46460DF1080A0190E7
:1093B0006269012101989047051E2DD0252D2CD0E2
:1093C000216A8847C0B16269012101989047216AEA
:1093D00088470028F7D1411E62690198904700E054
:1093E000761CA1690B988847216A88470028F7D125
:1093F000E1690B988847DBE7A1690B988847074626
:10940000A84201D1761CD3E7E1690B9888477F1CFD
:1094100002D1B8F1000F6FD047E1002762693D46E5
:109420003946019890472A2804D1626901210198A0
:1094300090470125DFF888926269012101989047E1
:10944000A0F130010A290AD24F45E5DC07EB87017C
:1094500000EB4107303FDFD445F01005ECE7E906AB
:1094600001D46FF000476C280AD04C2814D068282B
:1094700015D06A280DD074281CD07A281AD01DE087
:1094800062690121019890476C2802D045F00405DB
:1094900014E045F002050DE045F020050AE06269A0
:1094A000012101989047682802D045F0080505E0A1
:1094B00045F400656269012101989047C4E90157AC
:1094C00065283DD019DC58287AD00CDC452837D0E7
:1094D00004DC252826D0412831D131E046282FD080
:1094E00047282CD12CE05B2877D0612828D063282E
:1094F0007CD0642823D15AE0D1E06F2848D008DC22
:1095000066281DD067281BD0692821D06E2816D167
:1095100027E0702845D0732868D0752847D0782870
:109520000DD14DE0A1690B988847054625283FF4E9
:1095300069AFE1690B9888476D1C3FF46AAFB4E0EE
:1095400023466A466FF001000B99FFF775F99FE01B
:1095500045F040006060A80723464FF0000236D473
:109560003EE0E8077FF447AF2068011D21600068F6
:10957000290501D506701BE7290701D5068017E7E5
:10958000A90703D5F117C0E9006111E706600FE7ED
:1095900045F040006060A80723464FF0080216D44B
:1095A0001EE040F60E0125EA0100606016E045F07D
:1095B00040006060A80723464FF00A0207D40FE07E
:1095C00045F040006060A80708D5234610226FF0E0
:1095D00001000B99AFF300805AE007E02346102208
:1095E0006FF001000B99FEF77DFF51E04FF000098D
:1095F0004F464B46632802D05B2807D041E02079D4
:10960000C00601D40120A06001273AE0626901216F
:10961000019890475E2805D14FF0010962694946DB
:1096200001989047216939B900210A46534643F809
:109630002120491C0829FADBB0B3216969B9C11797
:1096400000EBD16253110AEB830122F01F02821A50
:1096500001200B68904003430B606269012101986F
:1096600090475D28E8D1B9F1000F09D0002051469C
:1096700051F82020D24341F82020401C0828F7DB75
:1096800002AB224600976FF001000B99FEF7D0FF66
:1096900000280CDA401C08D1BBF1000F05D04FF0B8
:1096A000FF300DB0BDE8F08FFFE74046F9E7E9076E
:1096B00001D108F1010806444FF0000B78E60000E4
:1096C000CCCCCC0C70B58C1810F8015B15F00703EE
:1096D00001D110F8013B2A1106D110F8012B03E04B
:1096E00010F8016B01F8016B5B1EF9D12B0705D453
:1096F0000023521E0DD401F8013BFAE710F8013B9C
:10970000CB1A921C03E013F8015B01F8015B521EB7
:10971000F9D5A142D8D3002070BD000010B508686B
:109720000A220021401CFFF7DBF904460A49A0F594
:10973000166088420DD8214608A009F0F7FB0A48B8
:10974000416CA14203D0446420300CF007FB0020A0
:1097500010BD012010BD0000207B1E004241554479
:109760003D25640D0A0000000809002000210122A7
:1097700000B5900782600260054A01F087FB01286E
:1097800004D0491C9142F8DB012000BD002000BD3F
:10979000A08601002DE9F0470868B2B000B3017857
:1097A0003D291DD14078532810D073280ED043286E
:1097B0000FD063280DD0522812D0722810D093A059
:1097C00009F0B4FB012032B0BDE8F08707F06EFF6E
:1097D00004E007F02BFF9CA009F0A8FB0020F2E7B3
:1097E0002BA802F01BFB1AA813F09EF825A80BF07B
:1097F000D5FC0DA811F0ECFA0DF000FE964F814655
:109800000120786495480668954D4FEA560805F59D
:109810003674D5F83432A269616920690DF1040A01
:109820008AE80F00E0680090A368626821688D48AC
:1098300009F07CFB20682168C0F30010C1F3C0016F
:10984000CDE900102068C0F380032068C0F3400217
:10985000206800F0010184A009F068FB7804D0F8CA
:109860000433D0F808218D4801688DA009F05EFB13
:10987000284606F08AFD6B8B0146D5E990028DE8FB
:109880000D00D5E98E2390A009F050FB95F89F318B
:1098900095F8A12195F8A011D5F84C028AE80F009F
:1098A00095F848020090D5E989139548D5F82C22FF
:1098B00009F03CFB226CE16BA06A8DE80700636A4B
:1098C000226AE1698F4809F031FB94F8392094F855
:1098D0003810606B8DE80700236BE26A49468A48BE
:1098E00009F024FB62688948016889A009F01EFB21
:1098F00002F0A6FA044609F09DFB01468A48026878
:1099000023468AA009F012FBD7F80022D7F80413E7
:10991000D7F840018DE807005048001F0168434612
:1099200032468C4809F002FB2EAB93E807008DE825
:109930000700DDE92B1388A02D9A09F0F7FA21AC76
:1099400094E80F0004AC84E80F00DDE91B23DDE997
:109950001F018DE80F00DDE91D238A481A9909F0DF
:10996000E5FADDE9290227998DE80700DDE92513ED
:1099700085A0289A09F0DAFA9DF8640009AC9DF8F0
:1099800065309DF862209DF8631084E80F0015ACE7
:10999000BDF8600094E80E00CDE90730CDE905126E
:1099A00011AC94E80F0001AC84E80F00109800900F
:1099B0000DAC804894E80E0009F0B8FA7EA012F0D1
:1099C00067FC82467EA012F063FC81467EA012F006
:1099D0005FFC80467DA012F05BFC07467CA012F085
:1099E00057FC06467BA012F053FC05467AA012F005
:1099F0004FFC04460BF07CFD8DE8C00701462B466A
:109A00002246774809F092FAE8E60000757361672C
:109A1000653A2041542B44494147202F2041542B83
:109A2000444941473D5246202F2041542B4449414F
:109A3000473D535441434B202F2041542B4449412F
:109A4000473D434C520D0A006469616720636C65B1
:109A5000617265640D0A000000A0014044A5014048
:109A6000EC04002098D1010072657365745F62692F
:109A700074732070696E3D257520646F673D257590
:109A800020737265713D2575206C6F636B75703D39
:109A90002575206F66663D25750D0A0000000020C3
:109AA000706F77657220706F667761726E3D257595
:109AB000206576743D257520696E74656E3D30783D
:109AC000253038780D0A000074646D61207374616C
:109AD00074653D25642067756172643D2575206D50
:109AE00061726B3D25752074783D2575207478640E
:109AF0006F6E653D2575206475653D25750D0A0001
:109B00004CD2010008D1010050D1010050040020C6
:109B100074335F697372207261773D2575206362CB
:109B20003D25750D0A000000501500407261646902
:109B30006F2073746174653D25642068775F73746A
:109B40006174653D257520667265713D25750D0A48
:109B50000000000010D301006472762073775F74F8
:109B6000783D25752F25752073775F72783D2575B3
:109B70002F25752073656E645F746F3D25752F25E5
:109B8000750D0A00F0D101006D61696E7120706F72
:109B900073743D25752F257520726563763D257597
:109BA0002F2575206661696C3D25752F25750D0A79
:109BB000000000009CD201007063746C0000000083
:109BC00068736933000000006F75740061740000F1
:109BD0006C656400726664006D61696E000000006F
:109BE000A0D0010070B50C460868FEF73AFC114E93
:109BF000114DA8B120680A220021401CFEF770FF19
:109C00000446022813D806F12000F4660CF0A6F8EA
:109C100055F82420214609A009F088F9002070BDDC
:109C2000F16E022900D9002155F82120F3E7012027
:109C300070BD000008090020AC03002044524946D2
:109C4000543D256420282573290D0A000548016824
:109C500041F0807101600448016841F00101016038
:109C600070470000FCED00E0001000E002F05EBD77
:109C700010B508680A220021401CFEF731FF064992
:109C80000028086C04D040F001000864002010BDDA
:109C900020F00100F9E70000080900202DE9F04755
:109CA000242009F08BF980460C2009F087F906463C
:109CB000242009F083F907460C2009F07FF9284990
:109CC000054624228A464046FEF791FB2548242279
:109CD00000F5C074D0F89C113160D0F8A01171600B
:109CE0001F49D0F8A401B060383189463846FEF7E4
:109CF0007EFB606D2860A06D6860E06DA8600AF072
:109D0000D9F80AF09FF9242241465046FEF76FFB2E
:109D10003068E06170682062B06860622422394671
:109D20004846FEF764FB286860656868A065A86817
:109D3000E0650C4820300CF011F8404609F0CEF8F0
:109D4000304609F0CBF8384609F0C8F8284609F043
:109D5000C5F80021084602F021FA0020BDE8F0878E
:109D6000800A0020080900202DE9F0478EB00C463B
:109D700064A009F0DBF867A12068FEF779FB67496A
:109D8000002801F1200A01F5B87189465FD06448C6
:109D9000011F0F1F3A1FCDE90627CDE9081014381F
:109DA000121F011F0B1F05920293CDE903100C38FF
:109DB000011FCDE900100B1F1C3A5AA12068FEF7C5
:109DC00075FB564D0446092864DB002295ED5E0ABA
:109DD000114648460BF03DF995ED5F0A012200213E
:109DE00048460BF036F995ED600A022200214846FC
:109DF0000BF02FF995ED610A0022012148460BF086
:109E000028F9012295ED620A114648460BF021F926
:109E100095ED630A0222012148460BF01AF995EDEF
:109E2000640A0022022148460BF013F995ED650AF9
:109E30000122022148460BF00CF9022295ED660A38
:109E4000114648460BF005F90C2C04D01DE00846DD
:109E500008F00EFE19E0A846D5F8A401FFF712F8A5
:109E600006460F46D8F8A001FFF70CF804460D4649
:109E7000D8F89C01FFF706F88DE8F00041EC100BD4
:109E800032A053EC102B09F051F8494638A007F0E6
:109E9000E7FC2EE09FED380A03210AA812F005FD29
:109EA0000A2008F0D3FFDFF87880002408F1D408F6
:109EB0004FF44876032241460AA812F0DEFB0A203E
:109EC00008F0C4FF641CB442F4DBF0EE080A9FED16
:109ED0002B0A39460AA812F0C3FC0321384612F0B7
:109EE00095FC95ED690AF7EE000A30EE600A85ED03
:109EF000690A50460BF032FF09F04AFD0EB000200F
:109F0000BDE8F087626567696E20464341320D0AFD
:109F1000000000003D524553455400000809002050
:109F2000AC0A00203D25662C25662C25662C25666E
:109F30002C25662C25662C25662C25662C25662C62
:109F400025662C25662C2566000000004143432031
:109F500062696173207365743A20252E34662C2063
:109F6000252E34662C20252E34660D0A00000000B4
:109F70006D61746C61620000000000000AD7A33AB2
:109F80002DE9F04F2DED0C8B9BB0002616AA08682A
:109F9000FEA1FEF78BFA032108460BF049F90321D5
:109FA0000A9008460BF044F9DFF8E4931190002181
:109FB000A9F8F612D9ED21CAB7EE00CA89ED21CA77
:109FC000032106200BF034F90F90042106200BF03A
:109FD0002FF90E90032104200BF02AF9149004218C
:109FE00003200BF025F99FEDEBDA10900321B0EE82
:109FF0004D0A0BA812F059FCB0EE4D0A032107A838
:10A0000012F053FCB7EE000A022200210F980BF069
:10A0100020F8BFEE000A022201210F980BF019F878
:10A02000B7EE000A012202210F980BF012F8BFEEE2
:10A03000000A012203210F980BF00BF8B7EE000A7B
:10A04000002204210F980BF004F8BFEE000A002252
:10A0500005210F980AF0FDFFCFA0169908F066FFC2
:10A06000002409F521702546A04627461890B9F826
:10A07000F602012805D9032207A8189912F0FDFA63
:10A080007F1CB9F8F602032833D1280731D400EE3B
:10A09000107AC84907A8F8EE400A12918CEE200AFF
:10A0A000F0EE080A12F0DCFBDDE91102002111F0EC
:10A0B00045F8DDE91102012111F040F8DDE9110256
:10A0C000022111F03BF80322BBA0129907F016FC05
:10A0D000AF4845F0080500F5D47117910C3900F52B
:10A0E000B870DFF8DCA2FFEE00AACB461591139002
:10A0F00003E00A2008F0AAFEB9E7032207A818998E
:10A1000012F0BBFABBF8F6027F1C01280AD9A94954
:10A110004FF000090322A4310BA812F0AEFA08F1A7
:10A12000010008E04FF00109B0EE4D0A03210BA831
:10A1300012F0BBFB0020804626B1012E11D0022E6A
:10A140000ED113E008F0D0FF1990B0EE4D0A0321B4
:10A1500007A812F0AAFB0027B9F1000F00D00126D2
:10A16000D4E0B9F1000FFBD10226CFE028067BD462
:10A1700008F0BAFF1999401A00EE100AB8EE408AAA
:10A1800008F0B4FF00EE100AB8EE400AC8EE008AEC
:10A1900018EE900AFEF776FE41EC100B89A053EC06
:10A1A000102B08F0C3FE00269FED89BBDFF8289234
:10A1B0009DED160A884907A8B8EEC00A80EE288AE5
:10A1C00000EE107AF8EE400A8CEE200AF0EE080A53
:10A1D00012F046FB09EB860090ED000AB0EEC00AD3
:10A1E00010EE100AFEF74EFE41EC190BB0EEC8AAB5
:10A1F0001AEE100AFEF746FE53EC192BFEF74AFD45
:10A2000053EC1B2BFEF752FE38D218EE901A514534
:10A2100034DD1AEE101A514530DD1AEE100A6F497E
:10A2200088422BDA09EB860090ED000A38EE400AEE
:10A23000B0EEC00A10EE100A504501DDB1EE488ABA
:10A240006548654A0C3800EB8600314680ED008A8F
:10A250000A9810F073FF18EE100AFEF713FE41EC97
:10A26000100B53EC102B00E04FE05DA008F05EFEF9
:10A27000032259495EA007F041FB03E0761CF6B2C9
:10A28000032E95D326B1012E06D0022E09D10CE063
:10A2900045F0010558A002E045F002055AA008F07B
:10A2A00045FEE843000704D02FE045F004055AA01E
:10A2B000F5E75DA008F03AFE032108460AF0B8FF72
:10A2C0000646032108460AF0B3FF434981460C398C
:10A2D00007F095F911990A9811F08AF830460A9911
:10A2E0000AF0D2F831464846179A0BF009F9484669
:10A2F0000EF0B0F830460EF0ADF80A980EF0AAF85D
:10A3000011980EF0A7F845F080050026B8F1460F29
:10A310003AD1200638D4DDED0B0A4FF000089FED4E
:10A32000490A03210BA880EE801A8DED001ADDED9D
:10A330000C0A80EE801A8DED011ADDED0D0A80EE1B
:10A34000801AB0EE4D0A8DED021A12F0AEFA8DEDC4
:10A3500003CA9DED000ADFF8F090B0EEC00A10EEDF
:10A36000100A484511DA9DED010AB0EEC00A10EE60
:10A37000101A49457ADA9DED020A30EE4C0AB0EE29
:10A38000C00A10EE101A61E072E16FE03D25640032
:10A390000809002000000000626567696E206163A3
:10A3A0006320616E64206779722063616C3A256472
:10A3B0000D0A0000DC0A0020626961733A000000A7
:10A3C000000040406674696D653A25660D0A00001C
:10A3D00000000000000008404C110020000048432D
:10A3E000746865726F793A2566200D0A00000000D6
:10A3F0006163743A000000004759522058202066DB
:10A400006F756E64210D0A0047595220592020664D
:10A410006F756E64210D0A00475952205A2020663C
:10A420006F756E64210D0A00616C6C206779722073
:10A430006461746120636F6C6C65637465640D0A9C
:10A440000000000000008C42CDCC4C3E49450DDAA6
:10A45000E0070BD144F001046A4600210E9810F089
:10A4600082FE042269469FA007F048FA9DED000A8B
:10A47000B0EEC00A10EE100A48451FDA9DED010A41
:10A48000B0EEC00A10EE101A494517DA9DED020A27
:10A4900030EE6A0AB0EEC00A10EE101A49450DDA25
:10A4A000A0070BD444F002046A4601210E9810F074
:10A4B0005AFE042269468CA007F020FA9DED000A9E
:10A4C000B0EEC00A10EE100A48451FDA9DED020AF0
:10A4D000B0EEC00A10EE101A494517DA9DED010AD8
:10A4E00030EE4C0AB0EEC00A10EE101A49450DDAF3
:10A4F00060070BD444F004046A4602210E9810F061
:10A5000032FE0422694679A007F0F8F99DED000AB1
:10A51000B0EEC00A10EE100A48451FDA9DED020A9F
:10A52000B0EEC00A10EE101A494517DA9DED010A87
:10A5300030EE6A0AB0EEC00A10EE101A49450DDA84
:10A5400020070BD444F008046A4603210E9810F04B
:10A550000AFE0422694666A007F0D0F99DED010AC3
:10A560004846B0EEC00A10EE101A49451FDA9DEDBC
:10A57000020AB0EEC00A10EE101A814217DA9DED01
:10A58000000A30EE4C0AB0EEC00A10EE101A49452F
:10A590000DDAE0060BD444F010046A4604210E984C
:10A5A00010F0E1FD0422694652A007F0A7F99DEDE5
:10A5B000010A4846B0EEC00A10EE101A81421FDAB6
:10A5C0009DED020AB0EEC00A10EE101A814217DAB1
:10A5D0009DED000A30EE6A0AB0EEC00A10EE101AC5
:10A5E00049450DDAA0060BD444F020046A46052143
:10A5F0000E9810F0B8FD042269463FA007F07EF9DE
:10A60000E043800634D13DA008F090FCDDE90E1057
:10A61000149A0AF0A7FB1099149811F0F1FE04AAFD
:10A620000021109808F098FB04AA0021139810F05C
:10A6300085FD04AA0121109808F08EFB04AA0121CF
:10A64000139810F07BFD04AA0221109808F084FBF7
:10A6500004AA0221139810F071FD0321159A109895
:10A6600008F07AFB0321159812F0A2F844F0800458
:10A670000A2008F0EBFB20067FF53AAD2806FBD553
:10A6800025A008F053FC26A0139907F0E9F803224F
:10A6900023A0159907F032F924A008F047FC20A068
:10A6A000179907F0DDF803221DA0129907F026F98B
:10A6B000CBED21CA1F480BF051FB09F069F90E9848
:10A6C0000DF0C8FE0F980DF0C5FE14980DF0C2FEF7
:10A6D00010980DF0BFFE1BB00020BDEC0C8BBDE848
:10A6E000F08F00005A2B3A005A2D3A00592B3A00AD
:10A6F000592D3A00582B3A00582D3A00616C6C20C5
:10A70000616363206461746120636F6C6C65637462
:10A7100065640D0A000000006163630D0A0000001B
:10A720006E6F686561646572000000006779720D84
:10A730000A000000280900202DE9F0470C460868AF
:10A740008EB0002562A1FDF793FE6349002801F158
:10A75000200A01F5D471894661D060490A1FA1F130
:10A760000808A1F10C03CDE908211039081F021FC8
:10A77000CDE90638CDE90401131F0C38011FCDE9DE
:10A780000232CDE900100B1F143A55A12068FDF7E5
:10A790008DFE0646092865DB4F4C0022114694EDDC
:10A7A0006C0A48460AF055FC94ED6D0A012200211E
:10A7B00048460AF04EFC94ED6E0A022200214846FB
:10A7C0000AF047FC94ED6F0A0022012148460AF086
:10A7D00040FC012294ED700A114648460AF039FC0B
:10A7E00094ED710A0222012148460AF032FC94EDF0
:10A7F000720A0022022148460AF02BFC94ED730AEB
:10A800000122022148460AF024FC022294ED740A37
:10A81000114648460AF01DFC0C2E04D01DE00846E7
:10A8200008F026F919E0A046D4F8DC01FEF72AFB6F
:10A8300006460F46D8F8D801FEF724FB04460D461D
:10A84000D8F8D401FEF71EFB8DE8F00041EC100BA8
:10A850002DA053EC102B08F069FB494633A006F0FD
:10A86000FFFF2CE09FED330A03210AA812F01DF828
:10A8700031A008F05BFB194F0024A8374FF448764D
:10A88000032239460AA811F0F8FE0A206D1C08F0D0
:10A89000DDFA641CB442F3DB00EE105AB7EE001A86
:10A8A0004146F8EEC00A0AA881EE200AF0EE080A36
:10A8B00011F0D6FF032241461CA007F01FF85046B6
:10A8C0000BF04CFA09F064F80EB00020BDE8F087F8
:10A8D0003D5245534554000008090020E40A002079
:10A8E0003D25662C25662C25662C25662C25662C98
:10A8F00025662C25662C25662C25662C25662C25A0
:10A90000662C256600000000475952206269617379
:10A91000207365743A20252E34662C20252E34664B
:10A920002C20252E34660D0A000000006D61746C29
:10A930006162000000000000626567696E204643A6
:10A9400047320D0A00000000F0B50F46086887B0D6
:10A9500028A1FDF78DFD294C04F5037604F12005AF
:10A9600004F5F07470B104A903A8CDE9000102ABAD
:10A9700005AA23A13868FDF799FD042818D0012005
:10A9800007B0F0BD204608F073F8214620A006F07D
:10A9900067FF9FED210A0321304611F086FF17481B
:10A9A0009FED1E0A002180ED2A0AC0F8A4101AE0CB
:10A9B0000599032908DA02AA204610F0D4FB2146A3
:10A9C00013A006F04DFF0EE00DD14FF0030202A9D7
:10A9D000304611F06DFE12A008F0A8FA032202A979
:10A9E00013A006F08BFF28460BF0B8F908F0D0FF53
:10A9F0000020C5E73D52455345540000080900209A
:10AA00003D25642C25662C25662C2566000000005B
:10AA10006D61746C61620000000000000000C642BD
:10AA2000626961732073657420746F3A0D0A0000C7
:10AA30006E6F68656164657200000000094B022159
:10AA4000196009490A68002AFCD0064A121D1060E4
:10AA500008680028FCD00020186008680028FCD096
:10AA60000020704704E5014000E401404FF48050AD
:10AA7000704770472DE9F0430023DFF85080DFF87E
:10AA800050901EE0C41804F00305AC43ED004FF0F5
:10AA9000FF0CCE5C0CFA05FC2768AE4027EA0C07D9
:10AAA0003E4401254F46C9F80050D8F80050002D0B
:10AAB000FBD02660D8F80040002CFBD000243C607E
:10AAC0005B1C9342DED30020BDE8F08300E401402C
:10AAD00004E501402DE9F0410EF002F900240D4D8E
:10AAE0000D4F264605EB8400D0F80011012909D14D
:10AAF000C0F80061385D08F081F918B1416809B10A
:10AB000000208847641C082CECDBBDE8F0410EF007
:10AB1000FFB8000000600040D400002070B50C4673
:10AB200005460A2A2CD2DFE802F00511072B132B69
:10AB30002B2B131DFF2200E00122284601F0D4FD3B
:10AB400000222146284600F077F819E00022F4E7B9
:10AB5000042A05D00022284600F01CF80122F0E764
:10AB60000122F8E70122284600F066F8012221467A
:10AB7000284600F00FF801222146284600F04AF846
:10AB8000284670BD02480068C84000F001007047C8
:10AB900010050050012088400AB1034901E0024934
:10ABA000091D0860704700000805005030B5184ABC
:10ABB00001244023082824D2DFE800F0040B0D1202
:10ABC0001416181F11B1C2F804431AE0C2F8084362
:10ABD00017E0022000E0042089B1C2F8040310E06D
:10ABE0000820F9E71020F7E72020F5E711B1C2F8B7
:10ABF000043306E0C2F8083303E08020ECE7C2F833
:10AC000008034FF0E020C0F80031002030BD000004
:10AC100000600040880000F1A040D0F8001721F447
:10AC2000E061C0F80017002A05D0D0F8001741F401
:10AC3000C061C0F800177047880000F1A040D0F84C
:10AC4000003723F00203C0F8003701208840012AB2
:10AC500009D007490860091D0860081D016821F036
:10AC60000101016070470249091F08607047000038
:10AC70001C050050880000F1A040D0F8001721F416
:10AC80004031C0F80017012A08D0022A05D1D0F8B7
:10AC9000001741F44031C0F800177047D0F8001792
:10ACA00041F40031F7E7000030B585B0086804AB27
:10ACB0006A4627A1FDF7FAFB022837D126A168468C
:10ACC000FDF7D6FB254C04F1200558B124A16846B8
:10ACD000FDF7CEFB38B323A16846FDF7C9FB00287A
:10ACE00026D023E00499481E102804D310211EA06A
:10ACF00008F01CF91AE023A008F018F954F8D00F56
:10AD000004994FF6FF7220F47F4002EA01210843C4
:10AD1000206028460BF022F80AF040FD002805DBF1
:10AD2000002005B030BD1FA008F000F90120F8E7B1
:10AD300023A0049908F0FAF854F8D00F049920F0F1
:10AD40007F4040EA0160206028460BF007F8E7E703
:10AD50003D2533732C256400434E54000809002020
:10AD600046525100524F4C00434E54206F75742090
:10AD70006F662072616E67652028312D2564290D6C
:10AD80000A0000006D617820747261636B61626C0F
:10AD900065206E6F6465732073657420746F3A2547
:10ADA000640D0A004572722E205573652041542BA4
:10ADB0004F445220696E73746561642E0D0A000061
:10ADC000726620726F6C652073657420746F3A250B
:10ADD000640D0A0070B50C460868FDF742FB0F4D84
:10ADE000A0B120680A220021401CFDF779FE04284A
:10ADF00011D855F8D01FC0B221F0FF010143074818
:10AE0000296020300AF0AAFF002070BD95F8D0100C
:10AE100003A008F08BF8012070BD00000809002095
:10AE200025640D0A0000000070B50C460868FDF7A7
:10AE300018FB0F4DA0B120680A220021401CFDF72D
:10AE40004FFEFF2811D855F8D01FC0B221F0FF01E6
:10AE500001430748296020300AF080FF002070BDC0
:10AE600095F8D01003A008F061F8012070BD000033
:10AE70000809002025640D0A0000000008B1002028
:10AE8000704701480068704760040020024800686D
:10AE9000C00700D0012070470C0400400148006842
:10AEA00070470000000400404FF080510A6E0260BD
:10AEB000496E41607047000008B5054B6946187837
:10AEC00001F026FF0028F9D19DF8000008BD000020
:10AED0000402002070B50C460868FDF7C2FA0B4D5D
:10AEE00078B120680A220021401CFDF7F9FD296B8A
:10AEF000814204D0286305F120000AF02FFF0020D2
:10AF000070BD03A0296B08F011F8F8E708090020CC
:10AF100025640D0A00000000FEB508686B4601AA12
:10AF200070A1FDF7C3FA02287DD1012470A101A808
:10AF3000FDF79EFA6F4D704ED0B99DED000AB5EE4B
:10AF4000C00AF1EE10FA6ED310EE100AB0426ADCBD
:10AF500010EE100AFDF796FF41EC100B67A053ECC2
:10AF6000102B07F0E3FF9DED000A002485ED210A78
:10AF700067A101A8FDF77CFA00BB9DED000AB5EEC4
:10AF8000C00AF1EE10FADED310EE100A61498842D1
:10AF9000DDDCBDEEC00AD5F8800010EE101A20F0FE
:10AFA0000F0001F00F010843C5F880005A4900F076
:10AFB0000F00095C59A007F0B9FF00245BA101A8AC
:10AFC000FDF756FA10BB9DED000AB5EEC00AF1EE92
:10AFD00010FA6BD310EE100AB0F1814F66DCBDEEB3
:10AFE000C00AD5F8800010EE101A20F0F000090712
:10AFF00040EA11601E21C5F8800001EAD0004649F0
:10B00000091D095A4AA007F091FF00244CA101A88C
:10B01000FDF72EFAE0B99DED000AB5EEC00AF1EE9B
:10B0200010FA43D300E041E010EE100AB0423DDCDC
:10B0300010EE100AFDF726FF41EC100B41A053EC77
:10B04000102B07F073FF9DED000A002485ED230A05
:10B0500041A101A8FDF70CFAB0B941490098414A55
:10B060000144914222D2FDF70DFF41EC100B3EA0AE
:10B0700053EC102B07F05AFF9DED000A1D4810EE0F
:10B08000101A0024C0F890103CA101A8FDF7F0F9B7
:10B0900008B104B323E09DED000AB5EEC00AF1EE5D
:10B0A00010FA03D310EE100AB04201DD0120FEBDFC
:10B0B00010EE100AFDF7E6FE41EC100B31A053EC48
:10B0C000102B07F033FF9DED000A0A4810EE101A0E
:10B0D0000024C0F89410074820300AF03FFE2046B4
:10B0E000FEBD00003D25375B5E2C5D2C2566000013
:10B0F00042495300080900200000A04067797220EF
:10B1000062616973207468723A25660D0A00000056
:10B1100041524700000040404C0300204143435F40
:10B1200052473A2564470D0A000000004752470085
:10B130004759525F52473A25646470730D0A000004
:10B140004C4D4600677972206C6D66207468723AC7
:10B1500025660D0A000000005A5354440000000008
:10B16000F6285CC4F728DC037A6172752073746476
:10B17000207468723A25660D0A0000005A444D4159
:10B18000580000007A6172752064656C7461206DEE
:10B1900061783A25660D0A002DE9F04F0C462DED39
:10B1A000028B99B00868F6A1FDF762F9F54E28B157
:10B1B000F5A12068FDF75CF9002838D10AF0FCFE03
:10B1C00005F038FB60B9F148B26EF1A150F82230B9
:10B1D000F1A007F0ABFEF4A1F4A0326B07F0A6FEDD
:10B1E000D6E90A23F4A1F6A007F0A0FEB06CF7A1FF
:10B1F000020CF8A007F09AFE96F8D020F8A1FAA069
:10B2000007F094FE05F016FB88B1B6F8D000C0F345
:10B21000072505B901252A46F6A1F3A007F086FE09
:10B22000012D0AD06A1EF6A1F8A007F07FFEFAA150
:10B230002068FDF71DF928B127E0F1A1F8A007F07B
:10B2400075FEF4E7B6F8F222F8A1E2A007F06EFE70
:10B25000F8A1FBA0D6F8E82207F068FE96F8800077
:10B26000CA4900F00F0010390A5CF9A1FAA007F0F2
:10B270005DFED6F880001E2101EAD000C3490C39DA
:10B280000A5AF8A1F9A007F051FEFCA12068FDF7C9
:10B29000EFF850B907F028FF054607F027FFB5FB88
:10B2A000F0F2F8A1F9A007F041FEFBA12068FDF73C
:10B2B000DFF8DFF8ECB300282BD1ABF5A271F9A0D1
:10B2C00006F0CEFA0322ABF58C71F8A006F016FB5F
:10B2D00003220BF10C01F8A006F010FBABF5867110
:10B2E000F8A006F0BDFA0322ABF1E001EFA006F0F2
:10B2F00005FB03225946F5A006F000FBABF1D40193
:10B30000F5A006F0ADFA0322ABF1A801E7A006F024
:10B31000F5FAF3A12068FDF7ABF89A49002801F18E
:10B32000900A01F1940954D19FA1AFA0326B07F0AC
:10B33000FDFD97A1ACA0B26E07F0F8FD96F8D02005
:10B34000A7A1A9A007F0F2FDE7A1A7A0726C07F0E2
:10B35000EDFDD6F88400FDF795FD41EC100BE4A15E
:10B3600053EC102BE4A007F0E1FDD6F88C00FDF7BC
:10B3700089FD41EC100BE4A153EC102BDEA007F08B
:10B38000D5FD50460AF0E4FC10EE100AFDF77AFDF8
:10B3900041EC100BDFA153EC102BD7A007F0C6FD3A
:10B3A00048460AF0D5FC10EE100AFDF76BFD41ECA3
:10B3B000100BDBA153EC102BCFA007F0B7FDB6F8B4
:10B3C000F422D9A188A007F0B1FDDA49DAA006F08D
:10B3D00047FADBA12068FDF74BF8D0B996F8D020EA
:10B3E0007FA181A007F0A2FDB6F8D000D5A1C0F3DF
:10B3F00007227DA007F09AFDB06CD6A1020C7AA0BE
:10B4000007F094FDD6F8D000D4A1020E76A007F084
:10B410008DFDD4A12068FDF72BF850B909F053FC3D
:10B4200009F000FC07F062FE0246D0A169A007F017
:10B430007DFDD0A12068FDF71BF830B1CFA12068B9
:10B44000FDF716F8002875D0DEE2F56E022D00D962
:10B4500000252F46022D04D196F86400C00700D1C4
:10B460000127684608F09AFADFF82081044608F1BF
:10B4700034082A4658F82530C2A1C5A007F056FD69
:10B4800058F827303A46C6A1C1A007F04FFDC8A121
:10B490006BA0726E07F04AFD9FEDC88A14B19DED56
:10B4A000000A01E0B0EE480A10EE100AFDF7EAFCCF
:10B4B00041EC100BC2A153EC102BC4A007F036FDD9
:10B4C00014B19DED050A01E0B0EE480A10EE100A35
:10B4D000FDF7D8FC41EC100BC0A153EC102BBBA026
:10B4E00007F024FD14B19DED010A01E0B0EE480A19
:10B4F00010EE100AFDF7C6FC41EC100BB9A153EC9D
:10B50000102B7DA007F012FD14B19DED020A01E0A1
:10B51000B0EE480A10EE100AFDF7B4FC41EC100B37
:10B52000B2A153EC102B74A007F000FD1CB19DEDEF
:10B53000030A02E039E2B0EE480A10EE100AFDF705
:10B54000A1FC41EC100BABA153EC102B6AA007F04F
:10B55000EDFC14B19DED040A01E0B0EE480A10EED6
:10B56000100AFDF78FFC41EC100BA4A153EC102B3B
:10B5700061A007F0DBFC14B19DED060A44E141E156
:10B5800000000000080900203D4C00006C03002072
:10B590004D4F44453A000000252D3136732564286F
:10B5A0002573290D0A00000049443A00252D313643
:10B5B00073307825580D0A00555549443A0000006B
:10B5C000252D313673255825580D0A004F44523A1F
:10B5D00000000000252D3136732564487A0D0A00DD
:10B5E000475749443A000000252D31367325640D34
:10B5F0000A0000004D4158204E4F4445533A000088
:10B60000534C4156452049443A000000252D31361F
:10B6100073307E25640D0A003D53454E534F520052
:10B62000252D313673300D0A000000006779722035
:10B630006672710073656E736F72207374730000AD
:10B64000252D3136733078253038580D0A0000002A
:10B650004143435F52473A00252D313673256447F5
:10B660000D0A00004759525F52473A00252D3136E6
:10B670007325646470730D0A000000003D4350554B
:10B680000000000074696D6500000000252D313652
:10B6900073256420730D0A003D43414C00000000F7
:10B6A000BC0B00204143430D0A0000006E6F68652B
:10B6B00061646572000000005243204143430D0A5B
:10B6C000000000004759520D0A0000005243204775
:10B6D00059520D0A000000004D41470D0A000000BC
:10B6E0003D55535200000000424155443A000000CD
:10B6F00047425F5448523A00252D31367325302E8B
:10B7000034660D0A000000004C4D465F5448523A22
:10B71000000000005A5354445F5448523A0000005D
:10B720005A444D41583A0000494D555F434F4F52DE
:10B73000443A00004C0A0020555246520D0A0000BF
:10B740003D5246004D41585F4E4F44455F53495A64
:10B75000453A00004652513A00000000524F4C4515
:10B760003A0000003D535953000000006F732074ED
:10B7700069636B003D445249465400003D485349BB
:10B780000000000044524946545F4D4F44453A0082
:10B79000252D313673256420282573290D0A0000D4
:10B7A00044524946545F4150504C593A0000000001
:10B7B0004655535F43544C3A00000000000000001F
:10B7C00044524946545F573A00000000252D313657
:10B7D0007325302E36660D0A0000000057425F4583
:10B7E00046463A00575F4143433A0000575F53547F
:10B7F000443A0000575F4759523A0000575F5241A0
:10B80000573A0000B0EE480A10EE100AFDF73AFB76
:10B8100041EC100B7FA153EC102BAFF2241007F07A
:10B8200085FB0CB19DED078A18EE100AFDF72AFB87
:10B8300041EC100B7AA153EC102BAFF2441007F03F
:10B8400075FBD6F8CC02FDF71DFB41EC100B77A180
:10B8500053EC102BAFF2601007F068FBD6F8D4025F
:10B86000FDF710FB41EC100B73A153EC102BAFF262
:10B87000781007F05BFBD6F8D802FDF703FB41EC2C
:10B88000100B70A153EC102BAFF2941007F04EFB8D
:10B890000CB1129801E0D6F88400FDF7F3FA41EC00
:10B8A000100B6BA153EC102BAFF2B41007F03EFB62
:10B8B00014B19DED130A02E050460AF049FA10EE69
:10B8C000100AFDF7DFFA41EC100B64A153EC102BCA
:10B8D000AFF2DC1007F02AFB14B19DED140A02E070
:10B8E00048460AF035FA10EE100AFDF7CBFA41ECA3
:10B8F000100B5DA153EC102BAFF2042007F016FBE8
:10B900005CA1AFF2C420D6F8EC2207F00FFBB6F82A
:10B91000F6225BA15DA007F009FB002C2ED05EA1F2
:10B920005AA0169A07F002FB5FA158A0159A07F0DB
:10B93000FDFA60A155A0179A07F0F8FA60A153A08C
:10B94000189A07F0F3FA0898FDF79CFA41EC100BEF
:10B950005EA153EC102BAFF2602007F0E7FA032250
:10B960005DA009A905F0CAFF03225FA00CA905F09C
:10B97000C5FF03225FA00FA905F0C0FF03226149A4
:10B9800061A005F0BBFF0322594662A005F0B6FF97
:10B990005C4903227C3963A005F0B0FF59490322BA
:10B9A000343963A005F0AAFF2EE036F8A40F63A196
:10B9B000C0F30722AFF2D03007F0B8FA7068FDF795
:10B9C00061FA41EC100B5FA153EC102B5FA007F064
:10B9D000ADFA327860A163A007F0A8FAB068FDF76D
:10B9E00051FA41EC100B62A153EC102B57A007F059
:10B9F0009DFAF068FDF746FA41EC100B5EA153EC9E
:10BA0000102B52A007F092FA19B00020BDEC028B67
:10BA1000BDE8F08F4143435F4E4F524D3A00000066
:10BA20004156475F4759523A000000005354445F63
:10BA30004143433A000000004759525F54454D507E
:10BA40003A00000054454D505F424153453A0000D2
:10BA5000424941535F5448523A0000005354445FF6
:10BA60005448523A0000000044454C54415F4D4157
:10BA7000583A0000544553545F43544C3A00000078
:10BA80005359535F52435F434E543A00252D31368C
:10BA900073256C750D0A00005A4152555F52435F81
:10BAA000434E543A000000005A4152555F53554DE1
:10BAB0003A0000005A4152555F5550443A00000088
:10BAC0005A4152555F4C4153543A00005A41525525
:10BAD0005F5354443A0000005A4152555F53544456
:10BAE0005F58595A0D0A00005A4152555F42494168
:10BAF000530D0A005A415255205243204759520DC6
:10BB00000A000000E40B00205359532042494153DE
:10BB10000D0A0000535953205243204759520D0A31
:10BB20000000000043414C204759520D0A0000001C
:10BB300043414C20475952320D0A000076616C692E
:10BB4000643A00006669746572723A00252D3136D8
:10BB50007325660D0A00000062696E5F737461747C
:10BB600075733A00252D313673256425250D0A009D
:10BB7000666C75783A000000696E636C696E61747A
:10BB8000696F6E3A0000000010B508680A220021B3
:10BB9000401CFCF7A5FF0446014605A007F0C6F9C6
:10BBA0000648846620300AF0D9F8002010BD000055
:10BBB0004D4F44453D25640D0A0000000809002052
:10BBC00010B500F001F810BD70474907090E0028B4
:10BBD00006DA00F00F0000F1E02080F8141D704735
:10BBE00000F1E02080F80014704700002DE9F047D4
:10BBF000086800260A223146401CFCF771FF044603
:10BC0000401EB0F5C87F37D2274FB86CB4EB104F49
:10BC100004D080B240EA04400126B8641FFA84FAD6
:10BC200007F010F9DFF88490D9F8088007F00CF9D4
:10BC30000025B8F1000F02D05046C047054665B157
:10BC4000D7F8D000C0F30721A94206D020F47F40E6
:10BC500040EA0520C7F8D00000E01EB112482030AD
:10BC60000AF07CF85DB12A46214611A007F05EF982
:10BC700009F094FD002814DA0120BDE8F087A6B28F
:10BC800007F0E0F81148D9F80040057807F0DCF833
:10BC900014B13046A04704E01DB10DA007F046F9ED
:10BCA000EAE70020E9E70000080900205811002019
:10BCB0004F44523D256420487A2C206D6178206ED7
:10BCC0006F6465733D25640D0A000000B803002011
:10BCD00052462072756E74696D6520686F6F6B20B7
:10BCE0006D697373696E673A206F64725F63686130
:10BCF0006E6765640D0A000010B50CF0F1FF4FF09F
:10BD00008040D0F8081131B10021C0F80811044872
:10BD10000168491C0160BDE810400CF0F9BF00004B
:10BD20000000002070B5044600202B4B9FED2B0A2D
:10BD30000BE06288616800FB020201EB82010A6885
:10BD40009A4201DA81ED000A401C21888142F0DC30
:10BD500000253DE06188606805FB015100EB810032
:10BD600090ED000A10EE100AB0F1804F2FDDB0EE1A
:10BD7000001AC1EE000A10EE900AFDF783F841ECBC
:10BD8000100B02F01DFE51EC100BFDF7A7F800EEB2
:10BD9000100A002018E06288616805FB020201EBCE
:10BDA0008201D1ED000A60EE800AC1ED000A6288CE
:10BDB000616800FB025201EB8201401CD1ED000AD8
:10BDC00060EE800AC1ED000A21888142E3DC6D1C2F
:10BDD0002088A842BEDC70BD6F12833A6F12833A8E
:10BDE00010B5044A04460146107800F0E1FF2046F1
:10BDF00010BD00000402002018210148FCF710BB10
:10BE0000780C0020044B01228240186809B11043CD
:10BE100000E09043186070473015004000280CD0B7
:10BE200006490A6802604A6842608A688260CA6895
:10BE3000C2600A690261496941617047780C00205B
:10BE400006490868C00502D540F6381001E04FF4F5
:10BE50001660096801F03F0108447047081500406A
:10BE600001480068704700000415004070B50CF0F0
:10BE700037FF174CD4F83001164D002650B1C4F8E6
:10BE80003061686830B1FFF7EBFF014600226B6854
:10BE900010469847D4F8340138B1C4F834616B685F
:10BEA0001BB10022114601209847D4F80C0158B16B
:10BEB000C4F80C61084800680A2805D16B681BB1FA
:10BEC0000022114602209847BDE870400CF020BFC8
:10BED000001000404804002050150040134900B5F0
:10BEE000114808600820091F0860802000F062F8EF
:10BEF0000E4902201C310860091D0D480860091D0B
:10BF00004FF6FF7008600B490020C1F800020A4894
:10BF1000016841F001010160044904200C39086006
:10BF200006490120086000BDFF000401181500400B
:10BF3000211001000010004050160040FC1F00407E
:10BF400001490860704700000815004030B5012421
:10BF50004FF0E0220223C2F80031154A072809D227
:10BF6000DFE800F00E0C04171A1F1500082015E07A
:10BF7000C2F8040330BDC2F8080330BD04200DE050
:10BF800011B1C2F8043330BDC2F8083330BD80208F
:10BF900004E04FF4805001E04FF400500029EAD053
:10BFA000E6E711B1C2F8044330BDC2F8084330BD22
:10BFB0000010004004490A6822F0FF020A600A6883
:10BFC000C0B202430A60704718150040064930B1FC
:10BFD000012804D0022804D0032801D104200860DD
:10BFE00070470320FBE7000010150040014908607E
:10BFF0007047000020150040254B10B51A1D082879
:10C0000024D2DFE800F0040B131B242B333B186809
:10C0100020F0FF0018601868084316E0186820F444
:10C020007F401860186840EA01200EE0186820F48C
:10C030007F001860186840EA014006E0186820F0A8
:10C040007F401860186840EA0160186010BD1068F1
:10C0500020F0FF0010601068084316E0106820F41C
:10C060007F401060106840EA01200EE0106820F464
:10C070007F001060106840EA014006E0106820F080
:10C080007F401060106840EA0160106010BD000041
:10C090002415004003490860034901208860486175
:10C0A000704700000415004000100040054A106071
:10C0B00004482838016004480021C0F80C1101210F
:10C0C000816070472C15004000100040114B5868EB
:10C0D000401C586010480168022919D001680129E4
:10C0E00016D00068032813D00C490020C1F80001C5
:10C0F0000120486042F2107006E0401E04D2D86869
:10C10000401CD8600AF030BED1F80021002AF4D0DB
:10C1100070470000780C00205015004000100040CF
:10C12000F0B41B4D2868401C28601A4A10680A2881
:10C130002BD01068092828D010680B2825D010684B
:10C140000126154B42F21071022805D01068012813
:10C1500002D01068032807D1DE60084601E0401EC7
:10C1600009D31468022CFAD10020C3F800011E6024
:10C1700007E0491E05D2A868401CA860F0BC0AF080
:10C18000F3BDD3F800010028F3D0F0BC70470000E5
:10C19000780C0020501500400010004010B503A09E
:10C1A00006F0C4FE06F09CFF002010BD4F4B0D0AA8
:10C1B0000000000070B504460068A26801219047A5
:10C1C0002069A8B10EF080FA05460CE00EF07CFA6A
:10C1D000411BE069814202D96FF0010070BD401C33
:10C1E00040080EF07FF82169206888470028EDD0CC
:10C1F000204607F0E0F9002070BD00001FB50F4891
:10C200000DC88DE80D00086803AA0DA1FCF74EF9D2
:10C210000446012808D19DED030ADFED0A0A002437
:10C2200020EE200A8DED030A07499DED030A6846BA
:10C2300004F0B4FD04B0204610BD000038CD01006C
:10C240003D25660035FA8E3C400B00202DE9F04379
:10C25000086885B03D21FCF7FAF8050050A0DFF82A
:10C2600050910FC88DE80F004FF001086F4611D0B4
:10C2700068780D280ED00A280CD058B10026344614
:10C2800004AA4CA1681CFCF711F9C0B2012816D011
:10C2900049A034E04DA006F049FE002445464E4634
:10C2A00005FA04F1B06C084205D0395DFF2902D0CF
:10C2B0004AA006F03BFE641C102CF1DB6EE000236C
:10C2C0009DF810201846395CFF2905D0914203D112
:10C2D00008FA00F10C4303E0401C1028F3DB8BB19B
:10C2E0002C21681C761CFCF7B2F8050001D0102E3A
:10C2F000C6DB5EB1E0050DD5A0050BD53AA006F072
:10C3000015FE03E0D1B243A006F010FE012005B0F7
:10C31000BDE8F0834DA006F009FE0025464606FA6A
:10C3200005F0204205D0795DFF2902D02BA006F050
:10C33000FDFD6D1C102DF2DBD9F84830D9F8D41072
:10C340009AB201F001004F460546A24201D00122F7
:10C3500000E00022E60501D5012502E0A60504D58E
:10C360000025A84201D0012600E00026324315D066
:10C37000180C00042043B86426B121F001002843C2
:10C38000C9F8D4000A48203009F0E8FC36B10DB1F4
:10C39000082100E0092132A006F0C8FD0020B6E720
:10C3A00091FFFFFFFFFFFFFF626393FFFFFFFFFFB0
:10C3B00008090020255800004552523A2062616465
:10C3C00020746F6B656E0D0A000000007061636B76
:10C3D0006574206974656D733A0D0A005B307825C9
:10C3E0003032585D0D0A00004552523A20307836FE
:10C3F0003220616E64203078363320617265206DA2
:10C40000757475616C6C79206578636C7573697689
:10C41000650D0A004552523A20756E6B6E6F776E4D
:10C42000206974656D203078253032582028766177
:10C430006C69643A203078393120307836322030D7
:10C440007836332030783933290D0A006E6577202D
:10C450007061636B6574206974656D733A0D0A00D1
:10C46000524620666F726D6174206175746F3A3048
:10C47000782530325820287265626F6F7420746F8F
:10C48000206170706C79290D0A00000070B50C46AF
:10C490000868FBF7E6FF164D58B120680A22002114
:10C4A000401CFCF71DFB040013D0012C0DD0012013
:10C4B00070BD95F8600010F0010101D00DA200E000
:10C4C0000DA20EA006F032FD0FE0286E40F0010034
:10C4D00002E0286E20F0010028660548203009F0AF
:10C4E0003DFC214609A006F021FD002070BD0000A2
:10C4F000080900204F4E00004F464600534C45456A
:10C50000503D256420282573290D0A00534C4545CC
:10C51000503D25640D0A0000054B00B553F820304E
:10C520000722C3F8002500F077F8002000BD0000C6
:10C5300008CB010030B5154C002354F82050C5F845
:10C54000341554F82010C1F8382554F82020C2F8CA
:10C55000443554F82020C2F8483554F82020C2F859
:10C56000103154F8201001220A61150454F82000FB
:10C5700005E05B1CAB4202D94261012030BDD0F81E
:10C5800010110029F5D0002030BD000008CB0100BB
:10C5900070B5204C002654F8205031B1C5F8441530
:10C5A00054F82010C1F8483501E0C5F8486554F842
:10C5B000201032B1C1F8342554F82010C1F83835B4
:10C5C00001E0C1F8386554F82010C1F8206154F832
:10C5D0002010C1F8106154F8201001220A610021D6
:10C5E000130454F8200002E0491C994208D8D0F8FE
:10C5F0002041002CF8D0002105E0491C994202D9C5
:10C600004261012070BDD0F81041002CF5D000200F
:10C6100070BD000008CB010010B5174B154A8C1AED
:10C6200053F8200091421FD00ADCA1F64801B1F571
:10C63000F03113D001F5E561B1F5B82F0BD110E061
:10C640000C494942611812D00C4AD14203D1C905A4
:10C65000C0F8241510BD4FF08051F9E74FF000717C
:10C66000F6E74FF00061F3E74FF00051F0E74FF0CD
:10C670008041EDE780841E0008CB010000F7C2FF77
:10C6800030B5154C002354F82050C5F8441554F823
:10C690002010C1F8482554F82020C2F8343554F849
:10C6A0002020C2F8383554F82020C2F8203154F840
:10C6B000201001220A61150454F8200005E05B1CDB
:10C6C000AB4202D94261012030BDD0F820110029CF
:10C6D000F5D0002030BD000008CB0100014A5160B8
:10C6E00010607047F4010020880000F1A040D0F8ED
:10C6F000001721F00C01C0F8001742B1012A05D142
:10C70000D0F8001741F00C01C0F800177047D0F8BE
:10C71000001741F00401F7E710B50CF0E1FA0DF055
:10C72000D9FFBDE810400CF0F3BA000000B54FF09F
:10C73000E020016941F0040101616FF07F41416136
:10C740000020FEF79BFB064A0449B0FBF2F04FF4D1
:10C750007A7208605043486000BD0000E00100208C
:10C7600040420F0002490148086070470090D00322
:10C770006004002070B59F489E4A00250078121D75
:10C78000111D4FF0805406280BD113781B0708D1D8
:10C790000B78C3F30313032B06D0042B04D0052B13
:10C7A00002D0062807D00EE0B4F82433924EC3F32B
:10C7B0000423336002E013781B0704D10B78C3F322
:10C7C0000313032B02D0062804D00FE08C4E8B4BB2
:10C7D00073670EE013781B0708D10B78C3F30313BC
:10C7E000032B06D0042B04D0052B02D0062807D03B
:10C7F0000EE0D4F84432834EC3F34233336002E098
:10C8000013781B0704D10B78C3F30313032B02D057
:10C81000062806D011E07C4B1E6826F080761E604C
:10C820000EE013781B0708D10B78C3F30313032B17
:10C8300006D0042B04D0052B02D006280AD011E024
:10C840004FF08043C3F80C51C3F810516D4B1B1FC0
:10C850001D6002E013781B0704D10B78C3F30313A8
:10C86000032B02D0062805D00CE0664E0323643665
:10C8700033600AE013781B0704D10B78C3F303136A
:10C88000032B02D006280FD016E0604E052333603C
:10C890005E4E0123783633605C4B08331D605B4D80
:10C8A0003F232D1D2B6002E013781B0704D10B786A
:10C8B000C3F30313052B02D0062857D062E0544B74
:10C8C0001B68544D2B60524B1B1D1B682D1D2B608C
:10C8D0004F4B08331B682D1D2B604D4B0C331B68D1
:10C8E0002D1D2B604A4B10331B682D1D2B60484BB0
:10C8F00014331B682D1D2B60454B18331B68454DA9
:10C9000020352B60424B1C331B682D1D2B60404B88
:10C9100020331B682D1D2B603D4B24331B682D1DC0
:10C920002B603B4B28331B682D1D2B60384B2C3361
:10C930001B682D1D2B60364B30331B68354D403541
:10C940002B60334B34331B682D1D2B60304B383339
:10C950001B682D1D2B602E4B3C331B682D1D2B603F
:10C960002B4B40331B682D1D2B6002E013781B07F7
:10C9700008D10B78C3F30313032B06D0042B04D088
:10C98000052B02D0062807D019E0D4F85802224A15
:10C9900000F04F00106002E0107800070FD1087817
:10C9A000C0F30310032803D0042801D0052806D1C2
:10C9B0001A480168C90702D06FF001010160D4F87C
:10C9C0003001062808D1D4F83401062804D11448CF
:10C9D000016841F4806101600B487438016841F4DA
:10C9E00070010160BFF34F8FBFF36F8F0E490D4889
:10C9F000086070BDE00F00F0403501400DF0ADBAA9
:10CA000000C007403C050040FCED00E0105600402F
:10CA10000404001020C50040E40E00400004004063
:10CA20003C1700400090D00360040020BFF34F8FFC
:10CA300004480168044A01F4E06111430160BFF356
:10CA40004F8FFEE70CED00E00400FA0510B50CF086
:10CA500047F907490020C1F84001064803681BB1A7
:10CA60000021426808469847BDE810400CF050B9D4
:10CA700000800040D81F002010B50CF031F90A49A1
:10CA80000020C1F8400109480168491C01600848BC
:10CA9000D0F8903023B10021D0F89420032098479B
:10CAA000BDE810400CF034B900A001405004002053
:10CAB000D81F0020024A012152F82000C1607047AF
:10CAC00018CB0100F0B5114D0446032755F824009A
:10CAD0000E46C0F81075204600F04AF855F82410AC
:10CAE0000020C1F8040555F82400C0F8087555F871
:10CAF0002400D0F80022012303FA06F10A43C0F80B
:10CB0000002255F824000360F0BD000018CB01009E
:10CB100010B50124103104FA01F30B4951F820102B
:10CB200012B1C1F8043301E0C1F808330649091F06
:10CB3000085600F01F018C404009800000F1E02001
:10CB4000C0F8004110BD000018CB010010B5074C23
:10CB50000123083154F820008B40D0F800120AB1AC
:10CB6000194300E09943C0F8001210BD18CB010032
:10CB700030B5084C02234FF4A86523605300064AE1
:10CB800005EB810152F82040635052F8200001214A
:10CB9000C16030BD0002002018CB0100024A012113
:10CBA00052F820000160704718CB0100024A0121B1
:10CBB00052F820004160704718CB010070B51F4E3D
:10CBC0000C4696F8D40000F00105086820B1007802
:10CBD00010B13D2818D105E00DB1082100E0092170
:10CBE00017A024E003F026FE18B117A006F09EF966
:10CBF0000AE020680A220021401CFBF771FF04466E
:10CC0000082803D0092C01D0012070BD082C12D0B7
:10CC10000020854209D056F8D41F21F001010143BC
:10CC200006483160203009F099F8214612A006F03C
:10CC30007DF9002070BD0120EBE70000080900200D
:10CC400025640D0A000000004552523A20676174C5
:10CC50006577617920524620666F726D6174206637
:10CC60006F6C6C6F77732053455450544C3D363283
:10CC70002F36330D0A0000007478666D743D25640C
:10CC800020287265626F6F7420746F206170706C01
:10CC900079290D0A0000000070B51A4CD4F8100173
:10CCA000194EE8B1D4F80403C00619D5308B8005BD
:10CCB00012D5164D706D29780144002000F028F837
:10CCC0002878F16D401CC0B2B0FBF1F201FB1200FC
:10CCD000287040F2031100E001210B480BF0E8FD41
:10CCE000D4F8200100280BD0D4F80403C00507D5E0
:10CCF0000020C4F82001B06DBDE870400CF0C4BD48
:10CD000070BD000000200040040C0020DC01002069
:10CD1000074A52F82000D0F810213AB10022C0F89A
:10CD20001021044840780870104670470120704771
:10CD30002CCB01000402002070B5184D04460820D9
:10CD400055F82420C2F80005204600F053F855F8A5
:10CD50002400D0F8001241F02001C0F8001255F86C
:10CD600024100120C1F8380555F824200C49C2F8D8
:10CD7000341555F82410086055F824108860094DC2
:10CD8000287840B106480849401E04700748FFF75C
:10CD9000A5FC00202870002070BD00002CCB0100F5
:10CDA00005020020FC010020B9AE0000E1BD00003A
:10CDB00013B50F49002251F82030C3F81C2151F857
:10CDC0002030C3F8202151F820300122C3F8482533
:10CDD00051F8204001ABC4F8443551F820309A6036
:10CDE00051F82000D0F81C110029FBD01CBD000018
:10CDF0002CCB010070B5094B00221C1F53F8325098
:10CE00008D4206D103EBC20554F820606D68C6F868
:10CE10002455521C0A2AF1D370BD000030CB01000A
:10CE200030B5124B01241B5603F01F05AC405B09C3
:10CE30009B0003F1E023C3F800410C4B1B1D31B1F3
:10CE4000012902D002290FD109E0102101E04FF49D
:10CE5000807153F820002AB1C0F8041304E04FF4A5
:10CE60000031F6E7C0F80813002030BD28CB0100E0
:10CE700030B5094B002453F82050C5F8204153F831
:10CE80002040C4F8482553F82020C2F8441553F830
:10CE900020000121816030BD2CCB010070B50C4613
:10CEA000086888B038A1FBF7E3FA394D05F1200690
:10CEB00005F5A275C0B13749081F021FCDE905016C
:10CEC000131FCDE903320C38011F0A1F0092CDE970
:10CED0000110131F083A30A12068FBF7E7FA092870
:10CEE00006D0012008B070BD284605F0C1FD3FE026
:10CEF000274C0022114694ED530A284608F0A9F861
:10CF000094ED540A01220021284608F0A2F894ED7D
:10CF1000550A02220021284608F09BF894ED560A93
:10CF200000220121284608F094F8012294ED570AC6
:10CF30001146284608F08DF894ED580A0222012186
:10CF4000284608F086F894ED590A00220221284666
:10CF500008F07FF894ED5A0A01220221284608F0D1
:10CF600078F8022294ED5B0A1146284608F071F821
:10CF7000294610A004F074FC304608F0EFFE06F0DD
:10CF800007FD0020AEE700003D5245534554000028
:10CF900008090020740A00203D25662C25662C25F2
:10CFA000662C25662C25662C25662C25662C256688
:10CFB0002C2566006D61746C6162000010B500B9CB
:10CFC0000120410CC0034FF47A720023FBF7D0F923
:10CFD000014300D101200549401E086001F1040110
:10CFE0004FF0010008600249086010BD04050140CF
:10CFF0000000014002490148086070473546526E02
:10D00000000601407CB50C001D461646014601D0C5
:10D01000601E00E00020CDE90010064B6A4629465C
:10D02000304602F035FC002C02D0009A002111702D
:10D030007CBD00007D01010003B40198410000980F
:10D0400050EAC12018BF04204A0D18BF40F001006B
:10D0500040F2FF72B2EB515F08BF40F002000128BE
:10D0600008BF052002B070474100080218BF042025
:10D070000A0E18BF40F001004FF07F4232EA010172
:10D0800008BF40F00200012808BF052070470000DB
:10D09000004870476404002010B510EE104A4FF0AD
:10D0A0001A402DED028B00EB4400B0F1C85F4AD866
:10D0B0004FF0FC40B0EB440F22D2B0EEC00AF7EEC6
:10D0C000000A30EEC00AF6EE000A20EE208A18EEC2
:10D0D000100A0EF04CF900EE100A14F0004F1DBFBC
:10D0E0009FED281ADFED280AB1EE400A9FED271ABE
:10D0F00008BFF0EE410AF8EE001A20EE210A05E022
:10D1000020EE008A9FED221ADFED220ADFED221ABF
:10D110009FED222A70EEC00A20EE080A08EE212AAE
:10D12000DFED1F1A48EE021A9FED1E2A08EE212A93
:10D13000DFED1D1A48EE021ABDEC028B40EE610ACB
:10D1400030EE810A10BD4FF0CC40B0EB440F82BFEF
:10D150009FED160ABDEC028B10BD4FF07F40B0EB87
:10D16000440F05D2BDEC028BBDE8104001F05CBD60
:10D17000012001F049FEBDEC028BBDE8104001F03A
:10D1800057BD00000000494022AA7D3A000000007F
:10D190000000C93F22AAFD3924FE1C3DC78AD83CA5
:10D1A0001E67383D1B93993DAFAA2A3EDB0FC93F4E
:10D1B00070B5C1482DED020B2DED0E8B82B0119D87
:10D1C00025F000449FEDBEDB9FEDBFEB84423EDBCC
:10D1D000A4F140511098A1F17F6108430FD0BC48E1
:10D1E000844202DC28D1109830B39DED100B02B0C0
:10D1F000BDEC0E8B02B0BDE8704001F0D1BC9DEDDE
:10D20000100B53EC1D2B51EC100BFBF749FD9DED62
:10D21000100B41EC180B53EC1E2B51EC100BFBF7D1
:10D220003FFD53EC182BFBF794FC41EC100B02B0C4
:10D23000BDEC0E8B02B070BD012001F0E5FD02B027
:10D24000BDEC0E8B02B0BDE8704001F0BDBCA14842
:10D250009FEDA18B844256DA9DED100BB4F1795FFE
:10D260000ADA51EC100BFFF7E7FE042808BF01F0C3
:10D27000CBFC9DED100BDAE753EC102B51EC100BAF
:10D28000FBF70EFD41EC190B95480621B0EE490A5B
:10D29000F0EE690A784401F0EDFB53EC192B51ECE8
:10D2A000100BFBF7FDFC41EC1A0B8E48B0EE490A5F
:10D2B000F0EE690A0421784401F0DCFB53EC192BF1
:10D2C00051EC100BFBF7ECFC53EC182BFBF741FC7B
:10D2D00041EC100B51EC1A0B53EC102BFBF752FDE9
:10D2E000CDE900019DED000B53EC102B9DED100BD3
:10D2F00051EC100BFBF7D4FC9DED101B53EC112BE4
:10D30000FBF727FCD2E09DED100B51EC100B05F064
:10D31000C3FB53EC182BFBF7C0FC9FED730BCDE95F
:10D32000000153EC102B9DED000B51EC100BFBF7A3
:10D33000B7FC41EC190B6E480621B0EE490AF0EE3D
:10D34000690A784401F096FB53EC192B51EC100B51
:10D35000FBF7A6FC41EC1B0B6648B0EE490AF0EE69
:10D36000690A0421784401F085FB53EC192B51EC38
:10D37000100BFBF795FC53EC182BFBF7EAFB41EC89
:10D380001C0B51EC190B0DF0BBFF41EC180B5A486C
:10D390009FED5BABA04222DC53EC1C2B51EC1B0B32
:10D3A000FBF7F0FCCDE900019DED000B51EC180BF3
:10D3B00053EC102BFBF774FC53EC182BFBF7C9FB59
:10D3C00053EC1A2BFBF76CFC53EC1D2BFBF762FCA8
:10D3D00053EC1E2BFBF761FC41EC100B5FE08DED75
:10D3E000008B002000909DED000B51EC180B53ECCE
:10D3F000102BFBF7AEFB9DED000B41EC1E0B53EC2D
:10D40000102B51EC100BFBF74BFC53EC192BFBF7DB
:10D4100044FC53EC1E2BFBF7B5FC41EC190B53EC11
:10D420001C2B51EC1B0BFBF7ADFC41EC1B0B53EC25
:10D430001A2B51EC190BFBF733FC53EC1D2BFBF7AC
:10D440002CFC41EC190B53EC1A2B51EC180BFBF78D
:10D4500027FC53EC1B2BFBF723FC53EC192BFBF79E
:10D4600019FC9DED000B41EC180B53EC1A2B51EC01
:10D47000100BFBF715FC9FED249B53EC192BFBF7CE
:10D480000CFC41EC100B51EC180B53EC102BFBF780
:10D4900001FC53EC192BFBF700FC41EC100B002DA9
:10D4A0003FF7C5AE51EC100B81F0004141EC100B81
:10D4B000BDE60000000000000000F03F000000009A
:10D4C000075C143326A6913C182D4454FB21F93FE8
:10D4D0000000F07F0000E03F000000000000F03F8F
:10D4E000E8FB0000F6FB0000000000000000E03F49
:10D4F0003AFB000048FB00003333EF3F0000000020
:10D500000000000000000040182D4454FB21E93FBA
:10D5100070B59B482DED020B2DED068B079D25F078
:10D520000044A04218DC9748844202DC0AD10698E5
:10D5300040B19DED060BBDEC068B02B0BDE870401E
:10D5400001F02EBB002DCCBF9FED8F0B9FED900BFC
:10D55000BDEC068B02B070BD8F48A04215DD8F4830
:10D56000A042D8BF4FF0FF3458DD9DED060B51ECC3
:10D57000100BFFF761FD042808BF01F045FB9DED8E
:10D58000060BBDEC068B02B070BD9DED060B51EC99
:10D59000100B05F081FACDE9060181489FED828BE1
:10D5A000A0423CDD8248A0421FDD00249FED82ABFB
:10D5B0009DED060B53EC1A2B51EC100BFBF7C9FA3F
:10D5C0009DED060B41EC190B53EC1A2B51EC100B93
:10D5D000FBF766FB53EC182BFBF75CFB53EC192BAA
:10D5E000FBF7D0FBCDE9060149E09DED060B0124D8
:10D5F00053EC182B51EC100BFBF7ABFA9DED060B1F
:10D6000041EC190B53EC182B51EC100BFBF742FBC0
:10D6100053EC192BFBF7B6FBCDE906012FE0684868
:10D62000A0421FDD02249FED689B9DED060B53EC8D
:10D63000192B51EC100BFBF733FB53EC182BFBF7BA
:10D6400088FA9DED060B41EC180B53EC192B51ECAD
:10D65000100BFBF71FFB53EC182BFBF793FBCDE9EB
:10D6600006010CE09DED060B032453EC102B9FEDFF
:10D67000580B51EC100BFBF785FBCDE906019DED36
:10D68000060B53EC102B51EC100BFBF709FB41EC94
:10D69000180B53EC182BFBF703FB41EC190B4E480E
:10D6A0000621B0EE490AF0EE690A784401F0E2F989
:10D6B00053EC182B51EC100BFBF7F2FA41EC180B62
:10D6C0004648B0EE490AF0EE690A0521784401F0B7
:10D6D000D1F953EC192B51EC100BFBF7E1FA41ECAB
:10D6E000100B51EC180B53EC102B002C0EDAFBF73F
:10D6F00030FA9DED061B53EC112BFBF7D1FA9DED93
:10D70000061B53EC112BFBF7C8FA35E0FBF721FAA7
:10D710009DED061B53EC112BFBF7C2FA41EC100BED
:10D720002F48784400EBC40090ED001B51EC100B27
:10D7300053EC112BFBF7AEFA9DED061B53EC112BAE
:10D74000FBF7A8FA41EC100B2648784400EBC40024
:10D7500090ED001B51EC100B53EC112BFBF79DFAD5
:10D7600041EC100B002DA2BFBDEC068B02B070BDCA
:10D7700051EC100B81F0004141EC100B01E700006F
:10D78000000010440000F07F182D4454FB21F93FA5
:10D79000182D4454FB21F9BF0000DC3F0000203E5F
:10D7A0000000F33F00000000000000000000F03F18
:10D7B0000000E63F00000000000000000000004004
:10D7C0000080034000000000000000000000F83F5F
:10D7D000000000000000F0BF8AF8000040F80000E0
:10D7E000CAF7000082F7000070B56F4E2DED040BF4
:10D7F0002DED048B82B0DDF824C0DDE907235C4207
:10D800002CF000411C4341EAD474069D22F00040F4
:10D81000B44205D86C422C4340EAD474B4420BD9CC
:10D820009DED081B9DED060B02B0BDEC048B04B012
:10D83000BDE8704001F0BEB9ACF14054A4F17F6482
:10D840001C430BD0022404EAAC7444EAD2740543AE
:10D850009FED578B9FED582B07D015E09DED060BE4
:10D8600051EC100B03F002F842E0002C11BF012C28
:10D870009DED060B02B0BDEC048B04BF04B070BD7F
:10D88000022C38D0032C3BD00B439FED4D1B9FED5A
:10D890004E0B0AD0B14218D1B04209D121F08041DB
:10D8A00020F08040099107900FE0002A15DA10E07F
:10D8B000474B7B44002C08BF93ED000B0DD0012C8F
:10D8C00010D0022C17D0032C1AD0B0421DD1002A40
:10D8D00003DAB0EE410AF0EE610A02B0BDEC048B4F
:10D8E00004B070BD93ED000B51EC100B81F00041C2
:10D8F00041EC100BF1E7B0EE480AF0EE680AECE7F5
:10D90000B0EE420AF0EE620AE7E7401A00159FED1A
:10D91000329B3C28C8BF8DED000B17DCBCF1000F1B
:10D92000BCBF10F13C0F8DED009B0FDB9DED080B94
:10D9300053EC102B9DED060B51EC100BFBF722FA6C
:10D9400005F0AAF802F092FFCDE90001B4B1012C74
:10D9500010D0022C9FED220B53EC102B9DED000BF1
:10D9600051EC100B19D0FBF795F953EC182BFBF782
:10D9700091F9BDE7019880F0004001909DED000B0A
:10D9800053EC192B51EC100BFBF790FA04BF02205B
:10D9900001F03AFA9DED000B9FE7FBF77BF953ECA2
:10D9A000182BFBF77AF9A3E70000F07F00000000D6
:10D9B000182D4454FB210940182D4454FB2109C063
:10D9C000182D4454FB21F9BF182D4454FB21F93F75
:10D9D000C2F700000000000000000000000000008E
:10D9E000075C143326A6A13C10EE101A08B5444A71
:10D9F0006846B2EB410F28D94FF0E640B0EB410F3B
:10DA000094BF00204FF0FF3000900098002861DBA9
:10DA100060EE000A10F0010F45D010F0020FDFEDAC
:10DA2000391A9FED391A00EEE11ADFED381A40EE8F
:10DA3000811A21EEA01AF0EE400A40EE010A08BF5A
:10DA4000F1EE600AB0EE600A08BD314B21F00042F1
:10DA500093423CD911F0004FDFED2E0A20EE201A40
:10DA6000DFED2D0A19BF31EE601A71EE200A31EE9A
:10DA7000201A71EE600ABDEEE01A11EE100A9FED59
:10DA8000271A00F0030000EEC10A9FED251A00904E
:10DA900000EEC10A9FED231A00EEC10A9FED221A83
:10DAA00000EEC10AB1E79FED211A9FED210A10F0A7
:10DAB000020F00EE810A9FED1F1A00EE801AB7EEEA
:10DAC000000A00EE810A18BFB1EE400A08BD01F05D
:10DAD000BFF89AE710EE100A4000B0F17F4F3CBF4C
:10DAE000B7EE000A08BD07D14FF0010001F08CF934
:10DAF000BDE8084001F09CB8BDE8084001F094B8CA
:10DB0000B61F927E336D4C39DA82083CA0AA2ABE39
:10DB1000490E494683F9223F0000004B0000C93FEF
:10DB200000A0FD390020A2331A61342CB93AB2BAF0
:10DB3000CA9F2A3DDDFFFFBE2DED020B019820F0AC
:10DB4000004001909DED000B02B0704710B52DED27
:10DB5000028BB0EE608AF0EE408A18EE101A18EED2
:10DB6000900AFBF7E9FB00F07040B0F1005F0CD0C9
:10DB700018EE100A20F00040C0F1FF40C00F02BFB5
:10DB8000B0EE480ABDEC028B10BDB0EE680ABDECE9
:10DB9000028B10BD10B52DED028BB0EE608AF0EE59
:10DBA000408A18EE101A18EE900AFBF7C5FB00F039
:10DBB0007040B0F1004F0CD018EE100A20F0004079
:10DBC000C0F1FF40C00F02BFB0EE480ABDEC028BAF
:10DBD00010BDB0EE680ABDEC028B10BD0000000065
:10DBE0002DE9F04D2DED040B2DED0E8B96B0DDE9FA
:10DBF0002550279CDDF890A025F0004624F0004831
:10DC0000BAF1000F14BF0121002101EB4502FC49CC
:10DC100053184A1093422AD3002814BF012300232B
:10DC200003EB44030B44F7498B4220D358EA00012D
:10DC30009FEDF59B76D0DFF8D8B35D4503D1BAF1FF
:10DC4000000F05D188E0BAF1000F08BF002100D015
:10DC5000012101EB450111F5001F08D8002814BF70
:10DC60000121002101EB440111F5001F0BD99DEDAD
:10DC7000261B9DED240B16B0BDEC0E8B04B0BDE849
:10DC8000F04D00F097BF0027002DBCBFE14988454B
:10DC900021DAE1498845A8BF02271CDAC3451ADC0E
:10DCA000DE4901EB2851142908DDC1F1340220FAC4
:10DCB00002F101FA02F282420DD108E058B9C1F135
:10DCC000140228FA02F101FA02F2424503D101F0EE
:10DCD0000101C1F1020756EA0A0124D1002C22DA1F
:10DCE000002D18BF022F01D0012F0AD0022001F011
:10DCF0008BF816B0BDEC0E8B04B0BDE8F04D00F013
:10DD000037BF022001F080F800F032FF51EC100B19
:10DD100081F0004141EC100B16B0BDEC0E8B04B04D
:10DD2000BDE8F08D18E09FEDBEAB9FEDBF8B0028E6
:10DD300071D1B848804522D105F1804010F580109E
:10DD400008BFBAF1000F07D0B3450ADC002CA8BF0A
:10DD50009DED260BE0DA0DE0B0EE490AF0EE690A1F
:10DD6000DAE7002C06DA9DED260B51EC100B81F062
:10DD700000416FE0AE48784490ED000BCCE7D84509
:10DD80004DD1002C48DA2EB186423AD1BAF1000FBB
:10DD900042D126E0BAF1000F13D0022001F034F88E
:10DDA00000F022FF8DED020B9DED240B8DED000B9D
:10DDB00010EE900A039961F31E0003909DED020B93
:10DDC000AAE78DED02AB9DED240B1AEE901A10EE32
:10DDD000900A8DED000B61F31E0003909DED020B88
:10DDE0009AE78DED028B9DED240B18EE901A10EE44
:10DDF000900A8DED000B61F31E0003909DED020B68
:10DE00008AE709DA9DED240B51EC190B53EC102B2A
:10DE1000FAF7B8FF1EE020E09DED240B7CE7864278
:10DE20001BDAB4F1804F0DD0A4F10050B0F1FF50D7
:10DE300013D1002D11DB9DED240B51EC100B0DF0D7
:10DE40005FFA07E09DED240B53EC102B51EC100B07
:10DE500000F0C2BC41EC100B5EE79DED240B51ECD1
:10DE6000100B04F019FEBAF1000FCDE90E0142D1FA
:10DE70009FED710B46B3A6F1E040B0F17F600CD08E
:10DE80005E4538D1002D00DAA7B3022F0CBF012068
:10DE90004FF0FF30FAF7E5FFDCE7002D01DD002C45
:10DEA0000DDA002D01DD002C1FDB002D16DA002C11
:10DEB00014DB012F08BF9FED620B3FF42DAFB0EED6
:10DEC0004A0AF0EE6A0A27E7022F18BF002D0CD08D
:10DED000012F0AD1002DFFF61FAF06E0002DB8BFBD
:10DEE000002C08DA012F3FF417AFB0EE480AF0EE2D
:10DEF000680A11E71BE0012000EBE57050EA07011A
:10DF000015D0791EB0EE498AF0EE698A084308BF41
:10DF10009FED4D8B4E480025804570DD4D494E48A4
:10DF2000884514DDB0420DDB002C19DB2FE0012009
:10DF300000F06AFF16B0BDEC0E8B04B0BDE8F04DEA
:10DF400000F042BEB34502DC002C09DC1FE0864233
:10DF500002DA002C1BDA03E05E452BDD002C16DD17
:10DF6000022000F051FF00F03FFE8DED020B53EC5C
:10DF70001A2B51EC180BFAF793FECDE90001039927
:10DF8000019861F31E0003909DED020BC4E6022090
:10DF900000F03AFF00F038FE10EE901A18EE900AEA
:10DFA0008DED020B8DED008B61F31E0003909DED56
:10DFB000020BB1E69DED0E0B53EC192B51EC100B3F
:10DFC000FAF768FE9FED260BCDE9080153EC102B04
:10DFD0009DED080B51EC100BFAF762FE9FED221B32
:10DFE00053EC112BFAF759FE9DED081B53EC112B46
:10DFF000FAF756FE9FED1E1B53EC112B3CE08CE014
:10E00000FFFF1F00FFFF0F00000000000000F03FB7
:10E010000000F03F0000F07F0000404301FCFFFFE4
:10E02000000000000000F07F000000000000000081
:10E03000FEF2000000000000000000000000008070
:10E04000000000000000F0FF000000000000F0BF32
:10E050000000E0410000F043FFFFEF3F0000000040
:10E06000000000000000D03F555555555555D53F8F
:10E07000000000000000E03FFAF70FFE9DED080BE6
:10E0800041EC1A0B53EC102B51EC100BFAF708FE75
:10E0900053EC1A2BFAF704FE41EC1A0B9FEDFE0B22
:10E0A00053EC102B9DED080B51EC100BFAF7F8FD1B
:10E0B00041EC1B0B9FEDFA0B51EC1A0B53EC102BA0
:10E0C000FAF7EEFD41EC1A0B9FEDF70B53EC102B1A
:10E0D0009DED080B51EC100BFAF7E2FD53EC1A2BF7
:10E0E000FAF7D8FD41EC1A0B51EC1B0B53EC1A2B31
:10E0F000FAF72FFD0690CDE906519DED060B53EC86
:10E100001B2B51EC100BFAF7C5FD53EC1A2BFAF749
:10E11000C4FD41EC100B00F0A1B90020B6F5801F42
:10E120000EDA9FEDE30B53EC102B9DED0E0B51EC33
:10E13000100BFAF7B5FDCDE90E016FF034000E4675
:10E1400000EB2650A0F2FF37C6F31300DA4940F087
:10E150007F6646F040568842D8BF002408DDD74984
:10E160008142C8BF012403DC0024A6F580167F1C71
:10E17000D348784400EBC4000F9690ED00CB9DEDA2
:10E180000E0B53EC1C2B51EC100BFAF783FD9DED9D
:10E190000E0B41EC1B0B53EC1C2B51EC100BFAF744
:10E1A000D8FC41EC100B51EC190B53EC102BFAF787
:10E1B000E9FD41EC1D0B51EC1B0B53EC1D2BFAF749
:10E1C0006FFD41EC1A0BBF488DED10AB78441095F4
:10E1D00090ED000B4FF0005040EA660000EB8440E9
:10E1E0008DED080B00F5002009909DED080B53EC18
:10E1F0001C2B51EC100BFAF74DFD9DED0E1B53EC53
:10E20000112BFAF74AFD41EC100B53EC102B9DED4E
:10E21000100B51EC100BFAF743FD9DED080B41EC90
:10E220001C0B53EC102B9DED100B51EC100BFAF75F
:10E2300037FD53EC1B2BFAF730FD53EC1C2BFAF790
:10E2400029FD53EC1D2BFAF72BFD41EC1C0B53EC75
:10E250001A2B51EC1A0BFAF723FD41EC1B0B9A48D1
:10E260000621B0EE4B0AF0EE6B0A784400F002FC97
:10E27000B0EE401AF0EE601AB0EE41DAF0EE61DA7C
:10E2800053EC1B2B51EC1B0BFAF70AFD53EC1D2B27
:10E29000FAF706FD9DED100B41EC1B0B53EC1A2B0E
:10E2A00051EC100BFAF755FC53EC1C2BFAF7F8FC69
:10E2B00053EC1B2BFAF74DFC9DED100B41EC1B0BA7
:10E2C00053EC102B51EC100BFAF7EAFC41EC1D0B50
:10E2D0009FED7FEB53EC1E2BFAF73BFC53EC1B2B13
:10E2E000FAF737FC0890CDE908519DED080B53EC87
:10E2F0001E2B51EC100BFAF7CDFC53EC1D2BFAF74B
:10E30000C9FC53EC1B2BFAF7C8FC9DED080B41EC44
:10E310001D0B53EC102B9DED100B51EC100BFAF76D
:10E32000BFFC41EC1B0B53EC1A2B51EC1D0BFAF705
:10E33000B7FC9DED080B41EC1A0B53EC102B51EC84
:10E340001C0BFAF7ADFC53EC1A2BFAF702FC41EC6C
:10E350001A0B51EC1B0B53EC1A2BFAF7FAFB0C902F
:10E36000CDE90C519DED0C0B53EC1B2B51EC100B1C
:10E37000FAF790FC53EC1A2BFAF78FFC41EC1B0BCD
:10E380009FED550B53EC102B9DED0C0B51EC100B2E
:10E39000FAF786FC41EC1A0B9FED510B51EC1B0B6D
:10E3A00053EC102BFAF77CFC41EC1B0B9FED4E0B52
:10E3B00053EC102B9DED0C0B51EC100BFAF770FC8D
:10E3C00053EC1B2BFAF7C5FB41EC100B4848784483
:10E3D00000EBC40090ED001B51EC100B53EC112B23
:10E3E000FAF7B7FB41EC1B0B3846FAF73AFDCDE9DB
:10E3F000080153EC1B2B51EC1A0BFAF7AAFB41EC6A
:10E40000100B3C48784400EBC40090ED00CB51EC7D
:10E41000100B53EC1C2BFAF79CFB9DED081B53ECE7
:10E42000112BFAF796FB0690CDE906519DED080BEE
:10E4300053EC102B9DED060B51EC100BFAF72AFC58
:10E4400053EC1C2BFAF726FC53EC1A2BFAF722FCA0
:10E4500053EC1B2BFAF721FC41EC100B9DED261B16
:10E4600053EC102B8DED001B00959DED260B51EC10
:10E47000100BFAF715FC9DED000B41EC1A0B53EC59
:10E48000102B9DED260B51EC100BFAF703FC9DEDC4
:10E49000061B53EC112B2FE0000000604715F73FDF
:10E4A000FE822B654715F73F44DF5DF80BAE543E07
:10E4B00000000000000040438E9803007AB60B0075
:10E4C000F2ED0000A8EE00002AED000000000000C0
:10E4D0000000000000000840000000E009C7EE3F17
:10E4E000FD033ADC09C7EE3FF5015B14E02F3EBEA9
:10E4F000B6EB000070EB0000FAF7D2FB53EC1A2BDE
:10E50000FAF727FB9DED060B41EC1A0B53EC102B91
:10E510009DED000B51EC100BFAF7C2FBCDE90C019D
:10E520009DED0C0B51EC1A0B53EC102BFAF711FB71
:10E53000CDE902010C46AA498C422FDB611A08433F
:10E5400018D19DED0C0B53EC102B9DED020B51ECF3
:10E55000100BFAF79FFB41EC1B0B9FEDA30B51EC4B
:10E560001A0B53EC102BFAF7F4FA53EC1B2BFAF7B7
:10E57000CBFE2DD2022000F047FC00F035FB10EE60
:10E58000901A18EE900A8DED020B8DED008B61F361
:10E590001E0003909DED020BFFF7BEBB944A24F0D2
:10E5A0000041914214D39349214408437FF4EFACD6
:10E5B0009DED0C0B53EC102B9DED020B51EC100B51
:10E5C000FAF768FB53EC1A2BFAF79EFE7FF6DFACE6
:10E5D00024F000408849894A002601EB20518242FC
:10E5E0002BDA481C4FF4801121FA00F02044844AB1
:10E5F000C0F30A517A44A1F2FF3192ED000B814A37
:10E600008DED080BCA4020EA0202C0F3130040F46B
:10E610008010C1F1140120FA01F60992002CB8BF54
:10E6200076429DED080B53EC102B9DED0C0B51EC3D
:10E63000100BFAF72FFBCDE90C019DED0C0B51EC03
:10E640001A0B53EC102BFAF784FA9FED6F0B08901E
:10E65000CDE9085153EC102B9DED080B51EC100B3C
:10E66000FAF71EFB41EC1B0B9FED690B53EC102BD3
:10E670009DED080B51EC100BFAF712FB9DED0C0B06
:10E6800041EC1C0B53EC102B9DED080B51EC100BC7
:10E69000FAF700FB53EC1A2BFAF7FFFA9FED5E1B1B
:10E6A00053EC112BFAF7FCFA53EC1C2BFAF751FA46
:10E6B00041EC1A0B51EC1B0B53EC1A2BFAF749FAED
:10E6C000CDE902019DED020B53EC1B2B51EC100B1D
:10E6D000FAF7E0FA53EC1A2BFAF7DFFA9DED020B8A
:10E6E00041EC1A0B53EC102B51EC100BFAF7D8FA43
:10E6F000CDE908014A489DED080B0521784400F05A
:10E70000B9F99DED081B51EC100B53EC112BFAF7E6
:10E71000C7FA9DED021B53EC112BFAF7BEFACDE9B7
:10E7200006019DED020B53EC1A2B51EC100BFAF77E
:10E73000B7FA53EC1A2BFAF70CFA9FED3B0B41ECAE
:10E740001A0B53EC102B9DED060B51EC100BFAF746
:10E75000A1FA9DED060B41EC1B0B53EC102B9DED2C
:10E76000020B51EC100BFAF79BFA53EC1B2BFAF748
:10E7700009FB53EC1A2BFAF78DFA9DED021B53ECB3
:10E78000112BFAF787FA53EC192BFAF786FACDE931
:10E79000020101EB065001150029C8BF039015DCEA
:10E7A0009DED020B324651EC100BFAF720FDFEF7FF
:10E7B00043FC042808BF00F027FA32469DED020B07
:10E7C00051EC100BFAF713FDCDE902019DED020BA0
:10E7D00051EC180B53EC102BFAF762FAFFF73ABB27
:10E7E0000000904000000000FE822B654715973C1A
:10E7F00000CC904000346F3F01FCFFFF0000E03F81
:10E8000080EA0000FFFF0F0000000000432EE63FFB
:10E81000396CA80C615C20BEEF39FAFE422EE63F4F
:10E82000C8E80000000000000000000000000040F8
:10E8300000B510EE101A2DED028B81B0524A6846D9
:10E84000B2EB410F2ED94FF0E640B0EB410F94BF31
:10E8500000204FF0FF3000900098B0EE408A002872
:10E860006ADB10F0010F4BD068EE080A9FED471AE3
:10E870009FED470A00EE810A9FED461A10F0020F45
:10E8800000EE801AB7EE000A00EE810A02BF01B066
:10E89000BDEC028B00BD00BF01B0B1EE400ABDEC83
:10E8A000028B00BD3C4B21F00042934241D911F054
:10E8B000004FDFED3A0A20EE201ADFED390A19BFCA
:10E8C00031EE601A71EE200A31EE201A71EE600A04
:10E8D000BDEEE01A11EE100A9FED321A00F00300AF
:10E8E00000EEC10A9FED301A009000EEC10A9FEDC4
:10E8F0002F1A00EEC10A9FED2E1A00EEC10AABE7F7
:10E9000028EE080A9FED2B1ADFED2B0A10F0020FFC
:10E9100040EE410A9FED291A00EE201A61EE000A2E
:10E92000B0EE480A08EE200AB6D101B0BDEC028B69
:10E9300000BD00F08DF98FE718EE100A4000B0F12D
:10E940007F4F0DD218EE100AFEF78EFB042808BF89
:10E9500000F076F9B0EE480A01B0BDEC028B00BDC4
:10E9600009D1012000F050FA01B0BDEC028B5DF836
:10E9700004EB00F05DB901B0B0EE480ABDEC028BCB
:10E980005DF804EB00F050B9B61F927EB93AB2BA06
:10E99000CA9F2A3DDDFFFFBE490E494683F9223F4B
:10E9A0000000004B0000C93F00A0FD390020A23349
:10E9B0001A61342C336D4C39DA82083CA0AA2ABE85
:10E9C00000B52DED048BB0EE409AF0EE609A83B066
:10E9D00051EC190BFAF722FC41EC180B18EE100A57
:10E9E00018EE901A8DED008B002818BF0120084307
:10E9F00020F00040C0F17F6000F1E040C00F14D073
:10EA000019EE101A19EE900A8DED009B002918BF1F
:10EA10000121084320F00040C0F17F6000F1E04098
:10EA2000C00F04BF012000F0EFF9B0EE480A03B0B8
:10EA3000F0EE680ABDEC048B00BD10B52DED028B25
:10EA4000B1EEC08A18EE100A20F00040C0F1FF407D
:10EA5000C00F0AD010EE100A20F00040C0F1FF40B5
:10EA6000C00F04BF012000F0CFF9B0EE480ABDECA2
:10EA7000028B10BD70B504462DED028B4D1E00EBD0
:10EA8000C500B0EE408AF0EE608A90ED000B35F0E4
:10EA9000060017D053EC182B51EC100BFAF700F9C5
:10EAA00041EC100B6D1E04EBC50090ED001B51EC0A
:10EAB000100B53EC112BFAF74CF841EC100B35F01E
:10EAC0000600E7D1022D36D0042D1CD0062D1CBF28
:10EAD000BDEC028B70BD53EC182B51EC100BFAF708
:10EAE000DFF894ED0A1B53EC112BFAF732F853ECD4
:10EAF000182BFAF7D5F894ED081B53EC112BFAF705
:10EB000028F841EC100B53EC182B51EC100BFAF7D2
:10EB1000C7F894ED061B53EC112BFAF71AF853ECD7
:10EB2000182BFAF7BDF894ED040B53EC102BFAF701
:10EB300010F841EC100B53EC182B51EC100BFAF7BA
:10EB4000AFF894ED021B53EC112BFAF702F853ECDB
:10EB5000182BFAF7A5F894ED001B53EC112BF9F7DD
:10EB6000F8FFBDEC028B41EC100B70BD0000000003
:10EB70009FED070B10B553EC102B9FED070B51ECDD
:10EB8000100BFAF7FFF841EC100B10BD000000006D
:10EB90000000000000000000000000000000F03F46
:10EBA00010B553EC102B51EC100BF9F7D2FF41ECE0
:10EBB000100B10BD10B553EC112B51EC100BF9F7E5
:10EBC000C8FF41EC100B10BD9FED050B10B553ECC9
:10EBD000102B51EC100BFAF7D5F841EC100B10BDCF
:10EBE00000000000000000009FED050B10B553EC85
:10EBF000102B51EC100BFAF753F841EC100B10BD31
:10EC000000000000000000709FED050B10B553ECF4
:10EC1000102B51EC100BFAF743F841EC100B10BD20
:10EC2000000000000000001030EE000A70470000F5
:10EC3000DFED020A80EEA00A70470000000000002D
:10EC40009FED020A20EE000A70470000000000104D
:10EC50002DE9F0014FF07F42B2EB410F9FBF4FF023
:10EC6000FF310160BDE8F00170474FF0004242EA19
:10EC70000123C1F3C752783A551112F01F0C434CCF
:10EC8000CCF120067C44C1F3C752A2F178024FEACE
:10EC9000621204EB820254F8254008BFD2E9015603
:10ECA00012D0556804FA0CF425FA06F73C4397682D
:10ECB00005FA0CF527FA06F8D26807FA0CFCF240C0
:10ECC00045EA08054CEA0206A4FB034CA5FB0352E7
:10ECD000A6FB03631D449D4234BF01260026131981
:10ECE000334416B1934202D903E0934201D2012288
:10ECF00000E00022624402F1200C9206DC0C42EAA1
:10ED0000443200EE102A5B03DFED210AF8EEC01A50
:10ED100000EE103A4FEA9C1C11F0004FB8EE400A8A
:10ED2000C0F800C020EE201A00EE105ADFED190ADC
:10ED3000B8EE400A20EE200A71EE810A70EE800AD9
:10ED400010EE902A02F500626FF30B0200EE902A9B
:10ED500070EEE11A31EEC11ADFED101A30EE411AF1
:10ED60009FED0D0A20EE800A01EE210A9FED0C1A9C
:10ED700000EE810A04BFBDE8F0017047CCF180517C
:10ED80000160BDE8F001B1EE400A7047F8E3000011
:10ED9000000000360000802C22AAFD29DB0FC92FBD
:10EDA0000000C92F002807D00E4910F0FF0F04D033
:10EDB00051FA80F00078401C704710F47F4F04D067
:10EDC000C0F30720085C0930704710F47F0F04D0AF
:10EDD000C0F30740085C1130704701EB1060007809
:10EDE00019307047C6CB010002E008C8121F08C1E5
:10EDF000002AFAD170477047002001E001C1121FBC
:10EE0000002AFBD1704700000149086070470000EC
:10EE1000640400202DE9FF5F82B00021DDE90430A9
:10EE2000020DDDF840B0034318D044F61050A2F2B2
:10EE3000FF3242431514119801281FD0A5EB0B0097
:10EE4000401C5FEA000A4FF000064E4FDFF8389191
:10EE5000B046504615D5CAF1000413E011980124BC
:10EE60004AA3012801D16FEA0B010298119AC0E967
:10EE70000031C0E9024206B0BDE8F09FCBF10000CE
:10EE8000DFE704460021404A491842EB0450CDE92F
:10EE9000001012E0E00707D032463B4640464946A4
:10EEA000F9F7FEFE8046894632463B461046194633
:10EEB000F9F7F6FE06460F466410002CEAD1DDE9AC
:10EEC0000401DDE90023BAF1000F06DAF9F7E8FEE4
:10EED00042464B46F9F7E4FE05E0F9F753FF424698
:10EEE0004B46F9F74FFF04460E460022284BFAF72F
:10EEF0000BFA03D84FF0FF30014607E00022254B04
:10EF000020463146F9F725FEFAF7E5F9102409E025
:10EF1000002C0ADB0A220023F9F72AFA039B30327D
:10EF20001A55641E50EA0102F2D1641C039AC4F11E
:10EF300011031444119A012A03D0012208430DD170
:10EF40000AE0084304D000204FF0110B119072E743
:10EF5000A3EB0B056D1E0DE05B4504DD4FF00002D9
:10EF600005F1010504E003DA4FF00002A5F1010507
:10EF7000002AECD002981199C0E90231C0E900459D
:10EF800079E70000000014400000F03F300000006E
:10EF90000000F0430000E03F03480168814201D0D7
:10EFA0000120704700207047E402002030380A2812
:10EFB00001D201207047002070470000F0B597B0E3
:10EFC00005465022174902A8F9F711FA16A4294656
:10EFD000204606F059FF07460146224614A009F0D4
:10EFE000EFFE384606F06CFF1BA009F0E9FE02AE0A
:10EFF0002C6811E0207AA17BA4F10C03132802D81D
:10F0000056F8200000E01598CDE9000108223946A5
:10F010001AA009F0D5FE2468AC42EBD117B000204D
:10F02000F0BD0000E8CC010064657669636500000E
:10F03000252D2A2E732020202020202020207479A6
:10F04000706520202020202020202072656620630B
:10F050006F756E740A000000202D2D2D2D2D2D2D85
:10F060002D2D2D2D2D2D2D2D2D2D2D2D2D202D2DDD
:10F070002D2D2D2D2D2D2D2D0A000000252D2A2E74
:10F080002A7320252D32307320252D38640A000084
:10F090002DE9FC4106461EA40146204606F0F4FE7A
:10F0A0000746014622461CA009F08AFE384606F0B3
:10F0B00007FF22A009F084FE346810E004F1080084
:10F0C000A4F10C05804609F0D0FE68B1E869009013
:10F0D0002B460822394621A009F072FE2468B4426A
:10F0E000ECD10020BDE8FC81404609F0CCFEE96986
:10F0F000CDE900102B46082239461DA009F060FE1C
:10F1000040460CF045F8204809F05AFEE6E70000BA
:10F110006576656E74000000252D2A2E7320202050
:10F120002020207365742020202073757370656E15
:10F1300064207468726561640A00000020202D2D2F
:10F140002D2D2D2D2D2D2D2D202D2D2D2D2D2D2DFC
:10F150002D2D2D2D2D2D2D0A00000000252D2A2EC0
:10F160002A73202030782530387820300A000000BB
:10F17000252D2A2E2A732020307825303878202516
:10F180003033643A00000000F8F400002DE9FE433B
:10F19000064622A40146204606F076FE07460146B2
:10F1A000224620A009F00CFE384606F089FE26A073
:10F1B00009F006FE356817E005F10800A5F10C041A
:10F1C000804609F052FE0028404612D009F05BFE4E
:10F1D000218C628CCDE90021029023460822394619
:10F1E00020A009F0EDFD2D68B542E5D10020BDE875
:10F1F000FE8309F048FE218C628CCDE9002102904B
:10F200002346082239461DA009F0DAFD40460BF0DE
:10F21000BFFF19A009F0D4FDE5E700006D61696C3E
:10F22000626F7800252D2A2E7320656E7472792006
:10F2300073697A652073757370656E642074687283
:10F240006561640A00000000202D2D2D2D20202D49
:10F250002D2D2D202D2D2D2D2D2D2D2D2D2D2D2DEB
:10F260002D2D0A00252D2A2E2A73202530346420C6
:10F2700020253034642025640A000000252D2A2E24
:10F280002A732025303464202025303464202564FE
:10F290003A0000002DE9FC41064620A40146204624
:10F2A00006F0F2FD0746014622461FA009F088FD40
:10F2B000384606F005FE23A009F082FD346815E00B
:10F2C00004F10800A4F10C05804609F0CEFD0028E9
:10F2D000404610D009F0D7FDA98CCDE900102B468F
:10F2E000082239461DA009F06BFD2468B442E7D11D
:10F2F0000020BDE8FC8109F0C6FDA98CCDE9001015
:10F300002B46082239461AA009F05AFD40460BF058
:10F310003FFF1C4809F054FDE7E700006D7367717B
:10F320007565756500000000252D2A2E7320656E19
:10F330007472792073757370656E64207468726579
:10F3400061640A00202D2D2D2D20202D2D2D2D2DF9
:10F350002D2D2D2D2D2D2D2D2D0A0000252D2A2E64
:10F360002A732025303464202025640A0000000020
:10F37000252D2A2E2A732025303464202025643A36
:10F3800000000000F8F400002DE9FF41064616A435
:10F390000146204606F078FD80460146224614A02C
:10F3A00009F00EFD404606F08BFD1AA009F008FD9D
:10F3B0000827356812E0A5F10C0405F1080009F0F2
:10F3C00062FDE17F226A03900097CDE90121234687
:10F3D0000822414617A009F0F3FC2D68B542EAD196
:10F3E00004B00020BDE8F0816D7574657800000000
:10F3F000252D2A2E732020206F776E6572202068BD
:10F400006F6C642073757370656E642074687265C8
:10F4100061640A00202D2D2D2D2D2D2D2D202D2D1B
:10F420002D2D202D2D2D2D2D2D2D2D2D2D2D2D2D19
:10F430002D0A0000252D2A2E2A7320252D382E2A4C
:10F440007320253034642025640A00002DE9FC4136
:10F45000064620A40146204606F016FD0746014652
:10F4600022461FA009F0ACFC384606F029FD23A077
:10F4700009F0A6FC346815E004F10800A4F10C05BD
:10F48000804609F0F2FC0028404610D009F0FBFC51
:10F49000A98BCDE900102B46082239461DA009F0A2
:10F4A0008FFC2468B442E7D10020BDE8FC8109F05C
:10F4B000EAFCA98BCDE900102B460822394619A099
:10F4C00009F07EFC40460BF063FE0BA009F078FCCF
:10F4D000E7E7000073656D6170686F72650000009A
:10F4E000252D2A2E73207620202073757370656E6B
:10F4F00064207468726561640A000000202D2D2D5F
:10F50000202D2D2D2D2D2D2D2D2D2D2D2D2D2D0A5B
:10F5100000000000252D2A2E2A7320253033642078
:10F5200025640A00252D2A2E2A73202530336420D5
:10F5300025643A002DE9FC41064628A401462046F0
:10F5400006F0A2FC074601462246264809F038FC90
:10F55000384606F0B5FC24A009F032FC356838E0E6
:10F5600095F82900A5F10C0400902346082239469D
:10F570002DA009F025FC94F8340000F00F000128BC
:10F5800005D0022805D030B1042806D008E029A013
:10F5900004E02BA002E02DA000E02FA009F010FC59
:10F5A000A06A014600E0401C0278232AFBD0E26AF0
:10F5B00064231144081A5843B0FBF2F3D4F830C066
:10F5C000A06CCDE9000CE069091A26A009F0F8FB4F
:10F5D0002D68B542C4D10020BDE8FC817468726515
:10F5E00061640000F0D60100202D2D2D20202D2D4E
:10F5F0002D2D2D2D2D202D2D2D2D2D2D2D2D2D2D48
:10F60000202D2D2D2D2D2D2D2D2D2D20202D2D2D51
:10F610002D2D2D20202D2D2D2D2D2D2D2D2D2D2041
:10F620002D2D2D0A00000000252D2A2E2A732025BD
:10F63000336420002072656164792020000000009E
:10F640002073757370656E640000000020696E6938
:10F65000742020200000000020636C6F7365202060
:10F6600000000000203078253038782030782530B0
:10F670003878202020202530326425252020203095
:10F68000782530387820253033640A002DE9FC4194
:10F69000064619A40146204606F0F6FB0746014639
:10F6A000224617A009F08CFB384606F009FC1EA084
:10F6B00009F086FB346814E0A4F10C052B46D5E96B
:10F6C0000901CDE900010822394620A009F078FBA4
:10F6D000687AC00701D023A000E025A009F070FBE4
:10F6E0002468B442E8D10AF0EFFF014624A009F0F3
:10F6F00067FB0020BDE8FC8174696D657200000045
:10F70000252D2A2E732020706572696F646963202D
:10F71000202074696D656F757420202020202020C2
:10F72000666C61670A000000202D2D2D2D2D2D2DDA
:10F730002D2D2D202D2D2D2D2D2D2D2D2D2D202D13
:10F740002D2D2D2D2D2D2D2D2D2D0A00252D2A2E43
:10F750002A73203078253038782030782530387872
:10F76000200000006163746976617465640A0000BA
:10F7700064656163746976617465640A0000000001
:10F7800063757272656E74207469636B3A307825A4
:10F790003038780A0000000070B50C460546164661
:10F7A000496920680CF02CFEE268E968206805F0E1
:10F7B000A7FE62686169E06805F0A2FEA169606861
:10F7C00000F0FBFCD4E9011004F05EFED4E9042152
:10F7D000E86805F095FE226AA168206905F090FEB0
:10F7E000626AE969206805F01BFF2068616A028887
:10F7F00030460DF079F83146A26A206A05F010FF14
:10F80000E868A16A0288E8690CF037FFD4E90720AC
:10F81000216805F075FEE06905F0A6FFE06900F0DB
:10F82000E4FC6A69E968E06905F06AFE6969E8680C
:10F83000BDE8704005F0D4BB10B53AB154881188CA
:10F84000026C136822469847002010BD4FF0FF302D
:10F8500010BD70B51D46140001D0042D01D000204C
:10F8600070BD026C2188926890476080284670BD08
:10F8700070B51C460AB1042C01D0002070BD55881B
:10F880001188026C53682A469847204670BD0000D4
:10F890002DE9FF4F95B09A46884606460025EEE1D1
:10F8A000252877D100242746F94A0121039400E056
:10F8B000044316F8013F203B01FA03F01042F7D150
:10F8C00030782A2811D06FF02F033078A0F1300261
:10F8D000092A16D8039A44F0020402EB820203EBD1
:10F8E00042021044761C0390EFE758F8042B039271
:10F8F000002A03DA504244F40054039044F0020416
:10F90000761C30782E2816D116F8010F44F0040426
:10F910002A280DD06FF02F023078A0F13003092B88
:10F9200009D807EB870302EB4303C718761CF3E7FC
:10F9300058F8047B761C30786C280FD006DC4C28F5
:10F9400017D068280DD06A2814D104E0742810D08C
:10F950007A280FD10DE044F400140AE044F4801436
:10F9600001E044F440147278824202D104F580141C
:10F97000761C761C307866280BD013DC582877D09C
:10F9800009DC002875D04528F6D04628F4D0472851
:10F990001AD193E118E0632835D0642879D065281E
:10F9A00012D18BE1702873D008DC6728F1D0692868
:10F9B0006FD06E280DD06F2806D1ACE073282CD004
:10F9C000752874D0782853D05246179990476D1CEB
:10F9D00054E1C4F30250022809D003280DD0D8F80E
:10F9E000001004280DD00D6008F1040846E1D8F895
:10F9F0000010EA17C1E90052F6E7D8F800100D80B0
:10FA0000F2E70D70F0E718F8041B8DF800100020E5
:10FA10008DF80100EB46012003E058F804BB4FF0DD
:10FA2000FF3061074FF0000102D40DE009F1010140
:10FA30008946B9420FDA8145F8DB1BF80910002925
:10FA4000F4D108E009F1010189468142FADB1BF893
:10FA500009100029F6D103985346A0EB0907214667
:10FA60003846179A00F080FA284400EB090507E0B1
:10FA700044E008E10DE01BF8010B5246179990474E
:10FA8000B9F10109F7D2534621463846179AF2E0F8
:10FA900039E00A21C4F302524FF0000B0091022A10
:10FAA00006D058F8040BC117032A09D00AE023E056
:10FAB00008F1070020F00702F2E80201904605E095
:10FAC00000B2C117042A01D140B2C117002906DAD9
:10FAD0000A460021404261EB02012D2202E022058C
:10FAE00004D52B228DF80420012203E0E20701D087
:10FAF0002022F7E7914657E00A2100E010214FF05D
:10FB0000000B00910BE010214FF0000B44F00404B7
:10FB10000827009103E008204FF0000B0090C4F389
:10FB20000252022A05D058F8040B0021032A08D0FB
:10FB300008E008F1070020F00702F2E80201904611
:10FB400003E080B2042A00D1C0B24FF000092207BE
:10FB50002AD53278702A07D0DDF800C08CF0100C5E
:10FB60005CEA0B0C05D00EE040228DF80420012247
:10FB700008E050EA010306D030238DF804308DF8F8
:10FB8000052002229146009B83F0080353EA0B03F1
:10FB90000AD150EA010201D1620705D530228DF861
:10FBA00004204FF001097F1E3278582A04D039A270
:10FBB0000C920CAA02920BE03BA2F9E75B46009A7A
:10FBC000F8F7D6FB0C9B9B5C029A521E02921370B4
:10FBD00050EA0102F2D1029804A9081A00F1200BA0
:10FBE000600702D524F4803400E001275F4502DD80
:10FBF000A7EB0B0000E0002000EB0B010090039846
:10FC00004944401A0390E00306D453462146179A0C
:10FC1000039800F0A9F90544002706E001A8524620
:10FC2000C05D179990476D1C7F1C4F45F6DBE003C4
:10FC30000CD553462146179A039800F095F90544D0
:10FC400004E030205246179990476D1C0099481ED9
:10FC500000900029F5DC08E00298029952460078ED
:10FC6000491C0291179990476D1CBBF10001ABF143
:10FC7000010BF1DC5BE100F065F90544761C30789E
:10FC800000287FF40DAE19B02846BDE8F08F0000C3
:10FC90000928010030313233343536373839616262
:10FCA0006364656600000000303132333435363726
:10FCB000383941424344454600000000600700D403
:10FCC000062708F1070020F00700F0E8022380462D
:10FCD00003F0004C5FEA0C0001D097A009E020057A
:10FCE00001D596A005E0E00701D095A001E0AFF2B4
:10FCF0004C001390307823F0004365280CD006DCCC
:10FD0000452809D046281DD047287FD13BE06628EA
:10FD100018D067287AD136E00021112F01DB11209D
:10FD200000E0781CCDE9000104A90CA8FFF772F8E7
:10FD3000DDE90D010C9A4FF0000B07F1010910925B
:10FD400000914EE04FF000400097CDE9011004A96A
:10FD50000CA8FFF75FF8DDE90D020C9B0F994FF03F
:10FD6000000B91461093009211B9791C00EB010928
:10FD7000B7EB090003D4C0F1FF3B07F10109A9EB80
:10FD80000700019042E0012F00DA01270021112F26
:10FD900001DD112000E03846CDE9000104A90CA8DE
:10FDA000FFF738F8DDE90D010C9A00914FF0000BD8
:10FDB000B946109221070FD4009A4A4503DA9146BA
:10FDC00001E0A9F10109B9F1010F05DD109AA9F1CE
:10FDD0000101515C3029F4D0B84202DA10F1040F6D
:10FDE00003DA0121CDE9011010E0002803DC83448F
:10FDF000A9EB000102E0411C494500DD8946A0EB6A
:10FE00000B00401C01904FF000400290200705D4E9
:10FE10000198484502DB4FF0FF30019000208DF83B
:10FE20004B0002980DF14B07B0F1004F25D0022096
:10FE30000C902B200D90029800280CDA4042029082
:10FE40002D200D9007E00A210298F9F763F8303170
:10FE5000029007F8011D0C99481E0C900029F2DC55
:10FE600002980028EFD1791E0D980870307800F0C4
:10FE7000200040F0450007F8020D11A8C01BC01D6E
:10FE800002901398007800B1012000EB090101985D
:10FE900001EBE071029801440398401A401E039060
:10FEA000E00306D453462146179A039800F05CF805
:10FEB00005441398007818B15246179990476D1C65
:10FEC000E00323D553462146179A039800F04CF8D7
:10FED00005441BE0BBF1000F07DB0098584504DD2B
:10FEE0001098179910F80B0001E01799302052462E
:10FEF000904701980BF1010B401E05F1010501909F
:10FF000004D12E205246179990476D1CB9F100017B
:10FF1000A9F10109DEDC05E017F8010B524617993B
:10FF200090476D1C0299481E02900029F4DC53464C
:10FF30002146179A03989EE62D0000002B00000032
:10FF4000200000002DE9F041044600251E4617461A
:10FF5000880404D405E039462020B0476D1C641E97
:10FF6000F9D52846BDE8F0812DE9F0410446002589
:10FF70001E469046C80301D5302700E0202788049C
:10FF800004D505E041463846B0476D1C641EF9D5DE
:10FF90002846BDE8F081012908D002290AD00329AA
:10FFA0000ED1428801885242028008E001884288CE
:10FFB000028003E001884942018041884942418032
:10FFC00070471CB501AB8DF804108DF80520022197
:10FFD000009190F84510006C002208F050FE1CBD06
:10FFE0002DE9FC41194617460446DDE90832DDE9F2
:10FFF0000A651430406000602762E262C4E90913B8
:020000040001F9
:10000000232118461C3408F0FCFFD4E903014218F0
:10001000D4E90101104B121F08F056FD2060A676AE
:1000200066760020A562E061E56260612076E065A9
:1000300020661C3C009023460190084A194604F1B2
:100040004C000AF0C7FB0648816809B12046884782
:100050000020BDE8FC81000029A30100EDA50100FE
:10006000EC02002010B5029C24F001044472C0E9A7
:1000700007120021C0E9093100EBC1021432491C0A
:10008000526012600129F7DB10BD10B5002200EBB1
:10009000C201521CF1E90534012A5C60D1E9003447
:1000A000236049600960F2DB10BD00002DE9F041DA
:1000B00016460F460446F8F7AFF880462E49A06C66
:1000C00008420FD1E06C0025016801291DD00121F3
:1000D0000160206C0B463246D0F810C039462046ED
:1000E000E04714E02046E56C08F073F8864200D340
:1000F0000646E888A16C8219C1F38F218A4212D288
:1001000029683246014438461CE06FF00605404637
:10011000F8F786F82DB1284609F010FE0020BDE85A
:10012000F0813046FBE70A1A29680144384608F096
:1001300043FFE988A06C8A19C0F38F20121A384453
:10014000401A296808F038FFE06C816811B10EB1DF
:1001500000218160C288911989B2C180A26CC2F36A
:100160008F22914204D3B1FBF2F302FB1311C18041
:100170004046F8F755F8D4E700FCFF034A68002A28
:1001800006D00A68531C0B6010704868401E486017
:10019000704700207047C06E002109F00FBF114664
:1001A000C06E002209F00ABF00207047002109F04C
:1001B00005BF1146002209F001BF10B500220EE074
:1001C00043684C6803EB820304EB820493ED000A5E
:1001D000D4ED000A521C30EE200A83ED000A438859
:1001E000048863439342EBDC10BD0021B7EE000AA4
:1001F0000BE001FB02124368491C03EB8202D2EDC3
:10020000000A70EE800AC2ED000A42888A42F0DCE1
:1002100070470000FEB50E4604460321084605F06F
:1002200007F80546002231460CF03EF821462846E4
:1002300004F0C0FD00226946204606F0A9FA9FEDB1
:10024000060A00228DED020A2146684602F08EFB66
:10025000284608F0FFF8FEBD000000002DE9F0413F
:100260000C46054603211E469046084604F0E0FF72
:10027000074633462246414601F0F8FB29463846F8
:1002800004F098FD3846BDE8F04108F0E3B80000FE
:100290002DE9F8430C00054614D04FF0040884F80B
:1002A0000080002060806DB119A12846F8F7E0F8C1
:1002B00058B119A128460BF079F8012705F10D0670
:1002C000B0B905E00020BDE8F8830320207019E0F4
:1002D00015A128460BF06AF850B917A128460BF073
:1002E00065F8022720B918A128460BF05FF858B12D
:1002F0006946304605F0BFFE0028E4D02770BDF8FF
:10030000000060800120DEE784F80080DAE700006A
:1003100041542B525354000041542B524643544CE9
:100320003D4652512C00000041542B47574346474D
:100330003D4652512C00000041542B524643544C30
:100340003D434E542C00000041542B475743464731
:100350003D434E542C00000010B504000DD094F81D
:10036000510250B102F06EFD608B48B1608B401EAF
:10037000608302F069FD002010BD4FF0FF3010BD1A
:1003800002F062FD6FF0030010BD002800D0007E77
:100390007047000070B58CB00C4605003ED0E4B349
:1003A0004FF41571F8F73CF894E80F0085E80F005A
:1003B0002078287460786874A078A874A0780BF00E
:1003C00043F8686120216846F8F72AF8A07840B31E
:1003D00000208DF8000060784FF4807141EA400001
:1003E000019080208DF808001A48042103908DF8B0
:1003F0001810E37804A802221A5422790126115415
:10040000217906FA01F08DF81C000021684602F0FF
:1004100017FE40B1F01E0CB070BDFFE74FF0FF308B
:10042000F9E70120D5E700240B48099408900A94C5
:100430008DF8246008AA214603200B9502F07AFE6D
:1004400018B102F0EFFDE01EE5E72C7685F8516269
:100450000020E0E72143658740420F0010B504000B
:1004600016D094F8510298B102F0ECFC207E0228DC
:1004700011D0D4F83802401CC4F83802D4F83C0239
:10048000401CC4F83C0202F0DFFC6FF0050010BD18
:100490004FF0FF3010BD608BA0F57F41FF3906D0D3
:1004A000608B401C608302F0CFFC002010BD02F086
:1004B000CBFC6FF0040010BD002812D090F8511250
:1004C00000290ED0017E02290CD003290DD0D0F8CE
:1004D0003812491CC0F83812D0F84412491CC0F830
:1004E0004412704701210176704700F088B870B55A
:1004F0000B4688B004004FF0FF311FD094F8510232
:10050000E0B1DBB11878C8B1D4F82C020026401C49
:10051000C4F82C025878862812D003208DF81000D9
:10052000581C05901878ADF818008DF81A6004A9C9
:10053000204601F0ACFEB01E08B070BD0846FBE7D7
:1005400019786A46581C0AF089FF10B16FF0020052
:10055000F2E768460AF09EFFE8B360789DF8011064
:10056000814243D1D4F82402401CC4F824029DF8EF
:10057000020084F8480202F065FC94F8505202F040
:1005800063FC012D35D0A2789DF8021020780AF086
:100590004EFF0546C4F84C02032002F01DFE032066
:1005A00002F0B3FD2A460021032002F0FFFD0021E6
:1005B000032002F0AFFD032002F004FE02202076AB
:1005C0009DF801008DF808009DF802008DF8046088
:1005D0008DF8090000E006E001A92046039501F02E
:1005E00056FE0020A8E76FF00300A5E76FF00400B7
:1005F000A2E79DF8021020780AF012FFC9E73EB585
:10060000040010D094F8510200280CD0207E03285A
:100610000AD0D4F83802401CC4F83802D4F8440296
:10062000401CC4F844023EBD0125257602F042FD7F
:1006300004F5D17002F031FD8DF800506946204676
:1006400001F025FE3EBD2DE9F0418846040022D090
:1006500094F85102F8B1B8F1000F1CD002F0F2FB8F
:1006600094F89F0194F8507280F0010602F0ECFBC0
:1006700006EBC61005191C35012F0FD00920687034
:100680007F22A91C404605F0D1FE00280EDA6FF04B
:100690000100BDE8F0814FF0FF30FAE708206870F4
:1006A0007F22A91C404605F05FFFEEE7401C287042
:1006B00002F0C8FB84F89F61012084F8A10184F84E
:1006C000A00102F0C1FB2878E3E72DE9FE43040016
:1006D00013D094F8510280B1207E022810D0D4F8B3
:1006E0003802401CC4F83802D4F84002401CC4F858
:1006F00040026FF00500BDE8FE834FF0FF30FAE7DF
:1007000002F0A0FB94F8A10194F8A01104F5D176B1
:10071000002501B9C0B194F89F01812200EBC010FF
:10072000011904F58F7080461C31F7F760FE84F8DC
:10073000A05102F089FB02F0C5FC02F07BFC6FF0D7
:1007400002070A2815D10FE002F07EFBD4F834022C
:10075000401CC4F8340202F0ADFC304602F09DFCAF
:1007600025766FF00100C6E7E078414602F086FC8E
:1007700038B102F09FFC304602F08FFC25763846F7
:10078000B9E7D4F828026946401CC4F828020320BF
:10079000207602208DF80000204601F078FD002030
:1007A000A9E770B50C4605000AD0012C00D0002442
:1007B00002F048FB85F85042BDE8704002F044BBAF
:1007C00070BD10B5040012D094F8510278B1207EAB
:1007D00002280FD0D4F83802401CC4F83802D4F8EC
:1007E0004002401CC4F840026FF0050010BD4FF0FD
:1007F000FF3010BD2046FFF7AFFD0028F9D120469D
:10080000BDE81040FFF761BF142008F0D7BE1320E9
:1008100008F0D4BE142008F0D9BE132008F0D6BECC
:10082000002805D00521491E0029FCDC401EF9D115
:100830007047000010B502F005FB0648016819B1C9
:10084000406808B1012400E0002402F0FDFA2046CF
:1008500010BD00005811002003490968002901D08B
:1008600000F02CB8704700001800002010B541ECD3
:10087000100BFCF74DFE51EC100B10BD38B50446C3
:100880001168FF220748F7F7D6FD0649002081F8D6
:10089000FF00054800946946006802F0A8FB0020AC
:1008A00038BD00000808002018000020024AC2E9F4
:1008B0000001002090607047541E00202DE9F84F81
:1008C000424E434A4FF0040A31784FF4807B4FF098
:1008D000000805290ED2DFE801F003071228710095
:1008E000412807D1012067E0542805D086F8008010
:1008F000C6F80480BDE8F88F02203070F8E70D28B4
:1009000008D00A2806D07168FF2905D25054491C26
:100910007160EFE703204FE059462D48C6F8048088
:10092000F7F77EFD86F800A0E4E70D2801D00A283D
:1009300048D1914672680024264F09F8028022E0CF
:100940003D212348F7F783FD30B13D212048F7F7DB
:100950007EFDA0EB090500E07568386850F83400AA
:10096000F7F77FFDA84205D3386850F83400F7F751
:1009700078FD054638682A46154950F83400F7F7DF
:1009800085FD20B1641C7868A042D9D81AE0386887
:1009900050F83400F7F765FD48440090BB6833B168
:1009A00039680AEBC4006A4608580121984759463D
:1009B0000748F7F735FD05E030709BE70D2801D0BB
:1009C0000A2897D14046C6F80480F5E74004002085
:1009D000541D0020541E002001498860704700000B
:1009E000541E00202DE9F04F2DED048B8FB09FEDAC
:1009F000DB9A032107A8F0EE498AB0EE498AB0EEEF
:100A0000490A0BF052FFB0EE490A032101A80BF08E
:100A10004CFFB0EE490A032104A80BF046FFD04F6B
:100A20004FF0FF320DA9B86902F0CDFA0D98DFF84A
:100A30003483010704D5D8F81020521CC8F81020C0
:100A4000C94DC10605F51E700A9005F521700B9081
:100A500005F535704FF001090C9041D5D8F8041018
:100A6000491CC8F804100AAB93E8070006F094F993
:100A7000012002F0EBF90AAB93E8070006F08CF9CD
:100A80000024D5F8E8020021024602E0431E184087
:100A9000491C0028FAD101291FD909FA04F632426B
:100AA0001BD1B0480123243801AA50F824000021AA
:100AB00007F04CFB032201A80A990BF015FFDFEDAC
:100AC000AB0A9FEDAB0A032101A80BF05AFE20B13F
:100AD000D5F8E8023043C5F8E802641C042CD0D3F2
:100AE000A148002400F5EA7100F5307B0E910BF06F
:100AF00053FF4FF0FF320DA9B86902F064FA0D9868
:100B0000010704D5D8F81020521CC8F81020C006E0
:100B1000EDD5D8F80410491CC8F804100AAB93E8C6
:100B2000070006F039F9934A0B991646A2F1B8006E
:100B300004F076FD032230460E990BF0D5FE032219
:100B4000314607A80BF099FD95ED9A0A894E854923
:100B50000C3E40EE008A0096A83130EE088A5B46D3
:100B6000A1F190000A9A02F025FE0322314601A865
:100B70000BF083FD04F098FAB0B106F13C020123BA
:100B800092460221786907F0E1FA764906F11803E6
:100B9000A8311E465246A1F1300002F0C7FE0322E2
:100BA000314604A80BF069FD641CC82C9FD10321B9
:100BB000DFED719A07A8B0EE690A0BF068FE032119
:100BC000B0EE690A01A80BF062FE0321B0EE690ADB
:100BD00004A80BF05CFE9FED690A28EE081AC8EE27
:100BE000009AC1EE000A38EEE01ADFED650A81EEE8
:100BF000200A10EE100AF8F745F941EC100BFDF74A
:100C0000DFFE51EC100BF8F769F95E4988426BDAA8
:100C1000B0EEE90A10EE100AB0F1814F64DA032257
:100C200007A90E980BF029FDDFED570A9FED570A33
:100C3000032107A80BF0A5FD18B14B48203005F0A3
:100C40008DF895F8EC0200074ED5032201A958460D
:100C50000BF02EFD9DED010A4D48F7EE000AB0EEB7
:100C6000C00A10EE101A814216DA9DED021AB0EE9B
:100C7000C11A11EE101A81420EDA9DED031A31EEFF
:100C8000601AB0EEC11A11EE101A814204DA95ED25
:100C9000B20A30EE600A19E010EE101A81421DDA35
:100CA0009DED020AB0EEC00A10EE101A814215DA6C
:100CB0009DED030A30EE200AB0EEC00A10EE101AC5
:100CC00081420BDA95EDB20A30EE200A0322594632
:100CD00085EDB20A01A80BF007FE05E0B0EE490A67
:100CE000032158460BF0E1FD224CA86E283C012858
:100CF0002AD0C5F8649095F8F42201A92046FFF7A0
:100D000089FA032104A80BF061FD10EE100A2149B5
:100D1000884203DA686E20F00200686615490022F6
:100D200018390E46204605F033FD03219FED1A0ABF
:100D300030460BF0ACFD95EDB50A85EDB60A0FB067
:100D4000BDEC048BBDE8F08F0320686695F8F432A3
:100D500004AA01A92046FFF781FAD2E700000000AB
:100D6000F80300206817002008090020CDCCCCBE75
:100D7000CDCCCC3E680B00200AD7A33B00004843F3
:100D800000004743CDCC4C3ECDCCCCBDCDCCCC3DF2
:100D90000AD7A33D0AD7233CE12E654270B50C4625
:100DA0002DED028BB0EE408A054603210BF02EFD9F
:100DB000B6EE000A68EE008AB0EE680AFDF738FD6C
:100DC000B0EE408AB0EE680AFCF70EFE84ED000A31
:100DD00095ED000A20EE080A84ED010A95ED010A5E
:100DE00020EE080A84ED020A95ED020A20EE080AB8
:100DF00084ED030ABDEC028B70BD00002DE9F041CB
:100E00000446D0F8D80288B00E460F2802D2B3EEBE
:100E1000040A0BE0142802D2B3EE010A06E01E28F1
:100E200002D2B2EE0A0A01E0B2EE040A204601F054
:100E30003FFE414D08B1286812E0D4F8D8023C21A9
:100E4000B0FBF1F201FB1201324620460AF08BF9A9
:100E5000D4F8D802401CC4F8D8022868401C286086
:100E6000364E08285CD9002707A902A82F60CDE9D3
:100E7000000106AA05A92046AB6801F09DFE10B14D
:100E80000D284DD103E0204606F0FCF848E09DED2A
:100E9000050ADDED060AB4EEE00AF1EE10FA3FD2E3
:100EA000D4F8D80214283BD9032202A924480BF015
:100EB000FFFB2348A9682C3804F092F89DED050A41
:100EC0001F4A86ED2A0A9DED070A6032A2F1180139
:100ED00086ED2B0AA1F11C0001F054FF86ED2C0ACF
:100EE000D6F8A400DFF8588020F47F4040F450602A
:100EF00008F19C08134CC6F8A40002E0642001F03D
:100F0000A5FF032140460BF061FC10EE100AA04241
:100F1000F4DC686820B109486F60203004F01EFFDF
:100F200096ED2A0ADFED080A30EE200A86ED2A0A3D
:100F300008B0BDE8F081000030040020080900205E
:100F4000140B00200000A0405304E9361CB50278C1
:100F500002F0F0028DF8002042788DF801208278AE
:100F600002F0F0028DF80220C2788DF80320027999
:100F700002F0F0028DF8042040798DF805006846F3
:100F800000F0F2F81CBD002805D0C269002A02D08A
:100F90004FF4007110477047884201D208467047ED
:100FA0009042FCD91046704770B513460C46054672
:100FB0001F2201211846FFF7EFFF064614220121E8
:100FC000FFF7EAFF84F85B01402084F86D010523F8
:100FD00020220121284604F25B1400F091F900233D
:100FE0001E220121284600F08BF900231122012145
:100FF000284600F085F9002312220121284600F03E
:101000007FF9002313220121284600F079F90023FB
:1010100016220121284600F073F90023182201212D
:10102000284600F06DF9002319220121284600F01E
:1010300067F900231B220121284600F061F94023B3
:101040001A220121284600F05BF9402317220121D2
:10105000284600F055F9334630220121284600F099
:101060004FF9A37C2846BDE870403E22012100F0E4
:1010700047B970B513460D4606461422012118469D
:10108000FFF78AFFC0EBC00485F85B010323482209
:101090000121304600F034F95C2349220121304619
:1010A00000F02EF9222358220121304600F028F9C1
:1010B000E3B246220121304600F022F9C4F30123B5
:1010C00047220121304600F01BF93046BDE8704050
:1010D000B0237E22012100F013B970B513460C46EF
:1010E0000546642201211846FFF756FF06461422E2
:1010F0000121FFF751FF84F85A01402084F86E0166
:10110000002317221946284604F5AD7400F0F8F8BC
:10111000002319221946284600F0F2F80423182269
:101120000021284600F0ECF8012316220021284671
:1011300000F0E6F880231E220021284600F0E0F8A7
:10114000237D3E220021284600F0DAF833463D2276
:101150000021284600F0D4F82846BDE8704040231E
:101160001522002100F0CCB802880A8042884A800B
:10117000808888807047002805D0C269002A02D084
:101180004FF48061104770471CB542F08002049C08
:101190008DF804200094012905D0406C012201A99A
:1011A00008F0C0FE1CBD006CF8E70EB542F08002EE
:1011B0008DF8042001220092012908D0406C02AB76
:1011C000012201A908F0AEFE9DF808000EBD006CDA
:1011D000F5E7000070B514460E46082A01D30A2030
:1011E00070BD074D1022012115F8243000F088F859
:1011F00005EB84004088A6F86601002070BD000061
:1012000030CE010070B50D46042A01D30A2070BD0E
:10121000094E02EB42040F2216F82430012100F09F
:101220006FF806EB840090ED010A85ED570A0089FE
:10123000A5F86401002070BDA0CD010070B50D4679
:10124000022A02D88823642402E0A8234FF4C87439
:101250004022012100F054F8A5F86641002070BD3D
:1012600070B50D46042A01D30A2070BD094E02EB69
:101270004204412216F82430012100F041F806EB27
:10128000840090ED010A85ED570A0089A5F86401F4
:10129000002070BDD0CD010070B514460E46082A5E
:1012A00001D30A2070BD074D1022002115F824300B
:1012B00000F026F805EB84004088A6F86A010020BB
:1012C00070BD000050CE010070B50D46042A01D358
:1012D0000A2070BD094E02EB42040F2216F824309A
:1012E000002100F00DF806EB840090ED010A85ED79
:1012F000580A0089A5F86801002070BD00CE0100E1
:1013000008B501298DF800208DF8013006D0406C19
:1013100069460223002208F051FE08BD006CF7E781
:1013200010B51BA007F04CFD1C4C21781CA007F049
:1013300047FD2078C00702D01FA007F041FD2078AC
:10134000800702D51FA007F03BFD2078400702D59B
:101350001FA007F035FD2078000702D520A007F078
:101360002FFD2078C00602D520A007F029FD2078A7
:10137000000607D509480F300168BDE810401DA0E0
:1013800007F01EBDBDE810401EA007F019BD00000B
:10139000627573206661756C743A0A0029ED00E08D
:1013A0005343425F434653525F424653523A30786A
:1013B00025303258200000004942555345525220F2
:1013C000000000005052454349534552522000004E
:1013D000494D5052454349534552522000000000A8
:1013E000554E53544B4552522000000053544B4528
:1013F000525220005343422D3E424641523A25303C
:1014000038580A000A0000002DE9FE430025064670
:101410002C46DFF88080DFF8809010E06A46214695
:10142000304601F0FBFC032168460BF0CFF910EECB
:10143000100A00EB0801494500D26D1C641C30887D
:10144000A042EBDC0321284603F0F2FE002507460C
:101450002C4618E06A462146304601F0DFFC0321A5
:1014600068460BF0B3F910EE100A00EB080149458D
:1014700008D23888A84205DD6A462946384609F070
:1014800072FE6D1C641C3088A042E3DC3846BDE867
:10149000FE830000FFFFDFBEFFFF270210B503F051
:1014A000C1FB002010BD10B503F00DFC002010BDE5
:1014B000002070472DE9F0411E462DED048B84B0CD
:1014C000F0EE408A17460D4680469FED298A00249B
:1014D0001EE06A462146404601F0A0FC0322314648
:1014E00068460BF001FA6946384604F0C1F8DDEDB4
:1014F000000A9DED011A641C60EEA00A41EE010A8B
:101500009DED021A41EE010A48EEE80A00EEA08ABB
:10151000AC42DED300EE105AF8EE400A88EE200A04
:1015200010EE100AF7F7AEFC41EC100BFDF748FA8D
:10153000B0EE409A28EEA80AF0EE609AF0EE000AAB
:10154000B7EE001A60EE200A81EE200A10EE100AB3
:10155000F7F798FC53EC192BF7F7A2FBF7F7BEFC53
:1015600004B000EE100ABDEC048BBDE8F081000071
:101570000000000000207047F0B50388002641F20B
:1015800021070CE08C5D002583EA04235C001B042A
:1015900000D57C406D1C2346082DF7D3761C96425F
:1015A000F0D30380F0BD10B501212DED028B82B088
:1015B000B7EE008A009103F08AFE0446694601F006
:1015C0006FFB0021628809E001FB02136068491C7F
:1015D00000EB830090ED000A20EE088A8A42F3DCDB
:1015E0009DED000A2046B8EEC00A28EE008A06F0FB
:1015F00031FF02B0B0EE480ABDEC028B10BD30B531
:101600000D4604460BF014FA00220BE005EB8200B5
:1016100002FB032190ED000A6068521C00EB810080
:1016200080ED000A63889342F0DC30BD10B501F014
:1016300009FC44211348F6F7F3FEF9F72FFC114992
:10164000086008681049086010490020C1F82402A9
:10165000C1F82802C1F82C02C1F83002C1F83402E6
:10166000C1F83802C1F83C02C1F84002C1F8440296
:1016700001F0EAFBFAF7C0FB03F080FDBDE8104083
:1016800009F042BBC407002000040040EC04002025
:10169000002107E001FB02124368491C03EB8202B0
:1016A00082ED000A42888A42F4DC704710B503F0EC
:1016B0001FFF01464FF4806229A001F037FC2DA0E6
:1016C0000AF0E6FD01462DA001F030FC30A00AF042
:1016D000DFFD01462FA001F029FC33A00AF0D8FD60
:1016E000014632A001F022FC35A00AF0D1FD0146EE
:1016F00034A001F01BFC38A00AF0CAFD014637A057
:1017000001F014FC3AA00AF0C3FD01463AA001F032
:101710000DFC3EA00AF0BCFD01463EA001F006FC17
:1017200041A008F02DFE040008D0D4E90A010BF016
:10173000EEF801463EA0E26A01F0F8FB41A008F095
:101740001FFE04000AD0D4E90A010BF0E0F8E26AB7
:101750000146BDE810403DA001F0E8BB10BD00000F
:101760006D737028697372292025752F25750D0AF0
:10177000000000006D61696E000000006D61696E1F
:10178000202020202025752F313230300D0A000016
:101790007266640072666420202020202025752F48
:1017A000313130300D0A00006C6564006C656420D6
:1017B000202020202025752F3235360D0A0000000C
:1017C0006174000061742020202020202025752FC6
:1017D000313830300D0A00006F7574006F75742059
:1017E000202020202025752F3736380D0A000000D4
:1017F000687369330000000068736933202020207B
:101800002025752F313130300D0A00007063746C63
:10181000000000007063746C202020202025752FAC
:10182000313130300D0A00007469646C65000000CD
:101830007469646C652020202025752F25750D0A9C
:101840000000000074696D657200000074696D65C8
:10185000722020202025752F25750D0A000000001C
:1018600070B50D46044618A1F6F702FE38B119A16D
:101870002046F6F7FDFD20B1204601F057FB00267B
:101880001DE06A88298815A001F050FBF7E70024C5
:101890000EE006FB0040696851F82000F7F7F2FA05
:1018A00041EC100B12A053EC102B01F03FFB641C19
:1018B0006888A042EDDC10A001F038FB761C288877
:1018C000B042E4DC70BD00006E6F686561646572F3
:1018D000000000006D61746C616200006D617472E3
:1018E00069783A282564782564290D0A00000000EB
:1018F00025382E34662000000D0A000070B50D4614
:101900001646044614A1F6F7B3FD70B1022215A1E4
:101910002046F6F7BBFD40B113A12046F6F7A8FD1F
:1019200028B1214612A001F001FB00240DE0314650
:1019300010A0F8E701CDF7F7A5FA41EC100B11A0C4
:1019400053EC102B01F0F2FA641CB442F2D3BDE860
:1019500070400BA001F0EABA6E6F68656164657251
:10196000000000002F2B00006D61746C61620000AC
:1019700025730000766563286C656E3A2564293A04
:101980000D0A000025382E34662000002DE9F041B4
:101990009CB00C4605461F46904603212046229ED9
:1019A0000AF034FF032140460AF030FF0321384695
:1019B0000AF02CFF032138460AF028FF0320ADF877
:1019C0002200ADF81A00ADF82000ADF818000AA802
:1019D000079013A809902246002106A809F0AEFB43
:1019E0006A46414620460AF083FE032168460AF013
:1019F0000DFF6A46012106A809F0A0FB03AA2146B3
:101A000068460AF075FE032103A80AF0FFFE03AA48
:101A1000022106A809F092FB3A46002108A809F025
:101A2000A2FB6A46314638460AF062FE0321684648
:101A30000AF0ECFE6A46012108A809F094FB03AA0B
:101A4000394668460AF054FE032103A80AF0DEFE78
:101A500003AA022108A809F086FB2A4608A906A8BD
:101A600003F04EFD1CB0BDE8F0810000F0B50E465D
:101A70002DED028B07468DB01C46154603213046DE
:101A80000AF0A4FE10EE100A3049884208DA00225B
:101A9000294638460AF008FC0DB0BDEC028BF0BDBB
:101AA0000322294604A80AF003FE0322314607A8B0
:101AB0000AF0FEFD9FED268AB7EE000A8DED0A8A38
:101AC0008DED0B8A8DED0C0A002204A938460AF030
:101AD000EBFB01AA07A9384603F0A2FD14B1022CC2
:101AE00018D02AE09DED010A60EE000A9DED020A81
:101AF00040EE000A10EE900AF7F7C4F941EC100B23
:101B0000FCF75EFF51EC100BF7F7E8F901908DED53
:101B1000028A12E08DED018A9DED030A00EE008A33
:101B200018EE100AF7F7AEF941EC100BFCF748FF7E
:101B300051EC100BF7F7D2F9029007A8009004AB14
:101B400001AA0AA93846FFF721FFA5E70AD7233CD7
:101B5000000000002DE9F04F05462DED068B0E46E6
:101B60008FB09A46008891468046DFEDFE8A0A21B2
:101B700003F05EFB04460321084603F059FB0321F2
:101B80000D90084603F054FB0C900020B0EE009A34
:101B9000F7EE009A4FF0040BC1E069886A68414390
:101BA00002EB8101626891ED000A61884FF00C0C34
:101BB00020EE000A414302EB810181ED000A6B88AF
:101BC0006A68434302EB83010BEB830391ED000A48
:101BD0001A446368D2ED000A20EE090A6288594669
:101BE000424320EE200A0BEB82021A4482ED000AE7
:101BF0006B886F68434307EB830292ED000A08226B
:101C000002EB83033B4420EE090AD3ED000A63880C
:101C10006768434320EE200A02EB83033B4483EDD5
:101C2000000A6B886F68434301EB83033B4467689A
:101C300093ED000A6388434320EE000A0CEB830314
:101C40003B4483ED000A6B886F68434301EB830CD0
:101C5000BC4402EB83039CED000A3B444FF0100CA4
:101C600020EE090AD3ED000A6388676820EE200A97
:101C700043430CEB83033B444FF0140C83ED000A09
:101C80006B886F68434302EB83033B44676893EDC3
:101C9000000A6388434320EE000A0CEB83033B44B5
:101CA0004FF0180C83ED000A6B886F68434307EB15
:101CB0008303676893ED000A638843430CEB830357
:101CC0003B4483ED000A6B886F6843430BEB830151
:101CD00039441C2791ED000A61886368414307EB92
:101CE0008101194481ED000A69886B68414302EB68
:101CF00081011944202391ED000A61886268414303
:101D000003EB81011144242381ED000A618862689C
:101D1000414303EB81011144401CC1ED009A404551
:101D2000FFF63BAF204603F0BEFA804641880088AC
:101D300003F07EFA9FED8CAA01460B90B0EE4A0AA2
:101D4000404602F0C7FC0020B8F8001012E0B8F8D6
:101D50000220D8F8043000FB020203EB820292ED6D
:101D6000008AB4EEE88AF1EE10FA02D2F0EE488A68
:101D70000A90401C8142EADCDDE90A106A4600F064
:101D8000EBFF70689DED000A5F4680ED000A706809
:101D90009DED010A80ED010A70689DED020A80ED5B
:101DA000020A708871689DED010A01EB800080EDE8
:101DB000000A718870680BEB81019DED030A0844ED
:101DC00080ED000A72880820716800EB82029DEDA8
:101DD000040A114481ED000A728871689DED020ABF
:101DE00001EBC20181ED000A7288716807EBC20243
:101DF0009DED040A114481ED000A7288716800EBC0
:101E0000C2009DED050A084480ED000A3046FFF748
:101E1000CAFBB5EEC00AB0EE408AF1EE10FA0AD263
:101E20000A2168460AF0C4FCBFEE000A304603F0FF
:101E3000FEF8B1EE488A31460C9803F0D1F8DDE99E
:101E40000C1002F021FB4A4606A90D9803F0E8FBAE
:101E50000321BEEE000A48460AF019FD0D9806F06F
:101E6000F9FA0C9806F0F6FA7188706899ED010A93
:101E700007EB8102024420EE000AD2ED000A90ED49
:101E8000001A082260EE800A99ED000A02EBC101F7
:101E9000084420EE000ABB4641EE000A99ED020A12
:101EA00090ED001A20EE000A41EE000A9DED090AAD
:101EB00070EEC00ACAED000A70887168D9ED001A88
:101EC00001EB800292ED000A01EBC0020BEBC000B7
:101ED00020EE091A99ED010A084421EE001A21EEBC
:101EE000212A92ED001A61EE092A99ED021A62EE9A
:101EF000812A02EEA12AD0ED001A61EE891A21EEA4
:101F0000800A00EE012A32EE200A8AED000AB0EEC5
:101F1000C00A10EE100AF6F7B5FF41EC100BFCF703
:101F20004FFD51EC100BF6F7D9FFCAF8000018EE80
:101F3000100AF6F7A7FF41EC100B9FED0C1BFBF707
:101F40004FFE51EC100BF6F7C9FF08EE900A18EEA1
:101F5000900AF6F797FF41EC100BFCF731FD51ECBE
:101F6000100B07E000401C46ACC5273755555555AA
:101F70005555D53FF6F7B2FF89EEA80A08EE100ACC
:101F8000304603F054F8304603F0A1F90746032128
:101F9000084603F04DF901460A90B0EE4A0A384669
:101FA00002F098FB78680068F6F76CFF41EC100BC4
:101FB000FCF706FD51EC100BF6F790FF796808600E
:101FC0007A8879680BEB82000858F6F75BFF41ECE2
:101FD000100BFCF7F5FC51EC100BF6F77FFF7B883C
:101FE0007A680BEB830150507A880820796800EBFF
:101FF000C2000858F6F746FF41EC100BFCF7E0FC76
:1020000051EC100BF6F76AFF01467B8808207A68CE
:1020100000EBC30011500A9803F038F983463246AA
:1020200039460A9803F06CFA3A465946304603F0AE
:1020300067FA3946304602F0D3FF384606F00AFA0E
:102040000A9806F007FA584606F004FADAED000A94
:102050004B46324680EE880A28468AED000A2988D7
:10206000FFF728FA1E9880ED000A204606F0F2F9E4
:10207000404606F0EFF90B9806F0ECF90FB000209F
:10208000BDEC068BBDE8F08F2DE9FF5F04460088AC
:102090009B4691468246042103F0CAF80546012179
:1020A000504603F0C5F880460121042003F0C0F833
:1020B0000646019800F0DCFC00205CE06188626864
:1020C000414302EB81016A6891ED000A69880423AB
:1020D000414302EB8101082781ED000A61886268B3
:1020E000414303EB810111446A6891ED000A69885C
:1020F0004FF00C0C414303EB8101114481ED000AC8
:1021000061886268414307EB810111446A6891ED7F
:10211000000A6988414307EB8101114481ED000AFF
:1021200069886A6841430CEB81011144B7EE000AEB
:1021300081ED000A62886168424301EB820C03EB87
:1021400082039CED000A0B4407EB820260EE000A5A
:1021500093ED000A1144D8F8042040EE000A91EDF6
:10216000000AB8F80210414302EB810140EE000A78
:10217000401CC1ED000A5045A0DB324629464046CE
:1021800002F0F0FD7068B6EE001A90ED000A60EE05
:10219000010AC9ED000A706890ED010A20EE010AFB
:1021A00089ED010A7068D0ED021A21EE811A89EDDD
:1021B000021A7068D0ED031A40EEA01A40EE001A21
:1021C00041EE011A11EE900AF6F75CFE41EC100B9D
:1021D000FCF7F6FB51EC100BF6F780FE00EE100A50
:1021E0004B468BED000A21882046019AFFF762F9E1
:1021F0000E9880ED000A284606F02CF9404606F0BD
:1022000029F9304606F026F904B00020BDE8F09F19
:102210002DE9F04387B08846044603211E46174641
:1022200008460E9D03F004F8814633463A4641467F
:1022300020460095FFF728FF04A8009005AB01AAEF
:1022400049462046FFF786FC95ED000ADDED040ABD
:102250000446B4EEE00AF1EE10FA11DD49464046BC
:1022600002F0BEFE032201A938460AF021FA9DEDD4
:10227000050A0D2486ED000A9DED040A85ED000A8D
:10228000484606F0E7F807B02046BDE8F0838268CC
:102290000B46002A02D0C16818461047704700005C
:1022A0001EA005F0B2FE20B100231A46042105F05D
:1022B0007EFF1CA005F0A9FE04000ED0032105F04E
:1022C000CFFE00231A460421204605F070FF0023AC
:1022D0001A461F21204605F06AFF0121112007F050
:1022E00063F90121112007F053F901221121002087
:1022F000F8F7C0FC0A2008F0E7F805F0B9FF002164
:10230000162007F063F909490020086008490860B1
:1023100000F0AEFE074901200860FDE7716D6335EE
:1023200038383300626D693078780000002500404D
:102330000035004000050040F0B50D462DED028B44
:1023400004468BB0B0EE408A1F461646032118465D
:102350000AF03CFA10EE100A2A4908442A49884239
:102360004BD218EE100A2949884246DAB7EE000A25
:10237000DFED270AA869042208EE200AF0EE080A19
:10238000406820EE200AF0EE080A80ED000AA869F5
:102390004168408802EB8000084404A980ED000AEF
:1023A000BFEE000A38460AF05BFA032104A80AF0DF
:1023B0002DFA07AA04A9304604F028FC07AA2946EA
:1023C0002046FDF7E9F9E0699FED128A9FED120AB8
:1023D00080ED028A6846E16908F0D0FB3146684624
:1023E00004F009FC0422694630460AF061F9B0EEB7
:1023F000480A0321E0690AF058FA0BB0BDEC028BE1
:10240000F0BD0000999999C066662600CDCCCC3D00
:102410000000484300000000E12E654270B504460C
:102420002DED028BB0EE408A0D46084602F000FF0B
:1024300029466060084602F0FBFE2946A060084677
:1024400002F0F6FE2946E060084602F0F1FE294659
:102450002061084602F0ECFE29466061084602F061
:10246000E7FE0321A061084602F0E2FE2060284654
:102470000AF02EF99FED290A2946E0610AF015FAC3
:10248000E0680AF0D5FA9FED260AE068FFF700F948
:10249000A0680AF0CDFAA068F7EE000A04224068AE
:1024A00028EE080AC0ED000AA0684168408802EBE7
:1024B000800008440822C0ED000AA06841684088F6
:1024C00002EBC00008440C22C0ED000A1548D0ED14
:1024D000000AA0684168408800EB400002EB8000E1
:1024E00008441022C0ED000AA0684168408802EB51
:1024F000001008441422C0ED000AA068416840881A
:1025000000EB800002EB80000844C0ED000AA068E8
:10251000BDEC028BBDE8704002F089BD00000000F8
:102520000AD7233C3C040020F0B5F3EE0E1AB7EEB8
:10253000001A2DED028B00EE211A0546B1EE040AB9
:1025400088698DB00C4600EE801A4068149E1746CC
:10255000042280ED001A88694168408802EB8000FF
:102560000844082280ED001AA0694168408802EB07
:10257000C00091ED000A0844032280ED000A1946CC
:102580000AA80AF095F803210AA80AF03FF903AA5D
:102590000AA9384604F03AFB9FED4A8A16B1022E8A
:1025A00018D032E09DED030A60EE000A9DED040AAA
:1025B00040EE000A10EE900AF6F764FC41EC100BB6
:1025C000FCF7FEF951EC100BF6F788FC00908DED4E
:1025D000018A16E08DED008A9DED030A60EE000A87
:1025E0009DED050A40EE000A10EE900AF6F74AFC4F
:1025F00041EC100BFCF7E4F951EC100BF6F76EFC14
:1026000001909DED050A8DED020A0322694603A89B
:102610000AF06AF920680AF00BFA9DED020A01221D
:102620000021B1EE400A206802F013FD9DED010A81
:1026300002220021206802F00CFD9DED020A00221A
:102640000121206802F005FD9DED000A0222012112
:10265000B1EE400A206802F0FCFC9DED010A002268
:102660000221B1EE400A206802F0F3FC9DED000A61
:1026700001220221206802F0ECFC03AA2146284630
:10268000FDF78AF8E8699FED100A80ED008AE86995
:1026900080ED018A06A8E96908F070FA394606A8B3
:1026A00004F0A9FA042206A938460AF001F8B0EEAF
:1026B000480A0321E8690AF0F8F80DB0BDEC028B76
:1026C000F0BD000000000000E12E654270B5044638
:1026D00015460E46084602F0ABFDE061314628463D
:1026E00002F0A6FDE0603146284602F0A1FD206020
:1026F0002946304602F09CFD29466061084602F0FA
:1027000097FD29466060084602F092FD2946A060C8
:10271000084602F08DFDA0612946304602F088FD92
:1027200020612946304602F083FD2062284609F0E8
:10273000CFFF6062304609F0CBFFA06270BD0000A1
:10274000014880ED000A70473C0400202DE9F0416B
:102750000A462DED028B04460168B0EE408A104611
:1027600004F014F920680C25042240681026082380
:1027700090ED000A6068142720EE480A406880ED5A
:10278000030A2068406890ED010A606820EE480A5C
:10279000406880ED040A2068406890ED020A606895
:1027A00020EE480A406880ED050A206841684088AC
:1027B00001EB800090ED000A606820EE480A416855
:1027C000408805EB8000084480ED000A20684168DD
:1027D000408802EB8000084490ED000A606820EE1B
:1027E000480A4168408806EB8000084480ED000AF2
:1027F00020684168408803EB80000844616890EDE0
:10280000000A4868498820EE480A07EB810108441D
:1028100080ED000A20684168408801EBC00090ED1F
:10282000000A606820EE480A4168408805EBC00055
:10283000084480ED000A20684168408802EBC0002F
:10284000084490ED000A606820EE480A416840881C
:1028500006EBC000084480ED000A2068416840880B
:1028600003EBC000084490ED000A606820EE480ABF
:102870004168408807EBC000084480ED000AB7EECD
:10288000000A6068FEF704FFA169606809F0B8FDFE
:10289000E068F9F747FA304B9FED300ADFF8C0C027
:1028A000DFED300AE269002002EB8001D1F800E0A0
:1028B0009E4501DD81ED000AD1F800E0E64501D931
:1028C000C1ED000A401C0628EEDBD4E9030109F043
:1028D00097FDD4E90301FDF770FCB6EE000AE0684D
:1028E00002F0A5FBE169606802F0C2FE1E4890EDAF
:1028F000000AA06820EE080A4168408800EB40000A
:1029000020EE080A05EB8000084480ED000AA0686C
:102910004168408806EB0010084480ED000AA0687A
:102920004168408800EB800007EB8000084480EDA0
:10293000000A6269E168606802F0E2FDD4E905011D
:10294000E26802F0DDFDD4E90210BDEC028BBDE8C7
:10295000F041FDF732BC000088C3643B88C3643B90
:1029600088C364BB88C364BB3C04002070B51546B3
:102970002DED068BB6EE00AA0C4690ED010AD0EDC7
:1029800000AAD0ED028A20EE0A0AB0EE408AFBF7D8
:102990002BF8F0EE409AB0EE480AFBF749FFB0EE94
:1029A000409A28EE8A0AB0EE408AFBF71DF8F0EE56
:1029B000408AB0EE480AFBF73BFFB0EE408A2AEEB1
:1029C0008A0AF0EE40AAFBF70FF8B0EE40AAB0EE8C
:1029D0006A0AFBF72DFF25B3012D1FD169EE8A0A84
:1029E00029EE001A29EE800A60EEA81A41EE481A74
:1029F000C4ED001A69EE0A1A21EEA82A00EE482A50
:102A000020EE280A01EE880A84ED012A84ED020AEC
:102A100020EE880A01EE280A84ED030ABDEC068B3D
:102A200070BD6AEE290A60EE091A20EEA81A60EE5F
:102A3000880A01EE881A69EEA81A84ED001A2AEEB7
:102A4000491A21EE081A01EE801A60EE291A20EECA
:102A5000280A84ED011A2AEE281A40EE490A21EECE
:102A6000091A01EE881A84ED021AC4ED030AD5E7AB
:102A700010B5044609F0DCFF0021B7EE000A07E0BC
:102A800001FB02126068491C00EB820080ED000A25
:102A900062888A42F4DC10BD82B0CDE9000121F0E9
:102AA000004001909DED000B02B051EC100B7047FF
:102AB00070B50D462DED028B04468AB0B0EE408A0B
:102AC00000260321284609F081FE10EE100A38493D
:102AD0000844B0F10A7F04D901200AB0BDEC028B92
:102AE00070BD002005EB800204EB800192ED000A2E
:102AF000D1EDB70AB4EEE00AF1EE10FA01DD81ED96
:102B0000B70A92ED000AD1EDBA0AB4EEE00AF1EE8E
:102B100010FA01D281EDBA0A401C0328E2DB002042
:102B200006AAB6EE000A04EB8001D1EDB70A91EDDA
:102B3000BA1A02EB8001401C70EE810A032860EE95
:102B4000800AC1ED000AEEDB032303AA06A928468A
:102B500009F0B5FE032103A809F058FE0025DFEDBA
:102B6000158A1EE06A462946204600F057F90322DE
:102B700006A9684609F0B8FE0321684609F046FE3A
:102B8000032203A9684609F0DFFDFAF785FA20EE73
:102B9000280AB4EEC80AF1EE10FA01D2032604E0C6
:102BA0006D1CD4F8D802A842DCD8304695E7000066
:102BB0000000E0BEE12E65422DE9F0479A462DED7A
:102BC000028B84B09146DDE90E860F46FEF71CFCB1
:102BD0009FED2C8A0446B0EE480A02F028FA3346EC
:102BE0004246514620460097FFF712FB0546F0EE9D
:102BF000080AB0EE480A01A9234809F031FE23482B
:102C00009FED238A00F5F072D0ED2B0A218801ABED
:102C100080EE880A2046FEF74DFC89ED000A03216C
:102C2000B0EE480A404609F032FE96ED000A204612
:102C300020EE080A86ED000A05F00CFC0321404650
:102C400009F0C4FD13493868B0EE408A884212DCAE
:102C50005046FEF7A8FCF7EE000A0F4930EE600A76
:102C6000B0EEC00A10EE100A884204DC18EE100A1A
:102C70000A49884200DD002504B02846BDEC028BDD
:102C8000BDE8F0870AD7A33C140B002008090020F8
:102C9000000048420AD7233D3333B33F0000484386
:102CA0002DE9F041054601200E46002408604DE064
:102CB0006A88686804FB024100EB810191ED000A1B
:102CC000B5EEC00AF1EE10FA1BD1611C2B8813E09F
:102CD00001FB024700EB870797ED000AB5EEC00A3B
:102CE000F1EE10FA07D02246284604F097FB306830
:102CF00040423060DCE7491C8B42E9DC98B28842F4
:102D000023D0671C1EE06A88696807FB024301EB59
:102D10008303D3ED000AF5EEC00AF1EE10FA03D1F9
:102D2000401EA04211D00CE004FB024001EB8000E9
:102D30003A4690ED001A2146284680EE810A04F0BA
:102D4000BFF87F1C2888B842DDDC641C6888A0427C
:102D5000AEDC0020BDE8F08130B500230CE04588F2
:102D6000446803FB051504EB850494ED000A02EBAF
:102D700083045B1C84ED000A04889C42EFDC002085
:102D800030BD000010B586B014460322684609F035
:102D90008FFC0322214603A809F08AFC0321684620
:102DA00009F034FD032103A809F030FD032203A933
:102DB000684609F0C9FCFAF76FF910EE100AF6F749
:102DC00061F89FED0B1B53EC112BF5F766FF41ECFF
:102DD000100BFAF7B1FE51EC100BF6F77FF800EE8E
:102DE000100ADFED050A06B020EE200A10BD000033
:102DF00050455254FB21F93FE12E6542064A00211D
:102E000012F83130834202D102EBC1007047491CF5
:102E10002029F5D300207047DC00002030B50023C6
:102E20000BE001FB0434456805EB840494ED000AD3
:102E300002EB83045B1C84ED000A44889C42F0DCB6
:102E4000002030BD05F014BA05F0ECBA07F03CBB29
:102E5000002105F01BBA7CB50E4605004FF00001BD
:102E60000698019111D00AB1012400E002240BB1AF
:102E700044F0040400F03CF9034601A80090224607
:102E80003146284605F012FA08B100207CBD0198B1
:102E90007CBD002801D005F077BA704710B5F7F770
:102EA000CDFD002801D06FF0030010BD10B50B0060
:102EB00005D001461846F5F79AFA002010BD4FF0EC
:102EC000FF3010BD10B531B1F7F7D4FD002801D0A7
:102ED0006FF0030010BD4FF0FF3010BD05F0BABA1F
:102EE000202802D2002106F05FBB7047202803D2C1
:102EF00001B1012106F06ABB7047F5F791B9F5F70A
:102F00008BB9000010B5064C2078002806D10122AC
:102F100004A1054806F0BDF90120207010BD000095
:102F2000540400206C6F6700982000200FB42DE936
:102F3000F0411F4C207830B901221EA11E4806F036
:102F4000A8F9012020704FF0FF3739461A4806F0E3
:102F500005FA194807AB4FF480712430069AFAF746
:102F600051F80546FF2801DDFF2501E0002D17DDA2
:102F700004F0EAFE040013D0268B384600F054F922
:102F80000746208B0C4A20F4406020832B462432D5
:102F90000021204605F00BF926830FB900F06EF9E9
:102FA000054806F08BF9BDE8F0015DF814FB000060
:102FB000540400206C6F67009820002005F07EBF4D
:102FC000002306F040B870B50D4604004FF0FF3600
:102FD0000BD055B1104600F08BF80346228C2946E1
:102FE000204606F075F8002800D0304670BD10B5B8
:102FF0004FF0FF3428B121B1028C06F0EBF8002825
:1030000000D0204610BD012106F02EB9002801D0C5
:1030100006F054B97047002803D04FF0FF3106F096
:103020009DB970470248002101704160704700005F
:103030004804002001480068C0B2704750150040A5
:1030400010B50C4650B1014620220648F5F7CFF9DD
:103050000548012144600170002010BD4FF0FF3091
:1030600010BD0000B81F0020480400200020704759
:103070000149002008607047FC1F004070B50C003B
:10308000054607D002F0ECFF21462846F9F70EF876
:10309000002070BD4FF0FF3070BD10B5040006D0A9
:1030A00002F0D3FF2046F8F7F5FF002010BD4FF0E7
:1030B000FF3010BD10B502F0C8FFBDE81040F9F7B1
:1030C00005B8000010B5F9F72BF8044800680A2885
:1030D00003D1BDE8104002F0C3BF10BD5015004041
:1030E00072B605F079FAFEE707F0EEBAC82070472D
:1030F00010B5411C4FF0FF3405D0002804D007F074
:10310000D1FA002800DA204610BD042801D2F9F7D0
:10311000D1BC704704280AD2042908D2044B0022EB
:1031200053F820004FF4A07303EB81014250704725
:1031300018CB010070B514460E46054604282CD263
:10314000042E2AD24CB32268F9F7BCFC207901285E
:1031500026D0002231462846F9F7F8FC2846F9F730
:1031600025FD2846F9F7A6FC012231462846F9F745
:10317000CFFC0C4805EB450100EB011006EB4601C6
:10318000A26840F8212000EB8100E26842602179CA
:10319000017201214172002070BD4FF0FF3070BDFF
:1031A0000122D7E7D81F00200020704710B504285F
:1031B00001D2042902D34FF0FF3010BDF9F7D8FC3B
:1031C000002010BD10B5042802D34FF0FF3010BD11
:1031D000F9F7E4FC002010BD10B5042802D34FF02D
:1031E000FF3010BDF9F7E2FC002010BD10B500283B
:1031F00008D004F00AFF040005D040F6031104F0E3
:103200002FFF204610BD002010BD0000002805D073
:10321000034BC3E90112034904F0C6BF7047000025
:103220005404002099C4010070B5114C0546607823
:1032300060B905F01DF8607830B901220DA10E4883
:1032400006F027F80120607005F0ECF8681C4FF0DC
:10325000FF340AD0284607F025FA0146064806F052
:103260007DF8002800D0204670BD2046F5E700001C
:103270005404002075747800BC2100200348407875
:10328000002802D0024806F019B870475404002004
:10329000BC21002070B514464FF0FF3570B169B104
:1032A00064B1028B234642F4006202830A46002185
:1032B00004F07DFFA04201D1002070BD284670BD02
:1032C00010B5124C2068800702D511A005F078FDDA
:1032D0002068400011D50D48C01E007808B1FEF7E7
:1032E0001FF80A48001F007808B102F04BF80748A1
:1032F000801E008808B109F043F92068002804DA2C
:10330000BDE8104008A005F05BBD10BD2CED00E04D
:103310006661696C656420766563746F72206665AA
:103320007463680A00000000646562756720657652
:10333000656E740A0000000010B502A005F040FDA3
:10334000002010BD48656C6C6F2052542D5468727B
:10335000656164210A00000070B5FFF7D3FD0F4CD2
:103360000020A4F8F40284F8F80202F0A3FB04F1B0
:103370002000054602F0DAFB40B109A0FFF7D6FDB8
:1033800000F098FD284602F0E9FC03E0A18F10A0B0
:10339000FFF7CCFDBDE8704000F054BE08090020E6
:1033A0005B5359535F494E49545D204E6F207661FF
:1033B0006C6964204E564D20646174612C207573D5
:1033C000696E672064656661756C74730D0A000030
:1033D0005B5359535F494E49545D204E564D206C06
:1033E0006F61646564207375636365737366756C80
:1033F0006C79202876657273696F6E3D2575290D8D
:103400000A0000002DE9F05F4D88D0F874A0064650
:1034100015F0200401D0002000E0306F6A078046DC
:1034200008886FF0070B1FD5062101EAD01141F083
:10343000F00700F0FF0942463946304600F033F904
:10344000012800D0FCB14946304600F074F901284B
:1034500000D0C4B1E80713D0504600F00BF947F094
:10346000010107E07CB10BE04006010EE80701D046
:1034700041F001014246304600F015F90128F1D132
:103480000020BDE8F09F5846FBE72DE9F74F82B0DA
:103490008246406F9346009000F026F9002646E0F1
:1034A000039806EB460100EB8105A87800F02007A1
:1034B000C0060AD416B1009800F0DCF82946504640
:1034C000FFF7A0FF040000D07FB36888C1070CD0CD
:1034D0002946504600F075F80446A888A04225DD2C
:1034E000002C27DB6FF0070424E04FF00008AC88C5
:1034F00000F02009AF680DE03978504600F01BF964
:10350000002803DCB9F1000F07D030B9641E08F1C0
:1035100001087F1C002CEFDC40460446A888A0422E
:1035200004DD002C06DB4FF0FF3403E0761C5E4523
:10353000B6D33446009800F0E6F805B02046BDE862
:10354000F08F10B5C06B202906D021290AD022297E
:103550000CD0232917D10CE030F8441F41F00401AE
:10356000018010E01188A0F846100CE01168C166D7
:1035700009E0D2E900131A4605F094FB002802DAAC
:103580006FF0070010BD002010BD38B51546C06BA8
:103590008CB20A0C00932B46214605F05BFB38BD2C
:1035A00038B51546C06B8CB20A0C00932B462146E9
:1035B00005F065FB38BD81694269491C4908084628
:1035C00010472DE9F05F82464FF000098F88B1F86F
:1035D00002B0D1F8088048E0DAF8744000250121F3
:1035E000D4E9000290472046FFF7E5FF0026680671
:1035F000050E2046F8F7DEFD002802DA6FF001051F
:1036000010E0E1682068884708B145F00105A2682C
:10361000002120689047D4E905108847761CF6B24F
:10362000082EE4D3002D22DB7F1E08F8015B09F190
:1036300001095FEA4B6018D4DAF874401FB1D4E98D
:103640000002002190472046FFF7B5FF2046F8F71B
:10365000B1FD002802DA6FF0010004E0A268002149
:10366000206890470020002802DB002FB4DC484689
:10367000BDE8F09F10B504460121D4E9000290474F
:103680002046F8F797FD2046FFF795FFD4E90002A2
:10369000002190472046FFF78EFFA2682068BDE812
:1036A0001040002110472DE9F047002517468946B4
:1036B00080462C46466F12E04946404600F03BF8F3
:1036C000054601280DD0BC420BD0304600F01BF857
:1036D000D6E905108847304600F006F8641CBC4265
:1036E000EADD2846BDE8F08710B504460021D4E99C
:1036F000000290472046FFF75EFFA2682068BDE801
:1037000010400021104710B504460021D4E9000202
:1037100090472046FFF74FFF2046F8F74BFD204625
:10372000FFF749FFD4E9000201219047D4E90510D1
:10373000BDE8104008472DE9F041446F0F460725CA
:103740006FF00106A26800212068904727FA05F073
:1037500000F00101D4E9000290472046FFF72BFF5B
:103760002046F8F727FD002814DB6D1EEAD5A26875
:103770000021206890472046FFF71DFFD4E9000292
:10378000012190472046FFF716FF2046F8F712FD6B
:10379000002802DA3046BDE8F081E16820688847F9
:1037A00030B10025A2680021206890472846F2E742
:1037B0000125F7E72DE9FE411E46099C1346884680
:1037C00007003DD0B8F1000F3AD0002B38D0002CC4
:1037D00036D06A461946384600F0CEF900206D46CC
:1037E00005EB800107EB800291ED000AD2ED090A9A
:1037F000401C032830EE600A81ED000AF0DB294608
:10380000404600F0E1F97EB1002005EB800106EBB7
:10381000800291ED000AD2ED000A401C032830EE30
:10382000600A81ED000AF0DB9DED000A84ED000ADC
:103830009DED010A84ED010A9DED020A84ED020A64
:10384000BDE8FE812DE9FE411E46099C13468846CF
:1038500007003DD0B8F1000F3AD0002B38D0002C33
:1038600036D06A461946384600F086F900206D4683
:1038700005EB800107EB800291ED000AD2ED090A09
:10388000401C032830EE600A81ED000AF0DB294677
:10389000404600F099F97EB1002005EB800106EB6F
:1038A000800291ED000AD2ED000A401C032830EEA0
:1038B000600A81ED000AF0DB9DED000A84ED000A4C
:1038C0009DED010A84ED010A9DED020A84ED020AD4
:1038D000BDE8FE81002823D0D0ED000AF0EEE00A1A
:1038E000F4EEC00AF1EE10FA1BD2D0ED010AF0EEB0
:1038F000E00AF4EEC00AF1EE10FA12D2D0ED020A9C
:10390000F0EEE00AF4EEC00AF1EE10FA09D29FEDF3
:10391000060A80ED000A80ED010A80ED020A01200E
:103920007047002070470000000000007EB51C4674
:103930000D4603002BD0002D29D0002A27D0002CC3
:1039400025D00020694602EB800696ED000A03EBC5
:103950008006D6ED090A01EB8006401C30EE600AB5
:10396000032886ED000AEEDB184600F02DF96946C3
:10397000284600F029F99DED000A84ED000A9DED2E
:10398000010A84ED010A9DED020A84ED020A7EBD62
:103990000149012048707047F80300202DE9F041EB
:1039A00004002DED0C8BADF50C7DDFED689AB0EECB
:1039B000698AB0EE489AF0EE488AB0EE48AA2FD055
:1039C0006421F4F72DFDFFF79AFA80466048614EB6
:1039D000476EC56ED0EDB3DA90ED21DAD6ED01BABF
:1039E00096ED08BAD6ED02AA903002F0B4F9584824
:1039F000F0EE40CA943002F0AEF9B0EE40CA4FF497
:103A00000B7255496846F4F7F2FC30782066404660
:103A1000FFF773FA022D69D809D1F8070CD00EE030
:103A200000200DF50C7DBDEC0C8BBDE8F081012D67
:103A300002D0022D03D059E0DFED489A56E0F7EEB0
:103A4000000A3BEE600AB0EEC00A9FED451A30EE68
:103A5000411ADFED441A4FF07E5181EE210A30EE1B
:103A6000C09A19EE100A884201DDB0EE609AB5EEF8
:103A7000C09AF1EE10FA01D2B0EE699A9FED3A0ABF
:103A8000DFED3A1A3DEEC01A81EE210A70EEC08ACF
:103A900018EE900A884201DDF0EE608AF5EEC08AE9
:103AA000F1EE10FA01D2F0EE698AB6EE000AF1EEFC
:103AB000021A3AEEC01A81EE210A30EEC08A18EEE0
:103AC000100A884201DDB0EE608AB5EEC08AF1EEE0
:103AD00010FA01D2B0EE698A29EE280ADFED259AA4
:103AE00020EE08AA9FED220A4BEE809AC4ED00BAA0
:103AF00084ED019AC4ED028A84ED038A84ED04AA60
:103B0000C4ED059A84ED06BAC4ED07AA9DED850AB9
:103B100086AB84ED080A93E8070024347CAB07C425
:103B200093E8070007C47FAB93E8070007C484ED60
:103B300000DAC4ED01CA84ED02CA7B98E06089987E
:103B400020618A98606101206BE70000000000009E
:103B500008090020F8030020341800206F12833A6F
:103B60000AD7A33C0AD7A33D0AD7A33BEC51383D63
:103B70002E90A03B17B7D13870B5002820D000296F
:103B80001ED0002A1CD00024DFED0E1A002304EB07
:103B90004405B0EE610AEE1800EB8606D6ED000A89
:103BA00001EB83065B1C96ED001A032B00EE810AE5
:103BB000F1DB02EB8403641C83ED000A032CE5DBDC
:103BC00070BD0000000000001EB50C46002810D09B
:103BD000002C0ED06A46FFF7CFFF9DED000A84ED62
:103BE000000A9DED010A84ED010A9DED020A84EDB3
:103BF000020A1EBD9FED1A2AF0EE420AB0EE600ADC
:103C000008B1022902D2B0EE420A7047002208E051
:103C100000EB8203521C93ED001A01EE010A71EED3
:103C2000200A8A42F4D320EEA01A00EE901A491E10
:103C3000F8EE601AC1EE210A70EE600A00EE101A6A
:103C4000B8EE400AC0EE801AF5EEC01AF1EE10FA96
:103C500001D2F0EE421AB0EE610AFAF7EEBE0000B1
:103C60000000000068B190ED000AD0ED010A20EEDE
:103C7000000A00EEA00AD0ED020A00EEA00AFAF750
:103C8000DCBE9FED010A704700000000002803D051
:103C90004FF40B71F4F7C4BB704700002DE9F041FD
:103CA0000E462DED028B84B00400DFED7D8ADDF839
:103CB00030807CD0002E7AD0002A78D0002B76D0AD
:103CC000307C002874D096ED020AB5EEC00AF1EE01
:103CD00010FA01DDF0EE408A92ED000AF0EEC00A23
:103CE00096ED000AF4EEC00AF1EE10FA7ED2D2EDA3
:103CF000010AF0EEE00AF4EEC00AF1EE10FA75D215
:103D0000D2ED020AF0EEE00AF4EEC00AF1EE10FA8B
:103D10006CD2002004EB800103EB800291ED000ADD
:103D2000D2ED000A401C032830EE200A81ED000A83
:103D3000F0DB00202821D4F8EC21B2FBF1F501FBE7
:103D4000152200EB800504EB451505EB820203EB21
:103D50008005401C95ED000A032882ED030AEADB8A
:103D6000D4F8EC01401CC4F8EC01D4F82412491C2E
:103D7000C4F8241228281AD100209FED4A0A6F4661
:103D800004EB8001D1ED000A07EB8001401C80EEBE
:103D9000801A032881ED001AF2DB9FED438A00258B
:103DA00005EB850004EB401028210C3001E074E0A5
:103DB00068E0FFF71FFFB4EEC80A04EB8500F1EEE0
:103DC00010FA80ED860A01DDB0EE408A6D1C032DED
:103DD000E6DB84ED858AB8F100000ED0FFF742FFE4
:103DE00010EE100A31490844314900E04FE08842A2
:103DF00003D3204608F015FE4FE0B4EEE88AF1EE5A
:103E000010FAF6D20020F2EE041A07EB8001D6ED8C
:103E1000030A91ED000A04EB8001F5EEC00A91ED72
:103E20007C1A30EE410AF1EE10FA0FDDF4EEC00A12
:103E3000F1EE10FA01D2B0EE600AF1EE600AF4EE93
:103E4000C00AF1EE10FA01DDB0EE600A401CC0EECF
:103E5000210A032830EE810A81ED7C0AD5DB00209F
:103E600004EB8001401C91ED7C0A032881ED7F0A60
:103E7000F6DBD4F82802401CC4F82802204608F0DB
:103E8000D0FD012004B0BDEC028BBDE8F0812046DE
:103E900008F0C7FD0020C4F824020020F2E700006B
:103EA0000AD7233E00002042000000009A9999C0E2
:103EB0006866260070B54D4C03202DED028B01265F
:103EC000A4F84401A4F84601A4F87001A4F8720112
:103ED000A4F8A801A4F8AA01A4F8E001A4F8E2015A
:103EE00004F5A670C4F848012C30C4F874013830C9
:103EF000C4F8AC013830C4F8E40144F8306F002550
:103F00004FF4E130A563C4E904603948A061374843
:103F100014214C30F4F784FA3448C4E90C561421C7
:103F20006C30F4F77DFA02209FED320AE0632F48EF
:103F300084ED150A84ED170A40F8985F9FED2E0A6C
:103F400045602A4880ED240A9FED2C0A80ED250A61
:103F500000F5B8702567FEF78BFD2948FEF788FD50
:103F600027483830FEF784FD25486438FEF780FD89
:103F70009FED248A22480321B0EE480A0C3808F04D
:103F800094FC1F48B0EE480A03212C3008F08DFC49
:103F90001B48B0EE480A0321643008F086FCDFEDD0
:103FA0001A0AC4ED1F0ADFED190AC4ED1E0ADFED7F
:103FB000180AC4ED200A6567256584ED168AC4F8E1
:103FC000A05002F0E1F94169A161C169C4F8A010F3
:103FD000016A216590ED0A0A84ED150A90ED0B0A3D
:103FE00084ED170ABDEC028B70BD000008090020AB
:103FF00001006400CDCCCC3E0AD7233ECDCC4C3D55
:10400000B00A002000000000000048420000C64244
:104010000000684200B905A0014606A004F0D0FEE9
:10402000142006F051FA04F0D7FAFEE7756E6B6EB5
:104030006F776E00696E6974206661696C3A20253D
:10404000730A0000F0B5AA4C03202DED028B89B055
:10405000A4F84401A4F84601A4F87001A4F8720180
:10406000A4F8A801A4F8AA01A4F8E001A4F8E201C8
:1040700004F5A670C4F848012C30C4F87401383037
:10408000C4F8AC013830C4F8E40100260F20C4E9BC
:10409000BA602046DD2100F8201F43214670817060
:1040A0004821C17020467B2100F8241F76214670EC
:1040B0008170C67004F1280004F59A74F6F7F4FED6
:1040C0008B4D00203435F6F7D9FE8A4FB0FBF7F060
:1040D00028700020F6F7D2FEB0FBF7F0000A6870F7
:1040E000F6F7DCFEC0F30070A870EE702022824963
:1040F0006846F4F77CF9012154F8F02C00206B4657
:10410000A4F59A7453F82050AA4200D10021401C13
:104110000828F7D311B14FF4E1306064D4F880007F
:1041200000F00F01032905D920F00F0040F0020034
:10413000C4F88000C0F30311042905D920F0F00071
:1041400040F03000C4F880006C49D4F88400084482
:104150006B49884203D39FED6B0A84ED210A6448C2
:104160009FED698A694A50F8901F1144684A91424C
:1041700003D39FED680A80ED000A5D4890ED250AA3
:104180009430B5EEC00AF1EE10FA04D310EE101A16
:10419000614A914203DD9FED610A80ED000AD4F887
:1041A000D00010F47F4F7DD0C0F30721102905D92E
:1041B00020F47F4040F48050C4F8D0005849D4F82F
:1041C000AC00884203DA9FED570A84ED2A0A56486C
:1041D0000321044608F0FAFA10EE101AB1F17C5FE0
:1041E00005DDB0EE480A0321204608F05EFB4E488C
:1041F00003213830044608F0E9FA10EE101A4B4A51
:10420000914205DDB0EE480A0321204608F04DFB3F
:10421000454844300546FDF7C6F910EE101AB1F1D5
:10422000804F04DC10EE100AB0F1404F02D928464E
:10423000FEF71EFC3C48DFED3E0A70309FED3D0A64
:104240000321044608F09DFA28B1B0EE480A032184
:10425000204608F02AFB34482C380646FDF7A3F91F
:10426000B7EE008A344C30EE480AB0EEC00A10EEC9
:10427000100AA04202DD3046FEF7FAFB2A480C3055
:104280000646FDF790F930EE480AB0EEC00A10EE8F
:10429000101AA14202DD3046FEF7EAFB2846FDF780
:1042A00082F900E01EE030EE480AB0EEC00A10EEDF
:1042B000100AA04202DD2846FEF7DAFB1A485838F9
:1042C0000546FDF770F930EE480AB0EEC00A10EE70
:1042D000101AA14202DD2846FEF7CAFB09B0BDEC68
:1042E000028BF0BD20F47F4040F4807064E7000052
:1042F0000809002040420F0044CD01003333B3C20F
:104300009A99F902CDCCCC3E00000000F6285CC49E
:10431000F728DC030AD7233E0000A040CDCC4C3D5B
:104320000AD7233CCDCCCC3DA40A0020000020417C
:10433000000048C300004843CDCCCC3D7CB54FF4D1
:10434000E1310020F8F7F8FC3749002008603649D1
:1043500001200831086001F0CBFA34A004F050FAD3
:1043600032A003F052FE18B1032103F079FE08B128
:104370002EA04EE0FEF7F0FF2E48416C2EA004F078
:10438000C1FB2DA003F0E6FC08F0B0F82AA003F072
:104390003CFE040004D040F2032103F061FE08B1AA
:1043A00027A036E02849204603F0FBFE08B127A0ED
:1043B0002FE028A004F074FB0E2226A127A004F011
:1043C00037FB102223A127A004F032FB0B20009022
:1043D000112324A221A125A004F0A0F825A004F017
:1043E0001DFCFF2225A123A004F030FA0024254D56
:1043F000142605EB04100022017BCDE900160BC842
:1044000005F04CFF10B106F0B3F820B105EB041035
:104410000068FFF7FFFD641C072CEAD306F082F862
:10442000BDE87C4005F060BF0C2500406F63666C02
:104430006173680008090020756172743000000023
:104440007561727400000000F1B001007561727452
:10445000207278007370693000000000737069305A
:10446000300000007370693031000000626D693106
:10447000000000006932633100000000716D633597
:10448000383833003CCA01002DE9FE4F4F684268BE
:1044900001920E884288DFED851A00230293498835
:1044A0008E4205D10088904202D13146864202D028
:1044B0000120BDE8FE8FB7EE000A019810E0731AE4
:1044C00002E0E0EC011A5B1E002BFAD1A0EC010A1D
:1044D0004B1E02E0E0EC011A5B1E002BFAD1491ED4
:1044E0000029ECD100200092DAE000FB02F307EB98
:1044F0008301019C8A4604EB83039E4691ED001ADA
:10450000B0EE610A044612E0D1ED000AF5EEC00AF1
:10451000F1EE10FA01DCF1EE600AF4EEC00AF1EE01
:1045200010FA01DDB0EE600A01EB8201641CB442B6
:10453000EAD3B5EEC00AF1EE10FA01D10220B8E7D5
:10454000B5EEC01A3C46F1EE10FA4FF0010802DD5C
:10455000F0EE410A01E0F1EE410AF4EE400AF1EE1C
:1045600010FA3DD002FB00F1A6EB000C04EB810138
:1045700033E0D1ED000A02FB08F503EB8505F5EE0B
:10458000C00AF1EE10FA01DCF1EE600AF4EE400A26
:10459000F1EE10FA1FD1A2EB000C09E091ED000A38
:1045A000D4ED000AACF1010CE1EC010AA4EC010A23
:1045B000BCF1000FF2D1114608E095ED000AD3EDF1
:1045C000000A491EE5EC010AA3EC010A0029F4D116
:1045D000012102910EE008F10108BCF1010CC8D1E3
:1045E0000299012906D0B5EEC01AF1EE10FA01D1F8
:1045F00003205EE7141A514673469AED000AA3465B
:1046000006E0D1ED000A641E80EE801AA1EC011ACA
:10461000002CF6D1114606E0D3ED000A491E80EECB
:10462000801AA3EC011A0029F6D139464FF000098F
:10463000B046019B2CE0814504D101EB8B0103EBDB
:1046400082031FE091ED000A55467446DC4609E0FE
:10465000B5EC011AD1ED000AACF1010C40EE410AB3
:10466000E1EC010ABCF1000FF2D1154608E0B4EC10
:10467000011AD3ED000A6D1E40EE410AE3EC010A77
:10468000002DF4D101EB800109F10109A8F1010825
:10469000B8F1000FCFD10099401C491E3F1D009179
:1046A000009900297FF421AF002002E700000000FC
:1046B00070B5054600F00BFE04462946FFF7E4FE00
:1046C0002146284600F08CFC204603F0C3FE002063
:1046D00070BD00002DE9F04F05462DED0C8B85B027
:1046E000B0EE40DA8A4644880020DFEDE0AAB7EE5B
:1046F000000AA4F1010817E000FB0402DAF8041034
:1047000001EB820181ED000A00210AE0884207D016
:1047100000FB0413DAF8042002EB8302C2ED00AAC6
:10472000491C4145F2DD401C4045E5DDF0EE6A0ADA
:1047300001210FE000204A1E09E001FB04066B681E
:10474000401C03EB860393ED000A40EE000A904202
:10475000F3DD491C4145EDDD10EE900AF4F792FBC4
:104760009FEDC3CB53EC1C2BF4F79AFA41EC100BE2
:10477000FAF726F951EC100BF4F7B0FB0AEE100A29
:104780002046F4F76EFBCDE90001019941EC180BCE
:104790001AEE100AF4F776FB53EC182BF4F7F2FA42
:1047A000F4F79CFB0AEE100A0126DCE00027701EDD
:1047B000D5E006FB0472696801EB820191ED000A05
:1047C000B0EEC00AB4EECA0AF1EE10FA7DDD06FBC7
:1047D000046107FB0460CDE9020106FB0479686807
:1047E00007FB047B00EB890191ED000A00EB8B01D4
:1047F000D1ED000A0399F1EE408A00EB810020EE32
:10480000000A90ED001A70EEC10AB6EE001A20EE12
:10481000818A08EE080A10EE100AF4F733FB41EC27
:10482000100BFAF7CDF8B0EE409AF0EE609A18EE61
:10483000900AF4F727FB53EC192BF4F7A3FAF4F7DB
:104840004DFB08EE900AB5EEC08AF1EE10FA01D2E7
:10485000F1EE688A28EEA80A10EE100AF4F712FBAF
:104860009FED859B53EC192BF4F717FA41EC100BD5
:10487000FAF7A6F853EC192B51EC100BF4F769F981
:10488000F4F72CFBF4F7FEFA53EC1C2BF4F708FAC0
:1048900041EC100BFAF794F8B0EE40BAF0EE60BAC3
:1048A00018EE900AF4F7EEFA53EC1B2BF4F76AFAC1
:1048B000F4F714FB08EE100A28EE080A10EE100AAE
:1048C000F4F7E0FA53EC192B00E047E0F4F7E5F9D0
:1048D00041EC100BFAF774F851EC100BF4F7FEFAF8
:1048E00000EE100A6868039900EB8B0200EB81016F
:1048F00092ED001AD1ED000A00EB890021EE081AB2
:1049000060EE801A60EE880A21EE081A01EE801A25
:10491000D0ED001A01EEA81A81ED001A686800EBCC
:104920008B0100EB890091ED001A21EE001A21EEB7
:10493000001A00EE881AD0ED000A00EEE81A81EDA8
:10494000001A696801EB8900C0ED00AA6968029845
:1049500001EB8000C0ED00AA002031E07F1C8742FF
:104960007FF727AF761C46457FF720AFB4EECDAA80
:10497000F1EE10FA75D3009807E7B0421FD0B842A5
:104980001DD006FB04036A6807FB040102EB8303E6
:1049900002EB8102D3ED000A92ED001A21EE081A13
:1049A00000EE801A83ED001A6A6802EB810191ED36
:1049B000001A21EE001A00EEC81A81ED001A401C00
:1049C0004045DADD002022E0B0421FD0B8421DD0C1
:1049D00000FB04636A6800FB047102EB830302EBD3
:1049E0008102D3ED000A92ED001A21EE081A00EEC2
:1049F000801A83ED001A6A6802EB810191ED001ABA
:104A000021EE001A00EEC81A81ED001A401C404544
:104A1000DADD002020E000FB0463DAF8042000FB6C
:104A2000047102EB830302EB8102D3ED000A92EDE5
:104A3000001A401C21EE081A00EE801A83ED001ABD
:104A4000DAF8042002EB810191ED001A21EE001A40
:104A500000EEC81A81ED001A40453FF7A5AEDAE72F
:104A6000FFE705B0BDEC0C8BBDE8F08F0000000047
:104A70000000000000000040000000000000F03FC7
:104A800070B5044615468078E27800EB0220B0F558
:104A9000807F01D9012070BD20442A46801DF3F794
:104AA000A6FCA07850FA85F0A070E07800EB152005
:104AB000E070002070BD5A220270417000218170A8
:104AC000C170017141710846704718B50446002055
:104AD000ADF80000022221466846FCF74DFD022297
:104AE000A11C6846FCF748FDA078E17800EB0122A4
:104AF000A11D6846FCF740FDBDF800002071000ACA
:104B00006071002018BD8178C078062202EB002079
:104B10000844704770B51EA004F052F92148224D98
:104B200004680BE0022221A12068F3F7AFFC20B15A
:104B3000D4E900121EA004F043F90C342868844222
:104B4000F0D31F48046804E01EA0616804F038F93F
:104B50002468002CF8D11DA004F032F92048214D22
:104B6000046805E0D4E9001211A004F029F910341A
:104B700028688442F6D31C48046804E011A06168E8
:104B800004F01EF92468002CF8D1002070BD00004C
:104B90002D2D46756E6374696F6E204C6973743A7F
:104BA0000A0000003C030020400300205F5F00007B
:104BB000252D313673202D2D2025730A000000008D
:104BC0002C0300205B6C5D2025730A002D2D56619F
:104BD000726961626C65204C6973743A0A00000066
:104BE00044030020480300202803002010B50820BB
:104BF00004F07CFCBDE81040001DFAF7DFB910B5E9
:104C0000032004F073FCBDE81040001DFAF740BA21
:104C100010B5042004F06AFCBDE81040001DFAF74E
:104C2000B5BA000010B5074C07A0616904F0C8F8D8
:104C30000AA0A16904F0C4F8E169BDE810400CA025
:104C400004F0BEB820020020746F74616C206D65A2
:104C50006D6F72793A2025640A00000075736564EF
:104C6000206D656D6F7279203A2025640A0000007E
:104C70006D6178696D756D20616C6C6F63617465D1
:104C800064206D656D6F72793A2025640A0000001A
:104C900010B5052004F02AFCBDE81040001DFAF70D
:104CA000F9BA10B5022004F021FCBDE81040001D47
:104CB000FAF76ABB10B5012004F018FCBDE81040FB
:104CC000001DFAF7C3BB10B5002004F00FFCBDE8CF
:104CD0001040001DFAF72EBC10B5092004F006FCA8
:104CE000BDE81040001DFAF7D1BC000070B52422C9
:104CF00019491A48F3F77BFB1948184900F5C075A4
:104D000000F5CE7024310DC881E80D00124913481A
:104D1000242238313030F3F76AFB104C54353434E8
:104D200095E8070004F1200383E807000A492422DC
:104D3000703104F12C00F3F75AFB074850349430DB
:104D400007C884E8070004F10C00BDE87040024980
:104D500024222C39F3F74BBB800A00208017002057
:104D6000080900202DE9F041074690460C46084608
:104D700000F08CFA0546204600F0CBFA0646218862
:104D8000608800F055FA044602462946304600F095
:104D9000B7FB42463946204600F0B2FB284603F0F6
:104DA00059FB304603F056FB2046BDE8F04103F0C6
:104DB00051BB000070B50C462DED0A8B28B101885F
:104DC0004288914201D1032900D0FEE740680423C4
:104DD00000EB820190ED001AD1ED00AA03EB8201F5
:104DE000014403EBC203D1ED000A082101EB820567
:104DF0000544D0ED01BA95ED00AA90ED02BA00EBA2
:104E0000C205034401EBC2010844D5ED009A90EDC0
:104E1000000A93ED009AF7EE001A30EE802A9FED1B
:104E20005C8BB1EE00CAB4EEC12AF1EE10FA24D8C0
:104E300031EE211A71EE600A30EEC00A10EE100A4F
:104E4000F4F720F841EC100BF9F7BAFD53EC182BEE
:104E500051EC100BF3F724FFF4F740F801EE100AC1
:104E600039EE4A0A7BEE292A21EE0C2AC0EE021AFC
:104E70003BEEAA0AC0EE020A7DE031EE002AB4EE53
:104E8000E02AF1EE10FA24D831EEC11A71EE200AB0
:104E900030EEC00A10EE100AF3F7F4FF41EC100BED
:104EA000F9F78EFD53EC182B51EC100BF3F7F8FECD
:104EB000F4F714F800EE900A3BEE690A7AEE092A3C
:104EC00020EE8C2AC0EE021A3BEEAA0A80EE021AED
:104ED00051E031EE202AB4EEC02AF1EE10FA26D8C5
:104EE00031EEC11A71EE600A30EE800A10EE100A3F
:104EF000F3F7C8FF41EC100BF9F762FD53EC182BE8
:104F000051EC100BF3F7CCFEF3F7E8FF00EE100ABC
:104F10007AEEEB0A7AEE092A20EE0C2AC0EE821A0B
:104F20007BEE290A80EE821AC2EE820A25E031EE7B
:104F3000211A71EE200A30EE800A10EE100AF3F703
:104F4000A1FF41EC100BF9F73BFD53EC182B51EC92
:104F5000100BF3F7A5FEF3F7C1FF01EE900A39EE4F
:104F60004A0A7AEEEB2A21EE8C2A80EE021A3BEEF8
:104F7000690AC0EE020A82EE820AC4ED001A84EDCC
:104F8000011AC4ED020A84ED030ABDEC0A8B70BD60
:104F9000000000000000E03FF0B500251BE0002409
:104FA000571914E0B0F802E003EB040C07FB0ECC39
:104FB000D0F804E005FB06460EEB8C0C641C9CED5F
:104FC000000AD1F804C00CEB860686ED000A4E8874
:104FD000A642E7DC6D1C0C88AC42E0DC0020F0BD92
:104FE00010B500220AE04B6803EB820393ED000A40
:104FF000436803EB8203521C83ED000A4B880C8844
:1050000063439342EFDC4A88428009880180002094
:1050100010BD002105E0426802EB8102491C82EDCF
:10502000000A428803885A438A42F4DC7047002110
:1050300009E0426802EB8102491CD2ED000A60EEF1
:10504000800AC2ED000A428803885A438A42F0DC93
:1050500070474368408801FB002003EB800080ED2F
:10506000000A002070472DE9F04105460E460088F1
:1050700007F02EFB074600240DE03A46214628465D
:10508000FDF76AFE2988384606F0A0F906EB840091
:10509000641C80ED000A6888A042EEDC3846BDE85A
:1050A000F04107F06CBB00000448406920B1007E6D
:1050B000000701D50120704700207047F803002049
:1050C0002948EFF308812322403901E000F8012B41
:1050D0008842FBD300210120F6F777FD2348012603
:1050E0000660F4F743FB21490F206839086004206B
:1050F0000107C1F8040307210020F6F766FD4FF011
:10510000E0240025C4F80061F7F72CFBF4F7AEFDAE
:10511000F4F79CFDF3F780F81548C8210068B0FB50
:10512000F1F0411E801EB0F1807F08D2491E6161FE
:1051300007216017F6F749FDA5610720206105F0FA
:1051400049F805F019F802F089FF05F04FF805F06D
:1051500087F90849084804F0B7FF002002F096F9E3
:1051600005F024F8FEE70000E0210020780500406B
:1051700060040020009000200030002010B5FDF7F2
:10518000BEFE044618210448F3F74AF92046BDE85C
:105190001040FDF7B2BE00006817002010B50400F3
:1051A00014D0FDF7ACFE014609480268226042684F
:1051B00062608268A260C268E2600269226140693E
:1051C0006061BDE810400846FDF797BE10BD0000C5
:1051D0006817002038B5144C102000902068401C3F
:1051E0002060124D6946A869FDF701FF10B1A06863
:1051F000401CA06028694FF4C871401CB0FBF1F25C
:1052000001FB1200286100280DD108200090E06801
:10521000401CE0606946A869FDF7E9FE002802D05D
:105220006069401C606138BD68170020F8030020E9
:1052300070B50E4605467043082101EB800003F06F
:105240003DFE04000BD004F10800606025806680FC
:105250009FED070A2046FFF7DCFE204670BD33466F
:105260002A46044904A0FDF761FE002070BD00003D
:10527000000000008BCB01002573206661696C2063
:10528000723A256420633A25640D0A0070B504461D
:1052900001884088FFF7CCFF05460146204607F00D
:1052A000AFF8284670BD70B50446FFF7EFFF05461E
:1052B00060880146FFF7BCFF0646024621462846A5
:1052C00000F01EF9284603F0C5F8304670BD08B559
:1052D00041880023491E009102881946521E00F0A1
:1052E00001F808BD2DE9F0410C4606991D46064619
:1052F000101B491B401C491CFFF79AFF07462EB1A3
:1053000001462B4622463046FFF746FE3846BDE8AA
:10531000F08110B5FFF7C7FF0446FFF7C9F9204633
:1053200010BD000030B5DFED160A0024B0EE600AB3
:1053300008E000EB8405641C95ED001A41EE010ABB
:1053400031EE000A8C42F4D301EE101AB8EE411A85
:10535000C0EE011A20EE001A00EE101A491EC2ED2E
:10536000001AF8EE401A81EE210A30EEC00A00EE73
:10537000901AF8EE600A80EE201A83ED001A30BD14
:105380000000000010B518A003F01AFD1B4C217896
:105390001BA003F015FD2078C00702D01EA003F06B
:1053A0000FFD2078800702D51EA003F009FD2078AC
:1053B000000702D51EA003F003FD2078C00602D529
:1053C0001EA003F0FDFC2078000607D50B480C302A
:1053D0000168BDE810401CA003F0F2BCBDE810401D
:1053E0001D4803F0EDBC00006D656D206D616E61C0
:1053F0006765206661756C743A0A000028ED00E06C
:105400005343425F434653525F4D4653523A3078BE
:1054100025303258200000004941434356494F4C43
:10542000200000004441434356494F4C20000000F7
:105430004D554E53544B4552522000004D53544B42
:1054400045525220000000005343422D3E4D4D4135
:10545000523A253038580A00F0C5010002490120AF
:105460000860002070470000380300200149002038
:10547000086070473803002070B50EA003F0A0FC50
:105480001348144D04680CE0062213A12068F2F7BB
:10549000FDFF28B9D4E9001211A0891D03F090FC8A
:1054A0000C3428688442EFD310A003F089FC00205C
:1054B00070BD000052542D54687265616420736899
:1054C000656C6C20636F6D6D616E64733A0A0000E9
:1054D0003C030020400300205F5F636D645F0000B9
:1054E000252D313673202D2025730A000A00000077
:1054F00002484FF4806107F00ABA0000E021002062
:105500002DE9FC4145880E884B880488B54206D0B9
:10551000CDE900632B462246284929A00BE01588D7
:10552000A54202D156889E420AD050882246CDE933
:10553000005022492FA0FDF7F9FC0120BDE8FC81B5
:1055400014804B885380002532E000242CE005FBBA
:10555000034356689FED310A06EB830383ED000A8F
:1055600000231CE04E88576805FB064E07EB8E07AC
:1055700005FB0C3CD0F804E003FB06460EEB8C0C5C
:1055800097ED000ADCED000AD1F804C05B1C0CEBBF
:10559000860696ED001A00EE810A87ED000AB0F843
:1055A00002C09C45DEDC641C4B88A342CFDC6D1C32
:1055B0000388AB42C9DC0020C0E7000080CB0100BB
:1055C00025733A206F7574206D75737420626520A1
:1055D0006D2A6E2078206E2A71206E6F7720697395
:1055E0002025642A256420782025642A25640D0A54
:1055F0000000000025733A206F7574206D75737478
:10560000206265202564782564206E6F7720697399
:105610002025647825640D0A0000000000000000C9
:10562000F0B50024DFED111A1BE002EB8406002325
:10563000C6ED001A11E004FB0535476896ED000A37
:1056400007EB8505D5ED000A01EB83055B1C95EDA5
:10565000001A01EE200A86ED000A45889D42EADC28
:10566000641C0388A342E0DCF0BD000000000000E1
:10567000F0B58FB00E46034600226946DFED131ADF
:105680001BE001EB82050020C5ED001A11E002FBD2
:1056900004045F6895ED000A07EB8404D4ED000A6A
:1056A00006EB8004401C94ED001A01EE200A85ED03
:1056B000000A5C888442EADC521C18889042E0DCD4
:1056C00082B2304606F0F4FF0FB0F0BD00000000DB
:1056D000F0B50F462DED028B89B00546B0EE608A1D
:1056E000F0EE408A164619461046109C01F02EFB3B
:1056F0006A462146304601F089FA9FED1A1A0322C4
:105700008DED031A8DED041A8DED058A03A9684607
:1057100007F0EAF80321B0EE680A684607F0B7F828
:105720000322394606A806F0C3FF0322694638461D
:1057300006F0A3FF03236A4606A9384606F088FF51
:10574000B6EE000A032128EE800A684607F09FF8AB
:1057500003226946284606F090FF09B0BDEC028B93
:10576000F0BD00000000000010B5002211E0002193
:105770000BE002FB03134468491C04EB830393ED25
:10578000000AB1EE400A83ED000A43888B42F0DC48
:10579000521C01889142EADC10BD000070B5FDF793
:1057A00051FB0948446809480578FDF74DFB0CB1E9
:1057B000A04706E02DB106A0FDF7B8FB4FF0FF3083
:1057C00070BD002070BD000058110020B8030020FB
:1057D00052462072756E74696D6520686F6F6B201C
:1057E0006D697373696E673A20636F6E6669675F90
:1057F0006368616E6765640D0A00000010B5C46BD4
:10580000096814F8600FF7F797FA0122207811461B
:10581000F7F706FB002010BD10B5C36B03290ED0AF
:10582000102905D0112914D193F86000002202E05C
:1058300093F8600001220121F7F7F2FA09E0B2F5CE
:10584000007F06D1C16C09685965806CC0F38F2058
:10585000D865002010BD2DE9F047C66B1746884675
:105860008146022B02D00020BDE8F08700241EE014
:105870003D1BFF2D00D3FF252A4641460020F7F7A8
:10588000F7FA002101220846F7F7CAFA642004F06B
:1058900009FF014696F8600000EBC00202EB001021
:1058A00006EB8000806D04F015F82C44A844BC423F
:1058B000DED3002211461046F7F7B2FA96F86000E0
:1058C000C0EBC00000EB400109EB8100042102F0B5
:1058D000EFFF3846C8E708B569460020F7F718FA21
:1058E00010B14FF0FF3008BD9DF8000008BD00006A
:1058F0000022024902A002F007BC0000ACCA01006D
:1059000070696E0070B51D4614460846FDF776FABC
:10591000B0B10C4914B1012C0DD103E042784FF025
:10592000011301E04278084B43EA0222837801EB3D
:105930008301C1F81025456001788078034A11542D
:10594000002070BD0060004001000200D400002073
:1059500010B50846FDF752FA00214160084610BD17
:1059600010B514460846FDF749FAE1B28078F5F71C
:105970001DF9002010BD10B514460846FDF73EFA8B
:10598000052C17D2DFE804F00306090C0F0041785C
:1059900004220AE04178002207E04178022204E074
:1059A0004178012201E041780922BDE81040002041
:1059B000F5F7B4B810BD0020202901DAF5F7E2B8F8
:1059C0007047202903DAD2B20020F5F7E3B8704718
:1059D00010B50020F7F7ECF9012010BDF8B5002153
:1059E000ADF80010002818D0D4266F46002441F2EC
:1059F000210500F592700023025D81EA02214A0030
:105A0000090400D56A405B1C1146082BF7D3641CBF
:105A1000B442F0D33A80BDF80000F8BD10B50400E0
:105A200007D0FFF7DBFFB4F8F811884201D101205D
:105A300010BD002010BD00281DD00321A0F82411A6
:105A4000A0F82611A0F85011A0F85211A0F8881162
:105A5000A0F88A11A0F8C011A0F8C21100F5967143
:105A6000C0F828112C31C0F854113831C0F88C110D
:105A70003831C0F8C4117047F8B50022ADF80020E5
:105A8000002816D06E46002541F221070CE0435D48
:105A9000002482EA03225300120400D57B40641CD8
:105AA0001A46082CF7D36D1C8D42F0D33280BDF816
:105AB0000000F8BD10B514210A48F2F7B1FC0949FD
:105AC000094C01204870606818B908A0FDF79BFADE
:105AD0006060207818B1012106A0FDF727FA0020A8
:105AE00010BD000064110020BC0300206E766D5FC5
:105AF0006D7478005B4E564D5D204E564D2073758B
:105B00006273797374656D20696E697469616C691B
:105B10007A6564202863757272656E74207665728A
:105B200073696F6E3D2575290D0A00002DE9F04758
:105B30008AB0060024D0314C6068FDF76CFA304D15
:105B40004FF4E02806A9A868401CA860404600F071
:105B5000D3F800276FF0010AB8B14FF4E22908A981
:105B6000484600F0C9F880B16A4608A906A801F0C5
:105B700029FA9DF8140050B122A0FDF7D7F913E0DF
:105B80004FF0FF300AB0BDE8F0872DA0F5E704988C
:105B900080B148464FF400723146FDF787F958B19D
:105BA00030A00499FDF7C2F9AF706068FDF72EFAD6
:105BB0005046E7E74046EDE7307F28700120A870A7
:105BC0009DF8190068719DF82100A8713046FFF713
:105BD00025FFE87010B92FA0FDF7A8F93046FFF7B0
:105BE0002AFF207820B1B28B37A00499FDF79EF9E7
:105BF0006068FDF70BFA0020C4E70000BC0300203A
:105C0000641100205B4E564D5F4552525D204E564A
:105C10004D2072656164206661696C6564202D2089
:105C20006E6F2076616C6964206461746120696EB6
:105C300020616E7920626C6F636B0D0A00000000BA
:105C40005B4E564D5F4552525D204E564D20666C60
:105C50006173682072656164206661696C65640DBA
:105C60000A0000005B4E564D5F4552525D204E5675
:105C70004D20726561642073656C65637465642092
:105C8000626C6F636B2564206661696C65640D0AE4
:105C9000000000005B4E564D5F4552525D2043614F
:105CA0006C6962726174696F6E20435243206D6942
:105CB000736D6174636820616674657220726561DA
:105CC00064210D0A000000005B4E564D5D204E56CB
:105CD0004D2072656164204F4B2066726F6D2062AB
:105CE0006C6F636B2564202876657273696F6E3DF7
:105CF0002575290D0A00000070B50C0006D04FF480
:105D0000007632461149FDF7D1F808B1002070BD88
:105D100000200E4D206060601835284601F038F9EB
:105D200020703146094801F021F960704FF4FC738E
:105D3000D4224FF49271054801F008F9A070A888A8
:105D4000A080E888E080012070BD0000781300206A
:105D500090ED000A704790ED000A70472DE9F04180
:105D6000050025D02A4C6068FDF755F94FF4007600
:105D7000324629462748F2F73AFB334601221821DA
:105D8000244801F015F94FF4FC73D4224FF49271BA
:105D9000204801F058F931461E4801F061F94FF4EE
:105DA000E0252846FDF77AF86FF0080750B903E0C0
:105DB0004FF0FF30BDE8F081324616492846FDF726
:105DC00081F808B114A00EE0F7F714F94FF4E225BA
:105DD0002846FDF763F828B932460E492846FDF7F4
:105DE00071F838B115A0FDF7A1F86068FDF70EF95C
:105DF0003846DFE71A48C168491CC160207810B1F5
:105E000018A0FDF793F86068FDF700F90020D1E7CE
:105E1000BC030020781300205B4E564D5F45525264
:105E20005D204E564D20426C6F636B302077726957
:105E30007465206661696C65640D0A005B4E564DA1
:105E40005F4552525D204E564D20426C6F636B3160
:105E5000207772697465206661696C65640D0A005B
:105E6000641100205B4E564D5D204E564D207772DA
:105E7000697465204F4B2028626F746820626C6FD4
:105E8000636B73290D0A000070B50E4604F0F0F83C
:105E9000054602F0EDF9346807E0A4F10C0004F0C7
:105EA000E7F8A84200DD05462468B442F5D102F0C7
:105EB000B9FA082D00DC05B90825284670BD000098
:105EC00010B5044602E003A002F07AFF641EFAD285
:105ED00010BD00002D0000000C4B10B5D868102933
:105EE00002D012290AD00EE02AB19968516059688F
:105EF0001160906007E04FF0FF3010BD196802FBA1
:105F00000010F4F79BFD002010BD0000680C00207D
:105F10000020704710B5F4F7ACFDF4F7A7FD054974
:105F20001022C860C1E901204FF4E0200860002081
:105F300010BD0000680C002010B505481C46134633
:105F4000006822460144184603F036F8204610BD8A
:105F5000680C002010B505481C4613460068224610
:105F600008441946F4F786FD204610BD680C002051
:105F700001A10FA0FCF7DABF32303135202D2032DD
:105F800030323620436F70797269676874206279A5
:105F900020536561204C616E6420546563686E6FA8
:105FA0006C6F677920436F2E2C204C74642E000098
:105FB00025730D0A0000000010B500F005F8BDE8DB
:105FC0001040FFF7D5BF00001CB576206421B0FB60
:105FD000F1F3B0FBF1F201FB13030A21B0FBF1F482
:105FE000B3FBF1F301FB140005A1CDE9000107A10A
:105FF00009A0FCF79BFFBDE81C400DA0FCF796BF75
:106000004A756E203134203230323600534C2D52D6
:1060100046313620494D55000D0A25732025642E42
:1060200025642E2564206275696C64202573000048
:106030000D0A000010B500211720FCF757FF0121C1
:10604000BDE810401820FCF751BF10B50021172003
:1060500003F0BCFA0121BDE81040182003F0B6BAE5
:1060600010B50121172003F0B1FA0021BDE810405E
:10607000182003F0ABBA38B50D4604001BD0D5B1DB
:1060800000E0641C20782028FBD00928F9D0F2F722
:10609000A1F900682178405C20280CD10A226946C9
:1060A0002046F2F7E5FC0099A14204D0002802DB6B
:1060B000B0F5803F01DB002038BD2880012038BDCD
:1060C00030B5144B41689A68114488420FD04C880F
:1060D0006CB9DC68A1420AD01C698C4200D11861FD
:1060E0004C6844604D6802F10801841A6C50816864
:1060F000114481420CD04C88002C09D11C69844287
:1061000000D1196143684B60891A40680832815098
:1061100030BD0000200200202DE9FF4F9B46DDE945
:106120000DE50F9CA846630601D5454B01E0444BA5
:10613000113B9946E30601D524F00104E30701D0A1
:10614000302300E020239A460026A3070BD5002A1F
:1061500002DA2D26524206E0630701D52B2602E023
:10616000230700D52026002322B930228DF80020F5
:1061700001230CE0BBF10A0F14D002F00F0C12093E
:1061800019F80CC00DF803C05B1C002AF2D1AB4219
:1061900000DD1D46AEEB050214F0110F4FF0200C90
:1061A00008D015E00A27B2FBF7FC07FB1C2CB2FB5A
:1061B000F7F2E5E746B1002A06DD521E04E0884208
:1061C00001D880F800C0401C171EA2F10102F6DCC5
:1061D00026B1884201D80670521E401CE40605D53F
:1061E00008E0884201D880F800A0401C141EA2F1EB
:1061F0000102F6DC30242E466D1E9E420ADD8842E6
:1062000000D80470401CF6E7884201D8E55C0570B0
:10621000401C00E06C461D1EA3F1010308DDB8F12F
:10622000000FF1D104E0884201D880F800C0401C82
:10623000131EA2F10102F6DC04B0BDE8F08F0000ED
:10624000D7CC010010B5417892B0012947D101782F
:106250004C1E891E3F293FD2811C22466846F2F718
:10626000C6F80022694600E0641E002C0A5506DDCF
:10627000081910F8010C0D28F6D00A28F4D010A93E
:106280006846FAF705F838B39DF84010154A012919
:1062900002F1200006D0022910D003291CD1F6F704
:1062A000C5FB19E0BDF84210FF2915D852F8D03FC0
:1062B000C9B223F47F0343EA01410AE0BDF842106A
:1062C000FF2909D852F8D03FC9B223F47F4343EAEB
:1062D00001211160FFF742FD03490120087012B04F
:1062E00010BD0000080900200400002070B5002443
:1062F000FCF7A8FD214DA88818B1A888401EA880E9
:106300000124FCF7A1FD2CB31D48FAF725F868B16C
:10631000FCF798FDA8884FF6FF71884202D2A88842
:10632000401CA880BDE87040FCF78EBD14480124D5
:1063300084384470A97881700021C17003210170F4
:106340000146A868FCF753FE002816D0FCF77AFD3A
:106350002C70E7E7FCF776FD0948448BFCF774FDE9
:10636000002C0AD00648FAF72CFA002805D0001DA8
:1063700003D00448C168491CC16070BD04000020FE
:10638000EC040020C40700200048704764CD0100E1
:1063900070B50C46050005D024B14C2A05D26FF02B
:1063A000010070BD4FF0FF3070BD4C212046F2F768
:1063B00037F8912020702878607004F1080069682F
:1063C00006F0FEFA002005EB800104EB80028968EC
:1063D000401CD1600328F6DB002005EB800104EBB4
:1063E00080024969401C91610328F6DB002005EB1F
:1063F000800104EB8002096A401C51620328F6DB2D
:10640000002005EB800204EB8001D26A401C0A6385
:106410000328F6DB002005EB800204EB8001926B81
:10642000401CCA630428F6DB4C2070BD70B50C46D6
:106430002DED048B060007D034B11C2A07D26FF073
:106440000100BDEC048B70BD4FF0FF30F9E79320E5
:1064500020703078607000259FED408ADFED408A23
:106460009FED409A06EB850090ED020A60EE080A67
:10647000B0EE680AF7F78EFBF0EE400AB0EE490A7C
:10648000F7F764FBBDEEC00A10EE100A01B204EB90
:106490004500801C06F090FA6D1C032DE2DB002500
:1064A000B2EE048A06EB850090ED080A60EE080A59
:1064B000B0EE680AF7F76EFBF0EE400AB0EE490A5C
:1064C000F7F744FBBDEEC00A10EE100A01B204EB70
:1064D0004500083006F070FA6D1C032DE2DB002544
:1064E00006EB850090ED050A60EE080AB0EE680A3A
:1064F000F7F750FBF0EE400AB0EE490AF7F726FB3B
:10650000BDEEC00A10EE100A01B204EB45000E30D9
:1065100006F052FA6D1C032DE2DB002506EB850028
:10652000B0EE680AD0ED0E0A60EE800AF7F732FB93
:10653000F0EE400AB0EE490AF7F708FBBDEEC00ADC
:1065400010EE100A01B204EB4500143006F034FAE4
:106550006D1C042DE2DB1C2073E7000000007A4470
:1065600000FEFF4600FEFFC62DE9F0410C462DED72
:10657000048B050008D03CB12F2A08D26FF001002F
:10658000BDEC048BBDE8F0814FF0FF30F8E79020C0
:10659000207028786070A0200326A07000279FED4F
:1065A000658ADFED658A9FED659A05EB870090EDC2
:1065B000020A60EE080AB0EE680AF7F7EBFAF0EEAE
:1065C000400AB0EE490AF7F7C1FABDEEC00A10EE74
:1065D000100A01B2A01906F0EFF9B61C7F1CB6B282
:1065E000032FE2DBB020A055761CB6B20027B2EE36
:1065F000048A05EB870090ED050A60EE080AB0EE0C
:10660000680AF7F7C7FAF0EE400AB0EE490AF7F762
:106610009DFABDEEC00A10EE100A01B2A01906F0F4
:10662000CBF9B61C7F1CB6B2032FE2DBC020A0550D
:10663000761CB6B20027F0EE689A05EB870090ED65
:10664000080A60EE080AB0EE690AF7F7A3FAF0EE5E
:10665000400AB0EE490AF7F779FABDEEC00A10EE2B
:10666000100A01B2A01906F0A7F9B61C7F1CB6B239
:10667000032FE2DBD020A05595ED0C0ADFED308A28
:10668000761CB6B260EE280AB0EE690AF7F782FA15
:10669000F0EE400AB0EE490AF7F758FABDEEC00A2C
:1066A00010EE100A01B2A01906F086F995ED0B0A5A
:1066B000B61CB6B260EE280AB0EE690AF7F76AFABD
:1066C000F0EE400AB0EE490AF7F740FABDEEC00A14
:1066D00010EE100A01B2A01906F06EF995ED0D0A40
:1066E000B61CB6B260EE080AB0EE690AF7F752FAC5
:1066F000F0EE400AB0EE490AF7F728FABDEEC00AFC
:1067000010EE100A01B2A01906F056F9B61CB0B28C
:10671000D1212154401C81B20020631805EB800276
:10672000091D926B401C1A6089B20428F5DB0846EB
:1067300026E7000000007A4400FEFF4600FEFFC688
:106740000000C8422DE9F04115465FEA01080746FE
:106750001E464FF0000418D0BDB1F80707D01A4606
:1067600029464046FFF714FE00280CDB0446780556
:1067700008D5301B82B229194046FFF757FE002882
:1067800001DB04442046BDE8F0814FF0FF30FAE71A
:1067900010B50C462DED0A8B4FF07E53F7EE001A24
:1067A000BFEE001AB0EE00CAD0ED009A90ED019A4B
:1067B000D0ED028A90ED038A734972B1012A78D133
:1067C00028EE880A09EE890A20EE0CAA1AEE100AB1
:1067D000984272DDB0EE61AA75E029EE080AF8EE83
:1067E000000A09EEE80A20EE20AA1AEE100A9842E2
:1067F00002DDB0EE61AA05E01AEE100A884201D966
:10680000B0EE41AA69EEA9AAB0EE6A0A09EE090A39
:1068100008EEE80A08EE480A10EE100AF2F732FB1A
:1068200029EE280A41EC1B0B09EE880A20EE0C0A1F
:1068300010EE100AF2F726FB41EC100BB0EE4B1AEB
:10684000F0EE6B1AF6F7D0FF51EC100BF2F746FBA7
:10685000A0601AEE100AF2F715FB41EC100BF6F7E8
:10686000A7FC51EC100BF2F739FB49EE49AA606026
:1068700048EEE8AA48EE08AA1AEE900AF2F702FBE0
:1068800028EE880A41EC1A0B09EE890A20EE0C0A60
:1068900010EE100AF2F7F6FA41EC100BB0EE4A1ABD
:1068A000F0EE6A1AF6F7A0FF51EC100BF2F716FBA8
:1068B0002060BDEC0A8B10BDFFE71AEE100A88427B
:1068C00001D9B0EE41AA69EEA9AA49EE49AAB0EEF3
:1068D0006A0A08EEA80A08EE480A10EE100AF2F753
:1068E000D1FA29EE280A41EC1B0B09EEC80A20EE6A
:1068F0000C0A10EE100AF2F7C5FA41EC100BB0EEDC
:106900004B1AF0EE6B1AF6F76FFF51EC100BF2F723
:10691000E5FA00EE100A1AEE100AB1EE400A84ED14
:10692000020AF2F7AFFA41EC100BF6F741FC51EC1A
:10693000100BF2F7D3FA48EEE8AA606048EE08AA16
:106940001AEE900AF2F79EFA29EE080A41EC1A0BA9
:1069500009EEE80A20EE0C0A10EE100AF2F792FA9D
:1069600041EC100BB0EE4A1AF0EE6A1AF6F73CFF53
:1069700051EC100BF2F7B2FA00EE100AB1EE400A39
:1069800084ED000A95E70000000080BF70B50D009F
:106990002DED028B044605D028886988884201D1F4
:1069A000032800D0FEE794ED020AF7EE008AB0EE6D
:1069B000008A60EE000AB0EE680A0022114600EE7E
:1069C000C80AD4ED030A284660EEA00A00EEC80A01
:1069D000FEF73FFB94ED010AD4ED020A94ED031A91
:1069E000002220EE200AD4ED000A0121284600EE04
:1069F000810A20EE080AFEF72CFB94ED010AD4ED83
:106A0000030A94ED021A002220EE200AD4ED000AB7
:106A10000221284600EEC10A20EE080AFEF719FB03
:106A200094ED010AD4ED020A94ED031A012220EE3E
:106A3000200AD4ED000A0021284600EEC10A20EE0B
:106A4000080AFEF706FBD4ED010AB0EE680A01223F
:106A500060EEA00A1146284600EEC80AD4ED030AEB
:106A600060EEA00A00EEC80AFEF7F3FA94ED020AFF
:106A7000D4ED030A0122022120EE200AD4EC020AFE
:106A8000284600EE810A20EE080AFEF7E2FA94EDAD
:106A9000010AD4ED030A94ED021A022220EE200A24
:106AA000D4ED000A0021284600EE810A20EE080AF3
:106AB000FEF7CFFA94ED020AD4ED030A0222012177
:106AC00020EE200AD4EC020A284600EEC10A20EE8D
:106AD000080AFEF7BEFAD4ED010AB0EE680A2846AD
:106AE00060EEA00A0222114600EEC80AD4ED020AA6
:106AF00060EEA00A00EEC80ABDEC028BBDE8704053
:106B0000FEF7A7BAB7EE000A80ED000A9FED040A6F
:106B100080ED010A80ED020A80ED030A7047000053
:106B20000000000091ED000AD0ED000A90ED011A7E
:106B300020EE200AD1ED010A00EEC10AD1ED020AD1
:106B400090ED021A00EEC10AD1ED030A90ED031A8E
:106B500000EEC10A82ED000A91ED000AD0ED010AB3
:106B600090ED001A20EE200AD1ED010A00EE810A14
:106B7000D1ED020A90ED031A00EEC10AD1ED030A2D
:106B800090ED021A00EE810A82ED010A91ED000AF1
:106B9000D0ED020A90ED031A20EE200AD1ED010A91
:106BA00000EE810AD1ED020A90ED001A00EE810A92
:106BB000D1ED030A90ED011A00EEC10A82ED020A3E
:106BC00091ED000AD0ED030A90ED021A20EE200AA2
:106BD000D1ED010A00EEC10AD1ED020A90ED011AD1
:106BE00000EE810AD1ED030A90ED001A00EE810A51
:106BF00082ED030A70471FB503466A46FFF792FF0E
:106C000004226946184605F053FD1FBDD1ED004A28
:106C100090ED002A91ED014AD0ED013A22EE241ABE
:106C200090ED023A91ED020A62EE040A63EEE41A74
:106C3000D0ED032A03EE001A42EEA40A43EE441AF2
:106C400002EEC41A43EEC00A42EEC01A22EE000A57
:106C500021EE022A03EE840A01EEE32A03EE640A1F
:106C600000EEE22A00EE032A82ED002A90ED002ACF
:106C7000D0ED022A20EE822A01EEE22AD0ED012A8E
:106C800000EE622AD0ED032A01EE222A82ED012ACB
:106C900090ED002A20EE020A90ED032A01EEC20ACE
:106CA000D0ED021A01EE610A90ED011A00EE810AA0
:106CB00082ED020A7047000010B50446042105F079
:106CC00085FD10EE100A204988421CDDB7EE001A3F
:106CD000C1EE000A94ED000A20EE200A84ED000ABD
:106CE00094ED010A20EE200A84ED010A94ED020AD7
:106CF00020EE200A84ED020A94ED030A20EE200A19
:106D000084ED030A02E02046FFF7FCFE94ED000A42
:106D1000B5EEC00AF1EE10FA15D2B1EE400A84EDDC
:106D2000000A94ED010AB1EE400A84ED010A94EDE7
:106D3000020AB1EE400A84ED020A94ED030AB1EEB4
:106D4000400A84ED030A10BD6F12833A1FB5044652
:106D5000684603F013FF69462046FFF74CFF2046C4
:106D6000FFF7AAFF1FBD0000094B012142F210707E
:106D7000D9601961074901E0401E02D30A68002A60
:106D8000FAD10020C3F80001C3F80C0170470000DD
:106D900000100040501500402DE9F04F90462DEDB9
:106DA000028B89B08A468346DFED418A032103A81E
:106DB000B0EE688AB0EE480A05F077FDB0EE480AFA
:106DC000032106A805F071FD00253A4F2C464FF02F
:106DD0000109D7F8E81209FA04F0014225D1364E2C
:106DE00001236A4656F82400194601F0AFF9032240
:106DF000694606A805F041FC56F8240001236A46BE
:106E0000002101F0A3F90322694603A805F035FC2F
:106E100056F8240001236A46032101F097F9DDEDBD
:106E2000000A6D1CEDB230EE888A641C042CD0DBA5
:106E300035B300EE105AF7EE008A5146F8EE400ADC
:106E400006A888EEA00AF0EE080A05F009FD00EE9B
:106E5000105A594603A8F8EE400A88EEA00AF0EE50
:106E6000080A05F0FDFC00EE105AB8EE400AC8EE24
:106E7000000AC8ED000A09B0BDEC028BBDE8F08F36
:106E8000B0EE688A0321B0EE480A504605F00DFDC9
:106E9000B0EE480A0321584605F007FD88ED008A48
:106EA0000F20C7F8E8020548C168491CC160E2E745
:106EB000000000000809002044170020F80300200B
:106EC0002DE9FC4104888C4201DB94420ADACDE9C9
:106ED00000420B462246104910A0FCF727F801207B
:106EE000BDE8FC81002411E002FB0543466806EB87
:106EF000830701FB054306EB8303D7ED000A93EDFF
:106F0000001A641C41EE400AC7ED000A4588A542FC
:106F1000EADC0020E4E7000084CB010025733A207E
:106F2000726F775B25645D203C20412D3E64617467
:106F30005B25645D207C7C20726F775B25645D201F
:106F40003C20625B25645D0D0A00000070B51D46A3
:106F5000040009D060181146FEF78EFD61190988FA
:106F6000884201D1012070BD002070BD70B50400C1
:106F70000CD004290AD3091F8DB22946FEF77CFDE7
:106F800061190988884201D1012070BD002070BDBF
:106F9000002808D0054A0168914203D1808808B1D1
:106FA000FF2801D90020704701207047314D564E0F
:106FB000002804D00844024901608280C3807047E1
:106FC000314D564E2DE9F0410D46064614002FD0A6
:106FD00018211046F1F724FA4FF0FF3020611EB15E
:106FE00030682060706860601DB12868A0606868C3
:106FF000E0601EB1707808B1012000E000201DB1F2
:10700000697809B1012100E0002108424FF0010335
:107010004FF000020ED0B088A98801280BD00129BA
:1070200002D081420AD806E0012807D103E0227588
:10703000BDE8F08108B12261F9E709B12361F6E703
:10704000F9202075F4E770B51D46040007D06018DC
:107050001146FEF711FD6055000A6119487070BDB8
:1070600070B505000DD004290BD3091F8CB2214641
:10707000FEF702FD2855010A281941700021817090
:10708000C17070BD10B504462DED028B00209FED40
:107090000B8AC4F8D8020A48B0EE480AFDF7B9FFD7
:1070A000002104EB8102491C82EDB78A82EDBA8A85
:1070B0000329F6DBBDEC028B10BD000000000000D0
:1070C000601A00202DE9F0479AB013A8F4F7A6FE45
:1070D00008A805F029FC00F091F96E4F81460120C7
:1070E00078646D4806686D4D4FEA560805F53674AC
:1070F000D5F83432A269616920690DF1040A8AE881
:107100000F00E0680090A36862682168644801F09D
:1071100057FE20682168C0F30010C1F3C001CDE91B
:1071200000102068C0F380032068C0F3400220688C
:1071300000F001015BA001F043FE7804D0F80433B5
:10714000D0F808216548016865A001F039FE28469D
:10715000F9F71BF96B8B0146D5E990028DE80D001C
:10716000D5E98E236A4801F02BFE95F89F3195F8FA
:10717000A12195F8A011D5F84C028AE80F0095F8E6
:1071800048020090D5E989136248D5F82C2201F015
:1071900017FE226CE16BA06A8DE80700636A226A21
:1071A000E1695D4801F00CFE94F8392094F838103C
:1071B000606B8DE80700236BE26A4946574801F08F
:1071C000FFFD62685648016856A001F0F9FDF4F72A
:1071D00037FE0446FBF72EFF01465A480268234655
:1071E00059A001F0EDFDD7F80022D7F80413D7F825
:1071F00040018DE807002848001F016843463246D9
:107200005C4801F0DDFD16AB93E807008DE8070050
:10721000DDE9131358A0159A01F0D2FD0FAC94E8E4
:107220000F0004AC84E80F00DDE90923DDE90D015E
:107230008DE80F00DDE90B235C48089901F0C0FDE3
:107240005BA005F025F882465BA005F021F8814699
:107250005BA005F01DF880465AA005F019F8074616
:1072600059A005F015F8064658A005F011F8054696
:1072700057A005F00DF80446FEF73AF98DE8C0076F
:1072800001462B462246544801F09AFD1AB0BDE84B
:10729000F087000000A0014044A50140EC0400205C
:1072A0005CD4010072665F646961675F72657365D3
:1072B000742070696E3D257520646F673D257520CB
:1072C000737265713D2575206C6F636B75703D251C
:1072D00075206F66663D25750A00000000000020DD
:1072E00072665F646961675F706F77657220706F47
:1072F000667761726E3D2575206576743D25752033
:10730000696E74656E3D3078253038780A0000006B
:10731000BCD4010074D50100C4D3010010D4010015
:107320005004002072665F646961675F74335F694F
:107330007372207261773D25752063623D25750A61
:10734000000000005015004072665F646961675F6D
:10735000726164696F2073746174653D256420688F
:10736000775F73746174653D257520667265713D44
:1073700025750A00CCD5010072665F646961675F9C
:107380006472762073775F74783D25752F2575209C
:1073900073775F72783D25752F25752073656E6450
:1073A0005F746F3D25752F25750A000014D5010007
:1073B0007063746C000000006873693300000000A3
:1073C0006F757400617400006C656400726664001F
:1073D0006D61696E0000000054D3010010B5FAF72A
:1073E00025F9BDE8104001A001F0EABC64696167BD
:1073F00020636C65617265640A00000010B5FBF7DC
:1074000075FE041E09D0FBF76FFE4FF47A71A0FBE6
:10741000010122460023F0F7ABFF10BD70B50388D1
:107420008B4201DD934205DC124913A0FBF77EFD80
:10743000012070BD002317E001FB0436456802FB04
:10744000043405EB840405EB8606D4ED000A96EDC2
:10745000000AC6ED000A4588446802FB053504EBC6
:1074600085045B1C84ED000A44889C42E4D800201B
:1074700070BD00009DCB010025733A20696E7661D6
:107480006C696420706172616D0D0A001CB5142175
:107490001520CDE900014FF480630022064907A0C2
:1074A00002F0FCFE18B103F063F8002802D001F0EE
:1074B00093F8FEE71CBD00003D43010074696E694E
:1074C00074000000002070472DE9F0411D4604467D
:1074D0001C294FD00EDC16297DD006DC04292CD0C7
:1074E000142979D015291ED10FE1172975D01B2930
:1074F000F9D12EE03C2942D006DC1D2947D01E29B7
:107500006CD01F29EFD16DE03D2906D03E29EAD18C
:10751000B62314220021F9F7F3FE94F85801FA2853
:1075200005D01E2806D012E1012120461FE0B62317
:107530001422F9E7B6237E22F6E720231122002148
:10754000F9F7DEFE94F85801FA28ECD180231122D5
:10755000EAE794F85811FA2902D01E2904D0F6E07F
:1075600090F86D313E2201E0B0237E220121F9F72F
:10757000C7FEECE03E2290F86E310021F7E7002DC7
:10758000D1D0002ACFD0107884F86C01DFE094F8D5
:107590005B010DB102B1107894F85811FA2902D0AC
:1075A0001E2906D00AE0024621460846F9F7FCFCEF
:1075B00004E0024621460846F9F75BFD0121D4F8B4
:1075C000500101F0F1FF2346624A0021D4F8500136
:1075D00001F0CCFF03E0ADE082E0B2E064E0D4F87B
:1075E000500179E094F85801FA2878D10227012651
:1075F000022D04D31AB11078567800F00307052342
:10760000202201212046F9F77BFE04232A220121B2
:107610002046F9F775FE01232B2219462046F9F77B
:107620006FFE00231E2201212046F9F769FE002388
:10763000112201212046F9F763FE002312220121C5
:107640002046F9F75DFE0023192201212046F9F7B3
:1076500057FE00231A2201212046F9F751FE042388
:107660001B2201212046F9F74BFE07231622012198
:107670002046F9F745FE0023172201212046F9F79D
:107680003FFE0023182201212046F9F739FE3B4630
:10769000272201212046F9F733FE33462822012113
:1076A0002046F9F72DFE89E794F85A010DB102B191
:1076B0001078214602460846F9F70FFD0121D4F85B
:1076C000540101F071FF2346234A0021D4F85401EC
:1076D00001F04CFFD4F85401012101F059FF36E0CC
:1076E0000DB302B394F85801FA2802D01E2806D030
:1076F0002DE0214612780846F9F76CFD27E0214677
:1077000012780846F9F79AFD21E065B15AB194F86C
:107710005801FA2802D01E2806D018E02146127817
:107720000846F9F76FFD12E0214612780846F9F78E
:1077300097FD0CE05DB152B112780146F9F7ACFD4E
:1077400005E025B11AB112780146F9F7BDFD2846CA
:10775000BDE8F081870F010077110100002070471C
:1077600070B50024054622462146F9F71EFD402645
:1077700085F859010F284AD10023112219462846BD
:10778000F9F7BEFD01233C2200212846F9F7B8FD98
:107790000A2002F099FE3C2200212846F9F705FD57
:1077A00000233C2219462846F9F7AAFD2946032260
:1077B0000846F9F771FD294603220846F9F784FDCA
:1077C0000023284685F86E6115221946F9F798FDC1
:1077D00000231E2219462846F9F792FD002317229E
:1077E00019462846F9F78CFD002318221946284629
:1077F000F9F786FD0023192219462846F9F780FD7E
:107800000023132219462846F9F77AFD01240022A5
:1078100001212846F9F7C9FC002201212846F9F781
:10782000C4FC1E2807D0002201212846F9F7BDFC20
:10783000FA2820D040E085F8580104237D22012158
:107840002846641CF9F75CFD0A2002F03DFE002387
:107850007C2201212846F9F753FD0A2002F034FE6C
:10786000294603220846F9F7E9FC29460122084681
:10787000F9F7F6FC20E0294685F85801022208466F
:10788000641CF9F7BFFC294605220846F9F7A2FC5B
:10789000284685F86D61002316220121F9F730FD95
:1078A0000023172201212846F9F72AFD0023182278
:1078B00001212846F9F724FD022C01D0082070BDD3
:1078C000002070BD2DE9FE4F1E460446154600F10E
:1078D000480ADFB20A297DD00BDC4FF0060204F122
:1078E000C00979B1012955D0032974D0092943D1A0
:1078F0008AE0142970D015296FD016296ED0172967
:10790000F5D1B7E194F85801FA2836D00720009055
:107910004B46122201212046F9F736FC01A904F159
:10792000C100F9F721FC94F86C1101A8F8F733FBBA
:10793000BDF90400D4ED570A00EE100AB8EEC00AF3
:1079400020EE200A85ED000ABDF90600D4ED570AA5
:1079500000EE100AB8EEC00A20EE200A85ED010AFA
:10796000BDF90800D4ED570A00EE100AB8EEC00ABF
:1079700020EE200A85ED020A76E100924B464F4642
:10798000022201212046F9F7FFFB01A93846F9F749
:10799000DDFAC8E7534600921F4602220021204626
:1079A000F9F7F2FB01A93846F9F7DEFB94F86C1100
:1079B00001A8F8F7F0FABDF90400D4ED580A00EE7A
:1079C000100AB8EEC00A20EE800A85ED000AD4ED58
:1079D000580A04E0D2E02EE140E142E147E1BDF97E
:1079E000060000EE100AB8EEC00A20EE800A85ED0F
:1079F000010ABDF90800D4ED580A00EE100AB8EEED
:107A0000C00A20EE800AB5E794F85801FA2818D089
:107A1000002B73D0384614220121F9F7BDFAC0EBD0
:107A2000C006761C804684F85B018E2E00D98E2617
:107A30004B462622012120460096F9F7A5FB002798
:107A400098E00E2201212046F9F7AFFB00F07F08F5
:107A5000CEB1384614220121F9F79EFA0646414676
:107A6000B04500D20E46002E86D006EB460084F8C4
:107A70005B61400000904B463F2201212046F9F710
:107A800083FB002736E094F85B01E3E707EB470848
:107A900004EB480001A9C030F9F758FA94F86C11CA
:107AA00001A8F8F778FABDF90400D4ED570A00EE02
:107AB000100A05EB88007F1CB8EEC00A20EE800A91
:107AC00080ED000ABDF90610D4ED570A00EE101A39
:107AD000B8EEC00A20EE800A80ED010ABDF9081058
:107AE000D4ED570A00EE101AB8EEC00A20EE800A54
:107AF00080ED020AB742C9D3B6E0FFE794F85B0114
:107B000089E7C7EBC700C11D801CB14234D22044B5
:107B100001A9C030F9F728FB94F86C1101A8F8F717
:107B20003AFABDF90400D4ED570A00EE100A07EB4B
:107B3000470005EB8000B8EEC00A7F1C20EE800AEB
:107B400080ED000ABDF90610D4ED570A00EE101AB8
:107B5000B8EEC00A20EE800A80ED010ABDF90810D7
:107B6000D4ED570A00EE101AB8EEC00A20EE800AD3
:107B700080ED020A4745C4D33E4675E00E2200213F
:107B80002046F9F712FB00F07F08C6B138461422F0
:107B90000121F9F701FA06464146B04500D20E46EA
:107BA000F6B306EB460084F85A6140000090534655
:107BB0003F2200212046F9F7E7FA002738E094F841
:107BC0005A01E4E707EB470804EB480001A94830F5
:107BD000F9F7CAFA94F86C1101A8F8F7DCF9BDF9C5
:107BE0000400D4ED580A00EE100A05EB8800B8EE48
:107BF000C00A20EE800A80ED000ABDF90610D4ED1F
:107C0000580A00EE101AB8EEC00A20EE800A80ED85
:107C1000010ABDF90810D4ED580A00EE101A00E070
:107C200022E0B8EEC00A7F1C20EE800A80ED020A36
:107C3000B742C7D318E0082200212046F9F7B5FA69
:107C400040B200EE100AB6EE001AF8EEC00AB3EE2B
:107C5000070A00EE810A85ED000A05E0B4F8660126
:107C600001E0B4F8640128603046BDE8FE8FB4F846
:107C70006A01F8E7B4F86801F5E770B504460068F2
:107C8000012816D0F0F7C8FA0546012001C4206883
:107C9000A04204D12846BDE87040F0F7C1BA1438BC
:107CA00002F01AFC2846F0F7BBFABDE8704001F07C
:107CB00049BD70BD10B50446F0F7AEFA002102C40C
:107CC00064602460BDE81040F0F7AABA2DE9F341E2
:107CD0000646002402F026FC0546F0F79DFA804691
:107CE00030680027012824D0019848B328462F6324
:107CF00002F054FCB16805F11404301D0C60B16849
:107D0000A961B46068610198002809DD05F14C00A3
:107D100001AA0021044602F035FD204602F07AFD5A
:107D20004046F0F77DFA01F00DFD2C6BF0F774FA88
:107D3000804637604046F0F773FA2046BDE8FC8184
:107D40006FF00104F6E7000001480068704700008A
:107D50001802002070B5084D2E6800F056F9040096
:107D600008D0286808B100F038F94321204600F017
:107D700077F92C60304670BD1802002010B5036200
:107D800001800446428000202081608104F11000BF
:107D9000606120610830E061A061C80001F08EF8E8
:107DA000E06008B1002010BD6FF0040010BD70B598
:107DB00015460E460446F0F72FFA21896289914252
:107DC00004D1F0F72DFA6FF0030070BD2288B1FBEB
:107DD000F2F302FB1311E26852F83110316021898D
:107DE0002288B1FBF2F302FB1311042202EBC10162
:107DF000E26851582960F0F713FA002070BD2DE9B0
:107E0000FF5F0446002502F08DFB0646F0F704FAFA
:107E10008146002706F1140A04F1180B06F14C08FC
:107E200022E00398E8B13046376302F0B7FB5146D1
:107E3000584601F005F80398002807DD03AA002141
:107E4000404602F09FFC404602F0E4FC4846F0F752
:107E5000E7F901F077FC356BF0F7DEF981461DB1EB
:107E60003DE06FF001053AE0208961898842D8D071
:107E7000218880B2B0FBF1F201FB1200E16851F8F9
:107E800030100198016020892188B0FBF1F201FBDC
:107E90001201042000EBC100E1680958029801605A
:107EA0002089401C80B220816189081A618888423B
:107EB00015DC04F1100000F0DFFF30B14846F0F7A8
:107EC000AFF9226AA2B1032110E02069143802F050
:107ED00003FB4846F0F7A4F901F034FCF1E748460B
:107EE000F0F79EF925B9226A12B101212046904788
:107EF00004B02846BDE8F09F2DE9FF5F0446002549
:107F000002F010FB0646F0F787F98146002706F1DC
:107F1000140A04F1100B06F14C0822E00398E8B1B2
:107F20003046376302F03AFB5146584600F088FF6E
:107F30000398002807DD03AA0021404602F022FC36
:107F4000404602F067FC4846F0F76AF901F0FAFB98
:107F5000356BF0F761F981461DB126E06FF0010540
:107F600023E060892189401A21888842D6D060891F
:107F700089B2B0FBF1F201FB1201E268019842F80C
:107F8000310060892188B0FBF1F201FB120004216D
:107F9000E26801EBC001029850506089401C60818A
:107FA00004F1180000F068FF20B14846F0F738F9F6
:107FB00055B10EE0A069143802F08EFA4846F0F789
:107FC0002FF901F0BFFB04E0226A12B10221204622
:107FD000904704B02846BDE8F09F10B50446002045
:107FE000A17E29B1491E11F0FF01A17603D010BD79
:107FF0004FF0FF3010BDE16A21B12046884708B13B
:10800000811DF7D10021218310BD2DE9F0410746E4
:1080100002F088FA08B100F02BF9082001F066FAA6
:1080200050F8044F064608E0A4F10C050822394632
:10803000284602F025F850B12468B442F4D102F089
:1080400071FA08B100F0EEF90020BDE8F08102F00D
:1080500069FA08B100F0E6F92846F6E70020704713
:1080600070B50446807D00250E46C0060FD4616AB7
:1080700049B120468847050005D00246214614A094
:1080800000F09EFE21E0E08A40F01000E082A07D3A
:10809000000705D5207E000702D56FF0060070BDF1
:1080A000A26A3AB1314620469047050006D0A81D85
:1080B00004D00AE040F60F7006402683208B40F083
:1080C00008002083A07E401CA076284670BD0000DA
:1080D000546F20696E697469616C697A65206465A2
:1080E000766963653A2573206661696C65642E2044
:1080F000546865206572726F7220636F64652069D1
:10810000732025640A00000010B50C460B491223A9
:108110000B750023CB610B624B628B62CB62084B09
:108120000B63084B4B63084B0C64C1E90E320146EC
:108130000322024800F01CF8002010BD601E002041
:1081400053F8000071F8000039F8000010B5847E83
:108150002CB1046B34B1A446BDE8104060474FF029
:10816000FF3001E06FF0050001F0E8FD002010BDD8
:108170002DE9F041164604000F464FF0FF3503D0BD
:108180000846FFF742FF10B12846BDE8F0813A46A5
:108190000821204601F0BCF9E6820020A076208369
:1081A000F3E7C1610020704701620020704710B5FD
:1081B000847E2CB1446B34B1A446BDE810406047C6
:1081C0004FF0FF3001E06FF0050001F0B7FD002037
:1081D00010BDC16C8B88CA88934208D1896819B1D7
:1081E000806CC0F38F2070474FF00000704702D9B9
:1081F000A3EB02007047806CA2EB0301C0F38F2059
:10820000A0EB0100704730B5C26C01249388D5887B
:10821000194489B29D4291800ED8836CC3F38F2399
:10822000994217D3B1FBF3F503FB15119180D38865
:1082300099420FD3946010E0D38899420AD3836C9B
:10824000C3F38F239942F5D3B1FBF3F503FB15116B
:108250009180EFE79168012901D19188D180806CEC
:10826000D188C0F38F20814201D30020D08030BD5F
:1082700010B5EFF7D1FF044A5188491C5180BDE881
:108280001040EFF7CDBF0000D402002010B50C461F
:108290000146032001F0CAF8002806D0447200F11C
:1082A0001401816141610021C16110BD2DE9FF47C9
:1082B0000546DDF8308017460E004FF0FF3057D0EE
:1082C00002F030F90021044601632D48016809B12C
:1082D00028468847EFF7A0FF8146F80704D0E869F1
:1082E00036EA000005D011E0B8070FD5E869304242
:1082F0000CD0B8F1000F03D0E8693040C8F8000096
:1083000078072CD5E869B043E86128E0039890B37A
:10831000E66384F840706A7A214605F1140000F0A3
:1083200027FD0398002809DD04F14C0003AA002171
:10833000064602F027FA304602F06CFA4846EFF79C
:108340006FFF01F0FFF9206B002811D1EFF764FFF8
:108350008146B8F1000F02D0E16BC8F80010484622
:10836000EFF75EFF0748016809B128468847206B90
:1083700004B0BDE8F087FFE76FF001002063EEE78F
:10838000480200204C0200202DE9F0470D00044671
:108390004FF0FF3712D00026EFF73EFF8146E0692D
:1083A0002843E0611E48016809B12046884704F16E
:1083B0001400804600F04BFD18B128E03846BDE8B7
:1083C000F087656921E095F82C20A5F11400394665
:1083D000D30705D0C26BE3699A4309D1002107E0B6
:1083E000920705D5C26BE3691A4001D0C263F5E775
:1083F0002D6851B990F84010490703D5E169C26B67
:108400009143E16102F068F801264545DBD1484619
:10841000EFF706FF0EB101F095F90020CFE700005D
:108420005002002010B5EFF7F7FE094A5188491EA7
:1084300009B25180002907DC00215180EFF7F0FEDE
:10844000BDE8104001F07EB9BDE81040EFF7E8BE8E
:10845000D402002070B5040035D01B4D696801B10D
:108460008847A86884422ED3E86884422BD24FF014
:10847000FF3116480C3C01F02DFA60884FF4F55698
:1084800010B12088B04208D011A000F099FC2388D8
:108490006288214615A000F093FC002060802680B1
:1084A0002869844200D22C61A9686068611A401A68
:1084B000A969081AA8612046FDF702FEBDE87040D0
:1084C000024801F0E1B970BD20020020A00E00209A
:1084D000746F20667265652061206261642064614A
:1084E000746120626C6F636B3A0A00006D656D3ACF
:1084F000203078253038782C207573656420666CC0
:1085000061673A2025642C206D6167696320636F81
:1085100064653A203078253034780A002DE9F04738
:1085200082464FF4B8771D46904689463846089EE5
:1085300000F0C4FC04003AD03946EFF771FF48461A
:10854000FFF763FD20644046FFF75FFD6064216C28
:1085500079B370B31220207500201949E061C4E995
:1085600008011849C4E90A101749216317496163D2
:108570001749C4E90E14C4E95456012184F85A116C
:10858000052184F85B1184F86C01402084F86D01AA
:1085900084F86E01032251462046FFF7E9FD0500ED
:1085A0000CD02046FFF756FF2846BDE8F087012093
:1085B000FBE7FFE72046FFF74DFFF8E70020F4E771
:1085C0005D77010061770100C5780100C974010081
:1085D000C5740100704700000249014808607047F7
:1085E0000400FA050CED00E070B53149054628306D
:1085F00009682C1D11B18847002857D02DA0216C87
:1086000000F0DEFB2FA0616A00F0DAFB31A0A16A66
:1086100000F0D6FB33A0E16A00F0D2FB35A0216B5D
:1086200000F0CEFB37A0616800F0CAFB39A0A1685A
:1086300000F0C6FB3BA0E16800F0C2FB3DA0216951
:1086400000F0BEFB3FA0616900F0BAFB41A0A16948
:1086500000F0B6FB43A0E16900F0B2FB45A0216A3F
:1086600000F0AEFB47A0616B00F0AAFB49A0A16B34
:1086700000F0A6FB4BA0E16B00F0A2FB28784007BE
:1086800008D501F04FFF01464AA000F099FBFCF726
:108690001AFB02E04FA000F093FB2878C00602D43A
:1086A00053A000F08DFBFAF70BFEFEE770BD000053
:1086B000140300207073723A203078253038780A1D
:1086C000000000007230303A203078253038780AC7
:1086D000000000007230313A203078253038780AB6
:1086E000000000007230323A203078253038780AA5
:1086F000000000007230333A203078253038780A94
:10870000000000007230343A203078253038780A82
:10871000000000007230353A203078253038780A71
:10872000000000007230363A203078253038780A60
:10873000000000007230373A203078253038780A4F
:10874000000000007230383A203078253038780A3E
:10875000000000007230393A203078253038780A2D
:10876000000000007231303A203078253038780A25
:10877000000000007231313A203078253038780A14
:10878000000000007231323A203078253038780A03
:1087900000000000206C723A203078253038780ACA
:1087A000000000002070633A203078253038780AC5
:1087B0000000000068617264206661756C74206F4F
:1087C0006E207468726561643A2025730D0A0D0A83
:1087D0000000000068617264206661756C74206F2F
:1087E0006E2068616E646C65720D0A0D0A000000EF
:1087F00046505520616374697665210D0A000000BA
:1088000010B50446402000F059FB032101750022F9
:108810000949C261C0E908210849C0E90A120849AA
:108820000163084941630849C0E90E120322214649
:10883000FFF79EFC002010BD115F0100155F0100D5
:10884000395F0100555F0100D95E010070B5154622
:108850000E4600F0BDF9F0B1104B1221002419753D
:108860000F49DC61C3E908410E49C3E90A140E4906
:1088700019630E495963C3E90F4083F844500D2032
:1088800083F8450083F84640032231461846FFF737
:108890006FFC002070BD062070BD0000A41E0020EB
:1088A000E1950100E595010065960100259701001D
:1088B0002DE9FE430546C8B200274FF00108012804
:1088C0001BD002285DD003286AD0042813D12C6D58
:1088D00000236A4602A9201DFFF791FA6A4601A902
:1088E000201DFFF764FA98B327602A6A002A02D095
:1088F000284602999047BDE8FE83EC6C286CC1685D
:10890000284688470646401C23D0EFF785FC0146E1
:10891000A28820688654A088401C80B2A080AA6CDF
:10892000C2F38F22904200D3A780A288E0888242BF
:108930000AD1401C80B2E080C4F80880AA6CC2F35F
:108940008F22904200D3E7800846EFF769FCD5E715
:108950001CE0E8690028CED0EFF75EFC0246A08854
:10896000E188884201D3441A04E0081AA96CC1F3D3
:108970008F210C1A1046EFF753FC002CBBD0EA698C
:108980002BE0286DBDE8FE43FFF777B9C4F80080FF
:10899000286CDDE90021046902232846A047A4E7EA
:1089A0000C121149A86C084206D1EA6921462846F2
:1089B000EE6C904737609EE7EFF72EFC06462146A7
:1089C0002846FFF720FC2846FFF703FC0446304604
:1089D000EFF726FCEA69002A8DD003B0214628462D
:1089E000BDE8F0431047000000FCFF0330B4002452
:1089F0000475C4610462084C4462084C8462084CEB
:108A0000C462084C0463084C4463084CC0E90E433C
:108A100030BC92B2FFF7ACBB599A0100759A0100C5
:108A200065990100F19B01009B9C0100F9990100EF
:108A30002DE9F8430E46154607466A4614A130460E
:108A4000EFF734FD502000F039FA8046022000F0A4
:108A500035FA0446009860702570009860B90E4998
:108A60000020F3F759FD0D490F2008600D20091F64
:108A700008600C20091F08600021284600F094FDC2
:108A8000234632463946404601F002FABDE8F883F3
:108A9000737069256400000000127A0010350040F0
:108AA00038B504466A4605A1EFF700FD702000F0D6
:108AB00005FA044A214601F01FFA38BD7370692592
:108AC0006400000000CB010070B50546121D22F0C5
:108AD000070044380A4C0646002240F82240521C47
:108AE000112AFAD3416200218162C1624FF0807283
:108AF00000F134040264016384E82A00316070BD2F
:108B0000EFBEADDEF8B506461A480D466A46446823
:108B1000202060F3992418A13046EFF7C7FC3046B7
:108B2000FFF773FA08B10320F8BD0098144F00EB6B
:108B3000C00101EB001107EB8101002281F8600008
:108B4000114610A000F07EFE0146009800EBC00226
:108B500002EB001007EB8000034681650549846441
:108B60000831C0E9101540F603323146FFF73EFFE9
:108B70000020F8BDC4CA010075617274256400004C
:108B8000040C0020646D615F74785F73656D000094
:108B9000014A026400F028B894CD010010B5C0630A
:108BA00008220275002242628262C262054A0263A2
:108BB000054A4263054A82630322FFF7D9FA00207F
:108BC00010BD00008B350100A135010043350100C7
:108BD00010B5FFF71AFA10B1017D082901D0002065
:108BE00010BDC06B10BD000070B50D4604460022DC
:108BF00006A1483000F04DFBE06E08B9C820E066E1
:108C000029462046BDE87040FFF7C8BF6932635F60
:108C10006275735F6C6F636B0000000070B5054692
:108C2000782000F04BF904467822002100F0E9F9A1
:108C30000748606729462046FFF7AAFF0421142051
:108C400000F0B2FC0421132000F0AEFC002070BD47
:108C5000E0CA01003EB5ADF8001002F0040141F099
:108C60000101069CADF80210ADF8044001226946EE
:108C7000029300F017F8002800DD20463EBD3EB507
:108C8000ADF8001002F00401069CADF80210ADF83A
:108C9000044001226946029300F004F8002800DD38
:108CA00020463EBD2DE9F0410446006C16460F46B5
:108CB0000068002811D004F148004FF0FF3105464C
:108CC00000F04CFB206C324639460368204698473A
:108CD0000446284600F0F2FA2046BDE8F081000084
:108CE00010B5EFF799FA064904460878401C087059
:108CF000496801B188472046BDE81040EFF790BAB7
:108D00000C02002001480078704700000C0200208F
:108D100010B5EFF781FA064904460878401E08703E
:108D2000896801B188472046BDE81040EFF778BA5E
:108D30000C02002010B50068143801F0CDFB0020B3
:108D400010BD70B505464FF0FF360AE0EFF764FA44
:108D500004462868C661143801F0BEFB2046EFF7D0
:108D60005FFA284600F073F80028EFD0002070BDAD
:108D70002DE9F041054614460E46084601F00EFC6A
:108D800006F11407ACB1012C17D12C680DE096F850
:108D9000351094F82120A4F11400914204D23946F0
:108DA000143000F046F802E02468AC42EFD1AC4247
:108DB00003D13946284600F03CF80020BDE8F08198
:108DC0000FB47F2170B505AB0D48049A01F0AEFDDC
:108DD00003467F2800D97F230A4D286860B1048BA1
:108DE000074A44F0400101830021FFF7E0F92868B9
:108DF000048370BC5DF814FB0148FFF7EBFBF8E758
:108E0000200E0020180200200268516002680A60EB
:108E10000160486070470268516002680A60016042
:108E2000486070470268516002680A6001604860EB
:108E300070474268116042684A604160086070474C
:108E40004268116042684A6041600860704701688A
:108E5000814201D1012070470020704701688142A2
:108E600001D101207047002070470168814201D183
:108E700001207047002070470168814201D1012024
:108E800070470020704702460020114600E0401C59
:108E900009689142FBD17047D0E900124A60D0E9DD
:108EA00000121160406000607047D0E900124A6013
:108EB000D0E9001211604060006070472DE9F04772
:108EC000002807D03A4EC01C20F003057069854287
:108ED00002D90020BDE8F0870C2D00D20C254FF000
:108EE000FF31344800F0F6FCD6F810C0B16877695D
:108EF000ACEB01007A1B55E00C186388E3BB636898
:108F00001B1A0C3BAB424CD3626805F11803121AD2
:108F10000C3A4FF001094FF4F55A9A422DD34319F8
:108F20000C33CA184FF00008A2F800A0A2F8028083
:108F3000D4F80480C2E901806360A4F8029050680C
:108F40000C37B84202D001F108028350B0692844BE
:108F50000C30B061F269824200D2F061A4F800A046
:108F6000644512D1306942887AB1F26890420CD0DF
:108F7000406808443061F6E713E0A4F802906068A6
:108F8000621A801AB2691044E3E70A4800F07CFCD8
:108F900032681AB1294604F10C00904704F10C0024
:108FA00098E760688242A7D8024800F06DFC90E71D
:108FB00020020020A00E002010B50346102A1DD369
:108FC00041EA0304A40719D110C9103A10C310C90B
:108FD000102A10C351F8084B43F8084B51F8044CC1
:108FE00043F8044CF0D202E010C9121F10C3042A47
:108FF000FAD203E011F8014B03F8014B521EF9D2EB
:1090000010BD10B50346CCB2042A19D3810717D17D
:10901000194644EA042343EA034306E008C1103A30
:1090200008C141F8083B41F8043C102AF6D201E09F
:1090300008C1121F042AFBD20B4601E003F8014BC2
:10904000521EFBD210BD2DE9F0410E4601461F46CF
:109050001546052000F0EAF904001BD0677204F100
:109060001400A0616061F01C4FF6FC710840208480
:10907000A9B2001D61844843FFF720FFE06128B1D9
:109080000022A262E262104622630EE0204600F057
:1090900012F80020BDE8F081218CE369091D00FB76
:1090A0000131236B0B60401C2163618C8142F3DC36
:1090B000A2842046EEE710B504461430FFF741FEC7
:1090C000E069FFF7C7F9204600F0DEF9002010BD87
:1090D0002DE9FF5F91460446002601F023FA05467C
:1090E0003A48016809B120468847EFF795F880466D
:1090F000A08C03996FF0010B08434FF0000736D1A5
:109100004046EFF78DF8584604B0BDE8F09F2F6356
:109110000398002852D0627A294604F11400FFF720
:1091200027FE039800280CDD01F0CEFA064605F173
:109130004C0003AA0021824601F024FB504601F0B6
:1091400069FB4046EFF76CF800F0FCFA286B00284A
:10915000DAD1EFF761F880460398002807DD01F0C7
:10916000B3FA861B0398801B039000D50397A08C4D
:109170000028CCD0A56A2868A062E06AA84200D185
:10918000E762A08C401EA0844046EFF749F8228C8D
:1091900048464A4500D30246291D0198FFF70CFFB7
:1091A000EFF73AF8216B29602563EFF739F80848A3
:1091B000016809B1204688470020A5E74046EFF73F
:1091C0002FF85846C5F830B09EE70000480200204E
:1091D0004C0200202DE9F0410446008C16460F4653
:1091E000B04203D24FF0FF30BDE8F0811D48016866
:1091F00009B120468847EFF70FF8256BA5B129681C
:109200002163EFF70DF80020286032463946281D0B
:10921000FFF7D2FEEFF700F80646E06A00B10560FE
:10922000E562A06A28B105E0EEF7FAFF6FF00200F0
:10923000DAE7A562A08C401CA08404F11400044667
:10924000FFF705FE20B13046EEF7EAFF0020CBE73E
:109250002046FFF76FFD3046EEF7E2FF00F072FAAE
:10926000F4E700005002002010B50C460146022031
:1092700000F0DCF800280BD000F11401816141619D
:10928000012181830021FF2201628277C17744722C
:1092900010BD70B515460A460446022100F038F9A3
:1092A00004F11400A06160610120A0830020FF216F
:1092B0002062A177E077657270BD00002DE9F04172
:1092C0000446002701F02EF90646EEF7A5FF0546F5
:1092D0002148016809B120468847206AB04208D079
:1092E0004FF0FF3428463463EEF79AFF2046BDE87E
:1092F000F081E17F491E11F0FF01E17716D1A17FD6
:1093000090F83520914204D004F11E02022100F0B1
:1093100093FF04F114000646FFF799FD70B1A08B8E
:10932000401CA08300202062FF20A0772846EEF793
:1093300077FF0FB100F006FA0020D8E76069143813
:10934000206290F83500A077E07F401CE07730463F
:10935000FFF7F0FC0127E9E7500200202DE9F34177
:10936000044601F0DFF80546EEF756FF06462D48A5
:10937000016809B12046884700202863206AA84276
:1093800003D1E07F401CE07741E0A08B38B180B290
:10939000401EA083256295F83500A077F1E701987B
:1093A00050B3206A95F8351090F83520914204D2D8
:1093B00005F13502022100F03FFF627A294604F1EF
:1093C0001400FFF7D5FC0198002809DD05F14C00D9
:1093D00001AA0021074601F0D5F9384601F01AFA32
:1093E0003046EEF71DFF00F0ADF9286B60B1093093
:1093F000CBD0286BBDE8FC816FF0010430462C63B4
:10940000EEF70EFF2046F5E7EEF706FF064630467C
:10941000EEF706FF0448016809B12046884700209E
:10942000E8E70000480200204C0200202DE9F0414E
:109430000F46064600F05AF80546C068FFF73EFDA5
:10944000041E1CD00021EA68FFF7DBFD2672002015
:10945000607208223946204600F022FE0948016861
:1094600009B120468847EEF7D7FE064604F10C0105
:10947000281DFFF7C9FC3046EEF7D2FE2046BDE8B6
:10948000F08100004002002070B504460A4841689F
:1094900009B12046884700202072EEF7BDFE054640
:1094A00004F10C00FFF7F8FC2846EEF7B9FE204661
:1094B000BDE87040FEF7CEBF4002002070B5044604
:1094C0000948416809B12046884700202072EEF71C
:1094D000A3FE054604F10C00FFF7DEFC2846BDE8BC
:1094E0007040EEF79DBE000040020020074A0021B8
:1094F00002EB01131B78834202D102EB011070478B
:10950000491C0829F4DB00207047000054020020A9
:109510002DE9F041044617460E460846FFF7E6FFE0
:10952000054646F08000207208223946204600F0A9
:10953000B7FD0948016809B120468847EEF76CFE7F
:10954000064604F10C01281DFFF75EFC3046BDE81D
:10955000F041EEF765BE000040020020007A0006F0
:1095600001D50120704700207047000038B50D4636
:109570000649096CCC6834B10093134601462A466B
:109580000248A04738BD062038BD0000601E0020FC
:109590000A460449096C4B6913B101460148184752
:1095A00006207047601E00200A460349096C0B68BC
:1095B0000146014818470000601E0020024A01468B
:1095C0000148126C92681047601E00200A46034949
:1095D000096C4B680146014818470000601E0020D6
:1095E00000207047FEB50025092704460126092200
:1095F00011462046F6F7E5FC8DF80470009694F8C5
:10960000451001AB0022206CFFF739FB009694F85F
:10961000451002AB0022206CFFF71CFB9DF80800F0
:10962000092804D008206D1C022DE0DBFEBD0122BC
:109630000B212046F6F7C5FC402220212046F6F7F4
:10964000C0FC012221212046F6F7BBFC092211466D
:109650002046F6F7B6FC00220A212046F6F7B1FCB8
:109660000020FEBD7FB5044600208DF80C000120CF
:1096700000901E46154694F8451054F8400F03AB71
:109680000022FFF7FCFA07200090617901AB00226D
:109690002068FFF7DFFAA079012804D0022811D052
:1096A000032819D106E0BDF80400BDF80610ADF896
:1096B00004100EE0BDF80610BDF804004942ADF8F4
:1096C000041007E0BDF804004042ADF80400BDF806
:1096D00006004042ADF80600BDF904009FED100AF7
:1096E00000EE900AF8EEE00A60EE800AC5ED000A8E
:1096F000BDF9060000EE900AF8EEE00A60EE800A7E
:10970000C5ED010ABDF9080000EE900A3046F8EEFA
:10971000E00A20EE800A85ED020A04B070BD000068
:109720008988083C10B5042902D03C2908D104E0FE
:1097300000220921F6F745FC02E0117880F8461076
:10974000002010BD2DE9F041EEF766FD134E0746EF
:109750007088D8B9B068F5F725FB1149401E7568C7
:1097600051F83040143CAC4210D030707460F26854
:1097700012B12146284690470A48007804F11C019E
:10978000002805F11C0006D0EEF74DFD3846BDE877
:10979000F041EEF745BDEEF746FDF7E7D4020020B5
:1097A000C00E00200C02002010B50446EEF734FD78
:1097B000024694F834000E4920F00F00401C84F853
:1097C000340094F8350001EBC00104F114004B683B
:1097D00018604B68A361486006486161A16B8368AB
:1097E00019438160BDE810401046EEF719BD000036
:1097F000C00E0020D402002070B50546EEF70CFD27
:1098000005F114040146D4E900024260D4E90002E3
:109810001060AC616C6195F83500084A02EBC0003D
:109820000268824204D10648AB6B82689A43826028
:10983000BDE870400846EEF7F3BC0000C00E002003
:10984000D402002070B50C46014615460120FFF7F2
:10985000EDFD002805D000F1140181614161848390
:10986000457270BD2DE9F04116460A461F46054671
:109870000121FFF74DFE05F11404AC616C61AE836C
:109880006F720020BDE8F0812DE9F04104461048D8
:10989000016809B1204688470025EEF7BDFC064661
:1098A00004F114000746FFF7D2FA58B1A08B401C10
:1098B000A0833046EEF7B4FC0DB1FFF743FF002064
:1098C000BDE8F0813846FFF735FA0125F1E70000E1
:1098D000500200202DE9F34104462048016809B1F7
:1098E00020468847EEF798FC0646A08B28B1401E1C
:1098F000A0833046EEF794FC21E0019838B300F0E5
:1099000011FE054600202863627A294604F11400FE
:10991000FFF72EFA0198002809DD05F14C0001AA95
:109920000021074600F02EFF384600F073FF304656
:10993000EEF776FCFFF706FF286B002805D10848F4
:10994000016809B1204688470020BDE8FC81304607
:10995000EEF766FC6FF00100F7E700004802002018
:109960004C02002070B50446807E012842D8208B2E
:109970004FF00005C1050FD5E06CFEF76BFDE56407
:10998000208B4FF4807220F480712183206C112190
:1099900043682046984710E080050ED5E06CFEF73E
:1099A00059FD206C4FF400721121436820469847FE
:1099B000E564208B20F400712183208B41050FD5B5
:1099C000206DFEF747FD2565208B4FF4806220F463
:1099D00080612183206C112143682046984709E06B
:1099E000000507D5206DFEF735FD2565208B20F499
:1099F00000602083002070BD70B5002401290DD0C7
:109A0000022907D003290ED0036C5B6898470446EF
:109A1000204670BDC18A41F0200102E0C18A21F0D8
:109A20002001C182F4E7002AF2D05168856CC1F3AD
:109A30008F23C5F38F25AB4203D0837E0BB1072064
:109A400070BD1368C0E91131817E0029E0D0016C3E
:109A50000B6811469847DBE710B50021C16401652A
:109A6000026C12681AB100F14401904701460846A1
:109A700010BD00002DE9F0410D4604460027890580
:109A80006FF0070002D5E18A89056ED5290502D558
:109A9000E18A090569D5E90502D5E18AC90564D5D8
:109AA000690502D5E18A49055FD5680602D4207EA2
:109AB000400600D54027E8B22083E16C4FF0000853
:109AC00021B1E90552D540F4807153E0E80521D574
:109AD000A06CC0F38F200C30FFF7F0F906460C3075
:109AE0003060A16CC1F38F220021FFF78AFAA6F83B
:109AF0000480A6F80680C6F80880E664208B4FF440
:109B0000807240F480712183206C102143682046CC
:109B1000984730E0A8052ED53449A06C084206D1FC
:109B20000420FFF7CBF9C0F80080E0641BE0C0F32D
:109B30008F200C30FFF7C2F906460C303060A16C64
:109B4000C1F38F220021FFF75CFAA6F80480A6F883
:109B50000680C6F80880E664206C4FF4007203218A
:109B6000436820469847208B02E03DE0A90502D5D6
:109B700040F400712183206D00284FEA455005D044
:109B8000002827DA208B40F4806028E0002812DAD1
:109B90000C20FFF793F90546FEF78CF82565208B1E
:109BA0004FF4806240F480612183206C102143686F
:109BB0002046984714E0280512D52820FFF77EF9A3
:109BC000054640F8048B002304220821FEF7D6F84E
:109BD000256501E0280503D5208B40F40060208333
:109BE000208B384320830020BDE8F08100FCFF0378
:109BF0002DE9F04711461BB30646008BC20532D54E
:109C00000D461C469A464FF00009F76CEEF704FB30
:109C10000146F888BA88904201D1BA689AB13A6888
:109C200012F80080401C80B2F880B26CC2F38F2220
:109C3000904201D3A7F80690B868012807D008E041
:109C40000020BDE8F0870846EEF7EAFA08E0C7F81A
:109C500008900846EEF7E4FA05F8018B641ED5D1AA
:109C6000AAEB0400EDE7800505D53046BDE8F047D6
:109C70001A46F6F71BBA0D461C461F46306CC168E3
:109C800030468847411C06D0641E05F8010B0A289F
:109C900001D0002CF2D1381BD3E72DE9F0471C008E
:109CA000154615D00646008B4FF0FF33410517D5FA
:109CB000D6F8508027469946306C2978826830461D
:109CC0009047401C07D0641E6D1C002CF4D132E07C
:109CD0000020BDE8F08749464046FDF7F7FFF4E76E
:109CE00000051ED5376D22462946381DFEF704F9BA
:109CF00010B100F023F8EBE7EEF78EFA396801298E
:109D00000BD001213960EEF78BFA306C022322462A
:109D1000076929463046B84701E0EEF781FA204648
:109D2000D7E72746306C2978826830469047641E12
:109D300005F10105F6D13846CBE7000070B50446C1
:109D4000FEF7E0FF044D20B900F0ECFB08B104631E
:109D500070BD6C6070BD00001802002008B509A03D
:109D6000FFF72EF80AA0FFF72BF812A000900223AD
:109D70000122032112A0FFF723F8BDE8084018A034
:109D8000FFF71EB80A205C207C202F0A000000008C
:109D90002D205254202D20202020205468726561EF
:109DA00064204F7065726174696E672053797374B3
:109DB000656D0A004A756E2031342032303236002B
:109DC000202F207C205C202020202025642E25644C
:109DD0002E2564206275696C642025730A000000DA
:109DE0002032303036202D203230313920436F7010
:109DF0007972696768742062792072742D74687250
:109E0000656164207465616D0A0000002DE9F04110
:109E100000F05AFC0646FEF72BFA1C48A0F1140786
:109E2000804605682CE068696FF00041301AA5F1A2
:109E30001404884226D2796809B1204688472D68E3
:109E40002046F6F722F9FEF7EDFAD4E90710884725
:109E500000F03AFCB968064609B120468847FEF78B
:109E600007FA607A810708D5C10706D020F0010003
:109E70006072204600F0CEFC02E020F0010060722B
:109E80004545D0D1BDE8F041FEF7CCBA0C03002027
:109E900070B504461D460E461046FEF7B6F810B1E2
:109EA000017D0B2902D04FF0FF3070BD2064314698
:109EB000204600F0C7F80028F7D10822002104F15D
:109EC0004400FFF79EF80020E56370BD0B22027589
:109ED000002242628262C262044A0263044A42630E
:109EE000044A82630322FEF743B900009701010090
:109EF0009F0101009301010070B515460E4604460E
:109F0000FFF7E4FF00280CD10022314604F148009D
:109F1000FFF7BFF900206564E066012084F8400087
:109F2000002070BD2DE9F043044685B0006C0F465B
:109F30001E469046DDF830904FF0FF314830FFF775
:109F40000DFA6FF00705A8BB206CC16EA14208D0C6
:109F5000406C04F1440102682046904730BB206CFD
:109F6000C46600970027CDE901780498694620F07F
:109F7000020040F00100CDE90370206C406C4268A3
:109F80002046904790B10498CDE9007620F001007A
:109F9000CDF8089040F00200CDE90370206C6946CE
:109FA000406C42682046904700B10025206C483044
:109FB000FFF784F905B02846BDE8F0832DE9F041AC
:109FC0000446006C0F4686B01D4616464FF0FF3122
:109FD0004830FFF7C3F96FF0070830B14046FFF78C
:109FE000ADFE002006B0BDE8F081206CC16EA1423C
:109FF0000DD0406C04F1440102682046904720B126
:10A000004046FFF79BFE002515E0206CC4660097D4
:10A01000CDE901650498694640F0030004900020F2
:10A020000390206C406C426820469047050002D1A6
:10A030004046FFF783FE206C4830FFF73FF9284683
:10A04000D0E700000C220275002242628262C262E6
:10A05000044A0263044A4263044A82630322FEF70D
:10A0600087B80000AD010100B3010100A9010100A2
:10A07000014600E0491C0A78002AFBD1081A704703
:10A0800010B5002408E0037811F8014B1C1B64B2E2
:10A0900024B9401C13B1521E002AF4D1204610BD31
:10A0A00010B5002A07D0034611F8014B03F8014B05
:10A0B0002CB1521EF8D110BD03F8011B00E00021A5
:10A0C000521EF9D110BD00000A46C11C10B522F085
:10A0D000030321F00301182B21D9A3F118048C42AA
:10A0E0001DD35A1A114C183A4FF4F5536261A1600E
:10A0F0000B8000200C32C1E90120488048680844E8
:10A10000E060038001214180426082600A460023B2
:10A1100007A10948FFF7A6FBA068206110BD014612
:10A12000BDE8104005A0FEF74BBE00002002002055
:10A130006865617000000000A00E00206D656D2054
:10A14000696E69742C206572726F7220626567692E
:10A150006E206164647265737320307825782C20DA
:10A16000616E6420656E642061646472657373203F
:10A17000307825780A00000010B50A4A00230A4CFE
:10A180005380184604EBC001401C49600960202838
:10A19000F8DB1F201070034853601030936040605C
:10A1A000006010BDD4020020C00E002010B5074C86
:10A1B000A068F4F7F7FD0649401E51F83000143846
:10A1C0006060BDE810401C30EEF773B8D402002088
:10A1D000C00E0020044A002002EBC001401C496070
:10A1E0000960F9D070470000040300201FB50D4A34
:10A1F000002002EBC001401C49600960F9D0042234
:10A2000009480A2391018DE80F000023074A08A19D
:10A21000803800F041F904B00348BDE810408038B0
:10A2200000F0A6B90C030020401000200DA601008C
:10A2300074696D65720000002DE9F0411546044611
:10A2400021B3012926D0022911D1EDF7E5FF0746F8
:10A2500094F83400012600F00F0001280AD0287875
:10A2600084F835008640A6633846EDF7D9FF002014
:10A27000BDE8F0812046FFF7BFFA287884F8350062
:10A2800086402046A663FFF78FFAEDE7BDE8F04170
:10A2900000F06EB9BDE8F04100F026B82DE9FF47A7
:10A2A0008946DDE90C76824601461D46904600202F
:10A2B000FFF7BCF8041E0DD02846FEF7FFFD60B185
:10A2C00003968DE8A10043464A4651462046F5F7DD
:10A2D00087FE204604B0BDE8F0872046FFF7D4F89B
:10A2E0000020F7E700F024B970B5044690F8340078
:10A2F000000702D02046FFF77FFA04F14C0000F07F
:10A3000059FA042084F83400EDF786FF054604F17D
:10A3100014010448FEF77FFD2846EDF781FF002079
:10A3200070BD0000E402002070B513480468EDF72A
:10A3300073FF05462046FFF75FFA042084F83400D7
:10A3400004F14C0000F036FA2046FFF707F9012827
:10A3500001D1A06F58B104F114010848FEF75BFD6C
:10A360002846EDF75DFFBDE87040FFF7EBB92046EA
:10A37000FFF7A4F8F4E70000D8020020E402002070
:10A380002DE9F041124F8046386808B1FDF770FFA3
:10A390000020FFF7ABF850F8044F064608E0A4F1A0
:10A3A0000C05082241462846FFF76AFE48B124689A
:10A3B000B442F4D1386808B1FEF734F80020BDE8A3
:10A3C000F081386808B1FEF72DF82846F7E700005D
:10A3D000D8020020054D002455F8240000B1804724
:10A3E000641C042CF8D300F003F8F4E7100E0020EE
:10A3F00070B527E0EDF710FF0546F4F7CDFD40B34B
:10A4000016480168A1F11404D1E900024260D1E9C3
:10A410000002106049600960FDF72AFFA16F09B1D1
:10A42000204688472046FFF799F801280FD0FDF70E
:10A43000F9FF2846EDF7F4FEA06AFEF70BF8204678
:10A44000FFF722F8F4F7A8FD0028D3D170BDFDF77F
:10A45000E9FF2846BDE87040EDF7E2BEE4020020C7
:10A460001FB5202308481F22D9008DE80F000023C4
:10A47000064A07A1803800F00FF804B00248BDE892
:10A480001040803800F074B8100D0020D5A30100F2
:10A490007469646C650000002DE9FF5F92460EAAA6
:10A4A0000F4692E870010A46994683460021FFF75D
:10A4B0002FF88DE870014B46524639465846F5F75D
:10A4C0008FFD04B0BDE8F09F10B500F0EBF8BDE8DB
:10A4D000104000F02DB8000070B5044690F834002C
:10A4E00000F00F00022802D04FF0FF3070BDEDF7F2
:10A4F00093FE054604F11400FEF7D7FC04F14C006E
:10A5000000F0F6F92846EDF78BFE2046FFF74CF9F0
:10A510000348416809B120468847002070BD00000B
:10A52000EC0200200148006870470000D8020020BB
:10A53000F1B5EDF771FE05460C480468204600F0C1
:10A540002DF804F14C006A460021064600F01AF985
:10A55000304600F05FF92846EDF762FEFFF7F2F8AB
:10A56000206B801C00D120630020F8BDD8020020A1
:10A5700010B590F83610012280F835108A4002217B
:10A58000826380F83410FFF7A7FF0348006808B122
:10A59000FFF7D8F8002010BDD802002070B504469F
:10A5A00090F8340000F00F00012802D04FF0FF3087
:10A5B00070BDEDF731FE054694F8340020F00F0031
:10A5C000801C84F834002046FFF716F904F14C0093
:10A5D00000F08EF92846EDF723FE0348016809B123
:10A5E00020468847002070BDEC02002010B50446CC
:10A5F0006FF00100206304F11400FEF756FC2046C2
:10A60000FFF7D2F8BDE81040FFF79CB86FF00045A7
:10A610000B4800F0F3F80446401C09D000F054F851
:10A62000201AA84201D2FFF75DFEFFF7EFFBEFE72C
:10A63000FFF778FFFFF7B2FFFFF784F8F5E70000B8
:10A640000C03002070B5EDF7E7FD064613480468DB
:10A6500094F8340000F00F00012819D1D4E9050165
:10A66000884215D004F114000546FEF71EFC94F84C
:10A6700035000B4901EBC00041680D60416869601D
:10A68000456028603046EDF7CBFDFFF75BF802E050
:10A690003046EDF7C5FD002070BD0000D802002057
:10A6A000C00E0020002802DA4FF0FF30704700EBA8
:10A6B000C00101EB001040F2E73101EBC000491C82
:10A6C00090FBF1F0704700000148006870470000FF
:10A6D00008020020094810B50168491C0160FFF715
:10A6E00021FF816C491E816403D1416C8164FFF7B5
:10A6F000A9FFBDE8104000F003B8000008020020E8
:10A700002DE9F041FFF7E0FF0546EDF785FD07462F
:10A710001B4E29E01A486FF000410C300468606954
:10A72000143C281A884225D2716809B1204688470E
:10A730002046F5F7AAFCD4E907108847FFF7C4FFC5
:10A74000B168054609B120468847607A810708D577
:10A75000C10706D020F001006072204600F05AF8D0
:10A7600002E020F00100607205480C30FEF776FB35
:10A770000028CFD03846BDE8F041EDF751BD0000CC
:10A78000F802002049B1012904D0022908D0032988
:10A790000ED109E0406A10600AE01168416207E0EA
:10A7A000417A21F0020102E0417A41F00201417256
:10A7B0000020704770B50546EDF72EFD044628468B
:10A7C000F5F763FC2046EDF72BFD2846FEF776FEF5
:10A7D000002070BD2DE9F8439046DDE908450A46A2
:10A7E0001F4606460921FEF793FE23463A46414698
:10A7F00030460095F5F736FCBDE8F88310B5044601
:10A80000FEF72CFB10B14FF0FF3010BD20684069FF
:10A8100010BD00002DE9F8430446EDF7FDFC0546A8
:10A820002046F5F732FC607A20F00100607228467D
:10A83000EDF7F6FC2B48016809B120468847FFF781
:10A8400043FF616A0844A062EDF7E6FC8046607A47
:10A85000400701D5244D01E0234D083D00226E46FE
:10A8600000950DE00768A36AA7EBC2014969994208
:10A8700004D0C91A6FF00043994208D346F82270F9
:10A8800005EBC20156F8220049688842EAD11AB1A4
:10A8900006EB820108304860521CF1D0124814388F
:10A8A0000168491C016004F114010098FEF7BAFA2E
:10A8B000607A40F0010060724046EDF7B1FC607ACA
:10A8C00040070BD5094890F8340000F00F0001282C
:10A8D00004D00648FFF700FEFEF734FF0020BDE875
:10A8E000F88300004C0200200C030020C00F002061
:10A8F00070B50446407AC00713D00B48016809B10F
:10A9000020468847EDF788FC05462046F5F7BDFB55
:10A910002846EDF785FC607A20F001006072002087
:10A9200070BD4FF0FF3070BD500200202DE9FF4F89
:10A93000834604460844A0F1010883B01F464FF047
:10A94000200AA04501D24FF0FF38FAE0252803D0B5
:10A95000444500D82070FDE000250599491C05916B
:10A9600008782D2813D02B2814D0202815D0232880
:10A9700016D0302817D00A784FF0FF39303A4E46BB
:10A980000A2A13D205A800F01BFC064618E045F081
:10A990001005E2E745F00405DFE745F00805DCE7D0
:10A9A00045F02005D9E745F00105D6E72A2807D16B
:10A9B000491C059140CF002E02DA764245F0100581
:10A9C00005984B4601782E2913D1401C059001783B
:10A9D000A1F130020A2A04D205A800F0F1FB0346D7
:10A9E00004E02A2904D1401C059008CF002B00DA8E
:10A9F0000023059A00211078682801D06C2802D124
:10AA0000521C0146059210784FF00A0C6F287DD039
:10AA10000CDC63281ED004DC252873D058280DD107
:10AA200077E064287AD0692808D177E070285CD074
:10AA3000732829D0752873D078286CD0444501D864
:10AA4000252020700599641C0878002880D1491EB3
:10AA5000059173E0E80608D45046761E002E04DD0A
:10AA6000444500D82070641CF7E717F8040B4445F0
:10AA700000D82070514602E0444500D82170641C83
:10AA8000761E002EF8DC59E001CF5FEA0009484647
:10AA900001D138A08146FFF7EBFA002B02DD984286
:10AAA00000DD1846E90609D452463146761E814239
:10AAB00004DD444500D82270641CF6E7002108E05C
:10AAC000444502D899F800202270491C09F1010977
:10AAD000641C8142F4DB52463146761E81422DDDF4
:10AAE000444500D82270641CF6E7701C02D1082689
:10AAF00045F001050096CDE9013504CF102318E09B
:10AB000004E0FFE7444525D8252023E74FF0080C53
:10AB100006E045F040054FF0100C01E045F002055D
:10AB20006C2901D0682917D004CF0096CDE90135F2
:10AB3000634641462046FBF7EFFA04460598401C61
:10AB400005900598007800287FF400AF44450AD8A6
:10AB500020700AE0641CF1E737F8040B82B2A80702
:10AB6000E3D512B2E1E788F8000007B0A4EB0B00D0
:10AB7000BDE8F08F284E554C4C29000070B50446B6
:10AB80002DED048BB0EE409A0D4691ED000A60EE7B
:10AB9000000A91ED010A40EE000A91ED020A40EE32
:10ABA000000A10EE900AEEF76DF941EC100BF3F786
:10ABB00007FFB0EE408AF0EE608A19EE100AEEF759
:10ABC00061F953EC182BEEF76BF8EEF787F908EE06
:10ABD000100A9FED340A3449B6EE001A28EE000A36
:10ABE00060EE000A10EE900A884206DCDFED2F1AB4
:10ABF00000EEE11A21EE000A03E020EE010AF3F76D
:10AC000017FE18EE100ADFED2A0AB0F1505F04DAE1
:10AC100018EE100AB0F1344F16D329EE001A81EE67
:10AC2000080A95ED001A21EE001A84ED011A95ED3F
:10AC3000011A21EE001A84ED021A95ED021A21EE96
:10AC4000000A84ED030A05E0C4ED030AC4ED020A1C
:10AC5000C4ED010A94ED010A94ED021A20EE000AF7
:10AC600001EE010A94ED031A01EE010A10EE100A3A
:10AC7000B0F17E5F13DCF7EE000A30EEC00A10EE92
:10AC8000100AEEF7FFF841EC100BF3F799FE51ECC8
:10AC9000100BEEF723F92060BDEC048B70BDC4ED02
:10ACA000000AF9E735FA8E3C0AD7A33CABAAAA3CC6
:10ACB000000000000068FAF7D6B910B5044600207D
:10ACC000C4E90101C4E903200B4611461846FAF70E
:10ACD000AFFA206008B1002010BD012010BD10B5F2
:10ACE0000A4641680446481C6060206800F03BFA50
:10ACF000D4E9010190FBF1F201FB120060602069D0
:10AD0000401C206110BD00002DE9F041F8F7F7F874
:10AD10000F4C80462768666894F8305034212046EE
:10AD2000EDF77EFB2760666000F092F8A0850420B6
:10AD300084F82E0084F8305084F82F5005480078AD
:10AD400084F831004046BDE8F041F8F7D6B800007D
:10AD500080160020C403002070B594B0060025D0F2
:10AD6000194D6868002821D03146F8F740F9174C92
:10AD7000F0B1002269466868F8F725F978B9F8F764
:10AD8000BEF82169491C2161F8F7B7F84FF0FF3090
:10AD900000F06AF831466868F8F729F940B1F8F729
:10ADA000AEF86169491C6161F8F7A7F814B070BD8D
:10ADB000F8F7A5F8A168491CA160F8F79EF80120F2
:10ADC00000F052F8F2E70000C403002080160020D3
:10ADD00070B5040037D0F8F792F805461A480168B4
:10ADE0002160416861608168A160C168E1600169BA
:10ADF0002161416961618169A161C169E161016AA2
:10AE00002162416A6162816AA162818DA18590F8A7
:10AE10002E1084F82E1090F82F1084F82F1090F830
:10AE2000301084F8301090F8310084F83100074871
:10AE3000007884F8310000F00BF8A0852846BDE8C2
:10AE40007040F8F75AB870BD80160020C403002087
:10AE500004484FF4C871806C000C884200D9084641
:10AE6000704700000809002010B50446F8F747F8BD
:10AE70001149002C13DD91F83020FF2A04D291F8FB
:10AE80003020521C81F8302091F8302091F82F307A
:10AE90009A420CD991F8302081F82F2007E006DA89
:10AEA00091F830201AB111F8302F521E0A70BDE807
:10AEB0001040F8F722B80000801600202DE9F04776
:10AEC00015460C0081464FF0FF3847D0F5B3294EA8
:10AED0003078D8BBA5212046F9F7EDFD264F4FF479
:10AEE0008073A21DB7F84800294680B2FBF72AFC00
:10AEF000010000D5002197F84800C00709D04C296F
:10AF000007DBAA6C2272130A6372130CA372120E6F
:10AF1000E2728AB2A11D2046F9F7B2FD2046F9F788
:10AF2000D4FDA078E17810EB012017D02046F9F786
:10AF3000EAFD074601203070F8F7D6F8F0603A468F
:10AF400021464846F8F7A6F9010000E006E00B4864
:10AF500007D0016A491C0162002030704046BDE8FC
:10AF6000F0878169491C8161A96C4160876200207A
:10AF7000F5E70000C4030020080900208016002027
:10AF8000002000F001B800002DE9F047544E804643
:10AF90000025706894B02F4600287CD0514890F866
:10AFA0004000C00777D0FFF753FF0446F7F7A7FF2D
:10AFB000DFF83491A9F82C40F7F79FFFB8F1000FA4
:10AFC00014D1002C67D0F7F79AFF0146708820440F
:10AFD00080B27080B0F5C87F03D3A0F5C8707080D0
:10AFE00001250846F7F789FF002D70D03F484FF440
:10AFF0007A7A3C4C01684FF0E020B1FBFAF14269EB
:10B000002646E8468069101AB0FBF1F7F8F76CF8AD
:10B010000546F8F76BF8BAFBF0F005FB0075482120
:10B020004046EDF7FDF996F830008DF800000195E7
:10B0300094ED950A8DED020A94ED960A8DED030AC2
:10B0400094ED970A8DED040A94EDAA0A8DED050A98
:10B0500094EDAB0A8DED060A94EDAC0A8DED070A6E
:10B0600094ED9B0A8DED080A94ED9C0A8DED090A7A
:10B0700094ED9D0A8DED0A0A94ED920A8DED0B0A6E
:10B0800094ED930A8DED0C0A94ED940A8DED0D0A62
:10B0900094ED8E0A00E01DE08DED0E0A94ED8F0A0E
:10B0A0008DED0F0A94ED900A8DED100A94ED910A42
:10B0B0008DED110AF7F723FFD9F80040641CC9F899
:10B0C0000040F7F71AFF68461294FFF745FE14B0E8
:10B0D000BDE8F087F7F713FF7780F7F70EFFF6E785
:10B0E000C40300200809002080160020600400200E
:10B0F0002DE9F04188B00D4680466F4618E0202DBE
:10B1000001D9202300E02B466A4600214046FDF786
:10B110001DF806000ED0002403E0385DF5F79CFB17
:10B12000641CB442F9D3AE4201D3002500E0AD1B4C
:10B13000002DE4D108B00020BDE8F08130B5002337
:10B140000CE002EB8304458894ED000A03FB05152F
:10B1500044685B1C04EB850484ED000A04889C426F
:10B16000EFDC002030BD30B500230BE002EB83059F
:10B1700001FB043495ED000A45685B1C05EB840473
:10B1800084ED000A44889C42F0DC002030BD0000C1
:10B1900070B5054604680BE0A4F1140106A0FDF7A4
:10B1A0000FFE2068A84202D004A0FDF709FE246823
:10B1B000AC42F1D170BD0000257300002F000000EB
:10B1C00010B5024600206FF02F0407E04B1C1360FF
:10B1D000097800EB800004EB4000084411680B780C
:10B1E000303B0A2BF2D310BDF0B5294E294FA1B048
:10B1F0000C4650B1012846D0022847D1B06A401C05
:10B20000B062FCF7FBF8706336E0002C3ED060784B
:10B21000862806D0706A401C7062F868F7F7E7FE6F
:10B220002AE0F069401CF061FCF7E8F8F062207851
:10B23000012802D9A07886F838002078022802D99F
:10B24000E07886F83900A078F978884211D125781D
:10B25000802D00D980252A46611C0DF10100EDF7F3
:10B26000C6F88DF8005069460B48F5F740F9F063D1
:10B2700002E0306A401C3062386921B00121BDE82B
:10B28000F040F7F706BE3069401C306121B0F0BDD8
:10B29000C407002004000020EC04002070B5164D07
:10B2A0006868401C6860FCF7A9F82863A5F536704B
:10B2B000F5F7D4F804462864401D02D1A868401C64
:10B2C000A860F7F7BFFD0D4D28780021297058B10F
:10B2D00044B9A8884FF6FF71884203D2A888401C61
:10B2E000A88001E001202870F7F7AEFD2869BDE8CD
:10B2F00070400121F7F7CDBDC407002004000020F5
:10B3000000B52DED048B83B041EC190BEDF786FFF2
:10B3100041EC180B18EE100A18EE901A8DED008B08
:10B32000002818BF0120084320F00040C0F17F60D2
:10B3300000F1E040C00F14D019EE101A19EE900A77
:10B340008DED009B002918BF0121084320F000402B
:10B35000C0F17F6000F1E040C00F04BF0120F3F7AF
:10B3600053FD51EC180B03B0BDEC048B00BD10B5C0
:10B3700000EE100A2DED028BB1EEC08A18EE100A15
:10B3800020F00040C0F1FF40C00F0AD010EE100ABC
:10B3900020F00040C0F1FF40C00F04BF0120F3F7D0
:10B3A00033FD18EE100ABDEC028B10BD10B528B1AC
:10B3B00021B1002205E0845C9C4201D0002010BD38
:10B3C000521C8B5C002BF6D1012010BD10B501F092
:10B3D00067F910EE100AEDF755FD41EC100BF3F78D
:10B3E000EFFA51EC100BEDF779FD00EE100A10BDED
:10B3F00010B500220EE043684C6803EB820304EBB7
:10B40000820493ED000AD4ED000A521C30EE600A6B
:10B4100083ED000A4388048863439342EBDC10BD4C
:10B4200010FB01F06421484300D1012070474AB16C
:10B43000C82210FB01F000EBC00101EB001002EB91
:10B44000800070479622F4E7012801D9024870472E
:10B45000014901EBC000704770CE010028B122B154
:10B46000042905D26FF0010070474FF0FF3070479C
:10B470000178862902D1C378552B02D06FF00200E3
:10B48000704711704178517081789170C078D07098
:10B4900000207047002809D00178862905D1C1789D
:10B4A000552902D18078032801D20020704701205D
:10B4B000704700001CB50122042116A0F7F780FD9B
:10B4C000164C206038B916A0F7F730FD1420F7F7B6
:10B4D000BDFCF7F705FE11481721001DF5F7E6F949
:10B4E0001448F5F779FA144D4FF0FF3632466946A5
:10B4F0002068F7F768FD0028F8D1009A01A901201B
:10B500000195904718B10DA0F7F710FDEEE70DA0DB
:10B51000FAE700006D625F63680000001800002019
:10B520004154206D73677120696E6974206661698A
:10B530006C0D0A007D080100080800204552520DDC
:10B540000A0000004F4B0D0A000000002048FBF7E6
:10B5500099FD03210846F9F76BFE1E491C4C3C2659
:10B56000886026800320608004F108001A4D606026
:10B5700000201A4F05F52478C5F8A40003214046A1
:10B5800001F024F910EE100AB8421CDD42460021F9
:10B590000F48FFF7E8FD0120C4F8D80241460C48E7
:10B5A000F5F72CFCD4F8D81264225143B1FBF6F124
:10B5B000D5F8A40020F0FF0001431046C5F8A41000
:10B5C000F7F744FCEAE76420F7F740FCD6E7000011
:10B5D000601A002030040020080900206F12833A0E
:10B5E00000274FF47A70F1F7E9FC01F0C5F92B4C14
:10B5F00020606060A0600021E16021616161A16163
:10B60000E161216206461620F7F76AFC0021162048
:10B61000F7F76CFC40F6B8394FF4167AA0460025CF
:10B6200001F0AAF9D8F8041004464246D8F80830C8
:10B63000411AC01AD8F81C30994200D9D161136A56
:10B64000984200D910621268A31A4B451ED9514581
:10B6500000D90125504501D945F00205B5B1D8F80A
:10B660001010491CC8F81010C8F81450C8F8184039
:10B67000A01B642806D387F0010739461620F7F788
:10B6800035FC26463220F7F7E1FBC8E7F1F7B2FCBC
:10B69000D8F80C10491CC8F80C10E9E7D4030020B6
:10B6A0004FF0000B2DED068BB4B05C465E46CDF836
:10B6B000B4B08DF89CB08DF8A0B05D469FEDFE9AB9
:10B6C000032118A8B0EE490A01F0EFF8B0EE490ADC
:10B6D00003211BA801F0E9F8B0EE490A032123A8D1
:10B6E00001F0E3F8B0EE490A03211EA801F0DDF8ED
:10B6F000F9F7FCFAF148F8F7C9FA0A220421F0A098
:10B70000F7F75EFCF04FB86108B9F7F7E9FCEFA076
:10B71000FCF77BFCBA46786158B103215746FCF729
:10B720009FFC8DF8A0B0002328AA3C217869FCF783
:10B730003EFDDFF88893DFF89C83A9F1F00901272B
:10B74000A740D8F8E812E048B9432830C8F8E81212
:10B7500050F82400FCF759FC49F8240018B10321E3
:10B76000FCF77EFCC8B1D8F8E8123943C8F8E812F3
:10B77000641C042CE3D340F6C4110091D648CDF8E4
:10B7800004B000210290CDF80CB08DF804B06A46E8
:10B790000846F7F7CFFC50BB25E00CB98DF8A0B0F8
:10B7A0004F4659F82400002328AA3C21FCF7FFFC4F
:10B7B00098F88000002300F00F008DF89C0057F8E7
:10B7C000240027AA1521FCF7F2FC98F8800000233A
:10B7D000C0F303108DF89C0057F8240027AA172106
:10B7E000FCF7E5FCC4E70020F7F7ECFC08B1F7F73D
:10B7F00077FCB849012081F8F802F5F7F3F89FEDDE
:10B80000B7AA0621B648B0EE4A0AF6F707FEB448D2
:10B81000022206212030F6F759FFB14C203420686F
:10B8200001F006F9A069F7F723F92068F7EE009A0E
:10B83000BFEE000A40680322C0ED019A206841680B
:10B84000408801EB8000062180ED000A04F12C0005
:10B85000F6F73CFF2C34206801F0EAF8A069F7F70E
:10B8600007F9B7EE000AA069F5F712FF01220621D9
:10B8700004F15400FFF721FA9648544600F51B7175
:10B88000269134392191703122914839F4EE00AA81
:10B8900000F5157A2E914FF0FF322DA9A069F7F728
:10B8A00092FB01F079F8607818B184F801B0F9F7EB
:10B8B0001DFA2D98C0067DD58948B4304168491CD1
:10B8C0004160884AA2F15001A1F10C008946074667
:10B8D000FBF762FA7949834B2439143B3A46A1F1CC
:10B8E0009000CDF800A0F7F765FF0322514618A895
:10B8F00000F0C3FEDFF8DC8170490023B8F8F002E5
:10B900002439401CA8F8F0022E9800904A46A1F174
:10B91000600008F53C77F7F795FF032308F52D71D4
:10B92000229A2E9800F0CBFFF8883C2804D998ED95
:10B93000230A2298F7F7CEFF03221BA8229900F0D2
:10B940009CFE03221EA82E9900F097FE6548B0EEDB
:10B95000490AA8380321074600F0A7FF6148B0EE66
:10B96000490AB4380321814600F09FFFF0EE080A2F
:10B970009FED5D8A23A92298B0EE480A00F070FF7F
:10B980005848032223A9383800F077FEDFED570A24
:10B99000CDF800A0DDE92123B0EE480A394648463B
:10B9A000F9F796FE4F4900228C390F462198FAF795
:10B9B000EFFE00E0A9E103219FED4D0A384600F0BB
:10B9C00066FFF7F791FB4FF47A7100FB01F7F7F789
:10B9D0008DFBB7FBF0F13F484F462030329089464F
:10B9E00068464821ECF71CFD32986946007C8DF8CA
:10B9F0000000CDF8049097ED0D0A3E488DED020A47
:10BA000097ED0E0A8DED030A97ED0F0A8DED040AEE
:10BA100097ED220A8DED050A97ED230A8DED060AB2
:10BA200097ED240A8DED070A97ED130A8DED080AAC
:10BA300097ED140A8DED090A97ED150A8DED0A0AA6
:10BA400097ED0A0A8DED0B0A97ED0B0A8DED0C0AA6
:10BA500097ED0C0A8DED0D0A97ED060A8DED0E0A95
:10BA600097ED070A8DED0F0A97ED080A8DED100A84
:10BA700097ED090A8DED110AF4F7E5FD6D1C15F03F
:10BA800003057CD1F0EE080AB5EE000A12A918A849
:10BA900000F0E6FEF0EE080AB5EE000A15A91BA8B4
:10BAA00000F0DEFEF0EE080AB5EE000A2FA91EA88F
:10BAB00000F0D6FE20E00000000000003418002056
:10BAC0006D61696E5F6D7100F8030020716D633503
:10BAD0003838330008090020D5510100CDCC4C3D49
:10BAE000B4160020DC0B00200AD7233B2B181D4185
:10BAF000E12E6542EC040020B0EE490A032118A8AB
:10BB000000F0D3FEB0EE490A03211BA800F0CDFEE1
:10BB1000B0EE490A03211EA800F0C7FEDFF85C93CF
:10BB200098ED210A474689ED000AD548FAF713F93E
:10BB300089ED020A012089F81000D148001DFAF7AA
:10BB40000AF989ED030A12A80090494697EDB50A53
:10BB50002FAB15AA01F58470F8F7A0F809F58471E8
:10BB600091ED7C0A87EDB70A91ED7D0A87EDB80A61
:10BB7000D1ED7E0AC7EDB90A91ED850A00E03EE0FD
:10BB800087EDB40A87ED050AC7ED060A97F8EC229F
:10BB900092070BD591ED7F0A87EDAD0A91ED800AF2
:10BBA00087EDAE0A91ED810A87EDAF0AD1F8241234
:10BBB00009B9A7F8F6B22070F9F776FA70B1B14A70
:10BBC0000123174602216069FCF7C0FAAB493A46E7
:10BBD000E431A1F13000269BF7F7A8FE032112A85B
:10BBE00000F0F4FD84ED080A032115A800F0EEFD35
:10BBF000A24884ED020AA4492830FFF770F8761CA9
:10BC0000F0B21421B0FBF1F201FB1206002E7CD140
:10BC100098F864004746C00714D09B499748091F0D
:10BC20002830FFF747F894ED070A87EDB30A87ED50
:10BC3000030AF86E02280ED807D197F86400C007EF
:10BC40000ED012E097EDB30AF1E720B1012807D03A
:10BC500002280AD079E0B0EE490A84ED010A72E0C8
:10BC600084ED019A9FED890A6DE094ED080A30EEAB
:10BC7000690AB0EEC00ADFED860A70EE600A9FED39
:10BC8000851A4FF07E5180EE810A79EEC08A18EE57
:10BC9000900A884201DDF0EE698AF5EEC08AF1EE85
:10BCA00010FA01D2F0EE498A94ED070ADFED7A0A24
:10BCB00070EE600A9FED791A884680EE810A39EEAF
:10BCC000C08A18EE100A404501DDB0EE698AB5EE73
:10BCD000C08AF1EE10FA01D2B0EE498A032115A80C
:10BCE00000F074FDF6EE000AB1EE021A70EE600A82
:10BCF00080EE810A79EEC00A10EE900A404501DD1F
:10BD0000F0EE690AF5EEC00A00E09BE0F1EE10FAF1
:10BD100001D2F0EE490A28EE880A60EE200A94ED7E
:10BD2000010A9FED5F1A20EE010A9FED5E1A00EEF8
:10BD3000810A84ED010A9FED5C1ADFED5C0A40EE9A
:10BD4000010AB0EE600AF6F7FBFC94ED010A4B48DD
:10BD500087ED070AB0EE4A0A78382199F6F7F6FC23
:10BD600097EDB50A87ED010AB7F8F60200EE100A62
:10BD7000B8EE400A87ED020A97F86400C0070DD0BC
:10BD800097F8EC02400709D53C4997EDB30A5839BA
:10BD900012ABA1F12000219AF6F7CEFA97F86400D1
:10BDA00080074FD5B0EE4A0A15A929A8FEF7E6FE8E
:10BDB00012A9269A2198F6F7E5FFB0EE408A87EDA2
:10BDC000068A0321269800F001FD87ED040A97ED0D
:10BDD0002B1AD7ED2C0A31EE400A21EE2A1A70EE0A
:10BDE000C80AB0EEC00AB4EEC01AF0EEE00AF1EEF6
:10BDF00010FA06DD2E492998884202DA606A401C52
:10BE00006062B4EEC01AF1EE10FA01D3606A02E08B
:10BE10005846C4F824B001EE100A0A28B8EE411AB8
:10BE200087ED001A0ED92249299888420ADA134967
:10BE300097F8F40200902C39A1F14C00269B219A2E
:10BE4000F6F772FB2D99080711D50C483C300269B2
:10BE5000521C02610A489038B0F8F022A0F8F22291
:10BE6000A0F8F0B2B0F8F622521CA0F8F622C806EC
:10BE70007FF511ADFFF784F80DE500002C170020C9
:10BE800098090020980B0020180400206F12833AB4
:10BE90000AD7A33C0AD7A33D0AD7A33BEC51383DB0
:10BEA0006666663FCDCCCC3D2E90A03B17B7D1380F
:10BEB00009FE7F3F41F28830FEF706FB0E4D0F4E24
:10BEC00000244FF47A7848F6A04795F86000C00740
:10BED00005D0D5F8CC02B04204DD002406E00024F1
:10BEE000404605E0BC4201D9F6F7DAF96420641C4B
:10BEF000FEF7EAFAE9E70000080900208FC2753D65
:10BF00008C4E8D4DAAB096F830000024A8701028F1
:10BF100001D30F20A87096F8D000E870EEF7BEFFAE
:10BF2000864F38603868864908600222812185A0E2
:10BF3000F7F746F8A8600222812184A0F7F740F8BD
:10BF4000E86084A0F6F784FF2861A96811B1E96868
:10BF500001B108B9F7F7C4F81720F6F7C1FF1820A8
:10BF6000F6F7BEFFFAF766F8EFF7B8FF8020F0F7B4
:10BF700021F8E8784FF4807141EA4000EFF7E0FFE4
:10BF80000120F0F723F87548F0F730F8012102207E
:10BF9000EFF7DCFF01210320EFF7D8FF0121042098
:10BFA000EFF7D4FF02210120F0F726F80421022048
:10BFB000F0F722F801210220EFF724FF4FF00008EC
:10BFC000CDF88880CDF88C80CDF89080CDF8948025
:10BFD000A9788DF88810E9788DF8891002208DF8FD
:10BFE0008A804FF001098DF88C008DF88B9022A982
:10BFF0005B48F4F7CFF908B1F7F772F896F8D40078
:10C0000010F0010F01D0012100E000215448F4F7A5
:10C01000C8FB544822905448CDF88C8024904E465A
:10C02000CDF894808DF88C9022AA00210320F7F798
:10C0300081F808B1F7F754F8202122A8ECF7F0F9BD
:10C040004A4922A8F6F7FCFF08B1F7F749F8F0F7DC
:10C050003DF846E001230096002219462869F6F7CC
:10C06000FAFE00F0A1FCF7F701F8F7F79DF8334965
:10C0700000228439E868F6F7A6FF18B92F488438FB
:10C08000FAF7E0F8FAF732F9002201A9A868F6F702
:10C090009AFF70B96E70F0F743F801211720F6F798
:10C0A00025FF00211820F6F721FF01A90120EFF755
:10C0B000FDFFF6F7BFFF0D2837D2DFE800F00807D5
:10C0C000120708363636360717070800C2E7F7F7B3
:10C0D0000BF8011B0529BDD304467869401C786123
:10C0E00016E016488438EFF7D5FFB3E7687820B13B
:10C0F00085F801801A48F4F7DFF91948F4F745F993
:10C10000032808D0002201A9A868F6F75CFF30B127
:10C11000F9F790FF9BE71248F4F771FA9AE76E700F
:10C1200001A90120EFF7C2FF94E7B869401CB8618C
:10C1300090E700000809002004000020C407002048
:10C14000000400406D715F72667400006D715F7273
:10C150006672000073656D5F72660000214365873B
:10C16000EC04002040420F009DB20100E9B1010043
:10C1700094B03C4C02E00A20F6F768FE94F8F8020E
:10C180000028F8D004224C2137A0F6F719FF384DCB
:10C19000686038A0F6F75CFEA860696801B108B96C
:10C1A000F6F79EFF35A0F7F721F85FEA000A01D104
:10C1B000F6F796FF002233495046F7F727F8206C30
:10C1C00040F001002064FEF79FFD2F4E4FF0FF3B33
:10C1D0005C465A4601A96868F6F7F5FE0028F7D1D3
:10C1E000F6F78DFEF168491CF160F6F786FE2046F1
:10C1F000FEF73AFEFA20F7F717F80028E8D101AA6F
:10C2000022495046FEF75AFE40BB1FE0012300972B
:10C2100000221946A868F6F71EFEE0B9F6F764FF9B
:10C22000E968441AF6F762FFFA214843B0FBF8F0D8
:10C23000844210D3F6F763FE297821B185F8009087
:10C24000716A491C7162F6F758FE04E0FA274FF450
:10C250007A784FF0000928780028D7D1F7F70EF840
:10C26000B6E7000008090020756172745F747800F9
:10C27000C40300205F74786400000000756172746C
:10C280003000000075C401008016002078150020E1
:10C2900010B5FEF775F8002805D0C16A806ABDE8C0
:10C2A000104000F034BB10BD70B50D4604468AB096
:10C2B00016460321284600F089FA0422D5ED000A2B
:10C2C0000823E6B3F1EE600A618880EE801A6068A8
:10C2D00000EBC10080ED001AD5ED010A61886068AD
:10C2E000F1EE600A02EBC10180EE801A084480ED95
:10C2F000001AD5ED020AF1EE600A618880EE801A1C
:10C30000606803EBC101084480ED001A6188606831
:10C3100000EBC10090ED000A8DED030A61886068B2
:10C3200002EBC101084490ED000A8DED040A61881A
:10C33000606803EBC101084490ED000A00E01CE0D6
:10C340008DED050A618860689FED2C0A50F8315028
:10C35000B5F17C5F27DD02EBC1010844D0ED000A96
:10C36000CDED000A6188606800EBC100D0ED000AE5
:10C37000F1EE600ACDED010A29E080EE801A6188B5
:10C38000606800EBC10080ED001AD5ED010A6188FC
:10C39000606880EE801A02EBC101084480ED001A4B
:10C3A000D5ED020AA9E78DED000A6188606803EB0C
:10C3B000C101084490ED000A8DED010A61886068B2
:10C3C00002EBC101084490ED000AB1EE400A8DED88
:10C3D000020A0321684600F019FA06AA03A9684672
:10C3E00000F086F906AA00212046FEF7BCFE6A4648
:10C3F00001212046FEF7B7FE0AB070BD0000000024
:10C400007CB543880D884C880288AB4201D1A2429A
:10C4100007D0CDE90054114911A0F6F787FD01209E
:10C420007CBD002315E000220FE003FB04244568D7
:10C4300005EB84044D8894ED000A02FB05354C6839
:10C44000521C04EB850484ED000A44889442ECDC21
:10C450005B1C02889A42E6DC00207CBD93CB010085
:10C4600025733A202564782564202A2025647825C0
:10C47000640D0A00064900200870064AD069401C75
:10C48000D0618868002802D00121F6F702BD70470C
:10C49000C403002080160020034810B5416809B18C
:10C4A00080688847002010BD5404002070B5C36820
:10C4B00015460E46044603B19847082231462046E9
:10C4C000A560FCF779FDEBF7A7FE07491C3400E0F7
:10C4D00011460A68002AFBD10C6000212160EBF7AD
:10C4E0009FFE002070BD0000141F002010B500F05A
:10C4F0002DF8064904480122086105A10348FFF709
:10C50000D5FF002010BD000019C50100981F0020B4
:10C51000636F6E736F6C65002DE9F041DDE90667AE
:10C52000FBF712FC04000CD0258B3B4645F0400085
:10C530002083324600212046FBF739FE2583BDE8E3
:10C54000F0813046BDE8F041FCF744B810B5084C26
:10C55000206808B1002010BD002206A1201DFCF7B4
:10C5600098FE03480021816201202060F2E700006C
:10C57000EC1E0020756C6F67206C6F636B00000011
:10C5800010B518A0FCF71CFC1A4C21881AA0FCF767
:10C5900017FC2088C00702D01DA0FCF711FC2088E2
:10C5A000800702D51DA0FCF70BFC2088400702D5B0
:10C5B0001DA0FCF705FC2088000702D51CA0FCF795
:10C5C000FFFB2088C00502D51BA0FCF7F9FB2088E3
:10C5D000800502D51BA0FCF7F3FBBDE8104004A0CA
:10C5E000FCF7EEBB7573616765206661756C743A24
:10C5F0000A0000002AED00E05343425F43465352D5
:10C600005F554653523A30782530325820000000AA
:10C61000554E444546494E5354522000494E5653B8
:10C620005441544520000000494E5650432000001C
:10C630004E4F435020000000554E414C49474E4557
:10C640004420000044495642595A45524F200000A8
:10C6500030B500240EE000EB840595ED000A01EBF7
:10C660008405D5ED000A02EB8405641C30EE200A37
:10C6700085ED000A9C42EED330BD30B500230CE0BE
:10C6800000EB830401EB830594ED000AD5ED000A6D
:10C690005B1C30EE200A84ED000A9342F0D330BDDB
:10C6A0000CB56B4601AAF8F73DFE9DED000A0CBDE6
:10C6B00010B5002308E001EB830494ED000A00EBC1
:10C6C00083045B1C84ED000A9342F4D310BD000088
:10C6D00070B505468000FCF7F1FB040004D0294644
:10C6E0009FED020A00F0E1F8204670BD0000000056
:10C6F00090ED010AD1ED020A91ED011A20EE200A17
:10C70000D0ED020A00EEC10A82ED000A90ED020AA5
:10C71000D1ED000A91ED021A20EE200AD0ED000AB8
:10C7200000EEC10A82ED010A90ED000AD1ED010A86
:10C7300091ED001A20EE200AD0ED010A00EEC10AA8
:10C7400082ED020A7047000010B59FED090A002330
:10C750000AE000EB8304D4ED000A01EB83045B1CC8
:10C7600094ED001A00EE810A9342F2D310BD00004E
:10C770000000000010B5FDF7F1FA002010BDFBF736
:10C7800069BE002210E000EB820393ED001AB4EEC4
:10C79000C01AF1EE10FA04DCB4EEE01AF1EE10FA71
:10C7A00001D201207047521C8A42ECD3002070470E
:10C7B000002208E000EB8203521C93ED000AB1EE68
:10C7C000400A83ED000A8A42F4D3704710B59FED0A
:10C7D0000E0A002206E000EB8203521CD3ED000A91
:10C7E00000EEA00A8A42F6D310EE100AECF74AFBDC
:10C7F00041EC100BF2F7E4F851EC100BECF76EFB88
:10C8000000EE100A10BD00000000000070B50546E3
:10C8100000200C46024609E005EB820191ED000A7A
:10C82000B5EEC00AF1EE10FA04D1521CA242F3D3C5
:10C83000002814D021462846FFF7C8FFB7EE001A9B
:10C840000022C1EE000A08E005EB8200521C90EDC8
:10C85000000A20EE200A80ED000AA242F4D370BD47
:10C8600000220AE000EB820393ED001A01EB820341
:10C87000521C21EE001A83ED001A01EE102AB8EEC8
:10C88000C11AB4EEE01AF1EE10FAEBD370470022B1
:10C8900008E000EB8203521CD3ED000A60EE800A30
:10C8A000C3ED000A8A42F4D37047002204E000EB93
:10C8B0008203521C83ED000A8A42F8D3704730B5D8
:10C8C00000240EE000EB840595ED000A01EB8405E1
:10C8D000D5ED000A02EB8405641C30EE600A85ED9C
:10C8E000000A9C42EED330BD30B500230CE000EBD3
:10C8F000830401EB830594ED000AD5ED000A5B1C6F
:10C9000030EE600A84ED000A9342F0D330BD10B5DA
:10C910000246431800E0521C9A4202D21478232C9B
:10C92000F9D0101A081A10BD70B5040020D0F6F71F
:10C93000E6FA054600F020F801460E484368826892
:10C94000C4E90013CB1AC4E90223891A2161C16921
:10C950006161016AA161C168E161016921624169A6
:10C9600061628069A0622846BDE87040F6F7C5BAEA
:10C9700070BD0000D403002010B5F6F7B7FB041E0D
:10C9800009D0F6F7B1FB4FF47A71A0FB0101224602
:10C990000023EBF7EDFC10BD10B5FFF7EDFF0149EB
:10C9A000486010BDD403002010B5FFF7E5FF014932
:10C9B000886010BDD40300200170090A41707047DF
:10C9C00001700A0A42700A0C8270090EC170704729
:10C9D0002DE9F0410D46C46BD5E90076D1F8088009
:10C9E00020780021FCF7F2FD86B16078A7B14346BC
:10C9F00032463946EFF7CCFD287C800703D52078F6
:10CA00000121FCF7E3FDA868BDE8F08160784246AB
:10CA10003946EFF735FEEFE742463146EFF78AFD3C
:10CA2000EAE70021016041608160C0F8EC117047C5
:10CA30009FED010AF8F7EDBA00000000E0D6010012
:10CA4000A1B60100B004000008000000ECD601000F
:10CA500071C10100000300000B000000D0D60100EE
:10CA6000E1B501000001000006000000E8D6010069
:10CA7000B5B40100080700000E000000C8D6010090
:10CA80004DB501004C0400000F000000D4D6010099
:10CA900001BF01004C04000007000000D8D60100CF
:10CAA000B5BE01004C0400001100000077590100E0
:10CAB000C3590100B759010005590100515901003E
:10CAC0006159010000C2010008000100FD5701008A
:10CAD00019580100D1590100D758010057580100D9
:10CAE000000000001B080100150801000F080100EC
:10CAF0000908010021080100010000006400000095
:10CB000075150100D1C9010000300040004000400F
:10CB10000030024008090A1A0080004000900040DE
:10CB200000A0004000A001400200000000200040E2
:10CB30006009000000D00900C012000000B013001E
:10CB40008025000000502700004B000000A04E0090
:10CB500000C201000000D601008403000000B00301
:10CB6000000807000000400700100E000000000F42
:10CB700040420F000000001080841E0000000020D2
:10CB80006D756C00726564756365006D63726561D7
:10CB90007465007472616E73706F736500726F7785
:10CBA0005F73776170006D6372656174655F626C5D
:10CBB0006F636B0070726F6A656374696F6E5F6D2F
:10CBC0006174726978000000010002000100030036
:10CBD0000100020001000400010002000100030046
:10CBE0000100020001000500010002000100030035
:10CBF0000100020001000400010002000100030026
:10CC00000100020001000600010002000100030013
:10CC10000100020001000400010002000100030005
:10CC200001000200010005000100020001000300F4
:10CC300001000200010004000100020001000300E5
:10CC400001000200010007000100020001000300D2
:10CC500001000200010004000100020001000300C5
:10CC600001000200010005000100020001000300B4
:10CC700001000200010004000100020001000300A5
:10CC80000100020001000600010002000100030093
:10CC90000100020001000400010002000100030085
:10CCA0000100020001000500010002000100030074
:10CCB0000100020001000400010002000100030065
:10CCC0000100020001003031323334353637383953
:10CCD000616263646566003031323334353637382B
:10CCE0003941424344454600E8D70100A4D701003A
:10CCF00038D701004CD7010064D7010034D70100B8
:10CD000080D7010070D7010024D8010090D701001E
:10CD100040D801002CD8010058D7010034D80100B8
:10CD2000C4D7010014D80100B4D70100D8D701003E
:10CD3000FCD701001CD8010000000000000000002A
:10CD40000000803FC01200008025000000C20100EA
:10CD500000E803000008070000100E0040420F002A
:10CD600080841E00DD00000098D8010076000000DD
:10CD70000700000000C20100010064000100000083
:10CD8000010064013200000001000000CDCCCC3E67
:10CD9000CDCCCC3E8B340100000000000000000030
:10CDA00003000000000080380200000005000000C1
:10CDB0000000003904000000080000000000803975
:10CDC000080000000C0000000000003A1000000005
:10CDD000000000000000C038030000000100000057
:10CDE0000000403906000000020000000000C039C9
:10CDF0000C000000030000000000403A1800000092
:10CE0000030000000000FA3BFA00000002000000EE
:10CE100000007A3CF4010000010000000000FA3C30
:10CE2000E80300000000000000007A3DD007000089
:10CE300008000800090010000A0020000B003E0056
:10CE40000C007D000D00FA000E00F4010F00E80355
:10CE500085000C00840017008700200083002F004D
:10CE600086004000820074008100E60080000B0212
:10CE70000000280004059600010050000807C800C3
:10CE8000555555555555C53F7D6FEB0312D6D4BF4B
:10CE90005544880E55C1C93F3B8F68B52882A4BF51
:10CEA00088B20175E0EF493F09F7FD0DE13D023F12
:10CEB0004B2D8A1C273A03C0C88A599CE52A00409A
:10CEC00059018D1B6C06E6BF82922EB1C5B8B33FE7
:10CED0004FBB610567ACDD3F182D4454FB21E93F92
:10CEE0009BF681D20B73EF3F182D4454FB21F93F81
:10CEF000E2652F227F2B7A3C075C143326A6813C07
:10CF0000BDCBF07A8807703C075C143326A6913CB1
:10CF1000C4EB98999999C9BF711623FEC671BCBF1D
:10CF20006D9A74AFF2B0B3BF9AFDDE522DDEADBF85
:10CF30002F6C6A2C44B4A2BF0D5555555555D53F9D
:10CF4000FF8300922449C23F6E204CC5CD45B73FB8
:10CF5000513DD0A0660DB13FEB0D76244B7BA93F30
:10CF600011DA22E33AAD903F000000000000F03FEC
:10CF7000000000000000F83F00000000000000007A
:10CF80000000004003B8E23F000000000000000085
:10CF900006D0CF43EBFD4C3E033333333333E33F13
:10CFA000FFAB6FDBB66DDB3F4D268F515555D53F3F
:10CFB00001411DA96074D13F65DBC9934A86CD3F0D
:10CFC000EF4E454A287ECA3F3E5555555555C53FFB
:10CFD00093BDBE166CC166BF2CDE25AF6A56113FED
:10CFE000F16BD2C541BDBBBED0A4BE726937663EEF
:10CFF000004040404040404040404141414141406C
:10D000004040404040404040404040404040404020
:10D0100040050202020202020202020202020202AF
:10D0200002202020202020202020200202020202B4
:10D03000020290909090909010101010101010100C
:10D040001010101010101010101010100202020218
:10D05000020288888888888808080808080808085C
:10D060000808080808080808080808080202020258
:10D0700040000000F1CF01000000000000000000AF
:10D08000000000006E83F9A22915444ED15727FCF9
:10D09000C0DD34F5999562DB4190433CAB6351FEB2
:10D0A000737461636B206D73703D25752F31303261
:10D0B00034206D61696E3D25752F3132303020721C
:10D0C00066643D25752F31313030206C65643D2517
:10D0D000752F3235362061743D25752F313830304B
:10D0E000206F75743D25752F373638206873693386
:10D0F0003D25752F31313030207063746C3D2575BE
:10D100002F313130300D0A00666C6F7720746F6BF1
:10D11000656E3D25752067775F6D69733D257520C8
:10D120006E6F6E5F746F6B656E3D25752074785FF2
:10D13000646F6E653D2575207265743D2564206DB4
:10D1400061726B5F7265743D25640D0A000000001A
:10D1500074696D656C696E65206E6F773D2575200D
:10D16000746F6B656E5F6D733D25752074335F6DF5
:10D17000733D2575207478646F6E655F6D733D2512
:10D1800075206C6173745F746F6B656E3D25752FD0
:10D1900025750D0A0000000072657365743D3078D6
:10D1A000253038782074696D6572333D2575206FA0
:10D1B00076663D25752074785F6661696C3D2575DE
:10D1C000206372635F6572723D2575207265636FBF
:10D1D0007665723D257520756E6B6E6F776E3D2599
:10D1E00075206D69737365643D25750D0A00000037
:10D1F00077646F67206E6F773D2575206167653DA9
:10D2000025752F2575206D61783D25752F25752095
:10D21000616C6976653D25752F2575207265663DC3
:10D22000257520736B69703D2575206D6973735F7B
:10D230006D61736B3D307825303878206D6973737C
:10D240005F6D733D25750D0A0000000074646D610B
:10D250005F737461747320746F6B656E3D25752008
:10D2600072783D25752074783D2575206C61737446
:10D270005F64656C74613D2575206C6173745F74C7
:10D28000785F75733D257520736E61703D25752F30
:10D290002575206964783D25750D0A0075617274E5
:10D2A000207365713D25752F257520706F73743D52
:10D2B000257520706F703D25752064726F703D2557
:10D2C0007520716661696C3D257520646D613D2531
:10D2D0007520646F6E653D2575206661696C3D251E
:10D2E0007520756E6C6F636B3D2575206C656E3DAA
:10D2F0002575206F64723D257520713D25752F259C
:10D30000752F257520627573793D25750D0A00000E
:10D310007433206363303D257520636E745F7469D8
:10D32000636B3D257520636E745F75733D257520B5
:10D330006576303D257520696E74656E3D307825C3
:10D340003038782073686F7274733D3078253038C8
:10D35000780D0A0072665F646961675F7374616368
:10D360006B206D73703D25752F31303234206D6127
:10D37000696E3D25752F31323030207266643D254F
:10D38000752F31313030206C65643D25752F323575
:10D39000362061743D25752F31383030206F75741B
:10D3A0003D25752F37363820687369333D25752F35
:10D3B00031313030207063746C3D25752F31313040
:10D3C000300A000072665F646961675F666C6F7740
:10D3D00020746F6B656E3D25752067775F6D69738F
:10D3E0003D2575206E6F6E5F746F6B656E3D2575A4
:10D3F0002074785F646F6E653D2575207265743D9D
:10D400002564206D61726B5F7265743D25640A004E
:10D4100072665F646961675F74696D656C696E658A
:10D42000206E6F773D257520746F6B656E5F6D7331
:10D430003D25752074335F6D733D257520747864C8
:10D440006F6E655F6D733D2575206C6173745F74DD
:10D450006F6B656E3D25752F25750A0072665F64DA
:10D460006961672072657365743D3078253038785E
:10D470002074696D6572333D2575206F76663D2594
:10D48000752074785F6661696C3D257520637263F1
:10D490005F6572723D2575207265636F7665723DBA
:10D4A000257520756E6B6E6F776E3D2575206D69E5
:10D4B000737365643D25750A0000000072665F6441
:10D4C0006961675F74646D612073746174653D2583
:10D4D000642067756172645F72656A3D2575206DB1
:10D4E00061726B5F72656A3D25752074785F726545
:10D4F0006A3D2575207478646F6E655F72656A3D5C
:10D500002575206475655F70656E64696E673D257D
:10D51000750A000072665F646961675F77646F67B0
:10D52000206E6F773D2575206167653D25752F2538
:10D5300075206D61783D25752F257520616C6976A4
:10D54000653D25752F2575207265663D257520730F
:10D550006B69703D2575206D6973735F6D61736BC9
:10D560003D307825303878206D6973735F6D733D79
:10D5700025750A0072665F646961675F74646D6136
:10D580005F737461747320746F6B656E3D257520D5
:10D5900072783D25752074783D2575206C61737413
:10D5A0005F64656C74613D2575206C6173745F7494
:10D5B000785F75733D257520736E61703D25752FFD
:10D5C0002575206964783D25750A000072665F64E0
:10D5D0006961675F7433206363303D257520636E36
:10D5E000745F7469636B3D257520636E745F75733A
:10D5F0003D2575206576303D257520696E74656E14
:10D600003D3078253038782073686F7274733D3000
:10D6100078253038780A00002B464341320000005C
:10D620002B464347320000002B4944002B47574903
:10D63000440000002B424155440000002B4D4F4454
:10D64000450000002B4600002B44494147000000E4
:10D650002B475743464700002B47574348000000DD
:10D660002B4643414C4C00002B494D5543544C0034
:10D670002B53455450544C002B46434D00000000A2
:10D680002B494E464F0000002B534C45455000009F
:10D690002B4F4452000000002B5552465200000010
:10D6A0002B445249465400002B5458464D54000018
:10D6B0002B5345544F5254002B525354000000003A
:10D6C0002B454F555400000068736933000000007B
:10D6D0006C656400726664007063746C0000000026
:10D6E0006D61696E00000000617400006F75740068
:10D6F000252D2A2E73207072692020737461747531
:10D70000732020202020207370202020202073747C
:10D7100061636B2073697A65206D6178207573652C
:10D7200064206C656674207469636B202065727276
:10D730006F720A00525443004E6574776F726B200B
:10D74000496E746572666163650000004D54442043
:10D7500044657669636500005350492044657669E5
:10D760006365000043414E204465766963650000AF
:10D77000477261706869632044657669636500007B
:10D78000536F756E64204465766963650000000020
:10D7900055534220536C6176652044657669636514
:10D7A00000000000426C6F636B204465766963651E
:10D7B00000000000506F7274616C204465766963EC
:10D7C00065000000504D2050736575646F204465FE
:10D7D000766963650000000054696D6572204465D8
:10D7E0007669636500000000436861726163746577
:10D7F0007220446576696365000000004D697363BB
:10D80000656C6C616E656F757320446576696365E0
:10D81000000000005069706500000000556E6B6EDE
:10D820006F776E0049324320427573005350492090
:10D83000427573005344494F204275730000000045
:10D8400055534220486F73742042757300000000E6
:10D85000464958454400000041444150544956450A
:10D8600000000000554E4B4E4F574E00332041589C
:10D87000495300003620415849530000392041588F
:10D880004953000054455354000000004C454741A3
:10D8900043590000000000004849323231000000C6
:10D8A000626D693100000000626D693200000000A5
:10D8B000626D693300000000626D6934005F5F6370
:10D8C0006D645F72665F646961670073686F77207B
:10D8D000686932323120726620646961676E6F73E5
:10D8E0007469637320636F756E74657273005F5F34
:10D8F000636D645F72665F646961675F636C6561D5
:10D900007200636C65617220616C6C206469616790
:10D910006E6F7374696320636F756E7465727300E4
:10D920006C6973745F6D656D006C697374206D65EF
:10D930006D6F727920757361676520696E666F72AD
:10D940006D6174696F6E0068656C6C6F00736179EE
:10D950002068656C6C6F20776F726C6400766572FE
:10D9600073696F6E0073686F772052542D5468721C
:10D970006561642076657273696F6E20696E666F8B
:10D98000726D6174696F6E005F5F636D645F766571
:10D990007273696F6E0073686F772052542D5468EC
:10D9A000726561642076657273696F6E20696E6658
:10D9B0006F726D6174696F6E006C6973745F746807
:10D9C00072656164006C6973742074687265616467
:10D9D000005F5F636D645F6C6973745F7468726528
:10D9E0006164006C69737420746872656164006CB2
:10D9F0006973745F73656D006C6973742073656D12
:10DA00006170686F726520696E2073797374656DDB
:10DA1000005F5F636D645F6C6973745F73656D0055
:10DA20006C6973742073656D6170686F72652069CD
:10DA30006E2073797374656D006C6973745F6576BD
:10DA4000656E74006C697374206576656E74206908
:10DA50006E2073797374656D005F5F636D645F6CD6
:10DA60006973745F6576656E74006C6973742065A4
:10DA700076656E7420696E2073797374656D006CC1
:10DA80006973745F6D75746578006C697374206D6B
:10DA90007574657820696E2073797374656D005FA5
:10DAA0005F636D645F6C6973745F6D757465780036
:10DAB0006C697374206D7574657820696E20737954
:10DAC0007374656D006C6973745F6D61696C626F0E
:10DAD00078006C697374206D61696C20626F7820C6
:10DAE000696E2073797374656D005F5F636D645F49
:10DAF0006C6973745F6D61696C626F78006C6973D7
:10DB000074206D61696C20626F7820696E20737972
:10DB10007374656D006C6973745F6D73677175659F
:10DB20007565006C697374206D657373616765203A
:10DB3000717565756520696E2073797374656D0004
:10DB40005F5F636D645F6C6973745F6D736771753C
:10DB5000657565006C697374206D657373616765C5
:10DB600020717565756520696E2073797374656DB4
:10DB7000006C6973745F74696D6572006C697374AD
:10DB80002074696D657220696E2073797374656D98
:10DB9000005F5F636D645F6C6973745F74696D656A
:10DBA00072006C6973742074696D657220696E20EF
:10DBB00073797374656D006C6973745F64657669FD
:10DBC0006365006C697374206465766963652069B8
:10DBD0006E2073797374656D005F5F636D645F6C55
:10DBE0006973745F646576696365006C697374203A
:10DBF00064657669636520696E2073797374656DF9
:10DC0000006C697374006C69737420616C6C2073B0
:10DC1000796D626F6C20696E2073797374656D0025
:10DC200064756D6D790064756D6D792076617269CA
:10DC300061626C6520666F722066696E7368005F52
:10DC40005F636D645F657869740072657475726E88
:10DC500020746F2052542D5468726561642073687B
:10DC6000656C6C206D6F64652E006D736800757354
:10DC700065206D6F64756C65207368656C6C005F02
:10DC80005F636D645F68656C700052542D546872F8
:10DC9000656164207368656C6C2068656C702E002B
:10DCA0005F5F636D645F7073004C697374207468A8
:10DCB000726561647320696E20746865207379737E
:10DCC00074656D2E005F5F636D645F74696D6500E0
:10DCD0004578656375746520636F6D6D616E642052
:10DCE000776974682074696D652E005F5F636D6489
:10DCF0005F667265650053686F7720746865206D94
:10DD0000656D6F727920757361676520696E207427
:10DD100068652073797374656D2E0070696E4D6F40
:10DD20006465007365742068617264776172652050
:10DD300070696E206D6F64650070696E57726974EA
:10DD4000650077726974652076616C756520746F03
:10DD50002068617264776172652070696E00706915
:10DD60006E526561640072656164207374617475DC
:10DD7000732066726F6D20686172647761726520CE
:10DD800070696E00BDD80100CBD80100C5700100DC
:10DD9000EED8010002D90100DD73010020D9010095
:10DDA00029D90100254C010047D901004DD90100B6
:10DDB000393301005DD9010065D9010075C7010043
:10DDC00088D9010096D9010075C70100B9D90100B1
:10DDD000C5D90100C74C0100D1D90100E3D9010028
:10DDE000C74C0100EFD90100F8D90100B54C010082
:10DDF00011DA010020DA0100B54C010039DA010026
:10DE000044DA0100FF4B010059DA01006ADA01002F
:10DE1000FF4B01007FDA01008ADA0100A34C010008
:10DE20009FDA0100B0DA0100A34C0100C5DA01005D
:10DE3000D2DA0100114C0100EADA0100FDDA01003A
:10DE4000114C010015DB010023DB0100914C0100A6
:10DE500040DB010054DB0100914C010071DB01004B
:10DE60007CDB0100D94C010091DB0100A2DB010049
:10DE7000D94C0100B7DB0100C3DB0100ED4B010011
:10DE8000D9DB0100EBDB0100ED4B010001DC0100FF
:10DE900006DC0100154B01003FDC01004ADC0100FB
:10DEA0006D5401006ADC01006EDC01005D5401006C
:10DEB0007FDC01008ADC010079540100A0DC010054
:10DEC000A9DC0100A7140100C5DC0100D0DC0100C1
:10DED000B1140100EBDC0100F6DC01009D1401002F
:10DEE0001BDD010023DD0100A995010039DD0100E2
:10DEF00042DD0100CD9501005EDD010066DD01001F
:10DF0000BD95010034DF010000000020680400001E
:10DF1000C4960000D0E001006804002078210000D1
:10DF2000F8ED000020DC010026DC01000900000003
:10DF300024030020011C14B8D601239DC11A28080F
:10DF400023D5AE1A3C082389BB1A2C081A29102A9B
:10DF5000581822AD1A7008234DC22A983022CE1AC2
:10DF6000C00823719C1A90081AED301A8008239972
:10DF7000B11A500823A9AC1A180823699D1A600821
:10DF800023819F1A3408231D971A68082319AF1A92
:10DF900020082339A71A78082349A91AB0081AFDBE
:10DFA000881A48081A95281A8808238DC41AA008C8
:10DFB00023E59B1AA80823BDCB2A448019780110B9
:10DFC00054010101540202025403030354040404E3
:10DFD0005405050554060606540707076308084B51
:10DFE0000909404B0A0A404B0B0B404B0C0C404BB1
:10DFF0000D0D404B0E0E404B0F0F406310104B1198
:10E0000011404B1212404B1313404B1414404B154C
:10E0100015404B1616404B1717406318184B19192B
:10E02000404B1A1A404B1B1B404B1C1C404B1D1DE8
:10E03000404B1E1E404B1F1F4001204956015613E6
:10E0400058022A20045A80681A680C2904322029B0
:10E05000C61A780C2904322429CE1A880C290429DE
:10E060002029D61A980C2904323029DE1AA80C2946
:10E0700004323432081AB80C2904324032091AC862
:10E080000C290402672C29D401101602040810FA86
:10E09000080910F401E803D007A00F101474D80188
:10E0A0001A7C041A6C041A64041A84040A1D940469
:10E0B0001A8C041A5004DA580C01681AA06C1AA8B9
:10E0C000041AB0045AB878092B7E4490D00300009B
:040000050000820174
:00000001FF
