UnixTimeStamp(sec),Node1_ID,Node1_AccX[G],Node1_AccY[G],Node1_AccZ[G],Node1_GyrX[deg/s],Node1_GyrY[deg/s],Node1_GyrZ[deg/s],Node1_MagX[uT],Node1_MagY[uT],Node1_MagZ[uT],Node1_Roll[deg],Node1_Pitch[deg],Node1_Yaw[deg],Node1_Qw,Node1_Qx,Node1_Qy,Node1_Qz,Node2_ID,Node2_AccX[G],Node2_AccY[G],Node2_AccZ[G],Node2_GyrX[deg/s],Node2_GyrY[deg/s],Node2_GyrZ[deg/s],Node2_MagX[uT],Node2_MagY[uT],Node2_MagZ[uT],Node2_Roll[deg],Node2_Pitch[deg],Node2_Yaw[deg],Node2_Qw,Node2_Qx,Node2_Qy,Node2_Qz,Node3_ID,Node3_AccX[G],Node3_AccY[G],Node3_AccZ[G],Node3_GyrX[deg/s],Node3_GyrY[deg/s],Node3_GyrZ[deg/s],Node3_MagX[uT],Node3_MagY[uT],Node3_MagZ[uT],Node3_Roll[deg],Node3_Pitch[deg],Node3_Yaw[deg],Node3_Qw,Node3_Qx,Node3_Qy,Node3_Qz,Node4_ID,Node4_AccX[G],Node4_AccY[G],Node4_AccZ[G],Node4_GyrX[deg/s],Node4_GyrY[deg/s],Node4_GyrZ[deg/s],Node4_MagX[uT],Node4_MagY[uT],Node4_MagZ[uT],Node4_Roll[deg],Node4_Pitch[deg],Node4_Yaw[deg],Node4_Qw,Node4_Qx,Node4_Qy,Node4_Qz,Node5_ID,Node5_AccX[G],Node5_AccY[G],Node5_AccZ[G],Node5_GyrX[deg/s],Node5_GyrY[deg/s],Node5_GyrZ[deg/s],Node5_MagX[uT],Node5_MagY[uT],Node5_MagZ[uT],Node5_Roll[deg],Node5_Pitch[deg],Node5_Yaw[deg],Node5_Qw,Node5_Qx,Node5_Qy,Node5_Qz,Node6_ID,Node6_AccX[G],Node6_AccY[G],Node6_AccZ[G],Node6_GyrX[deg/s],Node6_GyrY[deg/s],Node6_GyrZ[deg/s],Node6_MagX[uT],Node6_MagY[uT],Node6_MagZ[uT],Node6_Roll[deg],Node6_Pitch[deg],Node6_Yaw[deg],Node6_Qw,Node6_Qx,Node6_Qy,Node6_Qz,Node7_ID,Node7_AccX[G],Node7_AccY[G],Node7_AccZ[G],Node7_GyrX[deg/s],Node7_GyrY[deg/s],Node7_GyrZ[deg/s],Node7_MagX[uT],Node7_MagY[uT],Node7_MagZ[uT],Node7_Roll[deg],Node7_Pitch[deg],Node7_Yaw[deg],Node7_Qw,Node7_Qx,Node7_Qy,Node7_Qz,Node8_ID,Node8_AccX[G],Node8_AccY[G],Node8_AccZ[G],Node8_GyrX[deg/s],Node8_GyrY[deg/s],Node8_GyrZ[deg/s],Node8_MagX[uT],Node8_MagY[uT],Node8_MagZ[uT],Node8_Roll[deg],Node8_Pitch[deg],Node8_Yaw[deg],Node8_Qw,Node8_Qx,Node8_Qy,Node8_Qz,Node9_ID,Node9_AccX[G],Node9_AccY[G],Node9_AccZ[G],Node9_GyrX[deg/s],Node9_GyrY[deg/s],Node9_GyrZ[deg/s],Node9_MagX[uT],Node9_MagY[uT],Node9_MagZ[uT],Node9_Roll[deg],Node9_Pitch[deg],Node9_Yaw[deg],Node9_Qw,Node9_Qx,Node9_Qy,Node9_Qz,Node10_ID,Node10_AccX[G],Node10_AccY[G],Node10_AccZ[G],Node10_GyrX[deg/s],Node10_GyrY[deg/s],Node10_GyrZ[deg/s],Node10_MagX[uT],Node10_MagY[uT],Node10_MagZ[uT],Node10_Roll[deg],Node10_Pitch[deg],Node10_Yaw[deg],Node10_Qw,Node10_Qx,Node10_Qy,Node10_Qz,Node11_ID,Node11_AccX[G],Node11_AccY[G],Node11_AccZ[G],Node11_GyrX[deg/s],Node11_GyrY[deg/s],Node11_GyrZ[deg/s],Node11_MagX[uT],Node11_MagY[uT],Node11_MagZ[uT],Node11_Roll[deg],Node11_Pitch[deg],Node11_Yaw[deg],Node11_Qw,Node11_Qx,Node11_Qy,Node11_Qz,Node12_ID,Node12_AccX[G],Node12_AccY[G],Node12_AccZ[G],Node12_GyrX[deg/s],Node12_GyrY[deg/s],Node12_GyrZ[deg/s],Node12_MagX[uT],Node12_MagY[uT],Node12_MagZ[uT],Node12_Roll[deg],Node12_Pitch[deg],Node12_Yaw[deg],Node12_Qw,Node12_Qx,Node12_Qy,Node12_Qz,Node13_ID,Node13_AccX[G],Node13_AccY[G],Node13_AccZ[G],Node13_GyrX[deg/s],Node13_GyrY[deg/s],Node13_GyrZ[deg/s],Node13_MagX[uT],Node13_MagY[uT],Node13_MagZ[uT],Node13_Roll[deg],Node13_Pitch[deg],Node13_Yaw[deg],Node13_Qw,Node13_Qx,Node13_Qy,Node13_Qz,Node14_ID,Node14_AccX[G],Node14_AccY[G],Node14_AccZ[G],Node14_GyrX[deg/s],Node14_GyrY[deg/s],Node14_GyrZ[deg/s],Node14_MagX[uT],Node14_MagY[uT],Node14_MagZ[uT],Node14_Roll[deg],Node14_Pitch[deg],Node14_Yaw[deg],Node14_Qw,Node14_Qx,Node14_Qy,Node14_Qz,Node15_ID,Node15_AccX[G],Node15_AccY[G],Node15_AccZ[G],Node15_GyrX[deg/s],Node15_GyrY[deg/s],Node15_GyrZ[deg/s],Node15_MagX[uT],Node15_MagY[uT],Node15_MagZ[uT],Node15_Roll[deg],Node15_Pitch[deg],Node15_Yaw[deg],Node15_Qw,Node15_Qx,Node15_Qy,Node15_Qz,Node16_ID,Node16_AccX[G],Node16_AccY[G],Node16_AccZ[G],Node16_GyrX[deg/s],Node16_GyrY[deg/s],Node16_GyrZ[deg/s],Node16_MagX[uT],Node16_MagY[uT],Node16_MagZ[uT],Node16_Roll[deg],Node16_Pitch[deg],Node16_Yaw[deg],Node16_Qw,Node16_Qx,Node16_Qy,Node16_Qz
1784901938,0,0.024,0.000,0.998,0.00,0.00,0.00,39.70,14.60,-4.70,-0.12,-1.27,-1.76,1.000,-0.001,-0.011,-0.015,1,-0.319,-0.123,0.939,-0.50,-0.30,0.10,37.80,2.70,10.60,-8.11,18.36,-1.19,0.985,-0.068,0.160,0.001,,,,,,,,,,,,,,,,,,,,,,,,,,,,,,,,,,,,,,,,,,,,,,,,,,,,,,,,,,,,,,,,,,,,,,,,,,,,,,,,,,,,,,,,,,,,,,,,,,,,,,,,,,,,,,,,,,,,,,,,,,,,,,,,,,,,,,,,,,,,,,,,,,,,,,,,,,,,,,,,,,,,,,,,,,,,,,,,,,,,,,,,,,,,,,,,,,,,,,,,,,,,,,,,,,,,,,,,,,,,,,,,,,,,,,,,,,,,,,
1784901938,0,0.024,-0.004,0.998,0.00,0.00,0.10,39.70,14.60,-4.70,-0.12,-1.27,-1.76,1.000,-0.001,-0.011,-0.015,1,-0.327,-0.127,0.943,-0.50,-0.40,0.10,37.80,2.70,10.60,-8.11,18.36,-1.19,0.985,-0.068,0.160,0.001,,,,,,,,,,,,,,,,,,,,,,,,,,,,,,,,,,,,,,,,,,,,,,,,,,,,,,,,,,,,,,,,,,,,,,,,,,,,,,,,,,,,,,,,,,,,,,,,,,,,,,,,,,,,,,,,,,,,,,,,,,,,,,,,,,,,,,,,,,,,,,,,,,,,,,,,,,,,,,,,,,,,,,,,,,,,,,,,,,,,,,,,,,,,,,,,,,,,,,,,,,,,,,,,,,,,,,,,,,,,,,,,,,,,,,,,,,,,,,
1784901938,0,0.016,0.000,0.998,0.00,0.00,0.10,39.70,14.60,-4.70,-0.12,-1.27,-1.76,1.000,-0.001,-0.011,-0.015,1,-0.323,-0.127,0.943,-0.50,-0.50,0.20,37.80,2.70,10.60,-8.11,18.36,-1.19,0.985,-0.068,0.160,0.001,,,,,,,,,,,,,,,,,,,,,,,,,,,,,,,,,,,,,,,,,,,,,,,,,,,,,,,,,,,,,,,,,,,,,,,,,,,,,,,,,,,,,,,,,,,,,,,,,,,,,,,,,,,,,,,,,,,,,,,,,,,,,,,,,,,,,,,,,,,,,,,,,,,,,,,,,,,,,,,,,,,,,,,,,,,,,,,,,,,,,,,,,,,,,,,,,,,,,,,,,,,,,,,,,,,,,,,,,,,,,,,,,,,,,,,,,,,,,,
1784901938,0,0.028,-0.004,0.998,0.00,0.00,0.10,39.70,14.60,-4.70,-0.12,-1.27,-1.76,1.000,-0.001,-0.011,-0.015,1,-0.323,-0.127,0.943,-0.40,-0.60,0.20,37.80,2.70,10.60,-8.11,18.36,-1.19,0.985,-0.068,0.160,0.001,,,,,,,,,,,,,,,,,,,,,,,,,,,,,,,,,,,,,,,,,,,,,,,,,,,,,,,,,,,,,,,,,,,,,,,,,,,,,,,,,,,,,,,,,,,,,,,,,,,,,,,,,,,,,,,,,,,,,,,,,,,,,,,,,,,,,,,,,,,,,,,,,,,,,,,,,,,,,,,,,,,,,,,,,,,,,,,,,,,,,,,,,,,,,,,,,,,,,,,,,,,,,,,,,,,,,,,,,,,,,,,,,,,,,,,,,,,,,,
1784901938,0,0.024,-0.004,1.002,0.00,0.00,0.00,39.70,13.50,-4.50,-0.12,-1.27,-1.76,1.000,-0.001,-0.011,-0.015,1,-0.323,-0.127,0.947,-0.50,-0.70,0.20,38.00,3.00,10.80,-8.11,18.36,-1.18,0.985,-0.068,0.160,0.001,,,,,,,,,,,,,,,,,,,,,,,,,,,,,,,,,,,,,,,,,,,,,,,,,,,,,,,,,,,,,,,,,,,,,,,,,,,,,,,,,,,,,,,,,,,,,,,,,,,,,,,,,,,,,,,,,,,,,,,,,,,,,,,,,,,,,,,,,,,,,,,,,,,,,,,,,,,,,,,,,,,,,,,,,,,,,,,,,,,,,,,,,,,,,,,,,,,,,,,,,,,,,,,,,,,,,,,,,,,,,,,,,,,,,,,,,,,,,,
1784901938,0,0.024,-0.004,0.998,0.00,0.10,0.00,39.70,13.50,-4.50,-0.12,-1.27,-1.76,1.000,-0.001,-0.011,-0.015,1,-0.327,-0.131,0.943,-0.60,-0.70,0.20,38.00,3.00,10.80,-8.11,18.36,-1.18,0.985,-0.068,0.160,0.001,,,,,,,,,,,,,,,,,,,,,,,,,,,,,,,,,,,,,,,,,,,,,,,,,,,,,,,,,,,,,,,,,,,,,,,,,,,,,,,,,,,,,,,,,,,,,,,,,,,,,,,,,,,,,,,,,,,,,,,,,,,,,,,,,,,,,,,,,,,,,,,,,,,,,,,,,,,,,,,,,,,,,,,,,,,,,,,,,,,,,,,,,,,,,,,,,,,,,,,,,,,,,,,,,,,,,,,,,,,,,,,,,,,,,,,,,,,,,,
1784901938,0,0.028,-0.004,0.998,0.00,0.20,0.00,39.70,13.50,-4.50,-0.12,-1.27,-1.76,1.000,-0.001,-0.011,-0.015,1,-0.323,-0.131,0.947,-0.70,-0.80,0.10,38.00,3.00,10.80,-8.11,18.36,-1.18,0.985,-0.068,0.160,0.001,,,,,,,,,,,,,,,,,,,,,,,,,,,,,,,,,,,,,,,,,,,,,,,,,,,,,,,,,,,,,,,,,,,,,,,,,,,,,,,,,,,,,,,,,,,,,,,,,,,,,,,,,,,,,,,,,,,,,,,,,,,,,,,,,,,,,,,,,,,,,,,,,,,,,,,,,,,,,,,,,,,,,,,,,,,,,,,,,,,,,,,,,,,,,,,,,,,,,,,,,,,,,,,,,,,,,,,,,,,,,,,,,,,,,,,,,,,,,,
1784901938,0,0.024,-0.004,0.998,0.00,0.30,0.00,39.70,13.50,-4.50,-0.12,-1.27,-1.76,1.000,-0.001,-0.011,-0.015,1,-0.323,-0.135,0.951,-0.90,-0.80,0.00,38.00,3.00,10.80,-8.11,18.36,-1.18,0.985,-0.068,0.160,0.001,,,,,,,,,,,,,,,,,,,,,,,,,,,,,,,,,,,,,,,,,,,,,,,,,,,,,,,,,,,,,,,,,,,,,,,,,,,,,,,,,,,,,,,,,,,,,,,,,,,,,,,,,,,,,,,,,,,,,,,,,,,,,,,,,,,,,,,,,,,,,,,,,,,,,,,,,,,,,,,,,,,,,,,,,,,,,,,,,,,,,,,,,,,,,,,,,,,,,,,,,,,,,,,,,,,,,,,,,,,,,,,,,,,,,,,,,,,,,,
1784901938,0,0.024,0.000,1.002,0.00,0.10,0.00,39.70,12.50,-4.40,-0.12,-1.27,-1.76,1.000,-0.001,-0.011,-0.015,1,-0.323,-0.131,0.947,-1.10,-0.90,0.00,41.60,1.90,10.30,-8.12,18.35,-1.18,0.985,-0.068,0.160,0.001,,,,,,,,,,,,,,,,,,,,,,,,,,,,,,,,,,,,,,,,,,,,,,,,,,,,,,,,,,,,,,,,,,,,,,,,,,,,,,,,,,,,,,,,,,,,,,,,,,,,,,,,,,,,,,,,,,,,,,,,,,,,,,,,,,,,,,,,,,,,,,,,,,,,,,,,,,,,,,,,,,,,,,,,,,,,,,,,,,,,,,,,,,,,,,,,,,,,,,,,,,,,,,,,,,,,,,,,,,,,,,,,,,,,,,,,,,,,,,
1784901938,0,0.020,-0.004,1.002,0.00,0.00,-0.10,39.70,12.50,-4.40,-0.12,-1.27,-1.76,1.000,-0.001,-0.011,-0.015,1,-0.323,-0.135,0.943,-1.30,-0.90,-0.10,41.60,1.90,10.30,-8.12,18.35,-1.18,0.985,-0.068,0.160,0.001,,,,,,,,,,,,,,,,,,,,,,,,,,,,,,,,,,,,,,,,,,,,,,,,,,,,,,,,,,,,,,,,,,,,,,,,,,,,,,,,,,,,,,,,,,,,,,,,,,,,,,,,,,,,,,,,,,,,,,,,,,,,,,,,,,,,,,,,,,,,,,,,,,,,,,,,,,,,,,,,,,,,,,,,,,,,,,,,,,,,,,,,,,,,,,,,,,,,,,,,,,,,,,,,,,,,,,,,,,,,,,,,,,,,,,,,,,,,,,
1784901938,0,0.020,0.000,0.998,0.00,0.00,-0.10,39.70,12.50,-4.40,-0.12,-1.27,-1.76,1.000,-0.001,-0.011,-0.015,1,-0.323,-0.131,0.947,-1.30,-0.90,-0.10,41.60,1.90,10.30,-8.12,18.35,-1.18,0.985,-0.068,0.160,0.001,,,,,,,,,,,,,,,,,,,,,,,,,,,,,,,,,,,,,,,,,,,,,,,,,,,,,,,,,,,,,,,,,,,,,,,,,,,,,,,,,,,,,,,,,,,,,,,,,,,,,,,,,,,,,,,,,,,,,,,,,,,,,,,,,,,,,,,,,,,,,,,,,,,,,,,,,,,,,,,,,,,,,,,,,,,,,,,,,,,,,,,,,,,,,,,,,,,,,,,,,,,,,,,,,,,,,,,,,,,,,,,,,,,,,,,,,,,,,,
1784901938,0,0.020,0.003,0.998,0.00,0.00,-0.10,39.70,12.50,-4.40,-0.12,-1.27,-1.76,1.000,-0.001,-0.011,-0.015,1,-0.323,-0.135,0.939,-1.40,-0.80,-0.20,41.60,1.90,10.30,-8.12,18.35,-1.18,0.985,-0.068,0.160,0.001,,,,,,,,,,,,,,,,,,,,,,,,,,,,,,,,,,,,,,,,,,,,,,,,,,,,,,,,,,,,,,,,,,,,,,,,,,,,,,,,,,,,,,,,,,,,,,,,,,,,,,,,,,,,,,,,,,,,,,,,,,,,,,,,,,,,,,,,,,,,,,,,,,,,,,,,,,,,,,,,,,,,,,,,,,,,,,,,,,,,,,,,,,,,,,,,,,,,,,,,,,,,,,,,,,,,,,,,,,,,,,,,,,,,,,,,,,,,,,
1784901938,0,0.016,0.000,0.995,0.00,0.00,-0.10,39.60,13.10,-4.30,-0.12,-1.27,-1.76,1.000,-0.001,-0.011,-0.015,1,-0.319,-0.135,0.943,-1.30,-0.70,-0.20,41.90,4.50,10.40,-8.13,18.34,-1.18,0.985,-0.068,0.160,0.001,,,,,,,,,,,,,,,,,,,,,,,,,,,,,,,,,,,,,,,,,,,,,,,,,,,,,,,,,,,,,,,,,,,,,,,,,,,,,,,,,,,,,,,,,,,,,,,,,,,,,,,,,,,,,,,,,,,,,,,,,,,,,,,,,,,,,,,,,,,,,,,,,,,,,,,,,,,,,,,,,,,,,,,,,,,,,,,,,,,,,,,,,,,,,,,,,,,,,,,,,,,,,,,,,,,,,,,,,,,,,,,,,,,,,,,,,,,,,,
1784901938,0,0.024,0.000,0.998,-0.10,0.00,-0.20,39.60,13.10,-4.30,-0.12,-1.27,-1.76,1.000,-0.001,-0.011,-0.015,1,-0.319,-0.135,0.943,-1.20,-0.70,-0.20,41.90,4.50,10.40,-8.13,18.35,-1.18,0.985,-0.068,0.160,0.001,,,,,,,,,,,,,,,,,,,,,,,,,,,,,,,,,,,,,,,,,,,,,,,,,,,,,,,,,,,,,,,,,,,,,,,,,,,,,,,,,,,,,,,,,,,,,,,,,,,,,,,,,,,,,,,,,,,,,,,,,,,,,,,,,,,,,,,,,,,,,,,,,,,,,,,,,,,,,,,,,,,,,,,,,,,,,,,,,,,,,,,,,,,,,,,,,,,,,,,,,,,,,,,,,,,,,,,,,,,,,,,,,,,,,,,,,,,,,,
1784901938,0,0.024,0.000,1.006,-0.10,0.00,-0.10,39.60,13.10,-4.30,-0.12,-1.27,-1.76,1.000,-0.001,-0.011,-0.015,1,-0.319,-0.135,0.947,-1.10,-0.60,-0.20,41.90,4.50,10.40,-8.13,18.35,-1.18,0.985,-0.068,0.160,0.001,,,,,,,,,,,,,,,,,,,,,,,,,,,,,,,,,,,,,,,,,,,,,,,,,,,,,,,,,,,,,,,,,,,,,,,,,,,,,,,,,,,,,,,,,,,,,,,,,,,,,,,,,,,,,,,,,,,,,,,,,,,,,,,,,,,,,,,,,,,,,,,,,,,,,,,,,,,,,,,,,,,,,,,,,,,,,,,,,,,,,,,,,,,,,,,,,,,,,,,,,,,,,,,,,,,,,,,,,,,,,,,,,,,,,,,,,,,,,,
1784901938,0,0.020,0.000,0.998,0.00,0.00,0.00,39.60,13.10,-4.30,-0.12,-1.27,-1.76,1.000,-0.001,-0.011,-0.015,1,-0.315,-0.139,0.943,-1.00,-0.40,-0.20,41.90,4.50,10.40,-8.13,18.35,-1.18,0.985,-0.068,0.160,0.001,,,,,,,,,,,,,,,,,,,,,,,,,,,,,,,,,,,,,,,,,,,,,,,,,,,,,,,,,,,,,,,,,,,,,,,,,,,,,,,,,,,,,,,,,,,,,,,,,,,,,,,,,,,,,,,,,,,,,,,,,,,,,,,,,,,,,,,,,,,,,,,,,,,,,,,,,,,,,,,,,,,,,,,,,,,,,,,,,,,,,,,,,,,,,,,,,,,,,,,,,,,,,,,,,,,,,,,,,,,,,,,,,,,,,,,,,,,,,,
1784901938,0,0.020,0.000,0.998,0.00,0.00,0.00,39.60,20.00,-0.80,-0.12,-1.27,-1.76,1.000,-0.001,-0.011,-0.015,1,-0.315,-0.135,0.939,-0.90,-0.30,-0.20,41.60,4.20,10.60,-8.14,18.34,-1.18,0.985,-0.068,0.160,0.001,,,,,,,,,,,,,,,,,,,,,,,,,,,,,,,,,,,,,,,,,,,,,,,,,,,,,,,,,,,,,,,,,,,,,,,,,,,,,,,,,,,,,,,,,,,,,,,,,,,,,,,,,,,,,,,,,,,,,,,,,,,,,,,,,,,,,,,,,,,,,,,,,,,,,,,,,,,,,,,,,,,,,,,,,,,,,,,,,,,,,,,,,,,,,,,,,,,,,,,,,,,,,,,,,,,,,,,,,,,,,,,,,,,,,,,,,,,,,,
1784901938,0,0.020,-0.004,0.998,0.00,0.00,0.00,39.60,20.00,-0.80,-0.12,-1.27,-1.76,1.000,-0.001,-0.011,-0.015,1,-0.323,-0.135,0.939,-0.70,-0.30,-0.20,41.60,4.20,10.60,-8.15,18.34,-1.18,0.985,-0.068,0.160,0.001,,,,,,,,,,,,,,,,,,,,,,,,,,,,,,,,,,,,,,,,,,,,,,,,,,,,,,,,,,,,,,,,,,,,,,,,,,,,,,,,,,,,,,,,,,,,,,,,,,,,,,,,,,,,,,,,,,,,,,,,,,,,,,,,,,,,,,,,,,,,,,,,,,,,,,,,,,,,,,,,,,,,,,,,,,,,,,,,,,,,,,,,,,,,,,,,,,,,,,,,,,,,,,,,,,,,,,,,,,,,,,,,,,,,,,,,,,,,,,
1784901938,0,0.020,-0.004,1.002,0.00,0.00,0.00,39.60,20.00,-0.80,-0.12,-1.27,-1.76,1.000,-0.001,-0.011,-0.015,1,-0.319,-0.139,0.943,-0.40,-0.40,-0.10,41.60,4.20,10.60,-8.15,18.34,-1.18,0.985,-0.068,0.160,0.001,,,,,,,,,,,,,,,,,,,,,,,,,,,,,,,,,,,,,,,,,,,,,,,,,,,,,,,,,,,,,,,,,,,,,,,,,,,,,,,,,,,,,,,,,,,,,,,,,,,,,,,,,,,,,,,,,,,,,,,,,,,,,,,,,,,,,,,,,,,,,,,,,,,,,,,,,,,,,,,,,,,,,,,,,,,,,,,,,,,,,,,,,,,,,,,,,,,,,,,,,,,,,,,,,,,,,,,,,,,,,,,,,,,,,,,,,,,,,,
1784901938,0,0.020,-0.004,0.998,0.00,0.00,0.00,39.60,20.00,-0.80,-0.12,-1.27,-1.76,1.000,-0.001,-0.011,-0.015,1,-0.315,-0.147,0.939,-0.30,-0.40,0.00,41.60,4.20,10.60,-8.15,18.34,-1.18,0.985,-0.068,0.160,0.001,,,,,,,,,,,,,,,,,,,,,,,,,,,,,,,,,,,,,,,,,,,,,,,,,,,,,,,,,,,,,,,,,,,,,,,,,,,,,,,,,,,,,,,,,,,,,,,,,,,,,,,,,,,,,,,,,,,,,,,,,,,,,,,,,,,,,,,,,,,,,,,,,,,,,,,,,,,,,,,,,,,,,,,,,,,,,,,,,,,,,,,,,,,,,,,,,,,,,,,,,,,,,,,,,,,,,,,,,,,,,,,,,,,,,,,,,,,,,,
1784901938,0,0.020,0.007,0.998,0.00,0.10,0.00,39.70,16.70,-2.00,-0.12,-1.27,-1.76,1.000,-0.001,-0.011,-0.015,1,-0.315,-0.143,0.935,-0.10,-0.20,0.00,41.80,4.50,10.50,-8.15,18.34,-1.18,0.985,-0.069,0.160,0.001,,,,,,,,,,,,,,,,,,,,,,,,,,,,,,,,,,,,,,,,,,,,,,,,,,,,,,,,,,,,,,,,,,,,,,,,,,,,,,,,,,,,,,,,,,,,,,,,,,,,,,,,,,,,,,,,,,,,,,,,,,,,,,,,,,,,,,,,,,,,,,,,,,,,,,,,,,,,,,,,,,,,,,,,,,,,,,,,,,,,,,,,,,,,,,,,,,,,,,,,,,,,,,,,,,,,,,,,,,,,,,,,,,,,,,,,,,,,,,
1784901938,0,0.020,-0.004,1.002,0.00,0.10,0.00,39.70,16.70,-2.00,-0.12,-1.27,-1.76,1.000,-0.001,-0.011,-0.015,1,-0.315,-0.139,0.939,0.00,0.00,0.10,41.80,4.50,10.50,-8.15,18.34,-1.18,0.985,-0.069,0.160,0.001,,,,,,,,,,,,,,,,,,,,,,,,,,,,,,,,,,,,,,,,,,,,,,,,,,,,,,,,,,,,,,,,,,,,,,,,,,,,,,,,,,,,,,,,,,,,,,,,,,,,,,,,,,,,,,,,,,,,,,,,,,,,,,,,,,,,,,,,,,,,,,,,,,,,,,,,,,,,,,,,,,,,,,,,,,,,,,,,,,,,,,,,,,,,,,,,,,,,,,,,,,,,,,,,,,,,,,,,,,,,,,,,,,,,,,,,,,,,,,
1784901938,0,0.024,-0.004,1.002,0.00,0.00,0.00,39.70,16.70,-2.00,-0.12,-1.27,-1.76,1.000,-0.001,-0.011,-0.015,1,-0.319,-0.139,0.939,0.10,0.20,0.10,41.80,4.50,10.50,-8.15,18.34,-1.18,0.985,-0.069,0.160,0.001,,,,,,,,,,,,,,,,,,,,,,,,,,,,,,,,,,,,,,,,,,,,,,,,,,,,,,,,,,,,,,,,,,,,,,,,,,,,,,,,,,,,,,,,,,,,,,,,,,,,,,,,,,,,,,,,,,,,,,,,,,,,,,,,,,,,,,,,,,,,,,,,,,,,,,,,,,,,,,,,,,,,,,,,,,,,,,,,,,,,,,,,,,,,,,,,,,,,,,,,,,,,,,,,,,,,,,,,,,,,,,,,,,,,,,,,,,,,,,
1784901938,0,0.020,0.000,1.006,0.00,0.00,0.00,39.70,16.70,-2.00,-0.12,-1.27,-1.76,1.000,-0.001,-0.011,-0.015,1,-0.319,-0.143,0.939,0.30,0.30,0.10,41.80,4.50,10.50,-8.15,18.34,-1.18,0.985,-0.069,0.160,0.001,,,,,,,,,,,,,,,,,,,,,,,,,,,,,,,,,,,,,,,,,,,,,,,,,,,,,,,,,,,,,,,,,,,,,,,,,,,,,,,,,,,,,,,,,,,,,,,,,,,,,,,,,,,,,,,,,,,,,,,,,,,,,,,,,,,,,,,,,,,,,,,,,,,,,,,,,,,,,,,,,,,,,,,,,,,,,,,,,,,,,,,,,,,,,,,,,,,,,,,,,,,,,,,,,,,,,,,,,,,,,,,,,,,,,,,,,,,,,,
1784901938,0,0.024,0.000,0.994,0.10,0.00,0.10,39.30,17.90,-2.10,-0.12,-1.27,-1.76,1.000,-0.001,-0.011,-0.015,1,-0.315,-0.143,0.943,0.50,0.20,0.10,41.80,4.10,10.50,-8.15,18.34,-1.18,0.985,-0.069,0.160,0.001,,,,,,,,,,,,,,,,,,,,,,,,,,,,,,,,,,,,,,,,,,,,,,,,,,,,,,,,,,,,,,,,,,,,,,,,,,,,,,,,,,,,,,,,,,,,,,,,,,,,,,,,,,,,,,,,,,,,,,,,,,,,,,,,,,,,,,,,,,,,,,,,,,,,,,,,,,,,,,,,,,,,,,,,,,,,,,,,,,,,,,,,,,,,,,,,,,,,,,,,,,,,,,,,,,,,,,,,,,,,,,,,,,,,,,,,,,,,,,
1784901938,0,0.024,-0.004,0.998,0.10,0.00,0.10,39.30,17.90,-2.10,-0.12,-1.27,-1.76,1.000,-0.001,-0.011,-0.015,1,-0.315,-0.139,0.947,0.70,0.00,0.20,41.80,4.10,10.50,-8.15,18.34,-1.18,0.985,-0.069,0.160,0.001,,,,,,,,,,,,,,,,,,,,,,,,,,,,,,,,,,,,,,,,,,,,,,,,,,,,,,,,,,,,,,,,,,,,,,,,,,,,,,,,,,,,,,,,,,,,,,,,,,,,,,,,,,,,,,,,,,,,,,,,,,,,,,,,,,,,,,,,,,,,,,,,,,,,,,,,,,,,,,,,,,,,,,,,,,,,,,,,,,,,,,,,,,,,,,,,,,,,,,,,,,,,,,,,,,,,,,,,,,,,,,,,,,,,,,,,,,,,,,
1784901938,0,0.020,-0.004,1.002,0.00,0.00,0.00,39.30,17.90,-2.10,-0.12,-1.27,-1.76,1.000,-0.001,-0.011,-0.015,1,-0.319,-0.139,0.935,0.90,0.00,0.20,41.80,4.10,10.50,-8.15,18.34,-1.18,0.985,-0.069,0.160,0.001,,,,,,,,,,,,,,,,,,,,,,,,,,,,,,,,,,,,,,,,,,,,,,,,,,,,,,,,,,,,,,,,,,,,,,,,,,,,,,,,,,,,,,,,,,,,,,,,,,,,,,,,,,,,,,,,,,,,,,,,,,,,,,,,,,,,,,,,,,,,,,,,,,,,,,,,,,,,,,,,,,,,,,,,,,,,,,,,,,,,,,,,,,,,,,,,,,,,,,,,,,,,,,,,,,,,,,,,,,,,,,,,,,,,,,,,,,,,,,
1784901938,0,0.020,-0.004,1.002,0.00,0.10,0.00,39.30,17.90,-2.10,-0.12,-1.27,-1.76,1.000,-0.001,-0.011,-0.015,1,-0.315,-0.139,0.935,1.00,0.00,0.40,41.80,4.10,10.50,-8.15,18.34,-1.18,0.985,-0.069,0.160,0.001,,,,,,,,,,,,,,,,,,,,,,,,,,,,,,,,,,,,,,,,,,,,,,,,,,,,,,,,,,,,,,,,,,,,,,,,,,,,,,,,,,,,,,,,,,,,,,,,,,,,,,,,,,,,,,,,,,,,,,,,,,,,,,,,,,,,,,,,,,,,,,,,,,,,,,,,,,,,,,,,,,,,,,,,,,,,,,,,,,,,,,,,,,,,,,,,,,,,,,,,,,,,,,,,,,,,,,,,,,,,,,,,,,,,,,,,,,,,,,
1784901938,0,0.024,0.003,1.002,0.00,0.10,0.00,39.50,19.30,-2.40,-0.12,-1.26,-1.76,1.000,-0.001,-0.011,-0.015,1,-0.319,-0.135,0.943,1.20,0.10,0.40,41.00,3.90,10.80,-8.14,18.34,-1.18,0.985,-0.068,0.160,0.001,,,,,,,,,,,,,,,,,,,,,,,,,,,,,,,,,,,,,,,,,,,,,,,,,,,,,,,,,,,,,,,,,,,,,,,,,,,,,,,,,,,,,,,,,,,,,,,,,,,,,,,,,,,,,,,,,,,,,,,,,,,,,,,,,,,,,,,,,,,,,,,,,,,,,,,,,,,,,,,,,,,,,,,,,,,,,,,,,,,,,,,,,,,,,,,,,,,,,,,,,,,,,,,,,,,,,,,,,,,,,,,,,,,,,,,,,,,,,,
1784901938,0,0.020,-0.004,0.994,-0.10,0.10,0.00,39.50,19.30,-2.40,-0.12,-1.26,-1.76,1.000,-0.001,-0.011,-0.015,1,-0.315,-0.135,0.947,1.50,0.30,0.40,41.00,3.90,10.80,-8.14,18.34,-1.18,0.985,-0.068,0.160,0.001,,,,,,,,,,,,,,,,,,,,,,,,,,,,,,,,,,,,,,,,,,,,,,,,,,,,,,,,,,,,,,,,,,,,,,,,,,,,,,,,,,,,,,,,,,,,,,,,,,,,,,,,,,,,,,,,,,,,,,,,,,,,,,,,,,,,,,,,,,,,,,,,,,,,,,,,,,,,,,,,,,,,,,,,,,,,,,,,,,,,,,,,,,,,,,,,,,,,,,,,,,,,,,,,,,,,,,,,,,,,,,,,,,,,,,,,,,,,,,
1784901938,0,0.024,0.000,0.994,-0.10,0.00,0.00,39.50,19.30,-2.40,-0.12,-1.26,-1.76,1.000,-0.001,-0.011,-0.015,1,-0.319,-0.135,0.951,1.70,0.50,0.50,41.00,3.90,10.80,-8.14,18.34,-1.18,0.985,-0.068,0.160,0.001,,,,,,,,,,,,,,,,,,,,,,,,,,,,,,,,,,,,,,,,,,,,,,,,,,,,,,,,,,,,,,,,,,,,,,,,,,,,,,,,,,,,,,,,,,,,,,,,,,,,,,,,,,,,,,,,,,,,,,,,,,,,,,,,,,,,,,,,,,,,,,,,,,,,,,,,,,,,,,,,,,,,,,,,,,,,,,,,,,,,,,,,,,,,,,,,,,,,,,,,,,,,,,,,,,,,,,,,,,,,,,,,,,,,,,,,,,,,,,
1784901938,0,0.024,0.000,1.002,-0.10,0.00,0.10,39.50,19.30,-2.40,-0.12,-1.26,-1.76,1.000,-0.001,-0.011,-0.015,1,-0.319,-0.135,0.947,1.90,0.60,0.60,41.00,3.90,10.80,-8.14,18.34,-1.18,0.985,-0.068,0.160,0.001,,,,,,,,,,,,,,,,,,,,,,,,,,,,,,,,,,,,,,,,,,,,,,,,,,,,,,,,,,,,,,,,,,,,,,,,,,,,,,,,,,,,,,,,,,,,,,,,,,,,,,,,,,,,,,,,,,,,,,,,,,,,,,,,,,,,,,,,,,,,,,,,,,,,,,,,,,,,,,,,,,,,,,,,,,,,,,,,,,,,,,,,,,,,,,,,,,,,,,,,,,,,,,,,,,,,,,,,,,,,,,,,,,,,,,,,,,,,,,
1784901938,0,0.024,0.000,0.994,0.00,0.00,0.10,39.30,20.20,-2.00,-0.13,-1.26,-1.76,1.000,-0.001,-0.011,-0.015,1,-0.319,-0.131,0.947,2.10,0.70,0.50,41.00,1.50,9.70,-8.12,18.35,-1.17,0.985,-0.068,0.160,0.001,,,,,,,,,,,,,,,,,,,,,,,,,,,,,,,,,,,,,,,,,,,,,,,,,,,,,,,,,,,,,,,,,,,,,,,,,,,,,,,,,,,,,,,,,,,,,,,,,,,,,,,,,,,,,,,,,,,,,,,,,,,,,,,,,,,,,,,,,,,,,,,,,,,,,,,,,,,,,,,,,,,,,,,,,,,,,,,,,,,,,,,,,,,,,,,,,,,,,,,,,,,,,,,,,,,,,,,,,,,,,,,,,,,,,,,,,,,,,,
1784901938,0,0.024,0.000,1.002,0.00,0.00,0.10,39.30,20.20,-2.00,-0.13,-1.26,-1.76,1.000,-0.001,-0.011,-0.015,1,-0.319,-0.131,0.939,2.10,0.80,0.40,41.00,1.50,9.70,-8.12,18.35,-1.18,0.985,-0.068,0.160,0.001,,,,,,,,,,,,,,,,,,,,,,,,,,,,,,,,,,,,,,,,,,,,,,,,,,,,,,,,,,,,,,,,,,,,,,,,,,,,,,,,,,,,,,,,,,,,,,,,,,,,,,,,,,,,,,,,,,,,,,,,,,,,,,,,,,,,,,,,,,,,,,,,,,,,,,,,,,,,,,,,,,,,,,,,,,,,,,,,,,,,,,,,,,,,,,,,,,,,,,,,,,,,,,,,,,,,,,,,,,,,,,,,,,,,,,,,,,,,,,
1784901938,0,0.024,0.000,1.002,0.00,0.00,0.00,39.30,20.20,-2.00,-0.13,-1.26,-1.76,1.000,-0.001,-0.011,-0.015,1,-0.319,-0.135,0.939,2.30,0.90,0.50,41.00,1.50,9.70,-8.12,18.35,-1.18,0.985,-0.068,0.160,0.001,,,,,,,,,,,,,,,,,,,,,,,,,,,,,,,,,,,,,,,,,,,,,,,,,,,,,,,,,,,,,,,,,,,,,,,,,,,,,,,,,,,,,,,,,,,,,,,,,,,,,,,,,,,,,,,,,,,,,,,,,,,,,,,,,,,,,,,,,,,,,,,,,,,,,,,,,,,,,,,,,,,,,,,,,,,,,,,,,,,,,,,,,,,,,,,,,,,,,,,,,,,,,,,,,,,,,,,,,,,,,,,,,,,,,,,,,,,,,,
1784901938,0,0.024,-0.004,0.998,0.00,0.00,0.00,39.30,20.20,-2.00,-0.13,-1.26,-1.76,1.000,-0.001,-0.011,-0.015,1,-0.323,-0.127,0.943,2.60,1.00,0.50,41.00,1.50,9.70,-8.12,18.35,-1.18,0.985,-0.068,0.160,0.001,,,,,,,,,,,,,,,,,,,,,,,,,,,,,,,,,,,,,,,,,,,,,,,,,,,,,,,,,,,,,,,,,,,,,,,,,,,,,,,,,,,,,,,,,,,,,,,,,,,,,,,,,,,,,,,,,,,,,,,,,,,,,,,,,,,,,,,,,,,,,,,,,,,,,,,,,,,,,,,,,,,,,,,,,,,,,,,,,,,,,,,,,,,,,,,,,,,,,,,,,,,,,,,,,,,,,,,,,,,,,,,,,,,,,,,,,,,,,,
1784901938,0,0.028,-0.004,1.002,0.00,0.00,0.00,39.60,17.00,-1.70,-0.13,-1.26,-1.76,1.000,-0.001,-0.011,-0.015,1,-0.319,-0.131,0.943,2.80,1.10,0.60,40.70,1.30,10.20,-8.10,18.36,-1.17,0.985,-0.068,0.160,0.001,,,,,,,,,,,,,,,,,,,,,,,,,,,,,,,,,,,,,,,,,,,,,,,,,,,,,,,,,,,,,,,,,,,,,,,,,,,,,,,,,,,,,,,,,,,,,,,,,,,,,,,,,,,,,,,,,,,,,,,,,,,,,,,,,,,,,,,,,,,,,,,,,,,,,,,,,,,,,,,,,,,,,,,,,,,,,,,,,,,,,,,,,,,,,,,,,,,,,,,,,,,,,,,,,,,,,,,,,,,,,,,,,,,,,,,,,,,,,,
1784901938,0,0.024,0.000,0.998,0.00,0.00,0.10,39.60,17.00,-1.70,-0.13,-1.26,-1.76,1.000,-0.001,-0.011,-0.015,1,-0.319,-0.127,0.943,2.80,0.90,0.80,40.70,1.30,10.20,-8.10,18.36,-1.17,0.985,-0.068,0.160,0.001,,,,,,,,,,,,,,,,,,,,,,,,,,,,,,,,,,,,,,,,,,,,,,,,,,,,,,,,,,,,,,,,,,,,,,,,,,,,,,,,,,,,,,,,,,,,,,,,,,,,,,,,,,,,,,,,,,,,,,,,,,,,,,,,,,,,,,,,,,,,,,,,,,,,,,,,,,,,,,,,,,,,,,,,,,,,,,,,,,,,,,,,,,,,,,,,,,,,,,,,,,,,,,,,,,,,,,,,,,,,,,,,,,,,,,,,,,,,,,
1784901938,0,0.020,-0.004,0.998,0.00,0.10,0.10,39.60,17.00,-1.70,-0.13,-1.26,-1.76,1.000,-0.001,-0.011,-0.015,1,-0.319,-0.119,0.931,2.70,0.80,0.80,40.70,1.30,10.20,-8.10,18.36,-1.17,0.985,-0.068,0.160,0.001,,,,,,,,,,,,,,,,,,,,,,,,,,,,,,,,,,,,,,,,,,,,,,,,,,,,,,,,,,,,,,,,,,,,,,,,,,,,,,,,,,,,,,,,,,,,,,,,,,,,,,,,,,,,,,,,,,,,,,,,,,,,,,,,,,,,,,,,,,,,,,,,,,,,,,,,,,,,,,,,,,,,,,,,,,,,,,,,,,,,,,,,,,,,,,,,,,,,,,,,,,,,,,,,,,,,,,,,,,,,,,,,,,,,,,,,,,,,,,
1784901938,0,0.024,0.000,0.998,-0.10,0.10,0.10,39.60,17.00,-1.70,-0.13,-1.26,-1.76,1.000,-0.001,-0.011,-0.015,1,-0.323,-0.127,0.931,2.30,0.50,0.80,40.70,1.30,10.20,-8.10,18.36,-1.17,0.985,-0.068,0.160,0.001,,,,,,,,,,,,,,,,,,,,,,,,,,,,,,,,,,,,,,,,,,,,,,,,,,,,,,,,,,,,,,,,,,,,,,,,,,,,,,,,,,,,,,,,,,,,,,,,,,,,,,,,,,,,,,,,,,,,,,,,,,,,,,,,,,,,,,,,,,,,,,,,,,,,,,,,,,,,,,,,,,,,,,,,,,,,,,,,,,,,,,,,,,,,,,,,,,,,,,,,,,,,,,,,,,,,,,,,,,,,,,,,,,,,,,,,,,,,,,
1784901938,0,0.024,0.000,1.002,-0.10,0.10,0.10,40.00,17.30,-1.90,-0.13,-1.26,-1.76,1.000,-0.001,-0.011,-0.015,1,-0.319,-0.131,0.928,1.80,0.30,0.70,41.00,2.40,10.10,-8.07,18.36,-1.16,0.985,-0.068,0.160,0.001,,,,,,,,,,,,,,,,,,,,,,,,,,,,,,,,,,,,,,,,,,,,,,,,,,,,,,,,,,,,,,,,,,,,,,,,,,,,,,,,,,,,,,,,,,,,,,,,,,,,,,,,,,,,,,,,,,,,,,,,,,,,,,,,,,,,,,,,,,,,,,,,,,,,,,,,,,,,,,,,,,,,,,,,,,,,,,,,,,,,,,,,,,,,,,,,,,,,,,,,,,,,,,,,,,,,,,,,,,,,,,,,,,,,,,,,,,,,,,
1784901938,0,0.020,-0.004,0.998,-0.10,0.00,0.00,40.00,17.30,-1.90,-0.13,-1.26,-1.76,1.000,-0.001,-0.011,-0.015,1,-0.319,-0.127,0.931,1.00,0.20,0.70,41.00,2.40,10.10,-8.07,18.37,-1.16,0.985,-0.068,0.160,0.001,,,,,,,,,,,,,,,,,,,,,,,,,,,,,,,,,,,,,,,,,,,,,,,,,,,,,,,,,,,,,,,,,,,,,,,,,,,,,,,,,,,,,,,,,,,,,,,,,,,,,,,,,,,,,,,,,,,,,,,,,,,,,,,,,,,,,,,,,,,,,,,,,,,,,,,,,,,,,,,,,,,,,,,,,,,,,,,,,,,,,,,,,,,,,,,,,,,,,,,,,,,,,,,,,,,,,,,,,,,,,,,,,,,,,,,,,,,,,,
1784901938,0,0.024,-0.004,0.998,0.00,0.00,0.00,40.00,17.30,-1.90,-0.13,-1.26,-1.76,1.000,-0.001,-0.011,-0.015,1,-0.319,-0.127,0.928,0.30,0.10,0.50,41.00,2.40,10.10,-8.07,18.37,-1.16,0.985,-0.068,0.160,0.001,,,,,,,,,,,,,,,,,,,,,,,,,,,,,,,,,,,,,,,,,,,,,,,,,,,,,,,,,,,,,,,,,,,,,,,,,,,,,,,,,,,,,,,,,,,,,,,,,,,,,,,,,,,,,,,,,,,,,,,,,,,,,,,,,,,,,,,,,,,,,,,,,,,,,,,,,,,,,,,,,,,,,,,,,,,,,,,,,,,,,,,,,,,,,,,,,,,,,,,,,,,,,,,,,,,,,,,,,,,,,,,,,,,,,,,,,,,,,,
1784901938,0,0.020,-0.004,1.002,0.00,0.00,0.00,40.00,17.30,-1.90,-0.13,-1.26,-1.76,1.000,-0.001,-0.011,-0.015,1,-0.319,-0.131,0.931,-0.30,0.00,0.30,41.00,2.40,10.10,-8.07,18.37,-1.16,0.985,-0.068,0.160,0.001,,,,,,,,,,,,,,,,,,,,,,,,,,,,,,,,,,,,,,,,,,,,,,,,,,,,,,,,,,,,,,,,,,,,,,,,,,,,,,,,,,,,,,,,,,,,,,,,,,,,,,,,,,,,,,,,,,,,,,,,,,,,,,,,,,,,,,,,,,,,,,,,,,,,,,,,,,,,,,,,,,,,,,,,,,,,,,,,,,,,,,,,,,,,,,,,,,,,,,,,,,,,,,,,,,,,,,,,,,,,,,,,,,,,,,,,,,,,,,
1784901938,0,0.020,-0.004,0.998,0.00,0.00,0.00,39.60,17.10,-1.40,-0.13,-1.26,-1.76,1.000,-0.001,-0.011,-0.015,1,-0.319,-0.127,0.931,-0.60,0.00,0.00,40.90,3.90,9.90,-8.07,18.37,-1.16,0.985,-0.068,0.160,0.001,,,,,,,,,,,,,,,,,,,,,,,,,,,,,,,,,,,,,,,,,,,,,,,,,,,,,,,,,,,,,,,,,,,,,,,,,,,,,,,,,,,,,,,,,,,,,,,,,,,,,,,,,,,,,,,,,,,,,,,,,,,,,,,,,,,,,,,,,,,,,,,,,,,,,,,,,,,,,,,,,,,,,,,,,,,,,,,,,,,,,,,,,,,,,,,,,,,,,,,,,,,,,,,,,,,,,,,,,,,,,,,,,,,,,,,,,,,,,,
1784901938,0,0.024,0.000,0.998,0.00,0.00,0.00,39.60,17.10,-1.40,-0.13,-1.26,-1.76,1.000,-0.001,-0.011,-0.015,1,-0.319,-0.127,0.939,-0.50,-0.30,-0.10,40.90,3.90,9.90,-8.07,18.37,-1.16,0.985,-0.068,0.160,0.001,,,,,,,,,,,,,,,,,,,,,,,,,,,,,,,,,,,,,,,,,,,,,,,,,,,,,,,,,,,,,,,,,,,,,,,,,,,,,,,,,,,,,,,,,,,,,,,,,,,,,,,,,,,,,,,,,,,,,,,,,,,,,,,,,,,,,,,,,,,,,,,,,,,,,,,,,,,,,,,,,,,,,,,,,,,,,,,,,,,,,,,,,,,,,,,,,,,,,,,,,,,,,,,,,,,,,,,,,,,,,,,,,,,,,,,,,,,,,,
1784901938,0,0.016,-0.004,0.998,-0.10,0.00,0.10,39.60,17.10,-1.40,-0.13,-1.26,-1.76,1.000,-0.001,-0.011,-0.015,1,-0.319,-0.127,0.947,-0.30,-0.50,-0.10,40.90,3.90,9.90,-8.07,18.37,-1.16,0.985,-0.068,0.160,0.001,,,,,,,,,,,,,,,,,,,,,,,,,,,,,,,,,,,,,,,,,,,,,,,,,,,,,,,,,,,,,,,,,,,,,,,,,,,,,,,,,,,,,,,,,,,,,,,,,,,,,,,,,,,,,,,,,,,,,,,,,,,,,,,,,,,,,,,,,,,,,,,,,,,,,,,,,,,,,,,,,,,,,,,,,,,,,,,,,,,,,,,,,,,,,,,,,,,,,,,,,,,,,,,,,,,,,,,,,,,,,,,,,,,,,,,,,,,,,,
1784901938,0,0.020,-0.004,1.002,0.00,0.00,0.10,39.60,17.10,-1.40,-0.13,-1.26,-1.76,1.000,-0.001,-0.011,-0.015,1,-0.315,-0.124,0.943,0.00,-0.80,0.00,40.90,3.90,9.90,-8.07,18.37,-1.16,0.985,-0.068,0.160,0.001,,,,,,,,,,,,,,,,,,,,,,,,,,,,,,,,,,,,,,,,,,,,,,,,,,,,,,,,,,,,,,,,,,,,,,,,,,,,,,,,,,,,,,,,,,,,,,,,,,,,,,,,,,,,,,,,,,,,,,,,,,,,,,,,,,,,,,,,,,,,,,,,,,,,,,,,,,,,,,,,,,,,,,,,,,,,,,,,,,,,,,,,,,,,,,,,,,,,,,,,,,,,,,,,,,,,,,,,,,,,,,,,,,,,,,,,,,,,,,
1784901938,0,0.020,-0.004,1.006,0.00,0.00,0.10,39.80,17.10,-1.40,-0.13,-1.26,-1.75,1.000,-0.001,-0.011,-0.015,1,-0.319,-0.123,0.947,0.00,-1.00,0.00,41.10,2.90,10.90,-8.07,18.36,-1.16,0.985,-0.068,0.160,0.001,,,,,,,,,,,,,,,,,,,,,,,,,,,,,,,,,,,,,,,,,,,,,,,,,,,,,,,,,,,,,,,,,,,,,,,,,,,,,,,,,,,,,,,,,,,,,,,,,,,,,,,,,,,,,,,,,,,,,,,,,,,,,,,,,,,,,,,,,,,,,,,,,,,,,,,,,,,,,,,,,,,,,,,,,,,,,,,,,,,,,,,,,,,,,,,,,,,,,,,,,,,,,,,,,,,,,,,,,,,,,,,,,,,,,,,,,,,,,,
1784901938,0,0.020,0.000,0.998,0.00,0.00,0.00,39.80,17.10,-1.40,-0.13,-1.26,-1.75,1.000,-0.001,-0.011,-0.015,1,-0.319,-0.127,0.951,0.00,-1.10,0.00,41.10,2.90,10.90,-8.07,18.36,-1.16,0.985,-0.068,0.160,0.001,,,,,,,,,,,,,,,,,,,,,,,,,,,,,,,,,,,,,,,,,,,,,,,,,,,,,,,,,,,,,,,,,,,,,,,,,,,,,,,,,,,,,,,,,,,,,,,,,,,,,,,,,,,,,,,,,,,,,,,,,,,,,,,,,,,,,,,,,,,,,,,,,,,,,,,,,,,,,,,,,,,,,,,,,,,,,,,,,,,,,,,,,,,,,,,,,,,,,,,,,,,,,,,,,,,,,,,,,,,,,,,,,,,,,,,,,,,,,,
1784901938,0,0.020,0.000,0.994,0.00,0.00,0.00,39.80,17.10,-1.40,-0.13,-1.26,-1.75,1.000,-0.001,-0.011,-0.015,1,-0.319,-0.127,0.947,-0.30,-0.90,0.00,41.10,2.90,10.90,-8.07,18.36,-1.16,0.985,-0.068,0.160,0.001,,,,,,,,,,,,,,,,,,,,,,,,,,,,,,,,,,,,,,,,,,,,,,,,,,,,,,,,,,,,,,,,,,,,,,,,,,,,,,,,,,,,,,,,,,,,,,,,,,,,,,,,,,,,,,,,,,,,,,,,,,,,,,,,,,,,,,,,,,,,,,,,,,,,,,,,,,,,,,,,,,,,,,,,,,,,,,,,,,,,,,,,,,,,,,,,,,,,,,,,,,,,,,,,,,,,,,,,,,,,,,,,,,,,,,,,,,,,,,
1784901938,0,0.020,0.000,1.002,0.00,0.00,0.10,39.80,17.10,-1.40,-0.13,-1.26,-1.75,1.000,-0.001,-0.011,-0.015,1,-0.315,-0.124,0.947,-0.60,-0.70,-0.20,41.10,2.90,10.90,-8.07,18.36,-1.16,0.985,-0.068,0.160,0.001,,,,,,,,,,,,,,,,,,,,,,,,,,,,,,,,,,,,,,,,,,,,,,,,,,,,,,,,,,,,,,,,,,,,,,,,,,,,,,,,,,,,,,,,,,,,,,,,,,,,,,,,,,,,,,,,,,,,,,,,,,,,,,,,,,,,,,,,,,,,,,,,,,,,,,,,,,,,,,,,,,,,,,,,,,,,,,,,,,,,,,,,,,,,,,,,,,,,,,,,,,,,,,,,,,,,,,,,,,,,,,,,,,,,,,,,,,,,,,
1784901938,0,0.020,0.000,1.002,0.00,0.10,0.10,39.70,17.20,-2.00,-0.13,-1.26,-1.75,1.000,-0.001,-0.011,-0.015,1,-0.323,-0.123,0.943,-0.80,-0.60,-0.30,41.20,2.80,9.80,-8.07,18.35,-1.16,0.985,-0.068,0.160,0.001,,,,,,,,,,,,,,,,,,,,,,,,,,,,,,,,,,,,,,,,,,,,,,,,,,,,,,,,,,,,,,,,,,,,,,,,,,,,,,,,,,,,,,,,,,,,,,,,,,,,,,,,,,,,,,,,,,,,,,,,,,,,,,,,,,,,,,,,,,,,,,,,,,,,,,,,,,,,,,,,,,,,,,,,,,,,,,,,,,,,,,,,,,,,,,,,,,,,,,,,,,,,,,,,,,,,,,,,,,,,,,,,,,,,,,,,,,,,,,
1784901938,0,0.020,0.000,1.002,0.00,0.00,0.10,39.70,17.20,-2.00,-0.13,-1.26,-1.75,1.000,-0.001,-0.011,-0.015,1,-0.315,-0.124,0.951,-0.70,-0.60,-0.40,41.20,2.80,9.80,-8.07,18.35,-1.16,0.985,-0.068,0.160,0.001,,,,,,,,,,,,,,,,,,,,,,,,,,,,,,,,,,,,,,,,,,,,,,,,,,,,,,,,,,,,,,,,,,,,,,,,,,,,,,,,,,,,,,,,,,,,,,,,,,,,,,,,,,,,,,,,,,,,,,,,,,,,,,,,,,,,,,,,,,,,,,,,,,,,,,,,,,,,,,,,,,,,,,,,,,,,,,,,,,,,,,,,,,,,,,,,,,,,,,,,,,,,,,,,,,,,,,,,,,,,,,,,,,,,,,,,,,,,,,
1784901938,0,0.020,-0.004,0.998,0.00,0.00,0.10,39.70,17.20,-2.00,-0.13,-1.26,-1.75,1.000,-0.001,-0.011,-0.015,1,-0.319,-0.127,0.947,-0.60,-0.70,-0.40,41.20,2.80,9.80,-8.07,18.35,-1.16,0.985,-0.068,0.160,0.001,,,,,,,,,,,,,,,,,,,,,,,,,,,,,,,,,,,,,,,,,,,,,,,,,,,,,,,,,,,,,,,,,,,,,,,,,,,,,,,,,,,,,,,,,,,,,,,,,,,,,,,,,,,,,,,,,,,,,,,,,,,,,,,,,,,,,,,,,,,,,,,,,,,,,,,,,,,,,,,,,,,,,,,,,,,,,,,,,,,,,,,,,,,,,,,,,,,,,,,,,,,,,,,,,,,,,,,,,,,,,,,,,,,,,,,,,,,,,,
1784901938,0,0.024,-0.004,1.002,-0.10,0.00,0.00,39.70,17.20,-2.00,-0.13,-1.26,-1.75,1.000,-0.001,-0.011,-0.015,1,-0.319,-0.127,0.951,-0.30,-0.80,-0.40,41.20,2.80,9.80,-8.07,18.35,-1.16,0.985,-0.068,0.160,0.001,,,,,,,,,,,,,,,,,,,,,,,,,,,,,,,,,,,,,,,,,,,,,,,,,,,,,,,,,,,,,,,,,,,,,,,,,,,,,,,,,,,,,,,,,,,,,,,,,,,,,,,,,,,,,,,,,,,,,,,,,,,,,,,,,,,,,,,,,,,,,,,,,,,,,,,,,,,,,,,,,,,,,,,,,,,,,,,,,,,,,,,,,,,,,,,,,,,,,,,,,,,,,,,,,,,,,,,,,,,,,,,,,,,,,,,,,,,,,,
1784901938,0,0.020,0.000,1.002,-0.10,0.00,0.00,39.80,15.00,-1.10,-0.13,-1.26,-1.75,1.000,-0.001,-0.011,-0.015,1,-0.319,-0.127,0.947,-0.10,-0.90,-0.40,40.80,2.90,10.90,-8.08,18.34,-1.16,0.985,-0.068,0.160,0.001,,,,,,,,,,,,,,,,,,,,,,,,,,,,,,,,,,,,,,,,,,,,,,,,,,,,,,,,,,,,,,,,,,,,,,,,,,,,,,,,,,,,,,,,,,,,,,,,,,,,,,,,,,,,,,,,,,,,,,,,,,,,,,,,,,,,,,,,,,,,,,,,,,,,,,,,,,,,,,,,,,,,,,,,,,,,,,,,,,,,,,,,,,,,,,,,,,,,,,,,,,,,,,,,,,,,,,,,,,,,,,,,,,,,,,,,,,,,,,
1784901938,0,0.024,-0.004,0.998,0.00,0.00,0.00,39.80,15.00,-1.10,-0.13,-1.26,-1.75,1.000,-0.001,-0.011,-0.015,1,-0.315,-0.131,0.951,-0.10,-0.90,-0.30,40.80,2.90,10.90,-8.08,18.34,-1.16,0.985,-0.068,0.160,0.001,,,,,,,,,,,,,,,,,,,,,,,,,,,,,,,,,,,,,,,,,,,,,,,,,,,,,,,,,,,,,,,,,,,,,,,,,,,,,,,,,,,,,,,,,,,,,,,,,,,,,,,,,,,,,,,,,,,,,,,,,,,,,,,,,,,,,,,,,,,,,,,,,,,,,,,,,,,,,,,,,,,,,,,,,,,,,,,,,,,,,,,,,,,,,,,,,,,,,,,,,,,,,,,,,,,,,,,,,,,,,,,,,,,,,,,,,,,,,,
1784901938,0,0.024,0.000,1.002,0.00,0.00,0.00,39.80,15.00,-1.10,-0.13,-1.26,-1.75,1.000,-0.001,-0.011,-0.015,1,-0.323,-0.127,0.947,-0.20,-1.10,-0.30,40.80,2.90,10.90,-8.08,18.34,-1.16,0.985,-0.068,0.160,0.001,,,,,,,,,,,,,,,,,,,,,,,,,,,,,,,,,,,,,,,,,,,,,,,,,,,,,,,,,,,,,,,,,,,,,,,,,,,,,,,,,,,,,,,,,,,,,,,,,,,,,,,,,,,,,,,,,,,,,,,,,,,,,,,,,,,,,,,,,,,,,,,,,,,,,,,,,,,,,,,,,,,,,,,,,,,,,,,,,,,,,,,,,,,,,,,,,,,,,,,,,,,,,,,,,,,,,,,,,,,,,,,,,,,,,,,,,,,,,,
1784901938,0,0.024,-0.004,0.998,0.00,0.00,0.00,39.80,15.00,-1.10,-0.13,-1.26,-1.75,1.000,-0.001,-0.011,-0.015,1,-0.323,-0.131,0.947,-0.40,-1.00,-0.30,40.80,2.90,10.90,-8.08,18.34,-1.16,0.985,-0.068,0.160,0.001,,,,,,,,,,,,,,,,,,,,,,,,,,,,,,,,,,,,,,,,,,,,,,,,,,,,,,,,,,,,,,,,,,,,,,,,,,,,,,,,,,,,,,,,,,,,,,,,,,,,,,,,,,,,,,,,,,,,,,,,,,,,,,,,,,,,,,,,,,,,,,,,,,,,,,,,,,,,,,,,,,,,,,,,,,,,,,,,,,,,,,,,,,,,,,,,,,,,,,,,,,,,,,,,,,,,,,,,,,,,,,,,,,,,,,,,,,,,,,
1784901938,0,0.020,-0.004,1.002,0.00,0.00,0.00,38.40,18.90,-1.90,-0.13,-1.26,-1.75,1.000,-0.001,-0.011,-0.015,1,-0.315,-0.135,0.943,-0.70,-1.00,-0.30,41.00,2.60,12.00,-8.08,18.33,-1.16,0.985,-0.068,0.160,0.001,,,,,,,,,,,,,,,,,,,,,,,,,,,,,,,,,,,,,,,,,,,,,,,,,,,,,,,,,,,,,,,,,,,,,,,,,,,,,,,,,,,,,,,,,,,,,,,,,,,,,,,,,,,,,,,,,,,,,,,,,,,,,,,,,,,,,,,,,,,,,,,,,,,,,,,,,,,,,,,,,,,,,,,,,,,,,,,,,,,,,,,,,,,,,,,,,,,,,,,,,,,,,,,,,,,,,,,,,,,,,,,,,,,,,,,,,,,,,,
1784901938,0,0.020,0.000,1.006,0.10,0.00,0.00,38.40,18.90,-1.90,-0.13,-1.26,-1.75,1.000,-0.001,-0.011,-0.015,1,-0.319,-0.131,0.943,-1.10,-1.00,-0.20,41.00,2.60,12.00,-8.08,18.33,-1.16,0.985,-0.068,0.160,0.001,,,,,,,,,,,,,,,,,,,,,,,,,,,,,,,,,,,,,,,,,,,,,,,,,,,,,,,,,,,,,,,,,,,,,,,,,,,,,,,,,,,,,,,,,,,,,,,,,,,,,,,,,,,,,,,,,,,,,,,,,,,,,,,,,,,,,,,,,,,,,,,,,,,,,,,,,,,,,,,,,,,,,,,,,,,,,,,,,,,,,,,,,,,,,,,,,,,,,,,,,,,,,,,,,,,,,,,,,,,,,,,,,,,,,,,,,,,,,,
1784901938,0,0.020,-0.004,0.998,0.00,0.00,0.00,38.40,18.90,-1.90,-0.13,-1.26,-1.75,1.000,-0.001,-0.011,-0.015,1,-0.315,-0.135,0.939,-1.30,-1.00,-0.20,41.00,2.60,12.00,-8.08,18.33,-1.16,0.985,-0.068,0.160,0.001,,,,,,,,,,,,,,,,,,,,,,,,,,,,,,,,,,,,,,,,,,,,,,,,,,,,,,,,,,,,,,,,,,,,,,,,,,,,,,,,,,,,,,,,,,,,,,,,,,,,,,,,,,,,,,,,,,,,,,,,,,,,,,,,,,,,,,,,,,,,,,,,,,,,,,,,,,,,,,,,,,,,,,,,,,,,,,,,,,,,,,,,,,,,,,,,,,,,,,,,,,,,,,,,,,,,,,,,,,,,,,,,,,,,,,,,,,,,,,
1784901938,0,0.020,0.000,1.002,0.00,0.00,0.00,38.40,18.90,-1.90,-0.13,-1.26,-1.75,1.000,-0.001,-0.011,-0.015,1,-0.319,-0.135,0.947,-1.50,-0.90,-0.20,41.00,2.60,12.00,-8.08,18.33,-1.16,0.985,-0.068,0.160,0.001,,,,,,,,,,,,,,,,,,,,,,,,,,,,,,,,,,,,,,,,,,,,,,,,,,,,,,,,,,,,,,,,,,,,,,,,,,,,,,,,,,,,,,,,,,,,,,,,,,,,,,,,,,,,,,,,,,,,,,,,,,,,,,,,,,,,,,,,,,,,,,,,,,,,,,,,,,,,,,,,,,,,,,,,,,,,,,,,,,,,,,,,,,,,,,,,,,,,,,,,,,,,,,,,,,,,,,,,,,,,,,,,,,,,,,,,,,,,,,
1784901938,0,0.024,0.000,0.994,0.00,0.00,0.00,37.40,18.90,-1.60,-0.13,-1.26,-1.75,1.000,-0.001,-0.011,-0.015,1,-0.319,-0.139,0.943,-1.50,-0.90,-0.30,41.30,2.60,14.00,-8.10,18.32,-1.17,0.985,-0.068,0.160,0.001,,,,,,,,,,,,,,,,,,,,,,,,,,,,,,,,,,,,,,,,,,,,,,,,,,,,,,,,,,,,,,,,,,,,,,,,,,,,,,,,,,,,,,,,,,,,,,,,,,,,,,,,,,,,,,,,,,,,,,,,,,,,,,,,,,,,,,,,,,,,,,,,,,,,,,,,,,,,,,,,,,,,,,,,,,,,,,,,,,,,,,,,,,,,,,,,,,,,,,,,,,,,,,,,,,,,,,,,,,,,,,,,,,,,,,,,,,,,,,
1784901938,0,0.024,-0.004,0.998,0.00,-0.10,-0.10,37.40,18.90,-1.60,-0.13,-1.26,-1.75,1.000,-0.001,-0.011,-0.015,1,-0.319,-0.139,0.943,-1.50,-1.10,-0.20,41.30,2.60,14.00,-8.10,18.32,-1.17,0.985,-0.068,0.160,0.001,,,,,,,,,,,,,,,,,,,,,,,,,,,,,,,,,,,,,,,,,,,,,,,,,,,,,,,,,,,,,,,,,,,,,,,,,,,,,,,,,,,,,,,,,,,,,,,,,,,,,,,,,,,,,,,,,,,,,,,,,,,,,,,,,,,,,,,,,,,,,,,,,,,,,,,,,,,,,,,,,,,,,,,,,,,,,,,,,,,,,,,,,,,,,,,,,,,,,,,,,,,,,,,,,,,,,,,,,,,,,,,,,,,,,,,,,,,,,,
1784901938,0,0.024,0.000,1.006,0.00,-0.10,-0.20,37.40,18.90,-1.60,-0.13,-1.26,-1.75,1.000,-0.001,-0.011,-0.015,1,-0.315,-0.139,0.947,-1.40,-1.30,-0.20,41.30,2.60,14.00,-8.10,18.32,-1.17,0.985,-0.068,0.160,0.001,,,,,,,,,,,,,,,,,,,,,,,,,,,,,,,,,,,,,,,,,,,,,,,,,,,,,,,,,,,,,,,,,,,,,,,,,,,,,,,,,,,,,,,,,,,,,,,,,,,,,,,,,,,,,,,,,,,,,,,,,,,,,,,,,,,,,,,,,,,,,,,,,,,,,,,,,,,,,,,,,,,,,,,,,,,,,,,,,,,,,,,,,,,,,,,,,,,,,,,,,,,,,,,,,,,,,,,,,,,,,,,,,,,,,,,,,,,,,,
1784901938,0,0.020,-0.004,1.002,0.00,0.00,-0.30,37.40,18.90,-1.60,-0.13,-1.26,-1.75,1.000,-0.001,-0.011,-0.015,1,-0.315,-0.139,0.943,-1.30,-1.50,-0.10,41.30,2.60,14.00,-8.10,18.32,-1.17,0.985,-0.068,0.160,0.001,,,,,,,,,,,,,,,,,,,,,,,,,,,,,,,,,,,,,,,,,,,,,,,,,,,,,,,,,,,,,,,,,,,,,,,,,,,,,,,,,,,,,,,,,,,,,,,,,,,,,,,,,,,,,,,,,,,,,,,,,,,,,,,,,,,,,,,,,,,,,,,,,,,,,,,,,,,,,,,,,,,,,,,,,,,,,,,,,,,,,,,,,,,,,,,,,,,,,,,,,,,,,,,,,,,,,,,,,,,,,,,,,,,,,,,,,,,,,,
1784901938,0,0.020,0.000,1.006,0.00,0.00,-0.30,36.00,19.40,-1.60,-0.13,-1.26,-1.76,1.000,-0.001,-0.011,-0.015,1,-0.319,-0.131,0.947,-1.10,-1.60,0.00,41.10,3.10,8.10,-8.11,18.31,-1.16,0.985,-0.068,0.159,0.001,,,,,,,,,,,,,,,,,,,,,,,,,,,,,,,,,,,,,,,,,,,,,,,,,,,,,,,,,,,,,,,,,,,,,,,,,,,,,,,,,,,,,,,,,,,,,,,,,,,,,,,,,,,,,,,,,,,,,,,,,,,,,,,,,,,,,,,,,,,,,,,,,,,,,,,,,,,,,,,,,,,,,,,,,,,,,,,,,,,,,,,,,,,,,,,,,,,,,,,,,,,,,,,,,,,,,,,,,,,,,,,,,,,,,,,,,,,,,,
1784901938,0,0.016,0.000,1.002,0.10,-0.10,-0.10,36.00,19.40,-1.60,-0.13,-1.26,-1.76,1.000,-0.001,-0.011,-0.015,1,-0.315,-0.135,0.939,-1.00,-1.60,0.00,41.10,3.10,8.10,-8.11,18.31,-1.17,0.985,-0.068,0.159,0.001,,,,,,,,,,,,,,,,,,,,,,,,,,,,,,,,,,,,,,,,,,,,,,,,,,,,,,,,,,,,,,,,,,,,,,,,,,,,,,,,,,,,,,,,,,,,,,,,,,,,,,,,,,,,,,,,,,,,,,,,,,,,,,,,,,,,,,,,,,,,,,,,,,,,,,,,,,,,,,,,,,,,,,,,,,,,,,,,,,,,,,,,,,,,,,,,,,,,,,,,,,,,,,,,,,,,,,,,,,,,,,,,,,,,,,,,,,,,,,
1784901938,0,0.020,0.000,1.002,0.10,-0.10,0.00,36.00,19.40,-1.60,-0.13,-1.26,-1.76,1.000,-0.001,-0.011,-0.015,1,-0.319,-0.135,0.939,-1.00,-1.60,0.10,41.10,3.10,8.10,-8.11,18.31,-1.17,0.985,-0.068,0.159,0.001,,,,,,,,,,,,,,,,,,,,,,,,,,,,,,,,,,,,,,,,,,,,,,,,,,,,,,,,,,,,,,,,,,,,,,,,,,,,,,,,,,,,,,,,,,,,,,,,,,,,,,,,,,,,,,,,,,,,,,,,,,,,,,,,,,,,,,,,,,,,,,,,,,,,,,,,,,,,,,,,,,,,,,,,,,,,,,,,,,,,,,,,,,,,,,,,,,,,,,,,,,,,,,,,,,,,,,,,,,,,,,,,,,,,,,,,,,,,,,
1784901938,0,0.020,0.000,1.006,0.10,0.00,0.00,36.00,19.40,-1.60,-0.13,-1.26,-1.76,1.000,-0.001,-0.011,-0.015,1,-0.319,-0.131,0.935,-1.10,-1.40,0.30,41.10,3.10,8.10,-8.11,18.31,-1.17,0.985,-0.068,0.159,0.001,,,,,,,,,,,,,,,,,,,,,,,,,,,,,,,,,,,,,,,,,,,,,,,,,,,,,,,,,,,,,,,,,,,,,,,,,,,,,,,,,,,,,,,,,,,,,,,,,,,,,,,,,,,,,,,,,,,,,,,,,,,,,,,,,,,,,,,,,,,,,,,,,,,,,,,,,,,,,,,,,,,,,,,,,,,,,,,,,,,,,,,,,,,,,,,,,,,,,,,,,,,,,,,,,,,,,,,,,,,,,,,,,,,,,,,,,,,,,,
1784901938,0,0.020,0.000,0.998,0.00,0.00,0.00,35.30,19.30,-1.80,-0.13,-1.26,-1.76,1.000,-0.001,-0.011,-0.015,1,-0.319,-0.139,0.939,-1.40,-1.20,0.30,41.40,2.70,10.40,-8.12,18.29,-1.16,0.985,-0.068,0.159,0.001,,,,,,,,,,,,,,,,,,,,,,,,,,,,,,,,,,,,,,,,,,,,,,,,,,,,,,,,,,,,,,,,,,,,,,,,,,,,,,,,,,,,,,,,,,,,,,,,,,,,,,,,,,,,,,,,,,,,,,,,,,,,,,,,,,,,,,,,,,,,,,,,,,,,,,,,,,,,,,,,,,,,,,,,,,,,,,,,,,,,,,,,,,,,,,,,,,,,,,,,,,,,,,,,,,,,,,,,,,,,,,,,,,,,,,,,,,,,,,
1784901938,0,0.020,-0.004,1.002,0.00,0.00,-0.10,35.30,19.30,-1.80,-0.13,-1.26,-1.76,1.000,-0.001,-0.011,-0.015,1,-0.319,-0.135,0.943,-1.60,-1.10,0.30,41.40,2.70,10.40,-8.12,18.29,-1.16,0.985,-0.068,0.159,0.001,,,,,,,,,,,,,,,,,,,,,,,,,,,,,,,,,,,,,,,,,,,,,,,,,,,,,,,,,,,,,,,,,,,,,,,,,,,,,,,,,,,,,,,,,,,,,,,,,,,,,,,,,,,,,,,,,,,,,,,,,,,,,,,,,,,,,,,,,,,,,,,,,,,,,,,,,,,,,,,,,,,,,,,,,,,,,,,,,,,,,,,,,,,,,,,,,,,,,,,,,,,,,,,,,,,,,,,,,,,,,,,,,,,,,,,,,,,,,,
1784901938,0,0.024,-0.004,0.998,0.00,0.00,0.00,35.30,19.30,-1.80,-0.13,-1.26,-1.76,1.000,-0.001,-0.011,-0.015,1,-0.315,-0.143,0.939,-1.60,-1.10,0.10,41.40,2.70,10.40,-8.12,18.29,-1.16,0.985,-0.068,0.159,0.001,,,,,,,,,,,,,,,,,,,,,,,,,,,,,,,,,,,,,,,,,,,,,,,,,,,,,,,,,,,,,,,,,,,,,,,,,,,,,,,,,,,,,,,,,,,,,,,,,,,,,,,,,,,,,,,,,,,,,,,,,,,,,,,,,,,,,,,,,,,,,,,,,,,,,,,,,,,,,,,,,,,,,,,,,,,,,,,,,,,,,,,,,,,,,,,,,,,,,,,,,,,,,,,,,,,,,,,,,,,,,,,,,,,,,,,,,,,,,,
1784901938,0,0.020,-0.004,0.998,0.00,0.00,0.00,35.30,19.30,-1.80,-0.13,-1.26,-1.76,1.000,-0.001,-0.011,-0.015,1,-0.315,-0.135,0.939,-1.40,-1.20,0.00,41.40,2.70,10.40,-8.12,18.29,-1.16,0.985,-0.068,0.159,0.001,,,,,,,,,,,,,,,,,,,,,,,,,,,,,,,,,,,,,,,,,,,,,,,,,,,,,,,,,,,,,,,,,,,,,,,,,,,,,,,,,,,,,,,,,,,,,,,,,,,,,,,,,,,,,,,,,,,,,,,,,,,,,,,,,,,,,,,,,,,,,,,,,,,,,,,,,,,,,,,,,,,,,,,,,,,,,,,,,,,,,,,,,,,,,,,,,,,,,,,,,,,,,,,,,,,,,,,,,,,,,,,,,,,,,,,,,,,,,,
1784901938,0,0.020,-0.004,1.002,0.00,0.00,0.00,41.60,15.40,-1.50,-0.13,-1.26,-1.76,1.000,-0.001,-0.011,-0.015,1,-0.315,-0.139,0.947,-1.00,-1.20,0.00,41.40,3.00,9.00,-8.14,18.28,-1.16,0.985,-0.068,0.159,0.001,,,,,,,,,,,,,,,,,,,,,,,,,,,,,,,,,,,,,,,,,,,,,,,,,,,,,,,,,,,,,,,,,,,,,,,,,,,,,,,,,,,,,,,,,,,,,,,,,,,,,,,,,,,,,,,,,,,,,,,,,,,,,,,,,,,,,,,,,,,,,,,,,,,,,,,,,,,,,,,,,,,,,,,,,,,,,,,,,,,,,,,,,,,,,,,,,,,,,,,,,,,,,,,,,,,,,,,,,,,,,,,,,,,,,,,,,,,,,,
1784901938,0,0.020,-0.004,1.002,0.10,0.00,0.00,41.60,15.40,-1.50,-0.13,-1.26,-1.76,1.000,-0.001,-0.011,-0.015,1,-0.315,-0.135,0.947,-0.40,-1.10,0.00,41.40,3.00,9.00,-8.14,18.28,-1.16,0.985,-0.068,0.159,0.001,,,,,,,,,,,,,,,,,,,,,,,,,,,,,,,,,,,,,,,,,,,,,,,,,,,,,,,,,,,,,,,,,,,,,,,,,,,,,,,,,,,,,,,,,,,,,,,,,,,,,,,,,,,,,,,,,,,,,,,,,,,,,,,,,,,,,,,,,,,,,,,,,,,,,,,,,,,,,,,,,,,,,,,,,,,,,,,,,,,,,,,,,,,,,,,,,,,,,,,,,,,,,,,,,,,,,,,,,,,,,,,,,,,,,,,,,,,,,,
1784901938,0,0.024,-0.004,1.006,0.10,0.00,0.00,41.60,15.40,-1.50,-0.13,-1.26,-1.76,1.000,-0.001,-0.011,-0.015,1,-0.319,-0.143,0.947,0.00,-0.90,0.00,41.40,3.00,9.00,-8.14,18.28,-1.16,0.985,-0.068,0.159,0.001,,,,,,,,,,,,,,,,,,,,,,,,,,,,,,,,,,,,,,,,,,,,,,,,,,,,,,,,,,,,,,,,,,,,,,,,,,,,,,,,,,,,,,,,,,,,,,,,,,,,,,,,,,,,,,,,,,,,,,,,,,,,,,,,,,,,,,,,,,,,,,,,,,,,,,,,,,,,,,,,,,,,,,,,,,,,,,,,,,,,,,,,,,,,,,,,,,,,,,,,,,,,,,,,,,,,,,,,,,,,,,,,,,,,,,,,,,,,,,
1784901938,0,0.024,-0.004,1.002,0.10,0.00,0.00,41.60,15.40,-1.50,-0.13,-1.26,-1.76,1.000,-0.001,-0.011,-0.015,1,-0.319,-0.139,0.947,0.10,-0.80,0.20,41.40,3.00,9.00,-8.14,18.28,-1.16,0.985,-0.068,0.159,0.001,,,,,,,,,,,,,,,,,,,,,,,,,,,,,,,,,,,,,,,,,,,,,,,,,,,,,,,,,,,,,,,,,,,,,,,,,,,,,,,,,,,,,,,,,,,,,,,,,,,,,,,,,,,,,,,,,,,,,,,,,,,,,,,,,,,,,,,,,,,,,,,,,,,,,,,,,,,,,,,,,,,,,,,,,,,,,,,,,,,,,,,,,,,,,,,,,,,,,,,,,,,,,,,,,,,,,,,,,,,,,,,,,,,,,,,,,,,,,,
1784901938,0,0.020,-0.004,1.002,0.00,0.00,0.00,37.10,18.70,-2.20,-0.13,-1.26,-1.76,1.000,-0.001,-0.011,-0.015,1,-0.319,-0.139,0.939,0.10,-0.50,0.20,41.40,2.60,7.80,-8.14,18.27,-1.16,0.985,-0.068,0.159,0.001,,,,,,,,,,,,,,,,,,,,,,,,,,,,,,,,,,,,,,,,,,,,,,,,,,,,,,,,,,,,,,,,,,,,,,,,,,,,,,,,,,,,,,,,,,,,,,,,,,,,,,,,,,,,,,,,,,,,,,,,,,,,,,,,,,,,,,,,,,,,,,,,,,,,,,,,,,,,,,,,,,,,,,,,,,,,,,,,,,,,,,,,,,,,,,,,,,,,,,,,,,,,,,,,,,,,,,,,,,,,,,,,,,,,,,,,,,,,,,
1784901938,0,0.024,-0.004,1.002,0.00,0.00,0.00,37.10,18.70,-2.20,-0.13,-1.26,-1.76,1.000,-0.001,-0.011,-0.015,1,-0.315,-0.139,0.943,0.20,-0.30,0.20,41.40,2.60,7.80,-8.14,18.27,-1.16,0.985,-0.068,0.159,0.001,,,,,,,,,,,,,,,,,,,,,,,,,,,,,,,,,,,,,,,,,,,,,,,,,,,,,,,,,,,,,,,,,,,,,,,,,,,,,,,,,,,,,,,,,,,,,,,,,,,,,,,,,,,,,,,,,,,,,,,,,,,,,,,,,,,,,,,,,,,,,,,,,,,,,,,,,,,,,,,,,,,,,,,,,,,,,,,,,,,,,,,,,,,,,,,,,,,,,,,,,,,,,,,,,,,,,,,,,,,,,,,,,,,,,,,,,,,,,,
1784901938,0,0.020,0.000,1.002,0.00,0.00,0.00,37.10,18.70,-2.20,-0.13,-1.26,-1.76,1.000,-0.001,-0.011,-0.015,1,-0.315,-0.139,0.947,0.40,-0.30,0.10,41.40,2.60,7.80,-8.14,18.27,-1.16,0.985,-0.068,0.159,0.001,,,,,,,,,,,,,,,,,,,,,,,,,,,,,,,,,,,,,,,,,,,,,,,,,,,,,,,,,,,,,,,,,,,,,,,,,,,,,,,,,,,,,,,,,,,,,,,,,,,,,,,,,,,,,,,,,,,,,,,,,,,,,,,,,,,,,,,,,,,,,,,,,,,,,,,,,,,,,,,,,,,,,,,,,,,,,,,,,,,,,,,,,,,,,,,,,,,,,,,,,,,,,,,,,,,,,,,,,,,,,,,,,,,,,,,,,,,,,,
1784901938,0,0.020,0.000,1.002,0.00,0.00,0.00,37.10,18.70,-2.20,-0.13,-1.26,-1.76,1.000,-0.001,-0.011,-0.015,1,-0.319,-0.135,0.951,0.80,-0.20,0.10,41.40,2.60,7.80,-8.14,18.27,-1.16,0.985,-0.068,0.159,0.001,,,,,,,,,,,,,,,,,,,,,,,,,,,,,,,,,,,,,,,,,,,,,,,,,,,,,,,,,,,,,,,,,,,,,,,,,,,,,,,,,,,,,,,,,,,,,,,,,,,,,,,,,,,,,,,,,,,,,,,,,,,,,,,,,,,,,,,,,,,,,,,,,,,,,,,,,,,,,,,,,,,,,,,,,,,,,,,,,,,,,,,,,,,,,,,,,,,,,,,,,,,,,,,,,,,,,,,,,,,,,,,,,,,,,,,,,,,,,,
1784901938,0,0.024,-0.004,0.998,0.00,0.00,0.00,37.40,19.00,-1.60,-0.13,-1.26,-1.76,1.000,-0.001,-0.011,-0.015,1,-0.315,-0.139,0.955,1.20,-0.20,0.10,41.30,3.00,7.80,-8.13,18.27,-1.15,0.985,-0.068,0.159,0.001,,,,,,,,,,,,,,,,,,,,,,,,,,,,,,,,,,,,,,,,,,,,,,,,,,,,,,,,,,,,,,,,,,,,,,,,,,,,,,,,,,,,,,,,,,,,,,,,,,,,,,,,,,,,,,,,,,,,,,,,,,,,,,,,,,,,,,,,,,,,,,,,,,,,,,,,,,,,,,,,,,,,,,,,,,,,,,,,,,,,,,,,,,,,,,,,,,,,,,,,,,,,,,,,,,,,,,,,,,,,,,,,,,,,,,,,,,,,,,
1784901938,0,0.020,0.000,1.002,0.00,0.00,0.00,37.40,19.00,-1.60,-0.13,-1.26,-1.76,1.000,-0.001,-0.011,-0.015,1,-0.319,-0.139,0.951,1.60,0.00,0.20,41.30,3.00,7.80,-8.13,18.27,-1.15,0.985,-0.068,0.159,0.001,,,,,,,,,,,,,,,,,,,,,,,,,,,,,,,,,,,,,,,,,,,,,,,,,,,,,,,,,,,,,,,,,,,,,,,,,,,,,,,,,,,,,,,,,,,,,,,,,,,,,,,,,,,,,,,,,,,,,,,,,,,,,,,,,,,,,,,,,,,,,,,,,,,,,,,,,,,,,,,,,,,,,,,,,,,,,,,,,,,,,,,,,,,,,,,,,,,,,,,,,,,,,,,,,,,,,,,,,,,,,,,,,,,,,,,,,,,,,,
1784901938,0,0.016,0.000,0.998,-0.10,0.00,0.00,37.40,19.00,-1.60,-0.13,-1.26,-1.76,1.000,-0.001,-0.011,-0.015,1,-0.319,-0.135,0.947,1.90,0.00,0.30,41.30,3.00,7.80,-8.13,18.27,-1.15,0.985,-0.068,0.159,0.001,,,,,,,,,,,,,,,,,,,,,,,,,,,,,,,,,,,,,,,,,,,,,,,,,,,,,,,,,,,,,,,,,,,,,,,,,,,,,,,,,,,,,,,,,,,,,,,,,,,,,,,,,,,,,,,,,,,,,,,,,,,,,,,,,,,,,,,,,,,,,,,,,,,,,,,,,,,,,,,,,,,,,,,,,,,,,,,,,,,,,,,,,,,,,,,,,,,,,,,,,,,,,,,,,,,,,,,,,,,,,,,,,,,,,,,,,,,,,,
1784901938,0,0.020,0.000,0.998,-0.20,0.00,0.00,37.40,19.00,-1.60,-0.13,-1.26,-1.76,1.000,-0.001,-0.011,-0.015,1,-0.315,-0.131,0.947,2.10,0.00,0.30,41.30,3.00,7.80,-8.13,18.27,-1.15,0.985,-0.068,0.159,0.001,,,,,,,,,,,,,,,,,,,,,,,,,,,,,,,,,,,,,,,,,,,,,,,,,,,,,,,,,,,,,,,,,,,,,,,,,,,,,,,,,,,,,,,,,,,,,,,,,,,,,,,,,,,,,,,,,,,,,,,,,,,,,,,,,,,,,,,,,,,,,,,,,,,,,,,,,,,,,,,,,,,,,,,,,,,,,,,,,,,,,,,,,,,,,,,,,,,,,,,,,,,,,,,,,,,,,,,,,,,,,,,,,,,,,,,,,,,,,,
1784901938,0,0.024,-0.004,1.002,-0.20,0.00,0.00,38.80,18.80,-1.70,-0.13,-1.26,-1.76,1.000,-0.001,-0.011,-0.015,1,-0.315,-0.139,0.935,2.10,0.10,0.30,40.80,2.80,10.40,-8.11,18.27,-1.15,0.985,-0.068,0.159,0.001,,,,,,,,,,,,,,,,,,,,,,,,,,,,,,,,,,,,,,,,,,,,,,,,,,,,,,,,,,,,,,,,,,,,,,,,,,,,,,,,,,,,,,,,,,,,,,,,,,,,,,,,,,,,,,,,,,,,,,,,,,,,,,,,,,,,,,,,,,,,,,,,,,,,,,,,,,,,,,,,,,,,,,,,,,,,,,,,,,,,,,,,,,,,,,,,,,,,,,,,,,,,,,,,,,,,,,,,,,,,,,,,,,,,,,,,,,,,,,
1784901938,0,0.024,0.000,0.994,-0.10,-0.10,0.00,38.80,18.80,-1.70,-0.13,-1.26,-1.76,1.000,-0.001,-0.011,-0.015,1,-0.319,-0.131,0.939,2.00,0.20,0.30,40.80,2.80,10.40,-8.11,18.27,-1.15,0.985,-0.068,0.159,0.001,,,,,,,,,,,,,,,,,,,,,,,,,,,,,,,,,,,,,,,,,,,,,,,,,,,,,,,,,,,,,,,,,,,,,,,,,,,,,,,,,,,,,,,,,,,,,,,,,,,,,,,,,,,,,,,,,,,,,,,,,,,,,,,,,,,,,,,,,,,,,,,,,,,,,,,,,,,,,,,,,,,,,,,,,,,,,,,,,,,,,,,,,,,,,,,,,,,,,,,,,,,,,,,,,,,,,,,,,,,,,,,,,,,,,,,,,,,,,,
1784901938,0,0.020,-0.008,0.994,-0.10,-0.10,0.00,38.80,18.80,-1.70,-0.13,-1.26,-1.76,1.000,-0.001,-0.011,-0.015,1,-0.319,-0.127,0.943,1.90,0.20,0.50,40.80,2.80,10.40,-8.11,18.27,-1.15,0.985,-0.068,0.159,0.001,,,,,,,,,,,,,,,,,,,,,,,,,,,,,,,,,,,,,,,,,,,,,,,,,,,,,,,,,,,,,,,,,,,,,,,,,,,,,,,,,,,,,,,,,,,,,,,,,,,,,,,,,,,,,,,,,,,,,,,,,,,,,,,,,,,,,,,,,,,,,,,,,,,,,,,,,,,,,,,,,,,,,,,,,,,,,,,,,,,,,,,,,,,,,,,,,,,,,,,,,,,,,,,,,,,,,,,,,,,,,,,,,,,,,,,,,,,,,,
1784901938,0,0.020,-0.004,0.994,0.00,-0.10,0.00,38.80,18.80,-1.70,-0.13,-1.26,-1.76,1.000,-0.001,-0.011,-0.015,1,-0.323,-0.131,0.935,1.70,0.20,0.40,40.80,2.80,10.40,-8.11,18.27,-1.15,0.985,-0.068,0.159,0.001,,,,,,,,,,,,,,,,,,,,,,,,,,,,,,,,,,,,,,,,,,,,,,,,,,,,,,,,,,,,,,,,,,,,,,,,,,,,,,,,,,,,,,,,,,,,,,,,,,,,,,,,,,,,,,,,,,,,,,,,,,,,,,,,,,,,,,,,,,,,,,,,,,,,,,,,,,,,,,,,,,,,,,,,,,,,,,,,,,,,,,,,,,,,,,,,,,,,,,,,,,,,,,,,,,,,,,,,,,,,,,,,,,,,,,,,,,,,,,
1784901938,0,0.020,0.000,0.998,0.00,-0.10,0.00,40.30,18.70,-1.50,-0.13,-1.26,-1.76,1.000,-0.001,-0.011,-0.015,1,-0.315,-0.127,0.939,1.70,0.20,0.30,41.20,3.00,9.90,-8.09,18.27,-1.15,0.985,-0.068,0.159,0.001,,,,,,,,,,,,,,,,,,,,,,,,,,,,,,,,,,,,,,,,,,,,,,,,,,,,,,,,,,,,,,,,,,,,,,,,,,,,,,,,,,,,,,,,,,,,,,,,,,,,,,,,,,,,,,,,,,,,,,,,,,,,,,,,,,,,,,,,,,,,,,,,,,,,,,,,,,,,,,,,,,,,,,,,,,,,,,,,,,,,,,,,,,,,,,,,,,,,,,,,,,,,,,,,,,,,,,,,,,,,,,,,,,,,,,,,,,,,,,
1784901938,0,0.028,-0.004,0.998,0.00,0.00,0.00,40.30,18.70,-1.50,-0.13,-1.26,-1.76,1.000,-0.001,-0.011,-0.015,1,-0.319,-0.135,0.943,1.60,0.10,0.20,41.20,3.00,9.90,-8.09,18.27,-1.15,0.985,-0.068,0.159,0.001,,,,,,,,,,,,,,,,,,,,,,,,,,,,,,,,,,,,,,,,,,,,,,,,,,,,,,,,,,,,,,,,,,,,,,,,,,,,,,,,,,,,,,,,,,,,,,,,,,,,,,,,,,,,,,,,,,,,,,,,,,,,,,,,,,,,,,,,,,,,,,,,,,,,,,,,,,,,,,,,,,,,,,,,,,,,,,,,,,,,,,,,,,,,,,,,,,,,,,,,,,,,,,,,,,,,,,,,,,,,,,,,,,,,,,,,,,,,,,
1784901938,0,0.024,0.003,1.002,0.00,0.00,0.00,40.30,18.70,-1.50,-0.13,-1.26,-1.76,1.000,-0.001,-0.011,-0.015,1,-0.315,-0.131,0.947,1.60,0.00,0.10,41.20,3.00,9.90,-8.09,18.27,-1.15,0.985,-0.068,0.159,0.001,,,,,,,,,,,,,,,,,,,,,,,,,,,,,,,,,,,,,,,,,,,,,,,,,,,,,,,,,,,,,,,,,,,,,,,,,,,,,,,,,,,,,,,,,,,,,,,,,,,,,,,,,,,,,,,,,,,,,,,,,,,,,,,,,,,,,,,,,,,,,,,,,,,,,,,,,,,,,,,,,,,,,,,,,,,,,,,,,,,,,,,,,,,,,,,,,,,,,,,,,,,,,,,,,,,,,,,,,,,,,,,,,,,,,,,,,,,,,,
1784901938,0,0.020,-0.004,0.998,0.00,0.00,0.00,40.30,18.70,-1.50,-0.13,-1.26,-1.76,1.000,-0.001,-0.011,-0.015,1,-0.323,-0.127,0.947,1.60,0.00,0.10,41.20,3.00,9.90,-8.09,18.27,-1.15,0.985,-0.068,0.159,0.001,,,,,,,,,,,,,,,,,,,,,,,,,,,,,,,,,,,,,,,,,,,,,,,,,,,,,,,,,,,,,,,,,,,,,,,,,,,,,,,,,,,,,,,,,,,,,,,,,,,,,,,,,,,,,,,,,,,,,,,,,,,,,,,,,,,,,,,,,,,,,,,,,,,,,,,,,,,,,,,,,,,,,,,,,,,,,,,,,,,,,,,,,,,,,,,,,,,,,,,,,,,,,,,,,,,,,,,,,,,,,,,,,,,,,,,,,,,,,,
1784901938,0,0.020,-0.004,1.002,0.00,0.00,0.00,39.70,16.80,-1.50,-0.13,-1.26,-1.76,1.000,-0.001,-0.011,-0.015,1,-0.323,-0.127,0.939,1.50,0.00,0.00,41.20,3.20,10.50,-8.08,18.28,-1.15,0.985,-0.068,0.159,0.001,,,,,,,,,,,,,,,,,,,,,,,,,,,,,,,,,,,,,,,,,,,,,,,,,,,,,,,,,,,,,,,,,,,,,,,,,,,,,,,,,,,,,,,,,,,,,,,,,,,,,,,,,,,,,,,,,,,,,,,,,,,,,,,,,,,,,,,,,,,,,,,,,,,,,,,,,,,,,,,,,,,,,,,,,,,,,,,,,,,,,,,,,,,,,,,,,,,,,,,,,,,,,,,,,,,,,,,,,,,,,,,,,,,,,,,,,,,,,,
1784901938,0,0.024,0.000,1.002,0.00,0.00,0.10,39.70,16.80,-1.50,-0.13,-1.26,-1.76,1.000,-0.001,-0.011,-0.015,1,-0.319,-0.123,0.947,1.40,0.00,0.00,41.20,3.20,10.50,-8.08,18.28,-1.15,0.985,-0.068,0.159,0.001,,,,,,,,,,,,,,,,,,,,,,,,,,,,,,,,,,,,,,,,,,,,,,,,,,,,,,,,,,,,,,,,,,,,,,,,,,,,,,,,,,,,,,,,,,,,,,,,,,,,,,,,,,,,,,,,,,,,,,,,,,,,,,,,,,,,,,,,,,,,,,,,,,,,,,,,,,,,,,,,,,,,,,,,,,,,,,,,,,,,,,,,,,,,,,,,,,,,,,,,,,,,,,,,,,,,,,,,,,,,,,,,,,,,,,,,,,,,,,
1784901938,0,0.020,-0.004,0.998,0.00,0.00,0.00,39.70,16.80,-1.50,-0.13,-1.26,-1.76,1.000,-0.001,-0.011,-0.015,1,-0.323,-0.127,0.935,1.20,0.00,0.00,41.20,3.20,10.50,-8.08,18.28,-1.15,0.985,-0.068,0.159,0.001,,,,,,,,,,,,,,,,,,,,,,,,,,,,,,,,,,,,,,,,,,,,,,,,,,,,,,,,,,,,,,,,,,,,,,,,,,,,,,,,,,,,,,,,,,,,,,,,,,,,,,,,,,,,,,,,,,,,,,,,,,,,,,,,,,,,,,,,,,,,,,,,,,,,,,,,,,,,,,,,,,,,,,,,,,,,,,,,,,,,,,,,,,,,,,,,,,,,,,,,,,,,,,,,,,,,,,,,,,,,,,,,,,,,,,,,,,,,,,
1784901938,0,0.020,0.000,0.998,0.00,0.00,0.00,39.70,16.80,-1.50,-0.13,-1.26,-1.76,1.000,-0.001,-0.011,-0.015,1,-0.323,-0.131,0.939,0.90,0.00,0.00,41.20,3.20,10.50,-8.08,18.28,-1.15,0.985,-0.068,0.159,0.001,,,,,,,,,,,,,,,,,,,,,,,,,,,,,,,,,,,,,,,,,,,,,,,,,,,,,,,,,,,,,,,,,,,,,,,,,,,,,,,,,,,,,,,,,,,,,,,,,,,,,,,,,,,,,,,,,,,,,,,,,,,,,,,,,,,,,,,,,,,,,,,,,,,,,,,,,,,,,,,,,,,,,,,,,,,,,,,,,,,,,,,,,,,,,,,,,,,,,,,,,,,,,,,,,,,,,,,,,,,,,,,,,,,,,,,,,,,,,,
1784901938,0,0.024,-0.004,1.002,0.00,0.10,0.00,39.60,17.00,-2.10,-0.13,-1.26,-1.75,1.000,-0.001,-0.011,-0.015,1,-0.323,-0.127,0.939,0.60,0.00,0.00,41.30,3.20,10.20,-8.06,18.28,-1.15,0.985,-0.068,0.159,0.001,,,,,,,,,,,,,,,,,,,,,,,,,,,,,,,,,,,,,,,,,,,,,,,,,,,,,,,,,,,,,,,,,,,,,,,,,,,,,,,,,,,,,,,,,,,,,,,,,,,,,,,,,,,,,,,,,,,,,,,,,,,,,,,,,,,,,,,,,,,,,,,,,,,,,,,,,,,,,,,,,,,,,,,,,,,,,,,,,,,,,,,,,,,,,,,,,,,,,,,,,,,,,,,,,,,,,,,,,,,,,,,,,,,,,,,,,,,,,,
1784901938,0,0.016,0.000,0.998,0.00,0.10,0.00,39.60,17.00,-2.10,-0.13,-1.26,-1.75,1.000,-0.001,-0.011,-0.015,1,-0.315,-0.127,0.939,0.30,0.00,0.00,41.30,3.20,10.20,-8.06,18.28,-1.15,0.985,-0.068,0.159,0.001,,,,,,,,,,,,,,,,,,,,,,,,,,,,,,,,,,,,,,,,,,,,,,,,,,,,,,,,,,,,,,,,,,,,,,,,,,,,,,,,,,,,,,,,,,,,,,,,,,,,,,,,,,,,,,,,,,,,,,,,,,,,,,,,,,,,,,,,,,,,,,,,,,,,,,,,,,,,,,,,,,,,,,,,,,,,,,,,,,,,,,,,,,,,,,,,,,,,,,,,,,,,,,,,,,,,,,,,,,,,,,,,,,,,,,,,,,,,,,
1784901938,0,0.024,-0.004,1.006,0.00,0.00,0.00,39.60,17.00,-2.10,-0.13,-1.26,-1.75,1.000,-0.001,-0.011,-0.015,1,-0.319,-0.127,0.943,0.20,0.00,0.00,41.30,3.20,10.20,-8.06,18.28,-1.15,0.985,-0.068,0.159,0.001,,,,,,,,,,,,,,,,,,,,,,,,,,,,,,,,,,,,,,,,,,,,,,,,,,,,,,,,,,,,,,,,,,,,,,,,,,,,,,,,,,,,,,,,,,,,,,,,,,,,,,,,,,,,,,,,,,,,,,,,,,,,,,,,,,,,,,,,,,,,,,,,,,,,,,,,,,,,,,,,,,,,,,,,,,,,,,,,,,,,,,,,,,,,,,,,,,,,,,,,,,,,,,,,,,,,,,,,,,,,,,,,,,,,,,,,,,,,,,
1784901938,0,0.024,0.000,1.002,-0.10,0.00,0.00,39.60,17.00,-2.10,-0.13,-1.26,-1.75,1.000,-0.001,-0.011,-0.015,1,-0.319,-0.127,0.943,0.20,0.00,0.00,41.30,3.20,10.20,-8.06,18.28,-1.15,0.985,-0.068,0.159,0.001,,,,,,,,,,,,,,,,,,,,,,,,,,,,,,,,,,,,,,,,,,,,,,,,,,,,,,,,,,,,,,,,,,,,,,,,,,,,,,,,,,,,,,,,,,,,,,,,,,,,,,,,,,,,,,,,,,,,,,,,,,,,,,,,,,,,,,,,,,,,,,,,,,,,,,,,,,,,,,,,,,,,,,,,,,,,,,,,,,,,,,,,,,,,,,,,,,,,,,,,,,,,,,,,,,,,,,,,,,,,,,,,,,,,,,,,,,,,,,
1784901938,0,0.020,0.000,0.998,-0.10,0.00,0.00,39.90,17.30,-1.00,-0.13,-1.26,-1.75,1.000,-0.001,-0.011,-0.015,1,-0.323,-0.123,0.947,0.30,0.00,0.00,41.50,3.00,10.10,-8.06,18.28,-1.15,0.985,-0.068,0.159,0.001,,,,,,,,,,,,,,,,,,,,,,,,,,,,,,,,,,,,,,,,,,,,,,,,,,,,,,,,,,,,,,,,,,,,,,,,,,,,,,,,,,,,,,,,,,,,,,,,,,,,,,,,,,,,,,,,,,,,,,,,,,,,,,,,,,,,,,,,,,,,,,,,,,,,,,,,,,,,,,,,,,,,,,,,,,,,,,,,,,,,,,,,,,,,,,,,,,,,,,,,,,,,,,,,,,,,,,,,,,,,,,,,,,,,,,,,,,,,,,
1784901938,0,0.020,0.000,1.002,-0.10,0.00,0.00,39.90,17.30,-1.00,-0.13,-1.26,-1.75,1.000,-0.001,-0.011,-0.015,1,-0.323,-0.123,0.951,0.40,0.00,-0.10,41.50,3.00,10.10,-8.06,18.28,-1.15,0.985,-0.068,0.159,0.001,,,,,,,,,,,,,,,,,,,,,,,,,,,,,,,,,,,,,,,,,,,,,,,,,,,,,,,,,,,,,,,,,,,,,,,,,,,,,,,,,,,,,,,,,,,,,,,,,,,,,,,,,,,,,,,,,,,,,,,,,,,,,,,,,,,,,,,,,,,,,,,,,,,,,,,,,,,,,,,,,,,,,,,,,,,,,,,,,,,,,,,,,,,,,,,,,,,,,,,,,,,,,,,,,,,,,,,,,,,,,,,,,,,,,,,,,,,,,,
1784901938,0,0.016,0.000,0.998,0.00,0.00,0.00,39.90,17.30,-1.00,-0.13,-1.26,-1.75,1.000,-0.001,-0.011,-0.015,1,-0.315,-0.127,0.951,0.40,0.00,-0.20,41.50,3.00,10.10,-8.06,18.28,-1.15,0.985,-0.068,0.159,0.001,,,,,,,,,,,,,,,,,,,,,,,,,,,,,,,,,,,,,,,,,,,,,,,,,,,,,,,,,,,,,,,,,,,,,,,,,,,,,,,,,,,,,,,,,,,,,,,,,,,,,,,,,,,,,,,,,,,,,,,,,,,,,,,,,,,,,,,,,,,,,,,,,,,,,,,,,,,,,,,,,,,,,,,,,,,,,,,,,,,,,,,,,,,,,,,,,,,,,,,,,,,,,,,,,,,,,,,,,,,,,,,,,,,,,,,,,,,,,,
1784901938,0,0.020,-0.004,0.998,-0.10,0.00,0.00,39.90,17.30,-1.00,-0.13,-1.26,-1.75,1.000,-0.001,-0.011,-0.015,1,-0.315,-0.131,0.947,0.20,0.00,0.00,41.50,3.00,10.10,-8.06,18.28,-1.15,0.985,-0.068,0.159,0.001,,,,,,,,,,,,,,,,,,,,,,,,,,,,,,,,,,,,,,,,,,,,,,,,,,,,,,,,,,,,,,,,,,,,,,,,,,,,,,,,,,,,,,,,,,,,,,,,,,,,,,,,,,,,,,,,,,,,,,,,,,,,,,,,,,,,,,,,,,,,,,,,,,,,,,,,,,,,,,,,,,,,,,,,,,,,,,,,,,,,,,,,,,,,,,,,,,,,,,,,,,,,,,,,,,,,,,,,,,,,,,,,,,,,,,,,,,,,,,
1784901938,0,0.024,-0.004,0.998,0.00,0.00,0.00,39.50,17.10,-1.60,-0.14,-1.26,-1.75,1.000,-0.001,-0.011,-0.015,1,-0.323,-0.127,0.955,0.00,0.00,0.00,40.80,3.20,10.30,-8.06,18.28,-1.15,0.985,-0.068,0.159,0.001,,,,,,,,,,,,,,,,,,,,,,,,,,,,,,,,,,,,,,,,,,,,,,,,,,,,,,,,,,,,,,,,,,,,,,,,,,,,,,,,,,,,,,,,,,,,,,,,,,,,,,,,,,,,,,,,,,,,,,,,,,,,,,,,,,,,,,,,,,,,,,,,,,,,,,,,,,,,,,,,,,,,,,,,,,,,,,,,,,,,,,,,,,,,,,,,,,,,,,,,,,,,,,,,,,,,,,,,,,,,,,,,,,,,,,,,,,,,,,
1784901938,0,0.020,0.000,1.002,0.00,0.00,0.00,39.50,17.10,-1.60,-0.14,-1.26,-1.75,1.000,-0.001,-0.011,-0.015,1,-0.315,-0.127,0.951,-0.40,0.10,0.00,40.80,3.20,10.30,-8.06,18.28,-1.15,0.985,-0.068,0.159,0.001,,,,,,,,,,,,,,,,,,,,,,,,,,,,,,,,,,,,,,,,,,,,,,,,,,,,,,,,,,,,,,,,,,,,,,,,,,,,,,,,,,,,,,,,,,,,,,,,,,,,,,,,,,,,,,,,,,,,,,,,,,,,,,,,,,,,,,,,,,,,,,,,,,,,,,,,,,,,,,,,,,,,,,,,,,,,,,,,,,,,,,,,,,,,,,,,,,,,,,,,,,,,,,,,,,,,,,,,,,,,,,,,,,,,,,,,,,,,,,
1784901938,0,0.024,0.000,1.002,0.00,0.00,0.00,39.50,17.10,-1.60,-0.14,-1.26,-1.75,1.000,-0.001,-0.011,-0.015,1,-0.319,-0.123,0.947,-0.60,0.20,0.10,40.80,3.20,10.30,-8.06,18.28,-1.15,0.985,-0.068,0.159,0.001,,,,,,,,,,,,,,,,,,,,,,,,,,,,,,,,,,,,,,,,,,,,,,,,,,,,,,,,,,,,,,,,,,,,,,,,,,,,,,,,,,,,,,,,,,,,,,,,,,,,,,,,,,,,,,,,,,,,,,,,,,,,,,,,,,,,,,,,,,,,,,,,,,,,,,,,,,,,,,,,,,,,,,,,,,,,,,,,,,,,,,,,,,,,,,,,,,,,,,,,,,,,,,,,,,,,,,,,,,,,,,,,,,,,,,,,,,,,,,
1784901938,0,0.020,0.000,1.002,-0.10,-0.10,0.00,39.50,17.10,-1.60,-0.14,-1.26,-1.75,1.000,-0.001,-0.011,-0.015,1,-0.315,-0.127,0.947,-0.70,0.40,0.10,40.80,3.20,10.30,-8.06,18.28,-1.15,0.985,-0.068,0.159,0.001,,,,,,,,,,,,,,,,,,,,,,,,,,,,,,,,,,,,,,,,,,,,,,,,,,,,,,,,,,,,,,,,,,,,,,,,,,,,,,,,,,,,,,,,,,,,,,,,,,,,,,,,,,,,,,,,,,,,,,,,,,,,,,,,,,,,,,,,,,,,,,,,,,,,,,,,,,,,,,,,,,,,,,,,,,,,,,,,,,,,,,,,,,,,,,,,,,,,,,,,,,,,,,,,,,,,,,,,,,,,,,,,,,,,,,,,,,,,,,
1784901938,0,0.020,-0.004,0.998,-0.10,-0.10,0.00,39.90,17.30,-1.50,-0.14,-1.26,-1.75,1.000,-0.001,-0.011,-0.015,1,-0.315,-0.124,0.947,-0.50,0.60,0.00,41.80,2.70,10.10,-8.06,18.28,-1.15,0.985,-0.068,0.159,0.001,,,,,,,,,,,,,,,,,,,,,,,,,,,,,,,,,,,,,,,,,,,,,,,,,,,,,,,,,,,,,,,,,,,,,,,,,,,,,,,,,,,,,,,,,,,,,,,,,,,,,,,,,,,,,,,,,,,,,,,,,,,,,,,,,,,,,,,,,,,,,,,,,,,,,,,,,,,,,,,,,,,,,,,,,,,,,,,,,,,,,,,,,,,,,,,,,,,,,,,,,,,,,,,,,,,,,,,,,,,,,,,,,,,,,,,,,,,,,,
1784901938,0,0.020,-0.004,1.002,0.00,-0.10,0.00,39.90,17.30,-1.50,-0.14,-1.26,-1.75,1.000,-0.001,-0.011,-0.015,1,-0.315,-0.131,0.955,-0.40,0.70,0.00,41.80,2.70,10.10,-8.06,18.28,-1.14,0.985,-0.068,0.159,0.001,,,,,,,,,,,,,,,,,,,,,,,,,,,,,,,,,,,,,,,,,,,,,,,,,,,,,,,,,,,,,,,,,,,,,,,,,,,,,,,,,,,,,,,,,,,,,,,,,,,,,,,,,,,,,,,,,,,,,,,,,,,,,,,,,,,,,,,,,,,,,,,,,,,,,,,,,,,,,,,,,,,,,,,,,,,,,,,,,,,,,,,,,,,,,,,,,,,,,,,,,,,,,,,,,,,,,,,,,,,,,,,,,,,,,,,,,,,,,,
1784901938,0,0.024,-0.004,0.998,0.00,0.00,0.00,39.90,17.30,-1.50,-0.14,-1.26,-1.75,1.000,-0.001,-0.011,-0.015,1,-0.315,-0.131,0.947,-0.30,0.70,0.00,41.80,2.70,10.10,-8.06,18.28,-1.14,0.985,-0.068,0.159,0.001,,,,,,,,,,,,,,,,,,,,,,,,,,,,,,,,,,,,,,,,,,,,,,,,,,,,,,,,,,,,,,,,,,,,,,,,,,,,,,,,,,,,,,,,,,,,,,,,,,,,,,,,,,,,,,,,,,,,,,,,,,,,,,,,,,,,,,,,,,,,,,,,,,,,,,,,,,,,,,,,,,,,,,,,,,,,,,,,,,,,,,,,,,,,,,,,,,,,,,,,,,,,,,,,,,,,,,,,,,,,,,,,,,,,,,,,,,,,,,
1784901938,0,0.024,0.000,0.998,0.00,0.10,0.00,39.90,17.30,-1.50,-0.14,-1.26,-1.75,1.000,-0.001,-0.011,-0.015,1,-0.315,-0.124,0.951,-0.30,0.50,0.00,41.80,2.70,10.10,-8.06,18.28,-1.14,0.985,-0.068,0.159,0.001,,,,,,,,,,,,,,,,,,,,,,,,,,,,,,,,,,,,,,,,,,,,,,,,,,,,,,,,,,,,,,,,,,,,,,,,,,,,,,,,,,,,,,,,,,,,,,,,,,,,,,,,,,,,,,,,,,,,,,,,,,,,,,,,,,,,,,,,,,,,,,,,,,,,,,,,,,,,,,,,,,,,,,,,,,,,,,,,,,,,,,,,,,,,,,,,,,,,,,,,,,,,,,,,,,,,,,,,,,,,,,,,,,,,,,,,,,,,,,
1784901938,0,0.024,-0.004,1.002,0.00,0.10,0.10,38.70,16.90,-1.60,-0.14,-1.26,-1.75,1.000,-0.001,-0.011,-0.015,1,-0.315,-0.127,0.943,-0.40,0.50,0.00,41.30,3.00,10.60,-8.06,18.29,-1.15,0.985,-0.068,0.159,0.001,,,,,,,,,,,,,,,,,,,,,,,,,,,,,,,,,,,,,,,,,,,,,,,,,,,,,,,,,,,,,,,,,,,,,,,,,,,,,,,,,,,,,,,,,,,,,,,,,,,,,,,,,,,,,,,,,,,,,,,,,,,,,,,,,,,,,,,,,,,,,,,,,,,,,,,,,,,,,,,,,,,,,,,,,,,,,,,,,,,,,,,,,,,,,,,,,,,,,,,,,,,,,,,,,,,,,,,,,,,,,,,,,,,,,,,,,,,,,,
1784901938,0,0.024,0.000,0.994,0.00,0.10,0.00,38.70,16.90,-1.60,-0.14,-1.26,-1.75,1.000,-0.001,-0.011,-0.015,1,-0.319,-0.131,0.939,-0.50,0.60,0.00,41.30,3.00,10.60,-8.06,18.29,-1.15,0.985,-0.068,0.159,0.001,,,,,,,,,,,,,,,,,,,,,,,,,,,,,,,,,,,,,,,,,,,,,,,,,,,,,,,,,,,,,,,,,,,,,,,,,,,,,,,,,,,,,,,,,,,,,,,,,,,,,,,,,,,,,,,,,,,,,,,,,,,,,,,,,,,,,,,,,,,,,,,,,,,,,,,,,,,,,,,,,,,,,,,,,,,,,,,,,,,,,,,,,,,,,,,,,,,,,,,,,,,,,,,,,,,,,,,,,,,,,,,,,,,,,,,,,,,,,,
1784901938,0,0.024,0.000,1.002,0.00,0.00,0.00,38.70,16.90,-1.60,-0.14,-1.26,-1.75,1.000,-0.001,-0.011,-0.015,1,-0.315,-0.127,0.943,-0.70,0.60,0.00,41.30,3.00,10.60,-8.06,18.29,-1.15,0.985,-0.068,0.159,0.001,,,,,,,,,,,,,,,,,,,,,,,,,,,,,,,,,,,,,,,,,,,,,,,,,,,,,,,,,,,,,,,,,,,,,,,,,,,,,,,,,,,,,,,,,,,,,,,,,,,,,,,,,,,,,,,,,,,,,,,,,,,,,,,,,,,,,,,,,,,,,,,,,,,,,,,,,,,,,,,,,,,,,,,,,,,,,,,,,,,,,,,,,,,,,,,,,,,,,,,,,,,,,,,,,,,,,,,,,,,,,,,,,,,,,,,,,,,,,,
1784901938,0,0.020,0.000,1.002,0.00,0.00,0.00,38.70,16.90,-1.60,-0.14,-1.26,-1.75,1.000,-0.001,-0.011,-0.015,1,-0.311,-0.131,0.943,-0.70,0.60,0.00,41.30,3.00,10.60,-8.06,18.29,-1.15,0.985,-0.068,0.159,0.001,,,,,,,,,,,,,,,,,,,,,,,,,,,,,,,,,,,,,,,,,,,,,,,,,,,,,,,,,,,,,,,,,,,,,,,,,,,,,,,,,,,,,,,,,,,,,,,,,,,,,,,,,,,,,,,,,,,,,,,,,,,,,,,,,,,,,,,,,,,,,,,,,,,,,,,,,,,,,,,,,,,,,,,,,,,,,,,,,,,,,,,,,,,,,,,,,,,,,,,,,,,,,,,,,,,,,,,,,,,,,,,,,,,,,,,,,,,,,,
1784901938,0,0.024,0.000,0.998,0.00,0.00,0.00,40.10,17.00,-2.00,-0.14,-1.26,-1.75,1.000,-0.001,-0.011,-0.015,1,-0.315,-0.127,0.943,-0.70,0.60,0.00,40.60,3.00,10.10,-8.07,18.29,-1.15,0.985,-0.068,0.159,0.001,,,,,,,,,,,,,,,,,,,,,,,,,,,,,,,,,,,,,,,,,,,,,,,,,,,,,,,,,,,,,,,,,,,,,,,,,,,,,,,,,,,,,,,,,,,,,,,,,,,,,,,,,,,,,,,,,,,,,,,,,,,,,,,,,,,,,,,,,,,,,,,,,,,,,,,,,,,,,,,,,,,,,,,,,,,,,,,,,,,,,,,,,,,,,,,,,,,,,,,,,,,,,,,,,,,,,,,,,,,,,,,,,,,,,,,,,,,,,,
1784901938,0,0.020,-0.004,0.998,0.00,0.00,0.00,40.10,17.00,-2.00,-0.14,-1.26,-1.75,1.000,-0.001,-0.011,-0.015,1,-0.315,-0.131,0.943,-0.50,0.60,0.00,40.60,3.00,10.10,-8.07,18.29,-1.15,0.985,-0.068,0.159,0.001,,,,,,,,,,,,,,,,,,,,,,,,,,,,,,,,,,,,,,,,,,,,,,,,,,,,,,,,,,,,,,,,,,,,,,,,,,,,,,,,,,,,,,,,,,,,,,,,,,,,,,,,,,,,,,,,,,,,,,,,,,,,,,,,,,,,,,,,,,,,,,,,,,,,,,,,,,,,,,,,,,,,,,,,,,,,,,,,,,,,,,,,,,,,,,,,,,,,,,,,,,,,,,,,,,,,,,,,,,,,,,,,,,,,,,,,,,,,,,
1784901938,0,0.020,0.000,0.994,0.00,0.00,0.00,40.10,17.00,-2.00,-0.14,-1.26,-1.75,1.000,-0.001,-0.011,-0.015,1,-0.319,-0.127,0.943,-0.40,0.70,0.00,40.60,3.00,10.10,-8.07,18.29,-1.15,0.985,-0.068,0.159,0.001,,,,,,,,,,,,,,,,,,,,,,,,,,,,,,,,,,,,,,,,,,,,,,,,,,,,,,,,,,,,,,,,,,,,,,,,,,,,,,,,,,,,,,,,,,,,,,,,,,,,,,,,,,,,,,,,,,,,,,,,,,,,,,,,,,,,,,,,,,,,,,,,,,,,,,,,,,,,,,,,,,,,,,,,,,,,,,,,,,,,,,,,,,,,,,,,,,,,,,,,,,,,,,,,,,,,,,,,,,,,,,,,,,,,,,,,,,,,,,
1784901938,0,0.020,-0.004,0.998,-0.10,0.00,0.00,40.10,17.00,-2.00,-0.14,-1.26,-1.75,1.000,-0.001,-0.011,-0.015,1,-0.315,-0.131,0.943,-0.20,0.70,0.10,40.60,3.00,10.10,-8.07,18.29,-1.15,0.985,-0.068,0.159,0.001,,,,,,,,,,,,,,,,,,,,,,,,,,,,,,,,,,,,,,,,,,,,,,,,,,,,,,,,,,,,,,,,,,,,,,,,,,,,,,,,,,,,,,,,,,,,,,,,,,,,,,,,,,,,,,,,,,,,,,,,,,,,,,,,,,,,,,,,,,,,,,,,,,,,,,,,,,,,,,,,,,,,,,,,,,,,,,,,,,,,,,,,,,,,,,,,,,,,,,,,,,,,,,,,,,,,,,,,,,,,,,,,,,,,,,,,,,,,,,
1784901938,0,0.024,-0.004,1.002,-0.10,-0.10,0.00,40.00,17.10,-1.40,-0.14,-1.26,-1.75,1.000,-0.001,-0.011,-0.015,1,-0.315,-0.124,0.939,-0.10,0.60,0.30,38.40,3.00,10.60,-8.07,18.30,-1.15,0.985,-0.068,0.159,0.001,,,,,,,,,,,,,,,,,,,,,,,,,,,,,,,,,,,,,,,,,,,,,,,,,,,,,,,,,,,,,,,,,,,,,,,,,,,,,,,,,,,,,,,,,,,,,,,,,,,,,,,,,,,,,,,,,,,,,,,,,,,,,,,,,,,,,,,,,,,,,,,,,,,,,,,,,,,,,,,,,,,,,,,,,,,,,,,,,,,,,,,,,,,,,,,,,,,,,,,,,,,,,,,,,,,,,,,,,,,,,,,,,,,,,,,,,,,,,,
1784901938,0,0.020,-0.004,0.998,-0.10,-0.10,0.00,40.00,17.10,-1.40,-0.14,-1.26,-1.75,1.000,-0.001,-0.011,-0.015,1,-0.315,-0.127,0.939,0.00,0.50,0.40,38.40,3.00,10.60,-8.07,18.30,-1.15,0.985,-0.068,0.159,0.001,,,,,,,,,,,,,,,,,,,,,,,,,,,,,,,,,,,,,,,,,,,,,,,,,,,,,,,,,,,,,,,,,,,,,,,,,,,,,,,,,,,,,,,,,,,,,,,,,,,,,,,,,,,,,,,,,,,,,,,,,,,,,,,,,,,,,,,,,,,,,,,,,,,,,,,,,,,,,,,,,,,,,,,,,,,,,,,,,,,,,,,,,,,,,,,,,,,,,,,,,,,,,,,,,,,,,,,,,,,,,,,,,,,,,,,,,,,,,,
1784901938,0,0.020,-0.004,0.998,0.00,-0.10,0.00,40.00,17.10,-1.40,-0.14,-1.26,-1.75,1.000,-0.001,-0.011,-0.015,1,-0.319,-0.127,0.939,-0.20,0.40,0.40,38.40,3.00,10.60,-8.07,18.30,-1.15,0.985,-0.068,0.159,0.001,,,,,,,,,,,,,,,,,,,,,,,,,,,,,,,,,,,,,,,,,,,,,,,,,,,,,,,,,,,,,,,,,,,,,,,,,,,,,,,,,,,,,,,,,,,,,,,,,,,,,,,,,,,,,,,,,,,,,,,,,,,,,,,,,,,,,,,,,,,,,,,,,,,,,,,,,,,,,,,,,,,,,,,,,,,,,,,,,,,,,,,,,,,,,,,,,,,,,,,,,,,,,,,,,,,,,,,,,,,,,,,,,,,,,,,,,,,,,,
1784901938,0,0.024,0.003,1.002,0.00,0.00,0.00,40.00,17.10,-1.40,-0.14,-1.26,-1.75,1.000,-0.001,-0.011,-0.015,1,-0.319,-0.127,0.943,-0.40,0.40,0.30,38.40,3.00,10.60,-8.07,18.30,-1.15,0.985,-0.068,0.159,0.001,,,,,,,,,,,,,,,,,,,,,,,,,,,,,,,,,,,,,,,,,,,,,,,,,,,,,,,,,,,,,,,,,,,,,,,,,,,,,,,,,,,,,,,,,,,,,,,,,,,,,,,,,,,,,,,,,,,,,,,,,,,,,,,,,,,,,,,,,,,,,,,,,,,,,,,,,,,,,,,,,,,,,,,,,,,,,,,,,,,,,,,,,,,,,,,,,,,,,,,,,,,,,,,,,,,,,,,,,,,,,,,,,,,,,,,,,,,,,,
1784901938,0,0.020,0.003,1.002,0.10,0.00,0.00,40.10,17.40,-1.40,-0.14,-1.26,-1.75,1.000,-0.001,-0.011,-0.015,1,-0.311,-0.131,0.943,-0.60,0.30,0.30,42.40,1.70,10.30,-8.08,18.30,-1.14,0.985,-0.068,0.159,0.001,,,,,,,,,,,,,,,,,,,,,,,,,,,,,,,,,,,,,,,,,,,,,,,,,,,,,,,,,,,,,,,,,,,,,,,,,,,,,,,,,,,,,,,,,,,,,,,,,,,,,,,,,,,,,,,,,,,,,,,,,,,,,,,,,,,,,,,,,,,,,,,,,,,,,,,,,,,,,,,,,,,,,,,,,,,,,,,,,,,,,,,,,,,,,,,,,,,,,,,,,,,,,,,,,,,,,,,,,,,,,,,,,,,,,,,,,,,,,,
1784901938,0,0.024,-0.004,1.002,0.10,0.10,0.10,40.10,17.40,-1.40,-0.14,-1.26,-1.75,1.000,-0.001,-0.011,-0.015,1,-0.311,-0.124,0.935,-0.70,0.20,0.20,42.40,1.70,10.30,-8.07,18.30,-1.14,0.985,-0.068,0.159,0.001,,,,,,,,,,,,,,,,,,,,,,,,,,,,,,,,,,,,,,,,,,,,,,,,,,,,,,,,,,,,,,,,,,,,,,,,,,,,,,,,,,,,,,,,,,,,,,,,,,,,,,,,,,,,,,,,,,,,,,,,,,,,,,,,,,,,,,,,,,,,,,,,,,,,,,,,,,,,,,,,,,,,,,,,,,,,,,,,,,,,,,,,,,,,,,,,,,,,,,,,,,,,,,,,,,,,,,,,,,,,,,,,,,,,,,,,,,,,,,
1784901938,0,0.020,-0.004,1.002,0.10,0.20,0.10,40.10,17.40,-1.40,-0.14,-1.26,-1.75,1.000,-0.001,-0.011,-0.015,1,-0.315,-0.120,0.943,-0.90,0.00,0.10,42.40,1.70,10.30,-8.07,18.30,-1.14,0.985,-0.068,0.159,0.001,,,,,,,,,,,,,,,,,,,,,,,,,,,,,,,,,,,,,,,,,,,,,,,,,,,,,,,,,,,,,,,,,,,,,,,,,,,,,,,,,,,,,,,,,,,,,,,,,,,,,,,,,,,,,,,,,,,,,,,,,,,,,,,,,,,,,,,,,,,,,,,,,,,,,,,,,,,,,,,,,,,,,,,,,,,,,,,,,,,,,,,,,,,,,,,,,,,,,,,,,,,,,,,,,,,,,,,,,,,,,,,,,,,,,,,,,,,,,,
1784901938,0,0.016,-0.004,1.002,0.10,0.20,0.10,40.10,17.40,-1.40,-0.14,-1.26,-1.75,1.000,-0.001,-0.011,-0.015,1,-0.319,-0.123,0.943,-1.10,-0.10,0.00,42.40,1.70,10.30,-8.07,18.30,-1.14,0.985,-0.068,0.159,0.001,,,,,,,,,,,,,,,,,,,,,,,,,,,,,,,,,,,,,,,,,,,,,,,,,,,,,,,,,,,,,,,,,,,,,,,,,,,,,,,,,,,,,,,,,,,,,,,,,,,,,,,,,,,,,,,,,,,,,,,,,,,,,,,,,,,,,,,,,,,,,,,,,,,,,,,,,,,,,,,,,,,,,,,,,,,,,,,,,,,,,,,,,,,,,,,,,,,,,,,,,,,,,,,,,,,,,,,,,,,,,,,,,,,,,,,,,,,,,,
1784901938,0,0.020,0.000,1.002,0.00,0.10,0.10,40.30,17.20,-1.90,-0.14,-1.26,-1.75,1.000,-0.001,-0.011,-0.015,1,-0.319,-0.127,0.939,-1.50,-0.10,0.10,40.10,3.90,10.40,-8.08,18.30,-1.14,0.985,-0.068,0.159,0.001,,,,,,,,,,,,,,,,,,,,,,,,,,,,,,,,,,,,,,,,,,,,,,,,,,,,,,,,,,,,,,,,,,,,,,,,,,,,,,,,,,,,,,,,,,,,,,,,,,,,,,,,,,,,,,,,,,,,,,,,,,,,,,,,,,,,,,,,,,,,,,,,,,,,,,,,,,,,,,,,,,,,,,,,,,,,,,,,,,,,,,,,,,,,,,,,,,,,,,,,,,,,,,,,,,,,,,,,,,,,,,,,,,,,,,,,,,,,,,
1784901938,0,0.020,-0.004,0.994,0.00,0.00,0.10,40.30,17.20,-1.90,-0.14,-1.26,-1.75,1.000,-0.001,-0.011,-0.015,1,-0.319,-0.131,0.947,-2.00,-0.10,0.10,40.10,3.90,10.40,-8.08,18.30,-1.14,0.985,-0.068,0.159,0.001,,,,,,,,,,,,,,,,,,,,,,,,,,,,,,,,,,,,,,,,,,,,,,,,,,,,,,,,,,,,,,,,,,,,,,,,,,,,,,,,,,,,,,,,,,,,,,,,,,,,,,,,,,,,,,,,,,,,,,,,,,,,,,,,,,,,,,,,,,,,,,,,,,,,,,,,,,,,,,,,,,,,,,,,,,,,,,,,,,,,,,,,,,,,,,,,,,,,,,,,,,,,,,,,,,,,,,,,,,,,,,,,,,,,,,,,,,,,,,
1784901938,0,0.024,0.000,1.002,0.00,0.00,0.00,40.30,17.20,-1.90,-0.14,-1.26,-1.75,1.000,-0.001,-0.011,-0.015,1,-0.315,-0.135,0.939,-2.30,-0.10,0.20,40.10,3.90,10.40,-8.08,18.30,-1.14,0.985,-0.068,0.159,0.001,,,,,,,,,,,,,,,,,,,,,,,,,,,,,,,,,,,,,,,,,,,,,,,,,,,,,,,,,,,,,,,,,,,,,,,,,,,,,,,,,,,,,,,,,,,,,,,,,,,,,,,,,,,,,,,,,,,,,,,,,,,,,,,,,,,,,,,,,,,,,,,,,,,,,,,,,,,,,,,,,,,,,,,,,,,,,,,,,,,,,,,,,,,,,,,,,,,,,,,,,,,,,,,,,,,,,,,,,,,,,,,,,,,,,,,,,,,,,,
1784901938,0,0.020,0.000,1.002,0.00,0.00,0.00,40.30,17.20,-1.90,-0.14,-1.26,-1.75,1.000,-0.001,-0.011,-0.015,1,-0.315,-0.139,0.943,-2.40,-0.10,0.10,40.10,3.90,10.40,-8.08,18.30,-1.14,0.985,-0.068,0.159,0.001,,,,,,,,,,,,,,,,,,,,,,,,,,,,,,,,,,,,,,,,,,,,,,,,,,,,,,,,,,,,,,,,,,,,,,,,,,,,,,,,,,,,,,,,,,,,,,,,,,,,,,,,,,,,,,,,,,,,,,,,,,,,,,,,,,,,,,,,,,,,,,,,,,,,,,,,,,,,,,,,,,,,,,,,,,,,,,,,,,,,,,,,,,,,,,,,,,,,,,,,,,,,,,,,,,,,,,,,,,,,,,,,,,,,,,,,,,,,,,
1784901938,0,0.020,-0.004,0.998,0.00,0.00,0.00,37.10,16.90,-1.30,-0.14,-1.26,-1.75,1.000,-0.001,-0.011,-0.015,1,-0.315,-0.135,0.943,-2.30,-0.20,0.00,41.60,4.40,10.50,-8.11,18.30,-1.14,0.985,-0.068,0.159,0.001,,,,,,,,,,,,,,,,,,,,,,,,,,,,,,,,,,,,,,,,,,,,,,,,,,,,,,,,,,,,,,,,,,,,,,,,,,,,,,,,,,,,,,,,,,,,,,,,,,,,,,,,,,,,,,,,,,,,,,,,,,,,,,,,,,,,,,,,,,,,,,,,,,,,,,,,,,,,,,,,,,,,,,,,,,,,,,,,,,,,,,,,,,,,,,,,,,,,,,,,,,,,,,,,,,,,,,,,,,,,,,,,,,,,,,,,,,,,,,
1784901938,0,0.020,-0.004,0.998,0.00,0.00,0.00,37.10,16.90,-1.30,-0.14,-1.26,-1.75,1.000,-0.001,-0.011,-0.015,1,-0.315,-0.135,0.951,-1.80,-0.10,0.00,41.60,4.40,10.50,-8.11,18.30,-1.14,0.985,-0.068,0.159,0.001,,,,,,,,,,,,,,,,,,,,,,,,,,,,,,,,,,,,,,,,,,,,,,,,,,,,,,,,,,,,,,,,,,,,,,,,,,,,,,,,,,,,,,,,,,,,,,,,,,,,,,,,,,,,,,,,,,,,,,,,,,,,,,,,,,,,,,,,,,,,,,,,,,,,,,,,,,,,,,,,,,,,,,,,,,,,,,,,,,,,,,,,,,,,,,,,,,,,,,,,,,,,,,,,,,,,,,,,,,,,,,,,,,,,,,,,,,,,,,
1784901938,0,0.020,-0.008,1.002,0.00,-0.10,0.00,37.10,16.90,-1.30,-0.14,-1.26,-1.75,1.000,-0.001,-0.011,-0.015,1,-0.315,-0.135,0.951,-1.10,0.00,0.20,41.60,4.40,10.50,-8.11,18.30,-1.14,0.985,-0.068,0.159,0.001,,,,,,,,,,,,,,,,,,,,,,,,,,,,,,,,,,,,,,,,,,,,,,,,,,,,,,,,,,,,,,,,,,,,,,,,,,,,,,,,,,,,,,,,,,,,,,,,,,,,,,,,,,,,,,,,,,,,,,,,,,,,,,,,,,,,,,,,,,,,,,,,,,,,,,,,,,,,,,,,,,,,,,,,,,,,,,,,,,,,,,,,,,,,,,,,,,,,,,,,,,,,,,,,,,,,,,,,,,,,,,,,,,,,,,,,,,,,,,
1784901938,0,0.024,-0.004,1.006,0.00,-0.10,0.00,37.10,16.90,-1.30,-0.14,-1.26,-1.75,1.000,-0.001,-0.011,-0.015,1,-0.315,-0.135,0.955,-0.50,0.10,0.30,41.60,4.40,10.50,-8.11,18.30,-1.14,0.985,-0.068,0.159,0.001,,,,,,,,,,,,,,,,,,,,,,,,,,,,,,,,,,,,,,,,,,,,,,,,,,,,,,,,,,,,,,,,,,,,,,,,,,,,,,,,,,,,,,,,,,,,,,,,,,,,,,,,,,,,,,,,,,,,,,,,,,,,,,,,,,,,,,,,,,,,,,,,,,,,,,,,,,,,,,,,,,,,,,,,,,,,,,,,,,,,,,,,,,,,,,,,,,,,,,,,,,,,,,,,,,,,,,,,,,,,,,,,,,,,,,,,,,,,,,
1784901938,0,0.024,-0.004,0.998,0.00,0.00,0.00,42.00,16.60,-1.50,-0.14,-1.26,-1.75,1.000,-0.001,-0.011,-0.015,1,-0.315,-0.131,0.951,-0.10,0.10,0.30,42.60,4.10,10.60,-8.11,18.30,-1.14,0.985,-0.068,0.159,0.001,,,,,,,,,,,,,,,,,,,,,,,,,,,,,,,,,,,,,,,,,,,,,,,,,,,,,,,,,,,,,,,,,,,,,,,,,,,,,,,,,,,,,,,,,,,,,,,,,,,,,,,,,,,,,,,,,,,,,,,,,,,,,,,,,,,,,,,,,,,,,,,,,,,,,,,,,,,,,,,,,,,,,,,,,,,,,,,,,,,,,,,,,,,,,,,,,,,,,,,,,,,,,,,,,,,,,,,,,,,,,,,,,,,,,,,,,,,,,,
1784901938,0,0.020,-0.004,0.998,0.00,0.00,-0.10,42.00,16.60,-1.50,-0.14,-1.26,-1.75,1.000,-0.001,-0.011,-0.015,1,-0.315,-0.135,0.951,0.10,0.10,0.40,42.60,4.10,10.60,-8.11,18.30,-1.14,0.985,-0.068,0.159,0.001,,,,,,,,,,,,,,,,,,,,,,,,,,,,,,,,,,,,,,,,,,,,,,,,,,,,,,,,,,,,,,,,,,,,,,,,,,,,,,,,,,,,,,,,,,,,,,,,,,,,,,,,,,,,,,,,,,,,,,,,,,,,,,,,,,,,,,,,,,,,,,,,,,,,,,,,,,,,,,,,,,,,,,,,,,,,,,,,,,,,,,,,,,,,,,,,,,,,,,,,,,,,,,,,,,,,,,,,,,,,,,,,,,,,,,,,,,,,,,
1784901938,0,0.020,-0.004,0.998,0.10,0.00,0.00,42.00,16.60,-1.50,-0.14,-1.26,-1.75,1.000,-0.001,-0.011,-0.015,1,-0.315,-0.135,0.951,0.30,0.20,0.50,42.60,4.10,10.60,-8.11,18.30,-1.14,0.985,-0.068,0.159,0.001,,,,,,,,,,,,,,,,,,,,,,,,,,,,,,,,,,,,,,,,,,,,,,,,,,,,,,,,,,,,,,,,,,,,,,,,,,,,,,,,,,,,,,,,,,,,,,,,,,,,,,,,,,,,,,,,,,,,,,,,,,,,,,,,,,,,,,,,,,,,,,,,,,,,,,,,,,,,,,,,,,,,,,,,,,,,,,,,,,,,,,,,,,,,,,,,,,,,,,,,,,,,,,,,,,,,,,,,,,,,,,,,,,,,,,,,,,,,,,
1784901938,0,0.020,0.000,0.998,0.10,0.00,0.00,42.00,16.60,-1.50,-0.14,-1.26,-1.75,1.000,-0.001,-0.011,-0.015,1,-0.315,-0.135,0.951,0.40,0.30,0.50,42.60,4.10,10.60,-8.11,18.30,-1.14,0.985,-0.068,0.159,0.001,,,,,,,,,,,,,,,,,,,,,,,,,,,,,,,,,,,,,,,,,,,,,,,,,,,,,,,,,,,,,,,,,,,,,,,,,,,,,,,,,,,,,,,,,,,,,,,,,,,,,,,,,,,,,,,,,,,,,,,,,,,,,,,,,,,,,,,,,,,,,,,,,,,,,,,,,,,,,,,,,,,,,,,,,,,,,,,,,,,,,,,,,,,,,,,,,,,,,,,,,,,,,,,,,,,,,,,,,,,,,,,,,,,,,,,,,,,,,,
1784901938,0,0.020,0.000,1.002,0.10,0.00,0.00,41.90,17.00,-0.80,-0.14,-1.26,-1.75,1.000,-0.001,-0.011,-0.015,1,-0.315,-0.135,0.947,0.50,0.50,0.80,42.20,4.20,10.90,-8.11,18.31,-1.13,0.985,-0.068,0.159,0.002,,,,,,,,,,,,,,,,,,,,,,,,,,,,,,,,,,,,,,,,,,,,,,,,,,,,,,,,,,,,,,,,,,,,,,,,,,,,,,,,,,,,,,,,,,,,,,,,,,,,,,,,,,,,,,,,,,,,,,,,,,,,,,,,,,,,,,,,,,,,,,,,,,,,,,,,,,,,,,,,,,,,,,,,,,,,,,,,,,,,,,,,,,,,,,,,,,,,,,,,,,,,,,,,,,,,,,,,,,,,,,,,,,,,,,,,,,,,,,
1784901938,0,0.024,0.000,1.006,0.00,0.10,0.10,41.90,17.00,-0.80,-0.14,-1.26,-1.75,1.000,-0.001,-0.011,-0.015,1,-0.319,-0.139,0.947,0.60,0.80,0.80,42.20,4.20,10.90,-8.11,18.31,-1.13,0.985,-0.068,0.159,0.002,,,,,,,,,,,,,,,,,,,,,,,,,,,,,,,,,,,,,,,,,,,,,,,,,,,,,,,,,,,,,,,,,,,,,,,,,,,,,,,,,,,,,,,,,,,,,,,,,,,,,,,,,,,,,,,,,,,,,,,,,,,,,,,,,,,,,,,,,,,,,,,,,,,,,,,,,,,,,,,,,,,,,,,,,,,,,,,,,,,,,,,,,,,,,,,,,,,,,,,,,,,,,,,,,,,,,,,,,,,,,,,,,,,,,,,,,,,,,,
1784901938,0,0.020,0.000,0.994,0.00,0.10,0.00,41.90,17.00,-0.80,-0.14,-1.26,-1.75,1.000,-0.001,-0.011,-0.015,1,-0.319,-0.135,0.947,0.70,1.00,0.80,42.20,4.20,10.90,-8.11,18.31,-1.13,0.985,-0.068,0.159,0.002,,,,,,,,,,,,,,,,,,,,,,,,,,,,,,,,,,,,,,,,,,,,,,,,,,,,,,,,,,,,,,,,,,,,,,,,,,,,,,,,,,,,,,,,,,,,,,,,,,,,,,,,,,,,,,,,,,,,,,,,,,,,,,,,,,,,,,,,,,,,,,,,,,,,,,,,,,,,,,,,,,,,,,,,,,,,,,,,,,,,,,,,,,,,,,,,,,,,,,,,,,,,,,,,,,,,,,,,,,,,,,,,,,,,,,,,,,,,,,
1784901938,0,0.024,-0.008,0.994,0.00,0.10,-0.10,41.90,17.00,-0.80,-0.14,-1.26,-1.75,1.000,-0.001,-0.011,-0.015,1,-0.319,-0.131,0.943,0.90,1.00,0.90,42.20,4.20,10.90,-8.11,18.31,-1.13,0.985,-0.068,0.159,0.002,,,,,,,,,,,,,,,,,,,,,,,,,,,,,,,,,,,,,,,,,,,,,,,,,,,,,,,,,,,,,,,,,,,,,,,,,,,,,,,,,,,,,,,,,,,,,,,,,,,,,,,,,,,,,,,,,,,,,,,,,,,,,,,,,,,,,,,,,,,,,,,,,,,,,,,,,,,,,,,,,,,,,,,,,,,,,,,,,,,,,,,,,,,,,,,,,,,,,,,,,,,,,,,,,,,,,,,,,,,,,,,,,,,,,,,,,,,,,,
1784901938,0,0.020,0.000,0.998,0.00,0.10,-0.10,41.60,17.20,-1.30,-0.14,-1.26,-1.75,1.000,-0.001,-0.011,-0.015,1,-0.319,-0.135,0.935,1.00,0.80,0.90,41.10,3.10,10.50,-8.10,18.32,-1.12,0.985,-0.068,0.159,0.002,,,,,,,,,,,,,,,,,,,,,,,,,,,,,,,,,,,,,,,,,,,,,,,,,,,,,,,,,,,,,,,,,,,,,,,,,,,,,,,,,,,,,,,,,,,,,,,,,,,,,,,,,,,,,,,,,,,,,,,,,,,,,,,,,,,,,,,,,,,,,,,,,,,,,,,,,,,,,,,,,,,,,,,,,,,,,,,,,,,,,,,,,,,,,,,,,,,,,,,,,,,,,,,,,,,,,,,,,,,,,,,,,,,,,,,,,,,,,,
1784901938,0,0.020,-0.004,0.998,0.00,0.10,-0.20,41.60,17.20,-1.30,-0.14,-1.26,-1.75,1.000,-0.001,-0.011,-0.015,1,-0.315,-0.135,0.939,1.10,0.60,0.90,41.10,3.10,10.50,-8.10,18.32,-1.12,0.985,-0.068,0.159,0.002,,,,,,,,,,,,,,,,,,,,,,,,,,,,,,,,,,,,,,,,,,,,,,,,,,,,,,,,,,,,,,,,,,,,,,,,,,,,,,,,,,,,,,,,,,,,,,,,,,,,,,,,,,,,,,,,,,,,,,,,,,,,,,,,,,,,,,,,,,,,,,,,,,,,,,,,,,,,,,,,,,,,,,,,,,,,,,,,,,,,,,,,,,,,,,,,,,,,,,,,,,,,,,,,,,,,,,,,,,,,,,,,,,,,,,,,,,,,,,
1784901938,0,0.020,0.000,1.002,0.00,0.00,0.00,41.60,17.20,-1.30,-0.14,-1.26,-1.75,1.000,-0.001,-0.011,-0.015,1,-0.319,-0.135,0.935,1.10,0.60,0.90,41.10,3.10,10.50,-8.10,18.32,-1.12,0.985,-0.068,0.159,0.002,,,,,,,,,,,,,,,,,,,,,,,,,,,,,,,,,,,,,,,,,,,,,,,,,,,,,,,,,,,,,,,,,,,,,,,,,,,,,,,,,,,,,,,,,,,,,,,,,,,,,,,,,,,,,,,,,,,,,,,,,,,,,,,,,,,,,,,,,,,,,,,,,,,,,,,,,,,,,,,,,,,,,,,,,,,,,,,,,,,,,,,,,,,,,,,,,,,,,,,,,,,,,,,,,,,,,,,,,,,,,,,,,,,,,,,,,,,,,,
1784901938,0,0.024,0.000,1.002,0.00,0.00,0.00,41.60,17.20,-1.30,-0.14,-1.26,-1.75,1.000,-0.001,-0.011,-0.015,1,-0.315,-0.131,0.935,1.00,0.70,0.90,41.10,3.10,10.50,-8.10,18.32,-1.12,0.985,-0.068,0.159,0.002,,,,,,,,,,,,,,,,,,,,,,,,,,,,,,,,,,,,,,,,,,,,,,,,,,,,,,,,,,,,,,,,,,,,,,,,,,,,,,,,,,,,,,,,,,,,,,,,,,,,,,,,,,,,,,,,,,,,,,,,,,,,,,,,,,,,,,,,,,,,,,,,,,,,,,,,,,,,,,,,,,,,,,,,,,,,,,,,,,,,,,,,,,,,,,,,,,,,,,,,,,,,,,,,,,,,,,,,,,,,,,,,,,,,,,,,,,,,,,
1784901938,0,0.020,0.000,0.994,0.00,0.00,0.00,41.80,17.20,-1.30,-0.14,-1.26,-1.75,1.000,-0.001,-0.011,-0.015,1,-0.311,-0.131,0.939,1.00,0.70,0.80,41.00,1.40,10.20,-8.09,18.33,-1.11,0.985,-0.068,0.160,0.002,,,,,,,,,,,,,,,,,,,,,,,,,,,,,,,,,,,,,,,,,,,,,,,,,,,,,,,,,,,,,,,,,,,,,,,,,,,,,,,,,,,,,,,,,,,,,,,,,,,,,,,,,,,,,,,,,,,,,,,,,,,,,,,,,,,,,,,,,,,,,,,,,,,,,,,,,,,,,,,,,,,,,,,,,,,,,,,,,,,,,,,,,,,,,,,,,,,,,,,,,,,,,,,,,,,,,,,,,,,,,,,,,,,,,,,,,,,,,,
1784901938,0,0.024,0.000,1.002,0.00,0.00,0.00,41.80,17.20,-1.30,-0.14,-1.26,-1.75,1.000,-0.001,-0.011,-0.015,1,-0.319,-0.127,0.939,1.00,0.70,0.70,41.00,1.40,10.20,-8.09,18.33,-1.11,0.985,-0.068,0.160,0.002,,,,,,,,,,,,,,,,,,,,,,,,,,,,,,,,,,,,,,,,,,,,,,,,,,,,,,,,,,,,,,,,,,,,,,,,,,,,,,,,,,,,,,,,,,,,,,,,,,,,,,,,,,,,,,,,,,,,,,,,,,,,,,,,,,,,,,,,,,,,,,,,,,,,,,,,,,,,,,,,,,,,,,,,,,,,,,,,,,,,,,,,,,,,,,,,,,,,,,,,,,,,,,,,,,,,,,,,,,,,,,,,,,,,,,,,,,,,,,
1784901938,0,0.020,0.000,0.998,0.00,0.00,0.00,41.80,17.20,-1.30,-0.14,-1.26,-1.75,1.000,-0.001,-0.011,-0.015,1,-0.319,-0.131,0.943,0.90,0.70,0.50,41.00,1.40,10.20,-8.09,18.33,-1.11,0.985,-0.068,0.160,0.002,,,,,,,,,,,,,,,,,,,,,,,,,,,,,,,,,,,,,,,,,,,,,,,,,,,,,,,,,,,,,,,,,,,,,,,,,,,,,,,,,,,,,,,,,,,,,,,,,,,,,,,,,,,,,,,,,,,,,,,,,,,,,,,,,,,,,,,,,,,,,,,,,,,,,,,,,,,,,,,,,,,,,,,,,,,,,,,,,,,,,,,,,,,,,,,,,,,,,,,,,,,,,,,,,,,,,,,,,,,,,,,,,,,,,,,,,,,,,,
1784901938,0,0.028,0.000,0.998,0.00,0.00,0.00,41.80,17.20,-1.30,-0.14,-1.26,-1.75,1.000,-0.001,-0.011,-0.015,1,-0.319,-0.127,0.943,0.60,0.70,0.40,41.00,1.40,10.20,-8.09,18.33,-1.11,0.985,-0.068,0.160,0.002,,,,,,,,,,,,,,,,,,,,,,,,,,,,,,,,,,,,,,,,,,,,,,,,,,,,,,,,,,,,,,,,,,,,,,,,,,,,,,,,,,,,,,,,,,,,,,,,,,,,,,,,,,,,,,,,,,,,,,,,,,,,,,,,,,,,,,,,,,,,,,,,,,,,,,,,,,,,,,,,,,,,,,,,,,,,,,,,,,,,,,,,,,,,,,,,,,,,,,,,,,,,,,,,,,,,,,,,,,,,,,,,,,,,,,,,,,,,,,
1784901938,0,0.016,0.000,0.998,0.00,0.00,0.00,39.40,17.00,-1.50,-0.14,-1.26,-1.75,1.000,-0.001,-0.011,-0.015,1,-0.319,-0.131,0.943,0.40,0.70,0.20,40.60,0.30,10.20,-8.08,18.33,-1.11,0.985,-0.068,0.160,0.002,,,,,,,,,,,,,,,,,,,,,,,,,,,,,,,,,,,,,,,,,,,,,,,,,,,,,,,,,,,,,,,,,,,,,,,,,,,,,,,,,,,,,,,,,,,,,,,,,,,,,,,,,,,,,,,,,,,,,,,,,,,,,,,,,,,,,,,,,,,,,,,,,,,,,,,,,,,,,,,,,,,,,,,,,,,,,,,,,,,,,,,,,,,,,,,,,,,,,,,,,,,,,,,,,,,,,,,,,,,,,,,,,,,,,,,,,,,,,,
1784901938,0,0.020,-0.004,0.998,0.00,0.00,0.00,39.40,17.00,-1.50,-0.14,-1.26,-1.75,1.000,-0.001,-0.011,-0.015,1,-0.323,-0.131,0.935,0.10,0.50,0.30,40.60,0.30,10.20,-8.08,18.33,-1.11,0.985,-0.068,0.160,0.002,,,,,,,,,,,,,,,,,,,,,,,,,,,,,,,,,,,,,,,,,,,,,,,,,,,,,,,,,,,,,,,,,,,,,,,,,,,,,,,,,,,,,,,,,,,,,,,,,,,,,,,,,,,,,,,,,,,,,,,,,,,,,,,,,,,,,,,,,,,,,,,,,,,,,,,,,,,,,,,,,,,,,,,,,,,,,,,,,,,,,,,,,,,,,,,,,,,,,,,,,,,,,,,,,,,,,,,,,,,,,,,,,,,,,,,,,,,,,,
1784901938,0,0.020,0.000,1.002,0.00,-0.10,0.00,39.40,17.00,-1.50,-0.14,-1.26,-1.75,1.000,-0.001,-0.011,-0.015,1,-0.323,-0.135,0.939,-0.20,0.30,0.30,40.60,0.30,10.20,-8.08,18.33,-1.11,0.985,-0.068,0.160,0.002,,,,,,,,,,,,,,,,,,,,,,,,,,,,,,,,,,,,,,,,,,,,,,,,,,,,,,,,,,,,,,,,,,,,,,,,,,,,,,,,,,,,,,,,,,,,,,,,,,,,,,,,,,,,,,,,,,,,,,,,,,,,,,,,,,,,,,,,,,,,,,,,,,,,,,,,,,,,,,,,,,,,,,,,,,,,,,,,,,,,,,,,,,,,,,,,,,,,,,,,,,,,,,,,,,,,,,,,,,,,,,,,,,,,,,,,,,,,,,
1784901938,0,0.024,-0.004,0.998,0.00,-0.10,0.00,39.40,17.00,-1.50,-0.14,-1.26,-1.75,1.000,-0.001,-0.011,-0.015,1,-0.315,-0.139,0.947,-0.40,0.20,0.40,40.60,0.30,10.20,-8.08,18.33,-1.11,0.985,-0.068,0.160,0.002,,,,,,,,,,,,,,,,,,,,,,,,,,,,,,,,,,,,,,,,,,,,,,,,,,,,,,,,,,,,,,,,,,,,,,,,,,,,,,,,,,,,,,,,,,,,,,,,,,,,,,,,,,,,,,,,,,,,,,,,,,,,,,,,,,,,,,,,,,,,,,,,,,,,,,,,,,,,,,,,,,,,,,,,,,,,,,,,,,,,,,,,,,,,,,,,,,,,,,,,,,,,,,,,,,,,,,,,,,,,,,,,,,,,,,,,,,,,,,
1784901938,0,0.024,-0.004,0.994,0.00,0.00,0.00,39.90,16.90,-1.70,-0.14,-1.26,-1.75,1.000,-0.001,-0.011,-0.015,1,-0.319,-0.135,0.943,-0.50,0.10,0.30,40.90,-0.10,10.00,-8.08,18.34,-1.11,0.985,-0.068,0.160,0.002,,,,,,,,,,,,,,,,,,,,,,,,,,,,,,,,,,,,,,,,,,,,,,,,,,,,,,,,,,,,,,,,,,,,,,,,,,,,,,,,,,,,,,,,,,,,,,,,,,,,,,,,,,,,,,,,,,,,,,,,,,,,,,,,,,,,,,,,,,,,,,,,,,,,,,,,,,,,,,,,,,,,,,,,,,,,,,,,,,,,,,,,,,,,,,,,,,,,,,,,,,,,,,,,,,,,,,,,,,,,,,,,,,,,,,,,,,,,,,
1784901938,0,0.028,0.003,1.002,0.00,0.00,0.00,39.90,16.90,-1.70,-0.14,-1.26,-1.75,1.000,-0.001,-0.011,-0.015,1,-0.319,-0.127,0.947,-0.50,0.10,0.30,40.90,-0.10,10.00,-8.08,18.34,-1.11,0.985,-0.068,0.160,0.002,,,,,,,,,,,,,,,,,,,,,,,,,,,,,,,,,,,,,,,,,,,,,,,,,,,,,,,,,,,,,,,,,,,,,,,,,,,,,,,,,,,,,,,,,,,,,,,,,,,,,,,,,,,,,,,,,,,,,,,,,,,,,,,,,,,,,,,,,,,,,,,,,,,,,,,,,,,,,,,,,,,,,,,,,,,,,,,,,,,,,,,,,,,,,,,,,,,,,,,,,,,,,,,,,,,,,,,,,,,,,,,,,,,,,,,,,,,,,,
1784901938,0,0.024,0.000,0.998,0.00,0.00,0.10,39.90,16.90,-1.70,-0.14,-1.26,-1.75,1.000,-0.001,-0.011,-0.015,1,-0.323,-0.127,0.943,-0.40,0.10,0.20,40.90,-0.10,10.00,-8.08,18.34,-1.11,0.985,-0.068,0.160,0.002,,,,,,,,,,,,,,,,,,,,,,,,,,,,,,,,,,,,,,,,,,,,,,,,,,,,,,,,,,,,,,,,,,,,,,,,,,,,,,,,,,,,,,,,,,,,,,,,,,,,,,,,,,,,,,,,,,,,,,,,,,,,,,,,,,,,,,,,,,,,,,,,,,,,,,,,,,,,,,,,,,,,,,,,,,,,,,,,,,,,,,,,,,,,,,,,,,,,,,,,,,,,,,,,,,,,,,,,,,,,,,,,,,,,,,,,,,,,,,
1784901938,0,0.024,-0.004,0.998,0.00,0.00,0.00,39.90,16.90,-1.70,-0.14,-1.26,-1.75,1.000,-0.001,-0.011,-0.015,1,-0.319,-0.131,0.951,-0.40,0.00,0.00,40.90,-0.10,10.00,-8.08,18.34,-1.11,0.985,-0.068,0.160,0.002,,,,,,,,,,,,,,,,,,,,,,,,,,,,,,,,,,,,,,,,,,,,,,,,,,,,,,,,,,,,,,,,,,,,,,,,,,,,,,,,,,,,,,,,,,,,,,,,,,,,,,,,,,,,,,,,,,,,,,,,,,,,,,,,,,,,,,,,,,,,,,,,,,,,,,,,,,,,,,,,,,,,,,,,,,,,,,,,,,,,,,,,,,,,,,,,,,,,,,,,,,,,,,,,,,,,,,,,,,,,,,,,,,,,,,,,,,,,,,
1784901938,0,0.020,0.000,1.002,0.00,0.00,0.00,39.70,16.90,-1.60,-0.14,-1.26,-1.75,1.000,-0.001,-0.011,-0.015,1,-0.319,-0.135,0.939,-0.60,0.00,0.00,40.90,0.90,10.30,-8.08,18.34,-1.11,0.985,-0.068,0.160,0.002,,,,,,,,,,,,,,,,,,,,,,,,,,,,,,,,,,,,,,,,,,,,,,,,,,,,,,,,,,,,,,,,,,,,,,,,,,,,,,,,,,,,,,,,,,,,,,,,,,,,,,,,,,,,,,,,,,,,,,,,,,,,,,,,,,,,,,,,,,,,,,,,,,,,,,,,,,,,,,,,,,,,,,,,,,,,,,,,,,,,,,,,,,,,,,,,,,,,,,,,,,,,,,,,,,,,,,,,,,,,,,,,,,,,,,,,,,,,,,
1784901938,0,0.020,-0.004,0.998,-0.10,0.00,0.00,39.70,16.90,-1.60,-0.14,-1.26,-1.75,1.000,-0.001,-0.011,-0.015,1,-0.319,-0.135,0.947,-0.60,0.00,0.00,40.90,0.90,10.30,-8.08,18.34,-1.11,0.985,-0.068,0.160,0.002,,,,,,,,,,,,,,,,,,,,,,,,,,,,,,,,,,,,,,,,,,,,,,,,,,,,,,,,,,,,,,,,,,,,,,,,,,,,,,,,,,,,,,,,,,,,,,,,,,,,,,,,,,,,,,,,,,,,,,,,,,,,,,,,,,,,,,,,,,,,,,,,,,,,,,,,,,,,,,,,,,,,,,,,,,,,,,,,,,,,,,,,,,,,,,,,,,,,,,,,,,,,,,,,,,,,,,,,,,,,,,,,,,,,,,,,,,,,,,
1784901938,0,0.024,-0.004,1.002,0.00,0.00,-0.10,39.70,16.90,-1.60,-0.14,-1.26,-1.75,1.000,-0.001,-0.011,-0.015,1,-0.315,-0.139,0.943,-0.60,0.00,0.20,40.90,0.90,10.30,-8.08,18.34,-1.11,0.985,-0.068,0.160,0.002,,,,,,,,,,,,,,,,,,,,,,,,,,,,,,,,,,,,,,,,,,,,,,,,,,,,,,,,,,,,,,,,,,,,,,,,,,,,,,,,,,,,,,,,,,,,,,,,,,,,,,,,,,,,,,,,,,,,,,,,,,,,,,,,,,,,,,,,,,,,,,,,,,,,,,,,,,,,,,,,,,,,,,,,,,,,,,,,,,,,,,,,,,,,,,,,,,,,,,,,,,,,,,,,,,,,,,,,,,,,,,,,,,,,,,,,,,,,,,
1784901938,0,0.024,-0.004,0.998,0.00,0.00,0.00,39.70,16.90,-1.60,-0.14,-1.26,-1.75,1.000,-0.001,-0.011,-0.015,1,-0.319,-0.131,0.943,-0.40,0.00,0.30,40.90,0.90,10.30,-8.08,18.34,-1.11,0.985,-0.068,0.160,0.002,,,,,,,,,,,,,,,,,,,,,,,,,,,,,,,,,,,,,,,,,,,,,,,,,,,,,,,,,,,,,,,,,,,,,,,,,,,,,,,,,,,,,,,,,,,,,,,,,,,,,,,,,,,,,,,,,,,,,,,,,,,,,,,,,,,,,,,,,,,,,,,,,,,,,,,,,,,,,,,,,,,,,,,,,,,,,,,,,,,,,,,,,,,,,,,,,,,,,,,,,,,,,,,,,,,,,,,,,,,,,,,,,,,,,,,,,,,,,,
1784901938,0,0.020,-0.004,0.994,0.10,0.00,0.00,39.70,17.00,-1.30,-0.14,-1.26,-1.75,1.000,-0.001,-0.011,-0.015,1,-0.319,-0.131,0.943,-0.10,0.10,0.20,40.80,3.10,11.90,-8.09,18.34,-1.10,0.985,-0.068,0.160,0.002,,,,,,,,,,,,,,,,,,,,,,,,,,,,,,,,,,,,,,,,,,,,,,,,,,,,,,,,,,,,,,,,,,,,,,,,,,,,,,,,,,,,,,,,,,,,,,,,,,,,,,,,,,,,,,,,,,,,,,,,,,,,,,,,,,,,,,,,,,,,,,,,,,,,,,,,,,,,,,,,,,,,,,,,,,,,,,,,,,,,,,,,,,,,,,,,,,,,,,,,,,,,,,,,,,,,,,,,,,,,,,,,,,,,,,,,,,,,,,
1784901938,0,0.024,0.000,1.002,0.00,0.00,0.00,39.70,17.00,-1.30,-0.14,-1.26,-1.75,1.000,-0.001,-0.011,-0.015,1,-0.323,-0.127,0.935,0.10,0.20,0.30,40.80,3.10,11.90,-8.09,18.34,-1.10,0.985,-0.068,0.160,0.002,,,,,,,,,,,,,,,,,,,,,,,,,,,,,,,,,,,,,,,,,,,,,,,,,,,,,,,,,,,,,,,,,,,,,,,,,,,,,,,,,,,,,,,,,,,,,,,,,,,,,,,,,,,,,,,,,,,,,,,,,,,,,,,,,,,,,,,,,,,,,,,,,,,,,,,,,,,,,,,,,,,,,,,,,,,,,,,,,,,,,,,,,,,,,,,,,,,,,,,,,,,,,,,,,,,,,,,,,,,,,,,,,,,,,,,,,,,,,,
1784901938,0,0.024,-0.004,0.998,0.00,0.00,0.00,39.70,17.00,-1.30,-0.14,-1.26,-1.75,1.000,-0.001,-0.011,-0.015,1,-0.319,-0.135,0.943,0.40,0.30,0.40,40.80,3.10,11.90,-8.09,18.34,-1.10,0.985,-0.068,0.160,0.002,,,,,,,,,,,,,,,,,,,,,,,,,,,,,,,,,,,,,,,,,,,,,,,,,,,,,,,,,,,,,,,,,,,,,,,,,,,,,,,,,,,,,,,,,,,,,,,,,,,,,,,,,,,,,,,,,,,,,,,,,,,,,,,,,,,,,,,,,,,,,,,,,,,,,,,,,,,,,,,,,,,,,,,,,,,,,,,,,,,,,,,,,,,,,,,,,,,,,,,,,,,,,,,,,,,,,,,,,,,,,,,,,,,,,,,,,,,,,,
1784901938,0,0.024,-0.004,1.002,0.00,0.00,-0.10,39.70,17.00,-1.30,-0.14,-1.26,-1.75,1.000,-0.001,-0.011,-0.015,1,-0.315,-0.131,0.939,0.40,0.40,0.40,40.80,3.10,11.90,-8.09,18.34,-1.10,0.985,-0.068,0.160,0.002,,,,,,,,,,,,,,,,,,,,,,,,,,,,,,,,,,,,,,,,,,,,,,,,,,,,,,,,,,,,,,,,,,,,,,,,,,,,,,,,,,,,,,,,,,,,,,,,,,,,,,,,,,,,,,,,,,,,,,,,,,,,,,,,,,,,,,,,,,,,,,,,,,,,,,,,,,,,,,,,,,,,,,,,,,,,,,,,,,,,,,,,,,,,,,,,,,,,,,,,,,,,,,,,,,,,,,,,,,,,,,,,,,,,,,,,,,,,,,
1784901938,0,0.024,0.000,1.002,0.00,0.00,-0.10,39.80,16.80,-1.40,-0.14,-1.26,-1.75,1.000,-0.001,-0.011,-0.015,1,-0.323,-0.127,0.939,0.40,0.30,0.50,41.20,3.10,9.00,-8.08,18.34,-1.10,0.985,-0.068,0.160,0.002,,,,,,,,,,,,,,,,,,,,,,,,,,,,,,,,,,,,,,,,,,,,,,,,,,,,,,,,,,,,,,,,,,,,,,,,,,,,,,,,,,,,,,,,,,,,,,,,,,,,,,,,,,,,,,,,,,,,,,,,,,,,,,,,,,,,,,,,,,,,,,,,,,,,,,,,,,,,,,,,,,,,,,,,,,,,,,,,,,,,,,,,,,,,,,,,,,,,,,,,,,,,,,,,,,,,,,,,,,,,,,,,,,,,,,,,,,,,,,
1784901938,0,0.020,0.000,1.002,0.00,0.00,-0.10,39.80,16.80,-1.40,-0.14,-1.26,-1.75,1.000,-0.001,-0.011,-0.015,1,-0.319,-0.135,0.939,0.20,0.10,0.40,41.20,3.10,9.00,-8.08,18.35,-1.10,0.985,-0.068,0.160,0.002,,,,,,,,,,,,,,,,,,,,,,,,,,,,,,,,,,,,,,,,,,,,,,,,,,,,,,,,,,,,,,,,,,,,,,,,,,,,,,,,,,,,,,,,,,,,,,,,,,,,,,,,,,,,,,,,,,,,,,,,,,,,,,,,,,,,,,,,,,,,,,,,,,,,,,,,,,,,,,,,,,,,,,,,,,,,,,,,,,,,,,,,,,,,,,,,,,,,,,,,,,,,,,,,,,,,,,,,,,,,,,,,,,,,,,,,,,,,,,
1784901938,0,0.020,0.000,0.998,0.00,-0.10,0.00,39.80,16.80,-1.40,-0.14,-1.26,-1.75,1.000,-0.001,-0.011,-0.015,1,-0.319,-0.139,0.939,0.10,0.00,0.30,41.20,3.10,9.00,-8.08,18.35,-1.10,0.985,-0.068,0.160,0.002,,,,,,,,,,,,,,,,,,,,,,,,,,,,,,,,,,,,,,,,,,,,,,,,,,,,,,,,,,,,,,,,,,,,,,,,,,,,,,,,,,,,,,,,,,,,,,,,,,,,,,,,,,,,,,,,,,,,,,,,,,,,,,,,,,,,,,,,,,,,,,,,,,,,,,,,,,,,,,,,,,,,,,,,,,,,,,,,,,,,,,,,,,,,,,,,,,,,,,,,,,,,,,,,,,,,,,,,,,,,,,,,,,,,,,,,,,,,,,
1784901938,0,0.020,0.000,0.994,0.00,0.00,0.00,39.80,16.80,-1.40,-0.14,-1.26,-1.75,1.000,-0.001,-0.011,-0.015,1,-0.319,-0.135,0.935,0.00,-0.10,0.10,41.20,3.10,9.00,-8.08,18.35,-1.10,0.985,-0.068,0.160,0.002,,,,,,,,,,,,,,,,,,,,,,,,,,,,,,,,,,,,,,,,,,,,,,,,,,,,,,,,,,,,,,,,,,,,,,,,,,,,,,,,,,,,,,,,,,,,,,,,,,,,,,,,,,,,,,,,,,,,,,,,,,,,,,,,,,,,,,,,,,,,,,,,,,,,,,,,,,,,,,,,,,,,,,,,,,,,,,,,,,,,,,,,,,,,,,,,,,,,,,,,,,,,,,,,,,,,,,,,,,,,,,,,,,,,,,,,,,,,,,
1784901938,0,0.020,0.000,0.994,0.00,0.00,0.00,39.30,17.10,-1.80,-0.14,-1.26,-1.75,1.000,-0.001,-0.011,-0.015,1,-0.315,-0.131,0.935,0.00,-0.10,0.00,41.20,3.40,9.40,-8.08,18.35,-1.10,0.985,-0.068,0.160,0.002,,,,,,,,,,,,,,,,,,,,,,,,,,,,,,,,,,,,,,,,,,,,,,,,,,,,,,,,,,,,,,,,,,,,,,,,,,,,,,,,,,,,,,,,,,,,,,,,,,,,,,,,,,,,,,,,,,,,,,,,,,,,,,,,,,,,,,,,,,,,,,,,,,,,,,,,,,,,,,,,,,,,,,,,,,,,,,,,,,,,,,,,,,,,,,,,,,,,,,,,,,,,,,,,,,,,,,,,,,,,,,,,,,,,,,,,,,,,,,
1784901938,0,0.024,-0.004,1.002,0.00,0.00,0.00,39.30,17.10,-1.80,-0.14,-1.26,-1.75,1.000,-0.001,-0.011,-0.015,1,-0.319,-0.127,0.939,0.00,-0.10,0.00,41.20,3.40,9.40,-8.08,18.35,-1.10,0.985,-0.068,0.160,0.002,,,,,,,,,,,,,,,,,,,,,,,,,,,,,,,,,,,,,,,,,,,,,,,,,,,,,,,,,,,,,,,,,,,,,,,,,,,,,,,,,,,,,,,,,,,,,,,,,,,,,,,,,,,,,,,,,,,,,,,,,,,,,,,,,,,,,,,,,,,,,,,,,,,,,,,,,,,,,,,,,,,,,,,,,,,,,,,,,,,,,,,,,,,,,,,,,,,,,,,,,,,,,,,,,,,,,,,,,,,,,,,,,,,,,,,,,,,,,,
1784901938,0,0.016,-0.004,0.998,0.00,0.10,0.00,39.30,17.10,-1.80,-0.14,-1.26,-1.75,1.000,-0.001,-0.011,-0.015,1,-0.319,-0.131,0.935,0.00,-0.10,0.00,41.20,3.40,9.40,-8.08,18.35,-1.10,0.985,-0.068,0.160,0.002,,,,,,,,,,,,,,,,,,,,,,,,,,,,,,,,,,,,,,,,,,,,,,,,,,,,,,,,,,,,,,,,,,,,,,,,,,,,,,,,,,,,,,,,,,,,,,,,,,,,,,,,,,,,,,,,,,,,,,,,,,,,,,,,,,,,,,,,,,,,,,,,,,,,,,,,,,,,,,,,,,,,,,,,,,,,,,,,,,,,,,,,,,,,,,,,,,,,,,,,,,,,,,,,,,,,,,,,,,,,,,,,,,,,,,,,,,,,,,
1784901938,0,0.024,0.000,1.002,0.00,0.00,0.10,39.30,17.10,-1.80,-0.14,-1.26,-1.75,1.000,-0.001,-0.011,-0.015,1,-0.319,-0.131,0.943,0.00,-0.10,-0.10,41.20,3.40,9.40,-8.08,18.35,-1.10,0.985,-0.068,0.160,0.002,,,,,,,,,,,,,,,,,,,,,,,,,,,,,,,,,,,,,,,,,,,,,,,,,,,,,,,,,,,,,,,,,,,,,,,,,,,,,,,,,,,,,,,,,,,,,,,,,,,,,,,,,,,,,,,,,,,,,,,,,,,,,,,,,,,,,,,,,,,,,,,,,,,,,,,,,,,,,,,,,,,,,,,,,,,,,,,,,,,,,,,,,,,,,,,,,,,,,,,,,,,,,,,,,,,,,,,,,,,,,,,,,,,,,,,,,,,,,,
1784901938,0,0.024,0.000,1.002,0.00,0.00,0.10,39.70,17.00,-0.50,-0.14,-1.26,-1.75,1.000,-0.001,-0.011,-0.015,1,-0.319,-0.135,0.943,0.00,-0.10,0.00,41.30,3.10,9.40,-8.08,18.34,-1.10,0.985,-0.068,0.160,0.002,,,,,,,,,,,,,,,,,,,,,,,,,,,,,,,,,,,,,,,,,,,,,,,,,,,,,,,,,,,,,,,,,,,,,,,,,,,,,,,,,,,,,,,,,,,,,,,,,,,,,,,,,,,,,,,,,,,,,,,,,,,,,,,,,,,,,,,,,,,,,,,,,,,,,,,,,,,,,,,,,,,,,,,,,,,,,,,,,,,,,,,,,,,,,,,,,,,,,,,,,,,,,,,,,,,,,,,,,,,,,,,,,,,,,,,,,,,,,,
1784901938,0,0.024,0.000,0.998,0.00,0.00,0.00,39.70,17.00,-0.50,-0.14,-1.26,-1.75,1.000,-0.001,-0.011,-0.015,1,-0.319,-0.139,0.939,-0.10,-0.10,0.00,41.30,3.10,9.40,-8.08,18.34,-1.10,0.985,-0.068,0.160,0.002,,,,,,,,,,,,,,,,,,,,,,,,,,,,,,,,,,,,,,,,,,,,,,,,,,,,,,,,,,,,,,,,,,,,,,,,,,,,,,,,,,,,,,,,,,,,,,,,,,,,,,,,,,,,,,,,,,,,,,,,,,,,,,,,,,,,,,,,,,,,,,,,,,,,,,,,,,,,,,,,,,,,,,,,,,,,,,,,,,,,,,,,,,,,,,,,,,,,,,,,,,,,,,,,,,,,,,,,,,,,,,,,,,,,,,,,,,,,,,
1784901938,0,0.020,0.000,0.998,0.00,0.00,0.00,39.70,17.00,-0.50,-0.14,-1.26,-1.75,1.000,-0.001,-0.011,-0.015,1,-0.319,-0.139,0.943,-0.30,-0.20,0.00,41.30,3.10,9.40,-8.08,18.34,-1.10,0.985,-0.068,0.160,0.002,,,,,,,,,,,,,,,,,,,,,,,,,,,,,,,,,,,,,,,,,,,,,,,,,,,,,,,,,,,,,,,,,,,,,,,,,,,,,,,,,,,,,,,,,,,,,,,,,,,,,,,,,,,,,,,,,,,,,,,,,,,,,,,,,,,,,,,,,,,,,,,,,,,,,,,,,,,,,,,,,,,,,,,,,,,,,,,,,,,,,,,,,,,,,,,,,,,,,,,,,,,,,,,,,,,,,,,,,,,,,,,,,,,,,,,,,,,,,,
1784901938,0,0.024,0.000,1.002,0.00,0.10,0.00,39.70,17.00,-0.50,-0.14,-1.26,-1.75,1.000,-0.001,-0.011,-0.015,1,-0.319,-0.143,0.939,-0.40,-0.30,-0.20,41.30,3.10,9.40,-8.08,18.34,-1.10,0.985,-0.068,0.160,0.002,,,,,,,,,,,,,,,,,,,,,,,,,,,,,,,,,,,,,,,,,,,,,,,,,,,,,,,,,,,,,,,,,,,,,,,,,,,,,,,,,,,,,,,,,,,,,,,,,,,,,,,,,,,,,,,,,,,,,,,,,,,,,,,,,,,,,,,,,,,,,,,,,,,,,,,,,,,,,,,,,,,,,,,,,,,,,,,,,,,,,,,,,,,,,,,,,,,,,,,,,,,,,,,,,,,,,,,,,,,,,,,,,,,,,,,,,,,,,,
1784901938,0,0.024,-0.008,0.998,0.00,0.20,0.00,39.70,17.10,0.70,-0.14,-1.26,-1.75,1.000,-0.001,-0.011,-0.015,1,-0.319,-0.135,0.943,-0.40,-0.30,-0.30,41.40,3.20,11.10,-8.09,18.34,-1.10,0.985,-0.068,0.160,0.002,,,,,,,,,,,,,,,,,,,,,,,,,,,,,,,,,,,,,,,,,,,,,,,,,,,,,,,,,,,,,,,,,,,,,,,,,,,,,,,,,,,,,,,,,,,,,,,,,,,,,,,,,,,,,,,,,,,,,,,,,,,,,,,,,,,,,,,,,,,,,,,,,,,,,,,,,,,,,,,,,,,,,,,,,,,,,,,,,,,,,,,,,,,,,,,,,,,,,,,,,,,,,,,,,,,,,,,,,,,,,,,,,,,,,,,,,,,,,,
1784901938,0,0.024,-0.004,1.002,0.00,0.10,-0.10,39.70,17.10,0.70,-0.14,-1.26,-1.75,1.000,-0.001,-0.011,-0.015,1,-0.319,-0.135,0.939,-0.20,-0.30,-0.30,41.40,3.20,11.10,-8.09,18.34,-1.10,0.985,-0.068,0.160,0.002,,,,,,,,,,,,,,,,,,,,,,,,,,,,,,,,,,,,,,,,,,,,,,,,,,,,,,,,,,,,,,,,,,,,,,,,,,,,,,,,,,,,,,,,,,,,,,,,,,,,,,,,,,,,,,,,,,,,,,,,,,,,,,,,,,,,,,,,,,,,,,,,,,,,,,,,,,,,,,,,,,,,,,,,,,,,,,,,,,,,,,,,,,,,,,,,,,,,,,,,,,,,,,,,,,,,,,,,,,,,,,,,,,,,,,,,,,,,,,
1784901938,0,0.020,0.000,1.006,0.00,0.00,-0.20,39.70,17.10,0.70,-0.14,-1.26,-1.75,1.000,-0.001,-0.011,-0.015,1,-0.319,-0.139,0.947,0.00,-0.20,-0.30,41.40,3.20,11.10,-8.09,18.34,-1.10,0.985,-0.068,0.160,0.002,,,,,,,,,,,,,,,,,,,,,,,,,,,,,,,,,,,,,,,,,,,,,,,,,,,,,,,,,,,,,,,,,,,,,,,,,,,,,,,,,,,,,,,,,,,,,,,,,,,,,,,,,,,,,,,,,,,,,,,,,,,,,,,,,,,,,,,,,,,,,,,,,,,,,,,,,,,,,,,,,,,,,,,,,,,,,,,,,,,,,,,,,,,,,,,,,,,,,,,,,,,,,,,,,,,,,,,,,,,,,,,,,,,,,,,,,,,,,,
1784901938,0,0.020,-0.004,1.002,0.00,0.00,-0.10,39.70,17.10,0.70,-0.14,-1.26,-1.75,1.000,-0.001,-0.011,-0.015,1,-0.319,-0.135,0.947,0.40,-0.20,-0.20,41.40,3.20,11.10,-8.09,18.34,-1.10,0.985,-0.068,0.160,0.002,,,,,,,,,,,,,,,,,,,,,,,,,,,,,,,,,,,,,,,,,,,,,,,,,,,,,,,,,,,,,,,,,,,,,,,,,,,,,,,,,,,,,,,,,,,,,,,,,,,,,,,,,,,,,,,,,,,,,,,,,,,,,,,,,,,,,,,,,,,,,,,,,,,,,,,,,,,,,,,,,,,,,,,,,,,,,,,,,,,,,,,,,,,,,,,,,,,,,,,,,,,,,,,,,,,,,,,,,,,,,,,,,,,,,,,,,,,,,,
1784901938,0,0.024,-0.004,0.994,0.00,0.00,0.00,39.40,16.80,2.20,-0.14,-1.26,-1.75,1.000,-0.001,-0.011,-0.015,1,-0.319,-0.135,0.951,0.70,-0.10,0.00,41.00,3.20,7.60,-8.09,18.34,-1.10,0.985,-0.068,0.160,0.002,,,,,,,,,,,,,,,,,,,,,,,,,,,,,,,,,,,,,,,,,,,,,,,,,,,,,,,,,,,,,,,,,,,,,,,,,,,,,,,,,,,,,,,,,,,,,,,,,,,,,,,,,,,,,,,,,,,,,,,,,,,,,,,,,,,,,,,,,,,,,,,,,,,,,,,,,,,,,,,,,,,,,,,,,,,,,,,,,,,,,,,,,,,,,,,,,,,,,,,,,,,,,,,,,,,,,,,,,,,,,,,,,,,,,,,,,,,,,,
1784901938,0,0.024,0.000,0.994,0.00,0.00,0.00,39.40,16.80,2.20,-0.14,-1.26,-1.75,1.000,-0.001,-0.011,-0.015,1,-0.315,-0.135,0.947,1.00,0.00,0.00,41.00,3.20,7.60,-8.09,18.34,-1.10,0.985,-0.068,0.160,0.002,,,,,,,,,,,,,,,,,,,,,,,,,,,,,,,,,,,,,,,,,,,,,,,,,,,,,,,,,,,,,,,,,,,,,,,,,,,,,,,,,,,,,,,,,,,,,,,,,,,,,,,,,,,,,,,,,,,,,,,,,,,,,,,,,,,,,,,,,,,,,,,,,,,,,,,,,,,,,,,,,,,,,,,,,,,,,,,,,,,,,,,,,,,,,,,,,,,,,,,,,,,,,,,,,,,,,,,,,,,,,,,,,,,,,,,,,,,,,,
1784901938,0,0.020,-0.004,0.998,0.00,0.10,0.10,39.40,16.80,2.20,-0.14,-1.26,-1.75,1.000,-0.001,-0.011,-0.015,1,-0.315,-0.135,0.943,1.20,0.00,0.20,41.00,3.20,7.60,-8.09,18.34,-1.10,0.985,-0.068,0.160,0.002,,,,,,,,,,,,,,,,,,,,,,,,,,,,,,,,,,,,,,,,,,,,,,,,,,,,,,,,,,,,,,,,,,,,,,,,,,,,,,,,,,,,,,,,,,,,,,,,,,,,,,,,,,,,,,,,,,,,,,,,,,,,,,,,,,,,,,,,,,,,,,,,,,,,,,,,,,,,,,,,,,,,,,,,,,,,,,,,,,,,,,,,,,,,,,,,,,,,,,,,,,,,,,,,,,,,,,,,,,,,,,,,,,,,,,,,,,,,,,
1784901938,0,0.024,-0.004,0.998,0.00,0.10,0.00,39.40,16.80,2.20,-0.14,-1.26,-1.75,1.000,-0.001,-0.011,-0.015,1,-0.319,-0.131,0.951,1.30,0.00,0.30,41.00,3.20,7.60,-8.09,18.34,-1.10,0.985,-0.068,0.160,0.002,,,,,,,,,,,,,,,,,,,,,,,,,,,,,,,,,,,,,,,,,,,,,,,,,,,,,,,,,,,,,,,,,,,,,,,,,,,,,,,,,,,,,,,,,,,,,,,,,,,,,,,,,,,,,,,,,,,,,,,,,,,,,,,,,,,,,,,,,,,,,,,,,,,,,,,,,,,,,,,,,,,,,,,,,,,,,,,,,,,,,,,,,,,,,,,,,,,,,,,,,,,,,,,,,,,,,,,,,,,,,,,,,,,,,,,,,,,,,,
1784901938,0,0.020,0.000,0.994,0.10,0.10,0.00,40.10,16.70,3.10,-0.14,-1.26,-1.75,1.000,-0.001,-0.011,-0.015,1,-0.319,-0.131,0.943,1.20,0.00,0.40,41.20,2.80,11.90,-8.07,18.34,-1.10,0.985,-0.068,0.160,0.002,,,,,,,,,,,,,,,,,,,,,,,,,,,,,,,,,,,,,,,,,,,,,,,,,,,,,,,,,,,,,,,,,,,,,,,,,,,,,,,,,,,,,,,,,,,,,,,,,,,,,,,,,,,,,,,,,,,,,,,,,,,,,,,,,,,,,,,,,,,,,,,,,,,,,,,,,,,,,,,,,,,,,,,,,,,,,,,,,,,,,,,,,,,,,,,,,,,,,,,,,,,,,,,,,,,,,,,,,,,,,,,,,,,,,,,,,,,,,,
1784901938,0,0.024,0.000,1.002,0.10,0.00,0.00,40.10,16.70,3.10,-0.14,-1.26,-1.75,1.000,-0.001,-0.011,-0.015,1,-0.327,-0.127,0.947,1.00,0.00,0.40,41.20,2.80,11.90,-8.08,18.34,-1.10,0.985,-0.068,0.160,0.002,,,,,,,,,,,,,,,,,,,,,,,,,,,,,,,,,,,,,,,,,,,,,,,,,,,,,,,,,,,,,,,,,,,,,,,,,,,,,,,,,,,,,,,,,,,,,,,,,,,,,,,,,,,,,,,,,,,,,,,,,,,,,,,,,,,,,,,,,,,,,,,,,,,,,,,,,,,,,,,,,,,,,,,,,,,,,,,,,,,,,,,,,,,,,,,,,,,,,,,,,,,,,,,,,,,,,,,,,,,,,,,,,,,,,,,,,,,,,,
1784901938,0,0.020,-0.004,1.002,0.10,0.00,0.00,40.10,16.70,3.10,-0.14,-1.26,-1.75,1.000,-0.001,-0.011,-0.015,1,-0.323,-0.123,0.947,0.80,0.00,0.40,41.20,2.80,11.90,-8.08,18.34,-1.10,0.985,-0.068,0.160,0.002,,,,,,,,,,,,,,,,,,,,,,,,,,,,,,,,,,,,,,,,,,,,,,,,,,,,,,,,,,,,,,,,,,,,,,,,,,,,,,,,,,,,,,,,,,,,,,,,,,,,,,,,,,,,,,,,,,,,,,,,,,,,,,,,,,,,,,,,,,,,,,,,,,,,,,,,,,,,,,,,,,,,,,,,,,,,,,,,,,,,,,,,,,,,,,,,,,,,,,,,,,,,,,,,,,,,,,,,,,,,,,,,,,,,,,,,,,,,,,
1784901938,0,0.020,0.000,0.998,0.10,0.00,0.00,40.10,16.70,3.10,-0.14,-1.26,-1.75,1.000,-0.001,-0.011,-0.015,1,-0.327,-0.119,0.939,0.80,0.00,0.40,41.20,2.80,11.90,-8.08,18.34,-1.10,0.985,-0.068,0.160,0.002,,,,,,,,,,,,,,,,,,,,,,,,,,,,,,,,,,,,,,,,,,,,,,,,,,,,,,,,,,,,,,,,,,,,,,,,,,,,,,,,,,,,,,,,,,,,,,,,,,,,,,,,,,,,,,,,,,,,,,,,,,,,,,,,,,,,,,,,,,,,,,,,,,,,,,,,,,,,,,,,,,,,,,,,,,,,,,,,,,,,,,,,,,,,,,,,,,,,,,,,,,,,,,,,,,,,,,,,,,,,,,,,,,,,,,,,,,,,,,
1784901938,0,0.020,-0.004,0.998,0.10,0.00,-0.10,39.50,17.10,-4.90,-0.14,-1.26,-1.75,1.000,-0.001,-0.011,-0.015,1,-0.323,-0.123,0.935,0.40,0.00,0.40,40.80,2.60,10.40,-8.07,18.34,-1.09,0.985,-0.068,0.160,0.002,,,,,,,,,,,,,,,,,,,,,,,,,,,,,,,,,,,,,,,,,,,,,,,,,,,,,,,,,,,,,,,,,,,,,,,,,,,,,,,,,,,,,,,,,,,,,,,,,,,,,,,,,,,,,,,,,,,,,,,,,,,,,,,,,,,,,,,,,,,,,,,,,,,,,,,,,,,,,,,,,,,,,,,,,,,,,,,,,,,,,,,,,,,,,,,,,,,,,,,,,,,,,,,,,,,,,,,,,,,,,,,,,,,,,,,,,,,,,,
1784901938,0,0.016,0.003,0.998,0.00,0.00,-0.10,39.50,17.10,-4.90,-0.14,-1.26,-1.75,1.000,-0.001,-0.011,-0.015,1,-0.323,-0.131,0.935,-0.70,-0.20,0.30,40.80,2.60,10.40,-8.06,18.34,-1.09,0.985,-0.068,0.160,0.002,,,,,,,,,,,,,,,,,,,,,,,,,,,,,,,,,,,,,,,,,,,,,,,,,,,,,,,,,,,,,,,,,,,,,,,,,,,,,,,,,,,,,,,,,,,,,,,,,,,,,,,,,,,,,,,,,,,,,,,,,,,,,,,,,,,,,,,,,,,,,,,,,,,,,,,,,,,,,,,,,,,,,,,,,,,,,,,,,,,,,,,,,,,,,,,,,,,,,,,,,,,,,,,,,,,,,,,,,,,,,,,,,,,,,,,,,,,,,,
1784901938,0,0.024,0.000,0.998,0.00,0.00,-0.10,39.50,17.10,-4.90,-0.14,-1.26,-1.75,1.000,-0.001,-0.011,-0.015,1,-0.323,-0.127,0.935,-0.70,-0.20,0.30,40.80,2.60,10.40,-8.06,18.34,-1.09,0.985,-0.068,0.160,0.002,,,,,,,,,,,,,,,,,,,,,,,,,,,,,,,,,,,,,,,,,,,,,,,,,,,,,,,,,,,,,,,,,,,,,,,,,,,,,,,,,,,,,,,,,,,,,,,,,,,,,,,,,,,,,,,,,,,,,,,,,,,,,,,,,,,,,,,,,,,,,,,,,,,,,,,,,,,,,,,,,,,,,,,,,,,,,,,,,,,,,,,,,,,,,,,,,,,,,,,,,,,,,,,,,,,,,,,,,,,,,,,,,,,,,,,,,,,,,,
1784901938,0,0.020,-0.004,0.998,0.00,0.00,-0.10,39.50,17.10,-4.90,-0.14,-1.26,-1.75,1.000,-0.001,-0.011,-0.015,1,-0.323,-0.131,0.935,-1.30,-0.30,0.10,40.80,2.60,10.40,-8.06,18.34,-1.09,0.985,-0.068,0.160,0.002,,,,,,,,,,,,,,,,,,,,,,,,,,,,,,,,,,,,,,,,,,,,,,,,,,,,,,,,,,,,,,,,,,,,,,,,,,,,,,,,,,,,,,,,,,,,,,,,,,,,,,,,,,,,,,,,,,,,,,,,,,,,,,,,,,,,,,,,,,,,,,,,,,,,,,,,,,,,,,,,,,,,,,,,,,,,,,,,,,,,,,,,,,,,,,,,,,,,,,,,,,,,,,,,,,,,,,,,,,,,,,,,,,,,,,,,,,,,,,
1784901938,0,0.020,-0.004,0.994,0.00,0.00,0.00,39.50,17.20,0.80,-0.14,-1.26,-1.76,1.000,-0.001,-0.011,-0.015,1,-0.323,-0.131,0.939,-1.50,-0.40,0.10,41.50,2.40,8.30,-8.07,18.34,-1.09,0.985,-0.068,0.160,0.002,,,,,,,,,,,,,,,,,,,,,,,,,,,,,,,,,,,,,,,,,,,,,,,,,,,,,,,,,,,,,,,,,,,,,,,,,,,,,,,,,,,,,,,,,,,,,,,,,,,,,,,,,,,,,,,,,,,,,,,,,,,,,,,,,,,,,,,,,,,,,,,,,,,,,,,,,,,,,,,,,,,,,,,,,,,,,,,,,,,,,,,,,,,,,,,,,,,,,,,,,,,,,,,,,,,,,,,,,,,,,,,,,,,,,,,,,,,,,,
1784901938,0,0.024,0.000,0.998,0.00,0.00,0.00,39.50,17.20,0.80,-0.14,-1.26,-1.76,1.000,-0.001,-0.011,-0.015,1,-0.319,-0.127,0.943,-1.10,-0.70,0.00,41.50,2.40,8.30,-8.07,18.34,-1.09,0.985,-0.068,0.160,0.002,,,,,,,,,,,,,,,,,,,,,,,,,,,,,,,,,,,,,,,,,,,,,,,,,,,,,,,,,,,,,,,,,,,,,,,,,,,,,,,,,,,,,,,,,,,,,,,,,,,,,,,,,,,,,,,,,,,,,,,,,,,,,,,,,,,,,,,,,,,,,,,,,,,,,,,,,,,,,,,,,,,,,,,,,,,,,,,,,,,,,,,,,,,,,,,,,,,,,,,,,,,,,,,,,,,,,,,,,,,,,,,,,,,,,,,,,,,,,,
1784901938,0,0.020,0.000,0.998,0.00,0.00,-0.10,39.50,17.20,0.80,-0.14,-1.26,-1.76,1.000,-0.001,-0.011,-0.015,1,-0.319,-0.131,0.943,-1.10,-0.70,0.00,41.50,2.40,8.30,-8.07,18.34,-1.09,0.985,-0.068,0.160,0.002,,,,,,,,,,,,,,,,,,,,,,,,,,,,,,,,,,,,,,,,,,,,,,,,,,,,,,,,,,,,,,,,,,,,,,,,,,,,,,,,,,,,,,,,,,,,,,,,,,,,,,,,,,,,,,,,,,,,,,,,,,,,,,,,,,,,,,,,,,,,,,,,,,,,,,,,,,,,,,,,,,,,,,,,,,,,,,,,,,,,,,,,,,,,,,,,,,,,,,,,,,,,,,,,,,,,,,,,,,,,,,,,,,,,,,,,,,,,,,
1784901938,0,0.024,0.000,0.994,0.00,0.00,-0.10,39.50,17.20,0.80,-0.14,-1.26,-1.76,1.000,-0.001,-0.011,-0.015,1,-0.323,-0.131,0.943,-0.70,-0.70,0.00,41.50,2.40,8.30,-8.07,18.34,-1.09,0.985,-0.068,0.160,0.002,,,,,,,,,,,,,,,,,,,,,,,,,,,,,,,,,,,,,,,,,,,,,,,,,,,,,,,,,,,,,,,,,,,,,,,,,,,,,,,,,,,,,,,,,,,,,,,,,,,,,,,,,,,,,,,,,,,,,,,,,,,,,,,,,,,,,,,,,,,,,,,,,,,,,,,,,,,,,,,,,,,,,,,,,,,,,,,,,,,,,,,,,,,,,,,,,,,,,,,,,,,,,,,,,,,,,,,,,,,,,,,,,,,,,,,,,,,,,,
1784901938,0,0.024,0.003,0.998,0.10,0.00,0.00,40.00,17.20,-0.10,-0.14,-1.26,-1.76,1.000,-0.001,-0.011,-0.015,1,-0.323,-0.127,0.943,-0.30,-0.70,0.00,41.00,3.10,7.90,-8.08,18.33,-1.09,0.985,-0.068,0.160,0.002,,,,,,,,,,,,,,,,,,,,,,,,,,,,,,,,,,,,,,,,,,,,,,,,,,,,,,,,,,,,,,,,,,,,,,,,,,,,,,,,,,,,,,,,,,,,,,,,,,,,,,,,,,,,,,,,,,,,,,,,,,,,,,,,,,,,,,,,,,,,,,,,,,,,,,,,,,,,,,,,,,,,,,,,,,,,,,,,,,,,,,,,,,,,,,,,,,,,,,,,,,,,,,,,,,,,,,,,,,,,,,,,,,,,,,,,,,,,,,
1784901938,0,0.024,0.000,0.994,0.10,0.00,0.00,40.00,17.20,-0.10,-0.14,-1.26,-1.76,1.000,-0.001,-0.011,-0.015,1,-0.323,-0.135,0.947,0.00,-0.50,0.00,41.00,3.10,7.90,-8.08,18.33,-1.09,0.985,-0.068,0.160,0.002,,,,,,,,,,,,,,,,,,,,,,,,,,,,,,,,,,,,,,,,,,,,,,,,,,,,,,,,,,,,,,,,,,,,,,,,,,,,,,,,,,,,,,,,,,,,,,,,,,,,,,,,,,,,,,,,,,,,,,,,,,,,,,,,,,,,,,,,,,,,,,,,,,,,,,,,,,,,,,,,,,,,,,,,,,,,,,,,,,,,,,,,,,,,,,,,,,,,,,,,,,,,,,,,,,,,,,,,,,,,,,,,,,,,,,,,,,,,,,
1784901938,0,0.016,-0.004,1.002,0.00,-0.10,0.00,40.00,17.20,-0.10,-0.14,-1.26,-1.76,1.000,-0.001,-0.011,-0.015,1,-0.323,-0.139,0.947,0.00,-0.50,0.00,41.00,3.10,7.90,-8.08,18.33,-1.09,0.985,-0.068,0.160,0.002,,,,,,,,,,,,,,,,,,,,,,,,,,,,,,,,,,,,,,,,,,,,,,,,,,,,,,,,,,,,,,,,,,,,,,,,,,,,,,,,,,,,,,,,,,,,,,,,,,,,,,,,,,,,,,,,,,,,,,,,,,,,,,,,,,,,,,,,,,,,,,,,,,,,,,,,,,,,,,,,,,,,,,,,,,,,,,,,,,,,,,,,,,,,,,,,,,,,,,,,,,,,,,,,,,,,,,,,,,,,,,,,,,,,,,,,,,,,,,
1784901938,0,0.020,0.000,1.002,0.00,-0.10,0.00,40.00,17.20,-0.10,-0.14,-1.26,-1.76,1.000,-0.001,-0.011,-0.015,1,-0.319,-0.135,0.943,0.00,-0.40,0.10,41.00,3.10,7.90,-8.08,18.33,-1.09,0.985,-0.068,0.160,0.002,,,,,,,,,,,,,,,,,,,,,,,,,,,,,,,,,,,,,,,,,,,,,,,,,,,,,,,,,,,,,,,,,,,,,,,,,,,,,,,,,,,,,,,,,,,,,,,,,,,,,,,,,,,,,,,,,,,,,,,,,,,,,,,,,,,,,,,,,,,,,,,,,,,,,,,,,,,,,,,,,,,,,,,,,,,,,,,,,,,,,,,,,,,,,,,,,,,,,,,,,,,,,,,,,,,,,,,,,,,,,,,,,,,,,,,,,,,,,,
1784901938,0,0.024,0.000,0.994,0.00,-0.20,0.00,39.70,17.30,-1.20,-0.13,-1.26,-1.76,1.000,-0.001,-0.011,-0.015,1,-0.319,-0.131,0.947,0.00,-0.40,0.00,41.00,2.80,10.10,-8.08,18.33,-1.09,0.985,-0.068,0.160,0.002,,,,,,,,,,,,,,,,,,,,,,,,,,,,,,,,,,,,,,,,,,,,,,,,,,,,,,,,,,,,,,,,,,,,,,,,,,,,,,,,,,,,,,,,,,,,,,,,,,,,,,,,,,,,,,,,,,,,,,,,,,,,,,,,,,,,,,,,,,,,,,,,,,,,,,,,,,,,,,,,,,,,,,,,,,,,,,,,,,,,,,,,,,,,,,,,,,,,,,,,,,,,,,,,,,,,,,,,,,,,,,,,,,,,,,,,,,,,,,
1784901938,0,0.020,-0.008,0.994,0.00,-0.10,-0.10,39.70,17.30,-1.20,-0.13,-1.26,-1.76,1.000,-0.001,-0.011,-0.015,1,-0.319,-0.131,0.951,0.20,-0.20,0.00,41.00,2.80,10.10,-8.08,18.33,-1.09,0.985,-0.068,0.160,0.002,,,,,,,,,,,,,,,,,,,,,,,,,,,,,,,,,,,,,,,,,,,,,,,,,,,,,,,,,,,,,,,,,,,,,,,,,,,,,,,,,,,,,,,,,,,,,,,,,,,,,,,,,,,,,,,,,,,,,,,,,,,,,,,,,,,,,,,,,,,,,,,,,,,,,,,,,,,,,,,,,,,,,,,,,,,,,,,,,,,,,,,,,,,,,,,,,,,,,,,,,,,,,,,,,,,,,,,,,,,,,,,,,,,,,,,,,,,,,,
1784901938,0,0.020,0.000,1.002,0.00,-0.10,0.00,39.70,17.30,-1.20,-0.13,-1.26,-1.76,1.000,-0.001,-0.011,-0.015,1,-0.319,-0.131,0.951,0.20,-0.20,0.00,41.00,2.80,10.10,-8.08,18.33,-1.09,0.985,-0.068,0.160,0.002,,,,,,,,,,,,,,,,,,,,,,,,,,,,,,,,,,,,,,,,,,,,,,,,,,,,,,,,,,,,,,,,,,,,,,,,,,,,,,,,,,,,,,,,,,,,,,,,,,,,,,,,,,,,,,,,,,,,,,,,,,,,,,,,,,,,,,,,,,,,,,,,,,,,,,,,,,,,,,,,,,,,,,,,,,,,,,,,,,,,,,,,,,,,,,,,,,,,,,,,,,,,,,,,,,,,,,,,,,,,,,,,,,,,,,,,,,,,,,
1784901938,0,0.020,0.000,0.998,0.10,0.00,0.00,39.70,17.30,-1.20,-0.13,-1.26,-1.76,1.000,-0.001,-0.011,-0.015,1,-0.319,-0.135,0.943,0.30,-0.10,-0.20,41.00,2.80,10.10,-8.08,18.33,-1.09,0.985,-0.068,0.160,0.002,,,,,,,,,,,,,,,,,,,,,,,,,,,,,,,,,,,,,,,,,,,,,,,,,,,,,,,,,,,,,,,,,,,,,,,,,,,,,,,,,,,,,,,,,,,,,,,,,,,,,,,,,,,,,,,,,,,,,,,,,,,,,,,,,,,,,,,,,,,,,,,,,,,,,,,,,,,,,,,,,,,,,,,,,,,,,,,,,,,,,,,,,,,,,,,,,,,,,,,,,,,,,,,,,,,,,,,,,,,,,,,,,,,,,,,,,,,,,,
1784901938,0,0.020,0.000,1.002,0.10,0.00,0.00,39.80,17.40,-2.50,-0.13,-1.26,-1.76,1.000,-0.001,-0.011,-0.015,1,-0.323,-0.131,0.947,0.30,0.00,-0.20,40.90,3.20,10.40,-8.08,18.33,-1.09,0.985,-0.068,0.160,0.002,,,,,,,,,,,,,,,,,,,,,,,,,,,,,,,,,,,,,,,,,,,,,,,,,,,,,,,,,,,,,,,,,,,,,,,,,,,,,,,,,,,,,,,,,,,,,,,,,,,,,,,,,,,,,,,,,,,,,,,,,,,,,,,,,,,,,,,,,,,,,,,,,,,,,,,,,,,,,,,,,,,,,,,,,,,,,,,,,,,,,,,,,,,,,,,,,,,,,,,,,,,,,,,,,,,,,,,,,,,,,,,,,,,,,,,,,,,,,,
1784901938,0,0.020,0.003,0.998,0.00,0.00,0.00,39.80,17.40,-2.50,-0.13,-1.26,-1.76,1.000,-0.001,-0.011,-0.015,1,-0.319,-0.139,0.947,0.10,-0.20,-0.20,40.90,3.20,10.40,-8.08,18.33,-1.09,0.985,-0.068,0.160,0.002,,,,,,,,,,,,,,,,,,,,,,,,,,,,,,,,,,,,,,,,,,,,,,,,,,,,,,,,,,,,,,,,,,,,,,,,,,,,,,,,,,,,,,,,,,,,,,,,,,,,,,,,,,,,,,,,,,,,,,,,,,,,,,,,,,,,,,,,,,,,,,,,,,,,,,,,,,,,,,,,,,,,,,,,,,,,,,,,,,,,,,,,,,,,,,,,,,,,,,,,,,,,,,,,,,,,,,,,,,,,,,,,,,,,,,,,,,,,,,
1784901938,0,0.024,-0.004,0.998,0.00,0.00,0.00,39.80,17.40,-2.50,-0.13,-1.26,-1.76,1.000,-0.001,-0.011,-0.015,1,-0.319,-0.139,0.943,0.10,-0.20,-0.20,40.90,3.20,10.40,-8.08,18.33,-1.09,0.985,-0.068,0.160,0.002,,,,,,,,,,,,,,,,,,,,,,,,,,,,,,,,,,,,,,,,,,,,,,,,,,,,,,,,,,,,,,,,,,,,,,,,,,,,,,,,,,,,,,,,,,,,,,,,,,,,,,,,,,,,,,,,,,,,,,,,,,,,,,,,,,,,,,,,,,,,,,,,,,,,,,,,,,,,,,,,,,,,,,,,,,,,,,,,,,,,,,,,,,,,,,,,,,,,,,,,,,,,,,,,,,,,,,,,,,,,,,,,,,,,,,,,,,,,,,
1784901938,0,0.020,0.000,0.994,0.00,0.00,-0.10,39.80,17.40,-2.50,-0.13,-1.26,-1.76,1.000,-0.001,-0.011,-0.015,1,-0.319,-0.131,0.943,0.00,-0.20,-0.30,40.90,3.20,10.40,-8.08,18.33,-1.09,0.985,-0.068,0.160,0.002,,,,,,,,,,,,,,,,,,,,,,,,,,,,,,,,,,,,,,,,,,,,,,,,,,,,,,,,,,,,,,,,,,,,,,,,,,,,,,,,,,,,,,,,,,,,,,,,,,,,,,,,,,,,,,,,,,,,,,,,,,,,,,,,,,,,,,,,,,,,,,,,,,,,,,,,,,,,,,,,,,,,,,,,,,,,,,,,,,,,,,,,,,,,,,,,,,,,,,,,,,,,,,,,,,,,,,,,,,,,,,,,,,,,,,,,,,,,,,
1784901938,0,0.020,-0.004,0.994,0.00,0.00,-0.10,39.40,17.20,-2.30,-0.13,-1.26,-1.76,1.000,-0.001,-0.011,-0.015,1,-0.311,-0.131,0.943,0.00,-0.10,-0.30,41.00,3.10,10.50,-8.08,18.33,-1.09,0.985,-0.068,0.160,0.002,,,,,,,,,,,,,,,,,,,,,,,,,,,,,,,,,,,,,,,,,,,,,,,,,,,,,,,,,,,,,,,,,,,,,,,,,,,,,,,,,,,,,,,,,,,,,,,,,,,,,,,,,,,,,,,,,,,,,,,,,,,,,,,,,,,,,,,,,,,,,,,,,,,,,,,,,,,,,,,,,,,,,,,,,,,,,,,,,,,,,,,,,,,,,,,,,,,,,,,,,,,,,,,,,,,,,,,,,,,,,,,,,,,,,,,,,,,,,,
1784901938,0,0.024,0.000,0.998,0.00,0.00,-0.10,39.40,17.20,-2.30,-0.13,-1.26,-1.76,1.000,-0.001,-0.011,-0.015,1,-0.315,-0.135,0.943,0.10,0.00,-0.40,41.00,3.10,10.50,-8.08,18.33,-1.09,0.985,-0.068,0.160,0.002,,,,,,,,,,,,,,,,,,,,,,,,,,,,,,,,,,,,,,,,,,,,,,,,,,,,,,,,,,,,,,,,,,,,,,,,,,,,,,,,,,,,,,,,,,,,,,,,,,,,,,,,,,,,,,,,,,,,,,,,,,,,,,,,,,,,,,,,,,,,,,,,,,,,,,,,,,,,,,,,,,,,,,,,,,,,,,,,,,,,,,,,,,,,,,,,,,,,,,,,,,,,,,,,,,,,,,,,,,,,,,,,,,,,,,,,,,,,,,
1784901938,0,0.024,-0.004,1.002,0.00,-0.10,-0.10,39.40,17.20,-2.30,-0.13,-1.26,-1.76,1.000,-0.001,-0.011,-0.015,1,-0.319,-0.135,0.939,0.10,0.00,-0.40,41.00,3.10,10.50,-8.08,18.33,-1.09,0.985,-0.068,0.160,0.002,,,,,,,,,,,,,,,,,,,,,,,,,,,,,,,,,,,,,,,,,,,,,,,,,,,,,,,,,,,,,,,,,,,,,,,,,,,,,,,,,,,,,,,,,,,,,,,,,,,,,,,,,,,,,,,,,,,,,,,,,,,,,,,,,,,,,,,,,,,,,,,,,,,,,,,,,,,,,,,,,,,,,,,,,,,,,,,,,,,,,,,,,,,,,,,,,,,,,,,,,,,,,,,,,,,,,,,,,,,,,,,,,,,,,,,,,,,,,,
1784901938,0,0.024,-0.004,1.002,0.00,0.00,-0.10,39.40,17.20,-2.30,-0.13,-1.26,-1.76,1.000,-0.001,-0.011,-0.015,1,-0.311,-0.131,0.939,0.10,0.00,-0.40,41.00,3.10,10.50,-8.08,18.33,-1.09,0.985,-0.068,0.160,0.002,,,,,,,,,,,,,,,,,,,,,,,,,,,,,,,,,,,,,,,,,,,,,,,,,,,,,,,,,,,,,,,,,,,,,,,,,,,,,,,,,,,,,,,,,,,,,,,,,,,,,,,,,,,,,,,,,,,,,,,,,,,,,,,,,,,,,,,,,,,,,,,,,,,,,,,,,,,,,,,,,,,,,,,,,,,,,,,,,,,,,,,,,,,,,,,,,,,,,,,,,,,,,,,,,,,,,,,,,,,,,,,,,,,,,,,,,,,,,,
1784901938,0,0.020,0.000,1.002,0.00,0.00,0.00,39.30,17.30,-1.80,-0.13,-1.26,-1.76,1.000,-0.001,-0.011,-0.015,1,-0.319,-0.131,0.947,0.10,0.00,-0.30,41.10,2.80,10.00,-8.08,18.32,-1.10,0.985,-0.068,0.159,0.002,,,,,,,,,,,,,,,,,,,,,,,,,,,,,,,,,,,,,,,,,,,,,,,,,,,,,,,,,,,,,,,,,,,,,,,,,,,,,,,,,,,,,,,,,,,,,,,,,,,,,,,,,,,,,,,,,,,,,,,,,,,,,,,,,,,,,,,,,,,,,,,,,,,,,,,,,,,,,,,,,,,,,,,,,,,,,,,,,,,,,,,,,,,,,,,,,,,,,,,,,,,,,,,,,,,,,,,,,,,,,,,,,,,,,,,,,,,,,,
1784901938,0,0.024,-0.004,0.998,0.00,0.00,-0.10,39.30,17.30,-1.80,-0.13,-1.26,-1.76,1.000,-0.001,-0.011,-0.015,1,-0.315,-0.127,0.943,0.40,0.10,-0.30,41.10,2.80,10.00,-8.08,18.32,-1.10,0.985,-0.068,0.159,0.002,,,,,,,,,,,,,,,,,,,,,,,,,,,,,,,,,,,,,,,,,,,,,,,,,,,,,,,,,,,,,,,,,,,,,,,,,,,,,,,,,,,,,,,,,,,,,,,,,,,,,,,,,,,,,,,,,,,,,,,,,,,,,,,,,,,,,,,,,,,,,,,,,,,,,,,,,,,,,,,,,,,,,,,,,,,,,,,,,,,,,,,,,,,,,,,,,,,,,,,,,,,,,,,,,,,,,,,,,,,,,,,,,,,,,,,,,,,,,,
1784901938,0,0.024,0.000,0.998,0.00,0.00,0.00,39.30,17.30,-1.80,-0.13,-1.26,-1.76,1.000,-0.001,-0.011,-0.015,1,-0.315,-0.131,0.943,0.40,0.10,-0.30,41.10,2.80,10.00,-8.08,18.32,-1.10,0.985,-0.068,0.159,0.002,,,,,,,,,,,,,,,,,,,,,,,,,,,,,,,,,,,,,,,,,,,,,,,,,,,,,,,,,,,,,,,,,,,,,,,,,,,,,,,,,,,,,,,,,,,,,,,,,,,,,,,,,,,,,,,,,,,,,,,,,,,,,,,,,,,,,,,,,,,,,,,,,,,,,,,,,,,,,,,,,,,,,,,,,,,,,,,,,,,,,,,,,,,,,,,,,,,,,,,,,,,,,,,,,,,,,,,,,,,,,,,,,,,,,,,,,,,,,,
1784901938,0,0.024,0.000,1.002,0.00,0.00,0.00,39.30,17.30,-1.80,-0.13,-1.26,-1.76,1.000,-0.001,-0.011,-0.015,1,-0.319,-0.131,0.943,0.50,0.20,-0.40,41.10,2.80,10.00,-8.08,18.32,-1.10,0.985,-0.068,0.159,0.002,,,,,,,,,,,,,,,,,,,,,,,,,,,,,,,,,,,,,,,,,,,,,,,,,,,,,,,,,,,,,,,,,,,,,,,,,,,,,,,,,,,,,,,,,,,,,,,,,,,,,,,,,,,,,,,,,,,,,,,,,,,,,,,,,,,,,,,,,,,,,,,,,,,,,,,,,,,,,,,,,,,,,,,,,,,,,,,,,,,,,,,,,,,,,,,,,,,,,,,,,,,,,,,,,,,,,,,,,,,,,,,,,,,,,,,,,,,,,,
1784901938,0,0.020,0.000,1.002,0.10,0.00,0.10,39.50,17.40,-2.10,-0.13,-1.26,-1.76,1.000,-0.001,-0.011,-0.015,1,-0.315,-0.131,0.947,0.50,0.20,-0.40,40.90,3.00,10.50,-8.08,18.33,-1.10,0.985,-0.068,0.160,0.002,,,,,,,,,,,,,,,,,,,,,,,,,,,,,,,,,,,,,,,,,,,,,,,,,,,,,,,,,,,,,,,,,,,,,,,,,,,,,,,,,,,,,,,,,,,,,,,,,,,,,,,,,,,,,,,,,,,,,,,,,,,,,,,,,,,,,,,,,,,,,,,,,,,,,,,,,,,,,,,,,,,,,,,,,,,,,,,,,,,,,,,,,,,,,,,,,,,,,,,,,,,,,,,,,,,,,,,,,,,,,,,,,,,,,,,,,,,,,,
1784901938,0,0.024,0.000,1.002,0.00,0.00,0.10,39.50,17.40,-2.10,-0.13,-1.26,-1.76,1.000,-0.001,-0.011,-0.015,1,-0.315,-0.135,0.947,-0.10,0.10,-0.30,40.90,3.00,10.50,-8.08,18.33,-1.10,0.985,-0.068,0.160,0.002,,,,,,,,,,,,,,,,,,,,,,,,,,,,,,,,,,,,,,,,,,,,,,,,,,,,,,,,,,,,,,,,,,,,,,,,,,,,,,,,,,,,,,,,,,,,,,,,,,,,,,,,,,,,,,,,,,,,,,,,,,,,,,,,,,,,,,,,,,,,,,,,,,,,,,,,,,,,,,,,,,,,,,,,,,,,,,,,,,,,,,,,,,,,,,,,,,,,,,,,,,,,,,,,,,,,,,,,,,,,,,,,,,,,,,,,,,,,,,
1784901938,0,0.024,0.000,1.002,0.10,0.10,0.10,39.50,17.40,-2.10,-0.13,-1.26,-1.76,1.000,-0.001,-0.011,-0.015,1,-0.319,-0.139,0.943,-0.10,0.10,-0.30,40.90,3.00,10.50,-8.08,18.33,-1.10,0.985,-0.068,0.160,0.002,,,,,,,,,,,,,,,,,,,,,,,,,,,,,,,,,,,,,,,,,,,,,,,,,,,,,,,,,,,,,,,,,,,,,,,,,,,,,,,,,,,,,,,,,,,,,,,,,,,,,,,,,,,,,,,,,,,,,,,,,,,,,,,,,,,,,,,,,,,,,,,,,,,,,,,,,,,,,,,,,,,,,,,,,,,,,,,,,,,,,,,,,,,,,,,,,,,,,,,,,,,,,,,,,,,,,,,,,,,,,,,,,,,,,,,,,,,,,,
1784901938,0,0.020,0.000,1.002,0.10,0.10,0.10,39.50,17.40,-2.10,-0.13,-1.26,-1.76,1.000,-0.001,-0.011,-0.015,1,-0.315,-0.139,0.939,-0.50,0.10,-0.40,40.90,3.00,10.50,-8.08,18.33,-1.10,0.985,-0.068,0.160,0.002,,,,,,,,,,,,,,,,,,,,,,,,,,,,,,,,,,,,,,,,,,,,,,,,,,,,,,,,,,,,,,,,,,,,,,,,,,,,,,,,,,,,,,,,,,,,,,,,,,,,,,,,,,,,,,,,,,,,,,,,,,,,,,,,,,,,,,,,,,,,,,,,,,,,,,,,,,,,,,,,,,,,,,,,,,,,,,,,,,,,,,,,,,,,,,,,,,,,,,,,,,,,,,,,,,,,,,,,,,,,,,,,,,,,,,,,,,,,,,
1784901938,0,0.024,0.000,1.002,0.00,0.10,0.00,39.40,17.10,-2.00,-0.13,-1.26,-1.76,1.000,-0.001,-0.011,-0.015,1,-0.315,-0.139,0.939,-1.00,0.10,-0.40,40.30,3.30,10.80,-8.08,18.33,-1.11,0.985,-0.068,0.160,0.002,,,,,,,,,,,,,,,,,,,,,,,,,,,,,,,,,,,,,,,,,,,,,,,,,,,,,,,,,,,,,,,,,,,,,,,,,,,,,,,,,,,,,,,,,,,,,,,,,,,,,,,,,,,,,,,,,,,,,,,,,,,,,,,,,,,,,,,,,,,,,,,,,,,,,,,,,,,,,,,,,,,,,,,,,,,,,,,,,,,,,,,,,,,,,,,,,,,,,,,,,,,,,,,,,,,,,,,,,,,,,,,,,,,,,,,,,,,,,,
1784901938,0,0.024,-0.004,1.002,0.00,0.10,0.00,39.40,17.10,-2.00,-0.13,-1.26,-1.76,1.000,-0.001,-0.011,-0.015,1,-0.315,-0.139,0.947,-1.20,0.00,-0.30,40.30,3.30,10.80,-8.08,18.33,-1.11,0.985,-0.068,0.160,0.002,,,,,,,,,,,,,,,,,,,,,,,,,,,,,,,,,,,,,,,,,,,,,,,,,,,,,,,,,,,,,,,,,,,,,,,,,,,,,,,,,,,,,,,,,,,,,,,,,,,,,,,,,,,,,,,,,,,,,,,,,,,,,,,,,,,,,,,,,,,,,,,,,,,,,,,,,,,,,,,,,,,,,,,,,,,,,,,,,,,,,,,,,,,,,,,,,,,,,,,,,,,,,,,,,,,,,,,,,,,,,,,,,,,,,,,,,,,,,,
1784901938,0,0.020,0.000,0.998,0.00,0.10,0.00,39.40,17.10,-2.00,-0.13,-1.26,-1.76,1.000,-0.001,-0.011,-0.015,1,-0.315,-0.135,0.947,-1.20,0.00,-0.30,40.30,3.30,10.80,-8.08,18.33,-1.11,0.985,-0.068,0.160,0.002,,,,,,,,,,,,,,,,,,,,,,,,,,,,,,,,,,,,,,,,,,,,,,,,,,,,,,,,,,,,,,,,,,,,,,,,,,,,,,,,,,,,,,,,,,,,,,,,,,,,,,,,,,,,,,,,,,,,,,,,,,,,,,,,,,,,,,,,,,,,,,,,,,,,,,,,,,,,,,,,,,,,,,,,,,,,,,,,,,,,,,,,,,,,,,,,,,,,,,,,,,,,,,,,,,,,,,,,,,,,,,,,,,,,,,,,,,,,,,
1784901938,0,0.028,-0.004,1.002,0.00,0.10,0.00,39.40,17.10,-2.00,-0.13,-1.26,-1.76,1.000,-0.001,-0.011,-0.015,1,-0.315,-0.139,0.951,-1.00,0.00,-0.30,40.30,3.30,10.80,-8.08,18.33,-1.11,0.985,-0.068,0.160,0.002,,,,,,,,,,,,,,,,,,,,,,,,,,,,,,,,,,,,,,,,,,,,,,,,,,,,,,,,,,,,,,,,,,,,,,,,,,,,,,,,,,,,,,,,,,,,,,,,,,,,,,,,,,,,,,,,,,,,,,,,,,,,,,,,,,,,,,,,,,,,,,,,,,,,,,,,,,,,,,,,,,,,,,,,,,,,,,,,,,,,,,,,,,,,,,,,,,,,,,,,,,,,,,,,,,,,,,,,,,,,,,,,,,,,,,,,,,,,,,
1784901938,0,0.020,-0.004,1.002,0.00,0.00,0.00,39.70,17.10,-2.00,-0.13,-1.26,-1.76,1.000,-0.001,-0.011,-0.015,1,-0.315,-0.139,0.951,-0.70,0.10,-0.30,42.00,2.80,10.90,-8.10,18.33,-1.11,0.985,-0.068,0.160,0.002,,,,,,,,,,,,,,,,,,,,,,,,,,,,,,,,,,,,,,,,,,,,,,,,,,,,,,,,,,,,,,,,,,,,,,,,,,,,,,,,,,,,,,,,,,,,,,,,,,,,,,,,,,,,,,,,,,,,,,,,,,,,,,,,,,,,,,,,,,,,,,,,,,,,,,,,,,,,,,,,,,,,,,,,,,,,,,,,,,,,,,,,,,,,,,,,,,,,,,,,,,,,,,,,,,,,,,,,,,,,,,,,,,,,,,,,,,,,,,
1784901938,0,0.020,0.000,1.002,0.00,0.00,0.00,39.70,17.10,-2.00,-0.13,-1.26,-1.76,1.000,-0.001,-0.011,-0.015,1,-0.315,-0.143,0.951,-0.10,0.50,-0.20,42.00,2.80,10.90,-8.10,18.32,-1.11,0.985,-0.068,0.160,0.002,,,,,,,,,,,,,,,,,,,,,,,,,,,,,,,,,,,,,,,,,,,,,,,,,,,,,,,,,,,,,,,,,,,,,,,,,,,,,,,,,,,,,,,,,,,,,,,,,,,,,,,,,,,,,,,,,,,,,,,,,,,,,,,,,,,,,,,,,,,,,,,,,,,,,,,,,,,,,,,,,,,,,,,,,,,,,,,,,,,,,,,,,,,,,,,,,,,,,,,,,,,,,,,,,,,,,,,,,,,,,,,,,,,,,,,,,,,,,,
1784901938,0,0.020,-0.004,1.002,-0.10,0.00,0.00,39.70,17.10,-2.00,-0.13,-1.26,-1.76,1.000,-0.001,-0.011,-0.015,1,-0.315,-0.135,0.943,-0.10,0.50,-0.20,42.00,2.80,10.90,-8.10,18.32,-1.11,0.985,-0.068,0.160,0.002,,,,,,,,,,,,,,,,,,,,,,,,,,,,,,,,,,,,,,,,,,,,,,,,,,,,,,,,,,,,,,,,,,,,,,,,,,,,,,,,,,,,,,,,,,,,,,,,,,,,,,,,,,,,,,,,,,,,,,,,,,,,,,,,,,,,,,,,,,,,,,,,,,,,,,,,,,,,,,,,,,,,,,,,,,,,,,,,,,,,,,,,,,,,,,,,,,,,,,,,,,,,,,,,,,,,,,,,,,,,,,,,,,,,,,,,,,,,,,
1784901938,0,0.020,-0.004,0.998,0.00,-0.10,0.00,39.70,17.10,-2.00,-0.13,-1.26,-1.76,1.000,-0.001,-0.011,-0.015,1,-0.319,-0.135,0.943,0.00,0.60,-0.10,42.00,2.80,10.90,-8.10,18.32,-1.11,0.985,-0.068,0.160,0.002,,,,,,,,,,,,,,,,,,,,,,,,,,,,,,,,,,,,,,,,,,,,,,,,,,,,,,,,,,,,,,,,,,,,,,,,,,,,,,,,,,,,,,,,,,,,,,,,,,,,,,,,,,,,,,,,,,,,,,,,,,,,,,,,,,,,,,,,,,,,,,,,,,,,,,,,,,,,,,,,,,,,,,,,,,,,,,,,,,,,,,,,,,,,,,,,,,,,,,,,,,,,,,,,,,,,,,,,,,,,,,,,,,,,,,,,,,,,,,
1784901938,0,0.020,0.003,0.994,0.00,-0.10,0.00,39.50,17.00,-0.40,-0.13,-1.26,-1.76,1.000,-0.001,-0.011,-0.015,1,-0.315,-0.131,0.943,0.20,0.60,0.00,41.90,3.20,10.90,-8.10,18.33,-1.11,0.985,-0.068,0.160,0.002,,,,,,,,,,,,,,,,,,,,,,,,,,,,,,,,,,,,,,,,,,,,,,,,,,,,,,,,,,,,,,,,,,,,,,,,,,,,,,,,,,,,,,,,,,,,,,,,,,,,,,,,,,,,,,,,,,,,,,,,,,,,,,,,,,,,,,,,,,,,,,,,,,,,,,,,,,,,,,,,,,,,,,,,,,,,,,,,,,,,,,,,,,,,,,,,,,,,,,,,,,,,,,,,,,,,,,,,,,,,,,,,,,,,,,,,,,,,,,
1784901938,0,0.024,-0.004,0.998,0.10,-0.10,-0.10,39.50,17.00,-0.40,-0.13,-1.26,-1.76,1.000,-0.001,-0.011,-0.015,1,-0.315,-0.131,0.931,0.30,0.50,0.00,41.90,3.20,10.90,-8.10,18.33,-1.11,0.985,-0.068,0.160,0.002,,,,,,,,,,,,,,,,,,,,,,,,,,,,,,,,,,,,,,,,,,,,,,,,,,,,,,,,,,,,,,,,,,,,,,,,,,,,,,,,,,,,,,,,,,,,,,,,,,,,,,,,,,,,,,,,,,,,,,,,,,,,,,,,,,,,,,,,,,,,,,,,,,,,,,,,,,,,,,,,,,,,,,,,,,,,,,,,,,,,,,,,,,,,,,,,,,,,,,,,,,,,,,,,,,,,,,,,,,,,,,,,,,,,,,,,,,,,,,
1784901938,0,0.020,0.000,0.998,0.10,0.00,-0.10,39.50,17.00,-0.40,-0.13,-1.26,-1.76,1.000,-0.001,-0.011,-0.015,1,-0.319,-0.131,0.931,0.30,0.40,-0.10,41.90,3.20,10.90,-8.10,18.33,-1.11,0.985,-0.068,0.160,0.002,,,,,,,,,,,,,,,,,,,,,,,,,,,,,,,,,,,,,,,,,,,,,,,,,,,,,,,,,,,,,,,,,,,,,,,,,,,,,,,,,,,,,,,,,,,,,,,,,,,,,,,,,,,,,,,,,,,,,,,,,,,,,,,,,,,,,,,,,,,,,,,,,,,,,,,,,,,,,,,,,,,,,,,,,,,,,,,,,,,,,,,,,,,,,,,,,,,,,,,,,,,,,,,,,,,,,,,,,,,,,,,,,,,,,,,,,,,,,,
1784901938,0,0.020,-0.004,0.998,0.10,0.00,-0.10,39.50,17.00,-0.40,-0.13,-1.26,-1.76,1.000,-0.001,-0.011,-0.015,1,-0.319,-0.127,0.935,0.10,0.40,-0.20,41.90,3.20,10.90,-8.10,18.33,-1.11,0.985,-0.068,0.160,0.002,,,,,,,,,,,,,,,,,,,,,,,,,,,,,,,,,,,,,,,,,,,,,,,,,,,,,,,,,,,,,,,,,,,,,,,,,,,,,,,,,,,,,,,,,,,,,,,,,,,,,,,,,,,,,,,,,,,,,,,,,,,,,,,,,,,,,,,,,,,,,,,,,,,,,,,,,,,,,,,,,,,,,,,,,,,,,,,,,,,,,,,,,,,,,,,,,,,,,,,,,,,,,,,,,,,,,,,,,,,,,,,,,,,,,,,,,,,,,,
1784901938,0,0.020,0.000,1.002,0.10,0.10,0.00,39.50,16.90,-2.60,-0.13,-1.26,-1.76,1.000,-0.001,-0.011,-0.015,1,-0.319,-0.135,0.939,0.10,0.50,-0.10,42.10,2.90,10.30,-8.10,18.33,-1.12,0.985,-0.068,0.160,0.002,,,,,,,,,,,,,,,,,,,,,,,,,,,,,,,,,,,,,,,,,,,,,,,,,,,,,,,,,,,,,,,,,,,,,,,,,,,,,,,,,,,,,,,,,,,,,,,,,,,,,,,,,,,,,,,,,,,,,,,,,,,,,,,,,,,,,,,,,,,,,,,,,,,,,,,,,,,,,,,,,,,,,,,,,,,,,,,,,,,,,,,,,,,,,,,,,,,,,,,,,,,,,,,,,,,,,,,,,,,,,,,,,,,,,,,,,,,,,,
1784901938,0,0.020,-0.004,1.002,0.00,0.20,0.10,39.50,16.90,-2.60,-0.13,-1.26,-1.76,1.000,-0.001,-0.011,-0.015,1,-0.323,-0.139,0.935,0.00,0.50,0.00,42.10,2.90,10.30,-8.10,18.34,-1.12,0.985,-0.068,0.160,0.002,,,,,,,,,,,,,,,,,,,,,,,,,,,,,,,,,,,,,,,,,,,,,,,,,,,,,,,,,,,,,,,,,,,,,,,,,,,,,,,,,,,,,,,,,,,,,,,,,,,,,,,,,,,,,,,,,,,,,,,,,,,,,,,,,,,,,,,,,,,,,,,,,,,,,,,,,,,,,,,,,,,,,,,,,,,,,,,,,,,,,,,,,,,,,,,,,,,,,,,,,,,,,,,,,,,,,,,,,,,,,,,,,,,,,,,,,,,,,,
1784901938,0,0.020,-0.004,1.002,0.00,0.20,0.10,39.50,16.90,-2.60,-0.13,-1.26,-1.76,1.000,-0.001,-0.011,-0.015,1,-0.315,-0.127,0.935,0.00,0.50,0.00,42.10,2.90,10.30,-8.10,18.34,-1.12,0.985,-0.068,0.160,0.002,,,,,,,,,,,,,,,,,,,,,,,,,,,,,,,,,,,,,,,,,,,,,,,,,,,,,,,,,,,,,,,,,,,,,,,,,,,,,,,,,,,,,,,,,,,,,,,,,,,,,,,,,,,,,,,,,,,,,,,,,,,,,,,,,,,,,,,,,,,,,,,,,,,,,,,,,,,,,,,,,,,,,,,,,,,,,,,,,,,,,,,,,,,,,,,,,,,,,,,,,,,,,,,,,,,,,,,,,,,,,,,,,,,,,,,,,,,,,,
1784901938,0,0.024,0.000,1.002,0.00,0.10,0.10,39.50,16.90,-2.60,-0.13,-1.26,-1.76,1.000,-0.001,-0.011,-0.015,1,-0.319,-0.131,0.935,0.00,0.50,-0.10,42.10,2.90,10.30,-8.10,18.34,-1.12,0.985,-0.068,0.160,0.002,,,,,,,,,,,,,,,,,,,,,,,,,,,,,,,,,,,,,,,,,,,,,,,,,,,,,,,,,,,,,,,,,,,,,,,,,,,,,,,,,,,,,,,,,,,,,,,,,,,,,,,,,,,,,,,,,,,,,,,,,,,,,,,,,,,,,,,,,,,,,,,,,,,,,,,,,,,,,,,,,,,,,,,,,,,,,,,,,,,,,,,,,,,,,,,,,,,,,,,,,,,,,,,,,,,,,,,,,,,,,,,,,,,,,,,,,,,,,,
1784901938,0,0.024,0.000,1.006,0.00,0.10,0.10,39.30,16.20,-2.40,-0.13,-1.26,-1.76,1.000,-0.001,-0.011,-0.015,1,-0.319,-0.135,0.939,0.00,0.50,-0.20,40.60,3.30,10.60,-8.10,18.34,-1.12,0.985,-0.068,0.160,0.002,,,,,,,,,,,,,,,,,,,,,,,,,,,,,,,,,,,,,,,,,,,,,,,,,,,,,,,,,,,,,,,,,,,,,,,,,,,,,,,,,,,,,,,,,,,,,,,,,,,,,,,,,,,,,,,,,,,,,,,,,,,,,,,,,,,,,,,,,,,,,,,,,,,,,,,,,,,,,,,,,,,,,,,,,,,,,,,,,,,,,,,,,,,,,,,,,,,,,,,,,,,,,,,,,,,,,,,,,,,,,,,,,,,,,,,,,,,,,,
1784901938,0,0.024,-0.008,0.998,0.00,0.10,0.00,39.30,16.20,-2.40,-0.13,-1.26,-1.76,1.000,-0.001,-0.011,-0.015,1,-0.319,-0.131,0.943,0.00,0.50,-0.20,40.60,3.30,10.60,-8.10,18.34,-1.12,0.985,-0.068,0.160,0.002,,,,,,,,,,,,,,,,,,,,,,,,,,,,,,,,,,,,,,,,,,,,,,,,,,,,,,,,,,,,,,,,,,,,,,,,,,,,,,,,,,,,,,,,,,,,,,,,,,,,,,,,,,,,,,,,,,,,,,,,,,,,,,,,,,,,,,,,,,,,,,,,,,,,,,,,,,,,,,,,,,,,,,,,,,,,,,,,,,,,,,,,,,,,,,,,,,,,,,,,,,,,,,,,,,,,,,,,,,,,,,,,,,,,,,,,,,,,,,
1784901938,0,0.020,-0.004,0.994,0.00,0.00,0.00,39.30,16.20,-2.40,-0.13,-1.26,-1.76,1.000,-0.001,-0.011,-0.015,1,-0.323,-0.135,0.955,0.00,0.50,-0.20,40.60,3.30,10.60,-8.10,18.34,-1.12,0.985,-0.068,0.160,0.002,,,,,,,,,,,,,,,,,,,,,,,,,,,,,,,,,,,,,,,,,,,,,,,,,,,,,,,,,,,,,,,,,,,,,,,,,,,,,,,,,,,,,,,,,,,,,,,,,,,,,,,,,,,,,,,,,,,,,,,,,,,,,,,,,,,,,,,,,,,,,,,,,,,,,,,,,,,,,,,,,,,,,,,,,,,,,,,,,,,,,,,,,,,,,,,,,,,,,,,,,,,,,,,,,,,,,,,,,,,,,,,,,,,,,,,,,,,,,,
1784901938,0,0.020,-0.004,0.998,0.00,0.00,0.00,39.30,16.20,-2.40,-0.13,-1.26,-1.76,1.000,-0.001,-0.011,-0.015,1,-0.319,-0.127,0.947,0.00,0.40,-0.10,40.60,3.30,10.60,-8.10,18.34,-1.12,0.985,-0.068,0.160,0.002,,,,,,,,,,,,,,,,,,,,,,,,,,,,,,,,,,,,,,,,,,,,,,,,,,,,,,,,,,,,,,,,,,,,,,,,,,,,,,,,,,,,,,,,,,,,,,,,,,,,,,,,,,,,,,,,,,,,,,,,,,,,,,,,,,,,,,,,,,,,,,,,,,,,,,,,,,,,,,,,,,,,,,,,,,,,,,,,,,,,,,,,,,,,,,,,,,,,,,,,,,,,,,,,,,,,,,,,,,,,,,,,,,,,,,,,,,,,,,
1784901938,0,0.020,-0.004,0.998,0.00,0.00,0.10,39.40,15.50,-2.00,-0.13,-1.26,-1.76,1.000,-0.001,-0.011,-0.015,1,-0.323,-0.131,0.951,0.10,0.40,0.00,42.20,2.40,10.00,-8.10,18.35,-1.12,0.985,-0.068,0.160,0.002,,,,,,,,,,,,,,,,,,,,,,,,,,,,,,,,,,,,,,,,,,,,,,,,,,,,,,,,,,,,,,,,,,,,,,,,,,,,,,,,,,,,,,,,,,,,,,,,,,,,,,,,,,,,,,,,,,,,,,,,,,,,,,,,,,,,,,,,,,,,,,,,,,,,,,,,,,,,,,,,,,,,,,,,,,,,,,,,,,,,,,,,,,,,,,,,,,,,,,,,,,,,,,,,,,,,,,,,,,,,,,,,,,,,,,,,,,,,,,
1784901938,0,0.024,0.003,0.998,0.10,0.00,0.10,39.40,15.50,-2.00,-0.13,-1.26,-1.76,1.000,-0.001,-0.011,-0.015,1,-0.323,-0.127,0.947,0.00,0.40,0.00,42.20,2.40,10.00,-8.10,18.35,-1.12,0.985,-0.068,0.160,0.002,,,,,,,,,,,,,,,,,,,,,,,,,,,,,,,,,,,,,,,,,,,,,,,,,,,,,,,,,,,,,,,,,,,,,,,,,,,,,,,,,,,,,,,,,,,,,,,,,,,,,,,,,,,,,,,,,,,,,,,,,,,,,,,,,,,,,,,,,,,,,,,,,,,,,,,,,,,,,,,,,,,,,,,,,,,,,,,,,,,,,,,,,,,,,,,,,,,,,,,,,,,,,,,,,,,,,,,,,,,,,,,,,,,,,,,,,,,,,,
1784901938,0,0.016,-0.004,1.002,0.00,0.00,0.00,39.40,15.50,-2.00,-0.13,-1.26,-1.76,1.000,-0.001,-0.011,-0.015,1,-0.323,-0.127,0.947,0.00,0.40,0.00,42.20,2.40,10.00,-8.10,18.35,-1.12,0.985,-0.068,0.160,0.002,,,,,,,,,,,,,,,,,,,,,,,,,,,,,,,,,,,,,,,,,,,,,,,,,,,,,,,,,,,,,,,,,,,,,,,,,,,,,,,,,,,,,,,,,,,,,,,,,,,,,,,,,,,,,,,,,,,,,,,,,,,,,,,,,,,,,,,,,,,,,,,,,,,,,,,,,,,,,,,,,,,,,,,,,,,,,,,,,,,,,,,,,,,,,,,,,,,,,,,,,,,,,,,,,,,,,,,,,,,,,,,,,,,,,,,,,,,,,,
1784901939,0,0.024,-0.008,1.002,0.00,-0.10,0.00,39.40,15.50,-2.00,-0.13,-1.26,-1.76,1.000,-0.001,-0.011,-0.015,1,-0.323,-0.135,0.951,0.00,0.50,0.00,42.20,2.40,10.00,-8.10,18.35,-1.12,0.985,-0.068,0.160,0.002,,,,,,,,,,,,,,,,,,,,,,,,,,,,,,,,,,,,,,,,,,,,,,,,,,,,,,,,,,,,,,,,,,,,,,,,,,,,,,,,,,,,,,,,,,,,,,,,,,,,,,,,,,,,,,,,,,,,,,,,,,,,,,,,,,,,,,,,,,,,,,,,,,,,,,,,,,,,,,,,,,,,,,,,,,,,,,,,,,,,,,,,,,,,,,,,,,,,,,,,,,,,,,,,,,,,,,,,,,,,,,,,,,,,,,,,,,,,,,
1784901939,0,0.024,-0.004,0.998,0.00,-0.20,-0.10,39.60,13.80,-2.40,-0.13,-1.26,-1.76,1.000,-0.001,-0.011,-0.015,1,-0.323,-0.127,0.955,0.10,0.50,0.10,38.90,3.40,10.30,-8.10,18.35,-1.12,0.985,-0.068,0.160,0.002,,,,,,,,,,,,,,,,,,,,,,,,,,,,,,,,,,,,,,,,,,,,,,,,,,,,,,,,,,,,,,,,,,,,,,,,,,,,,,,,,,,,,,,,,,,,,,,,,,,,,,,,,,,,,,,,,,,,,,,,,,,,,,,,,,,,,,,,,,,,,,,,,,,,,,,,,,,,,,,,,,,,,,,,,,,,,,,,,,,,,,,,,,,,,,,,,,,,,,,,,,,,,,,,,,,,,,,,,,,,,,,,,,,,,,,,,,,,,,
1784901939,0,0.020,0.000,0.998,0.00,-0.20,-0.10,39.60,13.80,-2.40,-0.13,-1.26,-1.76,1.000,-0.001,-0.011,-0.015,1,-0.327,-0.131,0.947,0.20,0.60,0.10,38.90,3.40,10.30,-8.10,18.35,-1.12,0.985,-0.068,0.160,0.002,,,,,,,,,,,,,,,,,,,,,,,,,,,,,,,,,,,,,,,,,,,,,,,,,,,,,,,,,,,,,,,,,,,,,,,,,,,,,,,,,,,,,,,,,,,,,,,,,,,,,,,,,,,,,,,,,,,,,,,,,,,,,,,,,,,,,,,,,,,,,,,,,,,,,,,,,,,,,,,,,,,,,,,,,,,,,,,,,,,,,,,,,,,,,,,,,,,,,,,,,,,,,,,,,,,,,,,,,,,,,,,,,,,,,,,,,,,,,,
1784901939,0,0.024,-0.004,0.998,0.00,-0.10,0.00,39.60,13.80,-2.40,-0.13,-1.26,-1.76,1.000,-0.001,-0.011,-0.015,1,-0.323,-0.127,0.951,0.30,0.60,0.10,38.90,3.40,10.30,-8.10,18.35,-1.12,0.985,-0.068,0.160,0.002,,,,,,,,,,,,,,,,,,,,,,,,,,,,,,,,,,,,,,,,,,,,,,,,,,,,,,,,,,,,,,,,,,,,,,,,,,,,,,,,,,,,,,,,,,,,,,,,,,,,,,,,,,,,,,,,,,,,,,,,,,,,,,,,,,,,,,,,,,,,,,,,,,,,,,,,,,,,,,,,,,,,,,,,,,,,,,,,,,,,,,,,,,,,,,,,,,,,,,,,,,,,,,,,,,,,,,,,,,,,,,,,,,,,,,,,,,,,,,
1784901939,0,0.020,-0.004,1.002,0.00,-0.10,0.00,39.60,13.80,-2.40,-0.13,-1.26,-1.76,1.000,-0.001,-0.011,-0.015,1,-0.323,-0.127,0.947,0.50,0.70,0.10,38.90,3.40,10.30,-8.10,18.35,-1.12,0.985,-0.068,0.160,0.002,,,,,,,,,,,,,,,,,,,,,,,,,,,,,,,,,,,,,,,,,,,,,,,,,,,,,,,,,,,,,,,,,,,,,,,,,,,,,,,,,,,,,,,,,,,,,,,,,,,,,,,,,,,,,,,,,,,,,,,,,,,,,,,,,,,,,,,,,,,,,,,,,,,,,,,,,,,,,,,,,,,,,,,,,,,,,,,,,,,,,,,,,,,,,,,,,,,,,,,,,,,,,,,,,,,,,,,,,,,,,,,,,,,,,,,,,,,,,,
1784901939,0,0.020,-0.004,1.002,0.00,0.00,0.00,39.20,19.50,1.20,-0.13,-1.26,-1.76,1.000,-0.001,-0.011,-0.015,1,-0.319,-0.123,0.943,0.60,0.80,0.10,40.30,2.90,10.20,-8.09,18.36,-1.12,0.985,-0.068,0.160,0.002,,,,,,,,,,,,,,,,,,,,,,,,,,,,,,,,,,,,,,,,,,,,,,,,,,,,,,,,,,,,,,,,,,,,,,,,,,,,,,,,,,,,,,,,,,,,,,,,,,,,,,,,,,,,,,,,,,,,,,,,,,,,,,,,,,,,,,,,,,,,,,,,,,,,,,,,,,,,,,,,,,,,,,,,,,,,,,,,,,,,,,,,,,,,,,,,,,,,,,,,,,,,,,,,,,,,,,,,,,,,,,,,,,,,,,,,,,,,,,
1784901939,0,0.020,-0.004,0.994,0.10,0.00,0.00,39.20,19.50,1.20,-0.13,-1.26,-1.76,1.000,-0.001,-0.011,-0.015,1,-0.319,-0.127,0.939,0.60,0.90,0.00,40.30,2.90,10.20,-8.09,18.36,-1.12,0.985,-0.068,0.160,0.002,,,,,,,,,,,,,,,,,,,,,,,,,,,,,,,,,,,,,,,,,,,,,,,,,,,,,,,,,,,,,,,,,,,,,,,,,,,,,,,,,,,,,,,,,,,,,,,,,,,,,,,,,,,,,,,,,,,,,,,,,,,,,,,,,,,,,,,,,,,,,,,,,,,,,,,,,,,,,,,,,,,,,,,,,,,,,,,,,,,,,,,,,,,,,,,,,,,,,,,,,,,,,,,,,,,,,,,,,,,,,,,,,,,,,,,,,,,,,,
1784901939,0,0.020,-0.004,1.002,0.10,0.00,0.00,39.20,19.50,1.20,-0.13,-1.26,-1.76,1.000,-0.001,-0.011,-0.015,1,-0.319,-0.127,0.939,0.50,0.90,0.00,40.30,2.90,10.20,-8.09,18.36,-1.12,0.985,-0.068,0.160,0.002,,,,,,,,,,,,,,,,,,,,,,,,,,,,,,,,,,,,,,,,,,,,,,,,,,,,,,,,,,,,,,,,,,,,,,,,,,,,,,,,,,,,,,,,,,,,,,,,,,,,,,,,,,,,,,,,,,,,,,,,,,,,,,,,,,,,,,,,,,,,,,,,,,,,,,,,,,,,,,,,,,,,,,,,,,,,,,,,,,,,,,,,,,,,,,,,,,,,,,,,,,,,,,,,,,,,,,,,,,,,,,,,,,,,,,,,,,,,,,
1784901939,0,0.024,-0.004,0.998,0.00,0.00,0.00,39.20,19.50,1.20,-0.13,-1.26,-1.76,1.000,-0.001,-0.011,-0.015,1,-0.319,-0.131,0.939,0.50,0.90,-0.10,40.30,2.90,10.20,-8.09,18.36,-1.12,0.985,-0.068,0.160,0.002,,,,,,,,,,,,,,,,,,,,,,,,,,,,,,,,,,,,,,,,,,,,,,,,,,,,,,,,,,,,,,,,,,,,,,,,,,,,,,,,,,,,,,,,,,,,,,,,,,,,,,,,,,,,,,,,,,,,,,,,,,,,,,,,,,,,,,,,,,,,,,,,,,,,,,,,,,,,,,,,,,,,,,,,,,,,,,,,,,,,,,,,,,,,,,,,,,,,,,,,,,,,,,,,,,,,,,,,,,,,,,,,,,,,,,,,,,,,,,
1784901939,0,0.016,0.000,1.002,0.00,0.00,0.00,40.00,14.10,-4.30,-0.13,-1.26,-1.76,1.000,-0.001,-0.011,-0.015,1,-0.315,-0.135,0.947,0.50,0.80,-0.10,41.60,3.20,10.10,-8.09,18.37,-1.12,0.985,-0.068,0.160,0.002,,,,,,,,,,,,,,,,,,,,,,,,,,,,,,,,,,,,,,,,,,,,,,,,,,,,,,,,,,,,,,,,,,,,,,,,,,,,,,,,,,,,,,,,,,,,,,,,,,,,,,,,,,,,,,,,,,,,,,,,,,,,,,,,,,,,,,,,,,,,,,,,,,,,,,,,,,,,,,,,,,,,,,,,,,,,,,,,,,,,,,,,,,,,,,,,,,,,,,,,,,,,,,,,,,,,,,,,,,,,,,,,,,,,,,,,,,,,,,
1784901939,0,0.020,-0.004,1.002,-0.10,0.00,0.00,40.00,14.10,-4.30,-0.13,-1.26,-1.76,1.000,-0.001,-0.011,-0.015,1,-0.319,-0.131,0.943,0.50,0.70,-0.10,41.60,3.20,10.10,-8.09,18.37,-1.12,0.985,-0.068,0.160,0.002,,,,,,,,,,,,,,,,,,,,,,,,,,,,,,,,,,,,,,,,,,,,,,,,,,,,,,,,,,,,,,,,,,,,,,,,,,,,,,,,,,,,,,,,,,,,,,,,,,,,,,,,,,,,,,,,,,,,,,,,,,,,,,,,,,,,,,,,,,,,,,,,,,,,,,,,,,,,,,,,,,,,,,,,,,,,,,,,,,,,,,,,,,,,,,,,,,,,,,,,,,,,,,,,,,,,,,,,,,,,,,,,,,,,,,,,,,,,,,
1784901939,0,0.020,0.000,0.998,-0.10,0.00,0.00,40.00,14.10,-4.30,-0.13,-1.26,-1.76,1.000,-0.001,-0.011,-0.015,1,-0.315,-0.131,0.943,0.60,0.70,-0.10,41.60,3.20,10.10,-8.09,18.37,-1.12,0.985,-0.068,0.160,0.002,,,,,,,,,,,,,,,,,,,,,,,,,,,,,,,,,,,,,,,,,,,,,,,,,,,,,,,,,,,,,,,,,,,,,,,,,,,,,,,,,,,,,,,,,,,,,,,,,,,,,,,,,,,,,,,,,,,,,,,,,,,,,,,,,,,,,,,,,,,,,,,,,,,,,,,,,,,,,,,,,,,,,,,,,,,,,,,,,,,,,,,,,,,,,,,,,,,,,,,,,,,,,,,,,,,,,,,,,,,,,,,,,,,,,,,,,,,,,,
1784901939,0,0.020,0.000,1.002,0.00,0.00,0.00,40.00,14.10,-4.30,-0.13,-1.26,-1.76,1.000,-0.001,-0.011,-0.015,1,-0.315,-0.135,0.947,0.80,0.70,-0.10,41.60,3.20,10.10,-8.09,18.37,-1.12,0.985,-0.068,0.160,0.002,,,,,,,,,,,,,,,,,,,,,,,,,,,,,,,,,,,,,,,,,,,,,,,,,,,,,,,,,,,,,,,,,,,,,,,,,,,,,,,,,,,,,,,,,,,,,,,,,,,,,,,,,,,,,,,,,,,,,,,,,,,,,,,,,,,,,,,,,,,,,,,,,,,,,,,,,,,,,,,,,,,,,,,,,,,,,,,,,,,,,,,,,,,,,,,,,,,,,,,,,,,,,,,,,,,,,,,,,,,,,,,,,,,,,,,,,,,,,,
1784901939,0,0.024,-0.004,1.002,0.00,0.10,0.00,39.70,14.10,-4.20,-0.13,-1.26,-1.76,1.000,-0.001,-0.011,-0.015,1,-0.315,-0.135,0.947,1.10,0.70,0.00,41.90,3.20,10.20,-8.08,18.38,-1.12,0.985,-0.068,0.160,0.002,,,,,,,,,,,,,,,,,,,,,,,,,,,,,,,,,,,,,,,,,,,,,,,,,,,,,,,,,,,,,,,,,,,,,,,,,,,,,,,,,,,,,,,,,,,,,,,,,,,,,,,,,,,,,,,,,,,,,,,,,,,,,,,,,,,,,,,,,,,,,,,,,,,,,,,,,,,,,,,,,,,,,,,,,,,,,,,,,,,,,,,,,,,,,,,,,,,,,,,,,,,,,,,,,,,,,,,,,,,,,,,,,,,,,,,,,,,,,,
1784901939,0,0.020,0.000,1.002,0.00,0.10,0.00,39.70,14.10,-4.20,-0.13,-1.26,-1.76,1.000,-0.001,-0.011,-0.015,1,-0.315,-0.135,0.943,1.20,0.70,0.00,41.90,3.20,10.20,-8.08,18.38,-1.12,0.985,-0.068,0.160,0.002,,,,,,,,,,,,,,,,,,,,,,,,,,,,,,,,,,,,,,,,,,,,,,,,,,,,,,,,,,,,,,,,,,,,,,,,,,,,,,,,,,,,,,,,,,,,,,,,,,,,,,,,,,,,,,,,,,,,,,,,,,,,,,,,,,,,,,,,,,,,,,,,,,,,,,,,,,,,,,,,,,,,,,,,,,,,,,,,,,,,,,,,,,,,,,,,,,,,,,,,,,,,,,,,,,,,,,,,,,,,,,,,,,,,,,,,,,,,,,
1784901939,0,0.024,0.000,1.002,0.00,0.00,0.00,39.70,14.10,-4.20,-0.13,-1.26,-1.76,1.000,-0.001,-0.011,-0.015,1,-0.311,-0.131,0.943,1.20,0.70,0.00,41.90,3.20,10.20,-8.08,18.38,-1.12,0.985,-0.068,0.160,0.002,,,,,,,,,,,,,,,,,,,,,,,,,,,,,,,,,,,,,,,,,,,,,,,,,,,,,,,,,,,,,,,,,,,,,,,,,,,,,,,,,,,,,,,,,,,,,,,,,,,,,,,,,,,,,,,,,,,,,,,,,,,,,,,,,,,,,,,,,,,,,,,,,,,,,,,,,,,,,,,,,,,,,,,,,,,,,,,,,,,,,,,,,,,,,,,,,,,,,,,,,,,,,,,,,,,,,,,,,,,,,,,,,,,,,,,,,,,,,,
1784901939,0,0.024,0.000,1.002,0.00,0.00,0.00,39.70,14.10,-4.20,-0.13,-1.26,-1.76,1.000,-0.001,-0.011,-0.015,1,-0.315,-0.135,0.951,1.20,0.80,0.10,41.90,3.20,10.20,-8.08,18.38,-1.12,0.985,-0.068,0.160,0.002,,,,,,,,,,,,,,,,,,,,,,,,,,,,,,,,,,,,,,,,,,,,,,,,,,,,,,,,,,,,,,,,,,,,,,,,,,,,,,,,,,,,,,,,,,,,,,,,,,,,,,,,,,,,,,,,,,,,,,,,,,,,,,,,,,,,,,,,,,,,,,,,,,,,,,,,,,,,,,,,,,,,,,,,,,,,,,,,,,,,,,,,,,,,,,,,,,,,,,,,,,,,,,,,,,,,,,,,,,,,,,,,,,,,,,,,,,,,,,
1784901939,0,0.020,0.000,1.002,0.00,-0.10,-0.10,39.70,14.60,-4.10,-0.13,-1.26,-1.76,1.000,-0.001,-0.011,-0.015,1,-0.311,-0.128,0.951,1.30,1.00,0.10,41.10,2.60,10.10,-8.07,18.38,-1.12,0.985,-0.068,0.160,0.002,,,,,,,,,,,,,,,,,,,,,,,,,,,,,,,,,,,,,,,,,,,,,,,,,,,,,,,,,,,,,,,,,,,,,,,,,,,,,,,,,,,,,,,,,,,,,,,,,,,,,,,,,,,,,,,,,,,,,,,,,,,,,,,,,,,,,,,,,,,,,,,,,,,,,,,,,,,,,,,,,,,,,,,,,,,,,,,,,,,,,,,,,,,,,,,,,,,,,,,,,,,,,,,,,,,,,,,,,,,,,,,,,,,,,,,,,,,,,,
1784901939,0,0.020,-0.004,0.998,0.00,-0.10,-0.10,39.70,14.60,-4.10,-0.13,-1.26,-1.76,1.000,-0.001,-0.011,-0.015,1,-0.311,-0.131,0.943,1.30,1.10,0.30,41.10,2.60,10.10,-8.07,18.38,-1.12,0.985,-0.068,0.160,0.002,,,,,,,,,,,,,,,,,,,,,,,,,,,,,,,,,,,,,,,,,,,,,,,,,,,,,,,,,,,,,,,,,,,,,,,,,,,,,,,,,,,,,,,,,,,,,,,,,,,,,,,,,,,,,,,,,,,,,,,,,,,,,,,,,,,,,,,,,,,,,,,,,,,,,,,,,,,,,,,,,,,,,,,,,,,,,,,,,,,,,,,,,,,,,,,,,,,,,,,,,,,,,,,,,,,,,,,,,,,,,,,,,,,,,,,,,,,,,,
1784901939,0,0.020,-0.004,0.998,0.10,-0.10,0.00,39.70,14.60,-4.10,-0.13,-1.26,-1.76,1.000,-0.001,-0.011,-0.015,1,-0.311,-0.135,0.943,1.20,1.10,0.40,41.10,2.60,10.10,-8.07,18.38,-1.12,0.985,-0.068,0.160,0.002,,,,,,,,,,,,,,,,,,,,,,,,,,,,,,,,,,,,,,,,,,,,,,,,,,,,,,,,,,,,,,,,,,,,,,,,,,,,,,,,,,,,,,,,,,,,,,,,,,,,,,,,,,,,,,,,,,,,,,,,,,,,,,,,,,,,,,,,,,,,,,,,,,,,,,,,,,,,,,,,,,,,,,,,,,,,,,,,,,,,,,,,,,,,,,,,,,,,,,,,,,,,,,,,,,,,,,,,,,,,,,,,,,,,,,,,,,,,,,
1784901939,0,0.020,-0.004,0.994,0.10,0.00,0.00,39.70,14.60,-4.10,-0.13,-1.26,-1.76,1.000,-0.001,-0.011,-0.015,1,-0.311,-0.135,0.947,1.00,1.00,0.50,41.10,2.60,10.10,-8.07,18.38,-1.12,0.985,-0.068,0.160,0.002,,,,,,,,,,,,,,,,,,,,,,,,,,,,,,,,,,,,,,,,,,,,,,,,,,,,,,,,,,,,,,,,,,,,,,,,,,,,,,,,,,,,,,,,,,,,,,,,,,,,,,,,,,,,,,,,,,,,,,,,,,,,,,,,,,,,,,,,,,,,,,,,,,,,,,,,,,,,,,,,,,,,,,,,,,,,,,,,,,,,,,,,,,,,,,,,,,,,,,,,,,,,,,,,,,,,,,,,,,,,,,,,,,,,,,,,,,,,,,
1784901939,0,0.024,-0.004,0.998,0.00,0.20,0.00,39.50,15.40,-4.60,-0.13,-1.26,-1.76,1.000,-0.001,-0.011,-0.015,1,-0.315,-0.135,0.951,0.90,1.00,0.50,41.10,2.60,10.10,-8.05,18.39,-1.12,0.985,-0.068,0.160,0.002,,,,,,,,,,,,,,,,,,,,,,,,,,,,,,,,,,,,,,,,,,,,,,,,,,,,,,,,,,,,,,,,,,,,,,,,,,,,,,,,,,,,,,,,,,,,,,,,,,,,,,,,,,,,,,,,,,,,,,,,,,,,,,,,,,,,,,,,,,,,,,,,,,,,,,,,,,,,,,,,,,,,,,,,,,,,,,,,,,,,,,,,,,,,,,,,,,,,,,,,,,,,,,,,,,,,,,,,,,,,,,,,,,,,,,,,,,,,,,
1784901939,0,0.024,0.000,1.002,0.00,0.30,0.00,39.50,15.40,-4.60,-0.13,-1.26,-1.76,1.000,-0.001,-0.011,-0.015,1,-0.315,-0.127,0.947,0.70,0.90,0.70,41.10,2.60,10.10,-8.05,18.39,-1.12,0.985,-0.068,0.160,0.002,,,,,,,,,,,,,,,,,,,,,,,,,,,,,,,,,,,,,,,,,,,,,,,,,,,,,,,,,,,,,,,,,,,,,,,,,,,,,,,,,,,,,,,,,,,,,,,,,,,,,,,,,,,,,,,,,,,,,,,,,,,,,,,,,,,,,,,,,,,,,,,,,,,,,,,,,,,,,,,,,,,,,,,,,,,,,,,,,,,,,,,,,,,,,,,,,,,,,,,,,,,,,,,,,,,,,,,,,,,,,,,,,,,,,,,,,,,,,,
1784901939,0,0.024,0.000,0.994,0.00,0.20,0.00,39.50,15.40,-4.60,-0.13,-1.26,-1.76,1.000,-0.001,-0.011,-0.015,1,-0.315,-0.131,0.947,0.60,0.90,0.70,41.10,2.60,10.10,-8.05,18.39,-1.12,0.985,-0.068,0.160,0.002,,,,,,,,,,,,,,,,,,,,,,,,,,,,,,,,,,,,,,,,,,,,,,,,,,,,,,,,,,,,,,,,,,,,,,,,,,,,,,,,,,,,,,,,,,,,,,,,,,,,,,,,,,,,,,,,,,,,,,,,,,,,,,,,,,,,,,,,,,,,,,,,,,,,,,,,,,,,,,,,,,,,,,,,,,,,,,,,,,,,,,,,,,,,,,,,,,,,,,,,,,,,,,,,,,,,,,,,,,,,,,,,,,,,,,,,,,,,,,
1784901939,0,0.020,-0.004,1.002,0.00,0.00,0.00,39.50,15.40,-4.60,-0.13,-1.26,-1.76,1.000,-0.001,-0.011,-0.015,1,-0.315,-0.135,0.943,0.40,0.90,0.90,41.10,2.60,10.10,-8.05,18.39,-1.12,0.985,-0.068,0.160,0.002,,,,,,,,,,,,,,,,,,,,,,,,,,,,,,,,,,,,,,,,,,,,,,,,,,,,,,,,,,,,,,,,,,,,,,,,,,,,,,,,,,,,,,,,,,,,,,,,,,,,,,,,,,,,,,,,,,,,,,,,,,,,,,,,,,,,,,,,,,,,,,,,,,,,,,,,,,,,,,,,,,,,,,,,,,,,,,,,,,,,,,,,,,,,,,,,,,,,,,,,,,,,,,,,,,,,,,,,,,,,,,,,,,,,,,,,,,,,,,
1784901939,0,0.020,0.000,0.998,0.00,0.00,0.00,39.50,18.80,-1.30,-0.13,-1.26,-1.76,1.000,-0.001,-0.011,-0.015,1,-0.315,-0.131,0.943,0.10,0.80,1.00,41.10,2.60,10.10,-8.05,18.40,-1.11,0.985,-0.068,0.160,0.002,,,,,,,,,,,,,,,,,,,,,,,,,,,,,,,,,,,,,,,,,,,,,,,,,,,,,,,,,,,,,,,,,,,,,,,,,,,,,,,,,,,,,,,,,,,,,,,,,,,,,,,,,,,,,,,,,,,,,,,,,,,,,,,,,,,,,,,,,,,,,,,,,,,,,,,,,,,,,,,,,,,,,,,,,,,,,,,,,,,,,,,,,,,,,,,,,,,,,,,,,,,,,,,,,,,,,,,,,,,,,,,,,,,,,,,,,,,,,,
1784901939,0,0.024,0.003,0.998,0.00,0.00,0.00,39.50,18.80,-1.30,-0.13,-1.26,-1.76,1.000,-0.001,-0.011,-0.015,1,-0.311,-0.135,0.935,0.00,0.70,1.10,41.10,2.60,10.10,-8.05,18.40,-1.11,0.985,-0.068,0.160,0.002,,,,,,,,,,,,,,,,,,,,,,,,,,,,,,,,,,,,,,,,,,,,,,,,,,,,,,,,,,,,,,,,,,,,,,,,,,,,,,,,,,,,,,,,,,,,,,,,,,,,,,,,,,,,,,,,,,,,,,,,,,,,,,,,,,,,,,,,,,,,,,,,,,,,,,,,,,,,,,,,,,,,,,,,,,,,,,,,,,,,,,,,,,,,,,,,,,,,,,,,,,,,,,,,,,,,,,,,,,,,,,,,,,,,,,,,,,,,,,
1784901939,0,0.024,0.000,0.998,0.00,0.00,0.00,39.50,18.80,-1.30,-0.13,-1.26,-1.76,1.000,-0.001,-0.011,-0.015,1,-0.311,-0.131,0.935,-0.40,0.70,1.20,41.10,2.60,10.10,-8.05,18.40,-1.11,0.985,-0.068,0.160,0.002,,,,,,,,,,,,,,,,,,,,,,,,,,,,,,,,,,,,,,,,,,,,,,,,,,,,,,,,,,,,,,,,,,,,,,,,,,,,,,,,,,,,,,,,,,,,,,,,,,,,,,,,,,,,,,,,,,,,,,,,,,,,,,,,,,,,,,,,,,,,,,,,,,,,,,,,,,,,,,,,,,,,,,,,,,,,,,,,,,,,,,,,,,,,,,,,,,,,,,,,,,,,,,,,,,,,,,,,,,,,,,,,,,,,,,,,,,,,,,
1784901939,0,0.020,0.000,0.998,0.10,0.00,0.00,39.50,18.80,-1.30,-0.13,-1.26,-1.76,1.000,-0.001,-0.011,-0.015,1,-0.319,-0.139,0.931,-0.60,0.70,1.30,41.10,2.60,10.10,-8.05,18.40,-1.11,0.985,-0.068,0.160,0.002,,,,,,,,,,,,,,,,,,,,,,,,,,,,,,,,,,,,,,,,,,,,,,,,,,,,,,,,,,,,,,,,,,,,,,,,,,,,,,,,,,,,,,,,,,,,,,,,,,,,,,,,,,,,,,,,,,,,,,,,,,,,,,,,,,,,,,,,,,,,,,,,,,,,,,,,,,,,,,,,,,,,,,,,,,,,,,,,,,,,,,,,,,,,,,,,,,,,,,,,,,,,,,,,,,,,,,,,,,,,,,,,,,,,,,,,,,,,,,
1784901939,0,0.020,0.000,0.998,0.10,0.00,0.00,39.70,17.70,-1.90,-0.13,-1.26,-1.76,1.000,-0.001,-0.011,-0.015,1,-0.319,-0.131,0.931,-0.80,0.70,1.30,41.10,2.60,10.10,-8.05,18.41,-1.10,0.985,-0.068,0.160,0.002,,,,,,,,,,,,,,,,,,,,,,,,,,,,,,,,,,,,,,,,,,,,,,,,,,,,,,,,,,,,,,,,,,,,,,,,,,,,,,,,,,,,,,,,,,,,,,,,,,,,,,,,,,,,,,,,,,,,,,,,,,,,,,,,,,,,,,,,,,,,,,,,,,,,,,,,,,,,,,,,,,,,,,,,,,,,,,,,,,,,,,,,,,,,,,,,,,,,,,,,,,,,,,,,,,,,,,,,,,,,,,,,,,,,,,,,,,,,,,
1784901939,0,0.024,-0.004,0.998,0.10,0.00,0.00,39.70,17.70,-1.90,-0.13,-1.26,-1.76,1.000,-0.001,-0.011,-0.015,1,-0.315,-0.139,0.935,-0.90,0.70,1.20,41.10,2.60,10.10,-8.05,18.41,-1.10,0.985,-0.068,0.160,0.002,,,,,,,,,,,,,,,,,,,,,,,,,,,,,,,,,,,,,,,,,,,,,,,,,,,,,,,,,,,,,,,,,,,,,,,,,,,,,,,,,,,,,,,,,,,,,,,,,,,,,,,,,,,,,,,,,,,,,,,,,,,,,,,,,,,,,,,,,,,,,,,,,,,,,,,,,,,,,,,,,,,,,,,,,,,,,,,,,,,,,,,,,,,,,,,,,,,,,,,,,,,,,,,,,,,,,,,,,,,,,,,,,,,,,,,,,,,,,,
1784901939,0,0.020,-0.004,1.002,0.10,0.00,-0.10,39.70,17.70,-1.90,-0.13,-1.26,-1.76,1.000,-0.001,-0.011,-0.015,1,-0.319,-0.147,0.931,-0.90,0.70,1.10,41.10,2.60,10.10,-8.05,18.41,-1.10,0.985,-0.068,0.160,0.002,,,,,,,,,,,,,,,,,,,,,,,,,,,,,,,,,,,,,,,,,,,,,,,,,,,,,,,,,,,,,,,,,,,,,,,,,,,,,,,,,,,,,,,,,,,,,,,,,,,,,,,,,,,,,,,,,,,,,,,,,,,,,,,,,,,,,,,,,,,,,,,,,,,,,,,,,,,,,,,,,,,,,,,,,,,,,,,,,,,,,,,,,,,,,,,,,,,,,,,,,,,,,,,,,,,,,,,,,,,,,,,,,,,,,,,,,,,,,,
1784901939,0,0.024,-0.004,1.002,0.00,0.00,-0.10,39.70,17.70,-1.90,-0.13,-1.26,-1.76,1.000,-0.001,-0.011,-0.015,1,-0.315,-0.147,0.939,-0.90,0.50,1.20,41.10,2.60,10.10,-8.05,18.41,-1.10,0.985,-0.068,0.160,0.002,,,,,,,,,,,,,,,,,,,,,,,,,,,,,,,,,,,,,,,,,,,,,,,,,,,,,,,,,,,,,,,,,,,,,,,,,,,,,,,,,,,,,,,,,,,,,,,,,,,,,,,,,,,,,,,,,,,,,,,,,,,,,,,,,,,,,,,,,,,,,,,,,,,,,,,,,,,,,,,,,,,,,,,,,,,,,,,,,,,,,,,,,,,,,,,,,,,,,,,,,,,,,,,,,,,,,,,,,,,,,,,,,,,,,,,,,,,,,,
1784901939,0,0.024,-0.004,0.998,0.00,0.10,-0.10,39.80,18.30,-1.50,-0.13,-1.26,-1.76,1.000,-0.001,-0.011,-0.015,1,-0.315,-0.151,0.935,-1.10,0.30,1.20,41.10,2.60,10.10,-8.06,18.42,-1.09,0.985,-0.068,0.160,0.002,,,,,,,,,,,,,,,,,,,,,,,,,,,,,,,,,,,,,,,,,,,,,,,,,,,,,,,,,,,,,,,,,,,,,,,,,,,,,,,,,,,,,,,,,,,,,,,,,,,,,,,,,,,,,,,,,,,,,,,,,,,,,,,,,,,,,,,,,,,,,,,,,,,,,,,,,,,,,,,,,,,,,,,,,,,,,,,,,,,,,,,,,,,,,,,,,,,,,,,,,,,,,,,,,,,,,,,,,,,,,,,,,,,,,,,,,,,,,,
1784901939,0,0.020,-0.004,1.002,0.00,0.10,0.00,39.80,18.30,-1.50,-0.13,-1.26,-1.76,1.000,-0.001,-0.011,-0.015,1,-0.319,-0.155,0.935,-1.40,0.10,1.20,41.10,2.60,10.10,-8.06,18.42,-1.09,0.985,-0.068,0.160,0.002,,,,,,,,,,,,,,,,,,,,,,,,,,,,,,,,,,,,,,,,,,,,,,,,,,,,,,,,,,,,,,,,,,,,,,,,,,,,,,,,,,,,,,,,,,,,,,,,,,,,,,,,,,,,,,,,,,,,,,,,,,,,,,,,,,,,,,,,,,,,,,,,,,,,,,,,,,,,,,,,,,,,,,,,,,,,,,,,,,,,,,,,,,,,,,,,,,,,,,,,,,,,,,,,,,,,,,,,,,,,,,,,,,,,,,,,,,,,,,
1784901939,0,0.020,0.000,0.998,-0.10,0.10,0.00,39.80,18.30,-1.50,-0.13,-1.26,-1.76,1.000,-0.001,-0.011,-0.015,1,-0.315,-0.159,0.935,-2.00,-0.10,1.10,41.10,2.60,10.10,-8.06,18.42,-1.09,0.985,-0.068,0.160,0.002,,,,,,,,,,,,,,,,,,,,,,,,,,,,,,,,,,,,,,,,,,,,,,,,,,,,,,,,,,,,,,,,,,,,,,,,,,,,,,,,,,,,,,,,,,,,,,,,,,,,,,,,,,,,,,,,,,,,,,,,,,,,,,,,,,,,,,,,,,,,,,,,,,,,,,,,,,,,,,,,,,,,,,,,,,,,,,,,,,,,,,,,,,,,,,,,,,,,,,,,,,,,,,,,,,,,,,,,,,,,,,,,,,,,,,,,,,,,,,
1784901939,0,0.024,-0.008,1.002,0.00,0.00,0.10,39.80,18.30,-1.50,-0.13,-1.26,-1.76,1.000,-0.001,-0.011,-0.015,1,-0.319,-0.159,0.935,-2.80,-0.30,1.10,41.10,2.60,10.10,-8.06,18.42,-1.09,0.985,-0.068,0.160,0.002,,,,,,,,,,,,,,,,,,,,,,,,,,,,,,,,,,,,,,,,,,,,,,,,,,,,,,,,,,,,,,,,,,,,,,,,,,,,,,,,,,,,,,,,,,,,,,,,,,,,,,,,,,,,,,,,,,,,,,,,,,,,,,,,,,,,,,,,,,,,,,,,,,,,,,,,,,,,,,,,,,,,,,,,,,,,,,,,,,,,,,,,,,,,,,,,,,,,,,,,,,,,,,,,,,,,,,,,,,,,,,,,,,,,,,,,,,,,,,
1784901939,0,0.020,0.000,1.002,0.00,0.00,0.20,39.50,18.90,-1.60,-0.13,-1.25,-1.76,1.000,-0.001,-0.011,-0.015,1,-0.315,-0.171,0.943,-3.60,-0.60,1.10,41.00,3.50,8.40,-8.08,18.42,-1.08,0.985,-0.068,0.160,0.002,,,,,,,,,,,,,,,,,,,,,,,,,,,,,,,,,,,,,,,,,,,,,,,,,,,,,,,,,,,,,,,,,,,,,,,,,,,,,,,,,,,,,,,,,,,,,,,,,,,,,,,,,,,,,,,,,,,,,,,,,,,,,,,,,,,,,,,,,,,,,,,,,,,,,,,,,,,,,,,,,,,,,,,,,,,,,,,,,,,,,,,,,,,,,,,,,,,,,,,,,,,,,,,,,,,,,,,,,,,,,,,,,,,,,,,,,,,,,,
1784901939,0,0.024,-0.008,0.998,0.00,-0.10,0.20,39.50,18.90,-1.60,-0.13,-1.25,-1.76,1.000,-0.001,-0.011,-0.015,1,-0.308,-0.183,0.951,-4.20,-0.80,1.00,41.00,3.50,8.40,-8.09,18.42,-1.08,0.985,-0.068,0.160,0.002,,,,,,,,,,,,,,,,,,,,,,,,,,,,,,,,,,,,,,,,,,,,,,,,,,,,,,,,,,,,,,,,,,,,,,,,,,,,,,,,,,,,,,,,,,,,,,,,,,,,,,,,,,,,,,,,,,,,,,,,,,,,,,,,,,,,,,,,,,,,,,,,,,,,,,,,,,,,,,,,,,,,,,,,,,,,,,,,,,,,,,,,,,,,,,,,,,,,,,,,,,,,,,,,,,,,,,,,,,,,,,,,,,,,,,,,,,,,,,
1784901939,0,0.024,0.003,1.002,0.00,-0.10,0.10,39.50,18.90,-1.60,-0.13,-1.25,-1.76,1.000,-0.001,-0.011,-0.015,1,-0.304,-0.198,0.951,-4.60,-0.90,0.90,41.00,3.50,8.40,-8.09,18.42,-1.08,0.985,-0.068,0.160,0.002,,,,,,,,,,,,,,,,,,,,,,,,,,,,,,,,,,,,,,,,,,,,,,,,,,,,,,,,,,,,,,,,,,,,,,,,,,,,,,,,,,,,,,,,,,,,,,,,,,,,,,,,,,,,,,,,,,,,,,,,,,,,,,,,,,,,,,,,,,,,,,,,,,,,,,,,,,,,,,,,,,,,,,,,,,,,,,,,,,,,,,,,,,,,,,,,,,,,,,,,,,,,,,,,,,,,,,,,,,,,,,,,,,,,,,,,,,,,,,
1784901939,0,0.024,0.000,0.998,0.00,0.00,0.00,39.50,18.90,-1.60,-0.13,-1.25,-1.76,1.000,-0.001,-0.011,-0.015,1,-0.300,-0.214,0.955,-5.00,-1.10,0.90,41.00,3.50,8.40,-8.09,18.42,-1.08,0.985,-0.068,0.160,0.002,,,,,,,,,,,,,,,,,,,,,,,,,,,,,,,,,,,,,,,,,,,,,,,,,,,,,,,,,,,,,,,,,,,,,,,,,,,,,,,,,,,,,,,,,,,,,,,,,,,,,,,,,,,,,,,,,,,,,,,,,,,,,,,,,,,,,,,,,,,,,,,,,,,,,,,,,,,,,,,,,,,,,,,,,,,,,,,,,,,,,,,,,,,,,,,,,,,,,,,,,,,,,,,,,,,,,,,,,,,,,,,,,,,,,,,,,,,,,,
1784901939,0,0.028,-0.004,0.998,0.00,0.10,-0.10,39.50,18.90,-1.80,-0.13,-1.25,-1.76,1.000,-0.001,-0.011,-0.015,1,-0.292,-0.222,0.955,-5.10,-1.10,1.00,40.80,3.50,8.50,-8.13,18.41,-1.07,0.985,-0.068,0.160,0.002,,,,,,,,,,,,,,,,,,,,,,,,,,,,,,,,,,,,,,,,,,,,,,,,,,,,,,,,,,,,,,,,,,,,,,,,,,,,,,,,,,,,,,,,,,,,,,,,,,,,,,,,,,,,,,,,,,,,,,,,,,,,,,,,,,,,,,,,,,,,,,,,,,,,,,,,,,,,,,,,,,,,,,,,,,,,,,,,,,,,,,,,,,,,,,,,,,,,,,,,,,,,,,,,,,,,,,,,,,,,,,,,,,,,,,,,,,,,,,
1784901939,0,0.024,0.000,1.002,0.00,0.20,-0.10,39.50,18.90,-1.80,-0.13,-1.26,-1.76,1.000,-0.001,-0.011,-0.015,1,-0.288,-0.226,0.955,-5.00,-1.00,1.30,40.80,3.50,8.50,-8.14,18.40,-1.07,0.985,-0.069,0.160,0.002,,,,,,,,,,,,,,,,,,,,,,,,,,,,,,,,,,,,,,,,,,,,,,,,,,,,,,,,,,,,,,,,,,,,,,,,,,,,,,,,,,,,,,,,,,,,,,,,,,,,,,,,,,,,,,,,,,,,,,,,,,,,,,,,,,,,,,,,,,,,,,,,,,,,,,,,,,,,,,,,,,,,,,,,,,,,,,,,,,,,,,,,,,,,,,,,,,,,,,,,,,,,,,,,,,,,,,,,,,,,,,,,,,,,,,,,,,,,,,
1784901939,0,0.024,-0.004,0.998,0.00,0.10,0.00,39.50,18.90,-1.80,-0.13,-1.26,-1.76,1.000,-0.001,-0.011,-0.015,1,-0.284,-0.222,0.958,-4.40,-0.80,1.70,40.80,3.50,8.50,-8.14,18.40,-1.07,0.985,-0.069,0.160,0.002,,,,,,,,,,,,,,,,,,,,,,,,,,,,,,,,,,,,,,,,,,,,,,,,,,,,,,,,,,,,,,,,,,,,,,,,,,,,,,,,,,,,,,,,,,,,,,,,,,,,,,,,,,,,,,,,,,,,,,,,,,,,,,,,,,,,,,,,,,,,,,,,,,,,,,,,,,,,,,,,,,,,,,,,,,,,,,,,,,,,,,,,,,,,,,,,,,,,,,,,,,,,,,,,,,,,,,,,,,,,,,,,,,,,,,,,,,,,,,
1784901939,0,0.020,0.000,1.006,0.00,0.00,0.00,39.50,18.90,-1.80,-0.13,-1.26,-1.76,1.000,-0.001,-0.011,-0.015,1,-0.285,-0.215,0.970,-3.60,-0.50,2.30,40.80,3.50,8.50,-8.14,18.40,-1.07,0.985,-0.069,0.160,0.002,,,,,,,,,,,,,,,,,,,,,,,,,,,,,,,,,,,,,,,,,,,,,,,,,,,,,,,,,,,,,,,,,,,,,,,,,,,,,,,,,,,,,,,,,,,,,,,,,,,,,,,,,,,,,,,,,,,,,,,,,,,,,,,,,,,,,,,,,,,,,,,,,,,,,,,,,,,,,,,,,,,,,,,,,,,,,,,,,,,,,,,,,,,,,,,,,,,,,,,,,,,,,,,,,,,,,,,,,,,,,,,,,,,,,,,,,,,,,,
1784901939,0,0.016,-0.004,0.998,0.00,0.00,0.00,39.50,16.80,-1.30,-0.13,-1.25,-1.76,1.000,-0.001,-0.011,-0.015,1,-0.285,-0.207,0.970,-2.80,-0.40,3.10,40.90,3.30,8.40,-8.18,18.40,-1.05,0.985,-0.069,0.160,0.002,,,,,,,,,,,,,,,,,,,,,,,,,,,,,,,,,,,,,,,,,,,,,,,,,,,,,,,,,,,,,,,,,,,,,,,,,,,,,,,,,,,,,,,,,,,,,,,,,,,,,,,,,,,,,,,,,,,,,,,,,,,,,,,,,,,,,,,,,,,,,,,,,,,,,,,,,,,,,,,,,,,,,,,,,,,,,,,,,,,,,,,,,,,,,,,,,,,,,,,,,,,,,,,,,,,,,,,,,,,,,,,,,,,,,,,,,,,,,,
1784901939,0,0.020,-0.008,0.998,0.00,-0.10,0.10,39.50,16.80,-1.30,-0.13,-1.25,-1.76,1.000,-0.001,-0.011,-0.015,1,-0.281,-0.207,0.974,-2.30,-0.40,3.80,40.90,3.30,8.40,-8.19,18.39,-1.05,0.985,-0.069,0.160,0.002,,,,,,,,,,,,,,,,,,,,,,,,,,,,,,,,,,,,,,,,,,,,,,,,,,,,,,,,,,,,,,,,,,,,,,,,,,,,,,,,,,,,,,,,,,,,,,,,,,,,,,,,,,,,,,,,,,,,,,,,,,,,,,,,,,,,,,,,,,,,,,,,,,,,,,,,,,,,,,,,,,,,,,,,,,,,,,,,,,,,,,,,,,,,,,,,,,,,,,,,,,,,,,,,,,,,,,,,,,,,,,,,,,,,,,,,,,,,,,
1784901939,0,0.024,0.003,1.002,0.00,-0.10,0.00,39.50,16.80,-1.30,-0.13,-1.25,-1.76,1.000,-0.001,-0.011,-0.015,1,-0.269,-0.195,0.966,-2.50,-0.80,4.60,40.90,3.30,8.40,-8.19,18.39,-1.05,0.985,-0.069,0.160,0.002,,,,,,,,,,,,,,,,,,,,,,,,,,,,,,,,,,,,,,,,,,,,,,,,,,,,,,,,,,,,,,,,,,,,,,,,,,,,,,,,,,,,,,,,,,,,,,,,,,,,,,,,,,,,,,,,,,,,,,,,,,,,,,,,,,,,,,,,,,,,,,,,,,,,,,,,,,,,,,,,,,,,,,,,,,,,,,,,,,,,,,,,,,,,,,,,,,,,,,,,,,,,,,,,,,,,,,,,,,,,,,,,,,,,,,,,,,,,,,
1784901939,0,0.020,0.000,1.002,0.00,0.00,0.00,39.50,16.80,-1.30,-0.13,-1.25,-1.76,1.000,-0.001,-0.011,-0.015,1,-0.292,-0.195,0.923,-3.40,-1.40,5.40,40.90,3.30,8.40,-8.19,18.39,-1.05,0.985,-0.069,0.160,0.002,,,,,,,,,,,,,,,,,,,,,,,,,,,,,,,,,,,,,,,,,,,,,,,,,,,,,,,,,,,,,,,,,,,,,,,,,,,,,,,,,,,,,,,,,,,,,,,,,,,,,,,,,,,,,,,,,,,,,,,,,,,,,,,,,,,,,,,,,,,,,,,,,,,,,,,,,,,,,,,,,,,,,,,,,,,,,,,,,,,,,,,,,,,,,,,,,,,,,,,,,,,,,,,,,,,,,,,,,,,,,,,,,,,,,,,,,,,,,,
1784901939,0,0.020,0.003,0.998,0.10,0.00,0.00,39.80,17.10,-1.30,-0.13,-1.25,-1.76,1.000,-0.001,-0.011,-0.015,1,-0.284,-0.203,0.920,-4.80,-2.20,6.30,41.00,3.90,9.10,-8.20,18.39,-1.00,0.985,-0.069,0.160,0.003,,,,,,,,,,,,,,,,,,,,,,,,,,,,,,,,,,,,,,,,,,,,,,,,,,,,,,,,,,,,,,,,,,,,,,,,,,,,,,,,,,,,,,,,,,,,,,,,,,,,,,,,,,,,,,,,,,,,,,,,,,,,,,,,,,,,,,,,,,,,,,,,,,,,,,,,,,,,,,,,,,,,,,,,,,,,,,,,,,,,,,,,,,,,,,,,,,,,,,,,,,,,,,,,,,,,,,,,,,,,,,,,,,,,,,,,,,,,,,
1784901939,0,0.020,-0.004,0.998,0.10,0.10,0.00,39.80,17.10,-1.30,-0.13,-1.25,-1.76,1.000,-0.001,-0.011,-0.015,1,-0.272,-0.191,0.916,-5.90,-2.70,7.20,41.00,3.90,9.10,-8.21,18.38,-1.00,0.985,-0.069,0.160,0.003,,,,,,,,,,,,,,,,,,,,,,,,,,,,,,,,,,,,,,,,,,,,,,,,,,,,,,,,,,,,,,,,,,,,,,,,,,,,,,,,,,,,,,,,,,,,,,,,,,,,,,,,,,,,,,,,,,,,,,,,,,,,,,,,,,,,,,,,,,,,,,,,,,,,,,,,,,,,,,,,,,,,,,,,,,,,,,,,,,,,,,,,,,,,,,,,,,,,,,,,,,,,,,,,,,,,,,,,,,,,,,,,,,,,,,,,,,,,,,
1784901939,0,0.024,0.000,0.998,0.10,0.00,0.00,39.80,17.10,-1.30,-0.13,-1.25,-1.76,1.000,-0.001,-0.011,-0.015,1,-0.237,-0.176,0.943,-5.90,-2.60,7.80,41.00,3.90,9.10,-8.21,18.38,-1.00,0.985,-0.069,0.160,0.003,,,,,,,,,,,,,,,,,,,,,,,,,,,,,,,,,,,,,,,,,,,,,,,,,,,,,,,,,,,,,,,,,,,,,,,,,,,,,,,,,,,,,,,,,,,,,,,,,,,,,,,,,,,,,,,,,,,,,,,,,,,,,,,,,,,,,,,,,,,,,,,,,,,,,,,,,,,,,,,,,,,,,,,,,,,,,,,,,,,,,,,,,,,,,,,,,,,,,,,,,,,,,,,,,,,,,,,,,,,,,,,,,,,,,,,,,,,,,,
1784901939,0,0.020,0.000,0.998,0.00,0.00,0.00,39.80,17.10,-1.30,-0.13,-1.25,-1.76,1.000,-0.001,-0.011,-0.015,1,-0.260,-0.187,0.931,-4.90,-2.00,8.60,41.00,3.90,9.10,-8.21,18.38,-1.00,0.985,-0.069,0.160,0.003,,,,,,,,,,,,,,,,,,,,,,,,,,,,,,,,,,,,,,,,,,,,,,,,,,,,,,,,,,,,,,,,,,,,,,,,,,,,,,,,,,,,,,,,,,,,,,,,,,,,,,,,,,,,,,,,,,,,,,,,,,,,,,,,,,,,,,,,,,,,,,,,,,,,,,,,,,,,,,,,,,,,,,,,,,,,,,,,,,,,,,,,,,,,,,,,,,,,,,,,,,,,,,,,,,,,,,,,,,,,,,,,,,,,,,,,,,,,,,
1784901939,0,0.024,-0.004,1.002,0.00,0.00,0.00,39.80,17.40,-1.70,-0.13,-1.25,-1.76,1.000,-0.001,-0.011,-0.015,1,-0.311,-0.194,0.904,-3.00,-1.60,9.80,41.00,3.90,9.10,-8.23,18.37,-0.91,0.985,-0.070,0.160,0.004,,,,,,,,,,,,,,,,,,,,,,,,,,,,,,,,,,,,,,,,,,,,,,,,,,,,,,,,,,,,,,,,,,,,,,,,,,,,,,,,,,,,,,,,,,,,,,,,,,,,,,,,,,,,,,,,,,,,,,,,,,,,,,,,,,,,,,,,,,,,,,,,,,,,,,,,,,,,,,,,,,,,,,,,,,,,,,,,,,,,,,,,,,,,,,,,,,,,,,,,,,,,,,,,,,,,,,,,,,,,,,,,,,,,,,,,,,,,,,
1784901939,0,0.020,0.000,0.998,0.00,-0.10,-0.10,39.80,17.40,-1.70,-0.13,-1.25,-1.76,1.000,-0.001,-0.011,-0.015,1,-0.326,-0.162,0.908,-1.10,-2.00,11.40,41.00,3.90,9.10,-8.24,18.37,-0.91,0.985,-0.070,0.160,0.004,,,,,,,,,,,,,,,,,,,,,,,,,,,,,,,,,,,,,,,,,,,,,,,,,,,,,,,,,,,,,,,,,,,,,,,,,,,,,,,,,,,,,,,,,,,,,,,,,,,,,,,,,,,,,,,,,,,,,,,,,,,,,,,,,,,,,,,,,,,,,,,,,,,,,,,,,,,,,,,,,,,,,,,,,,,,,,,,,,,,,,,,,,,,,,,,,,,,,,,,,,,,,,,,,,,,,,,,,,,,,,,,,,,,,,,,,,,,,,
1784901939,0,0.020,-0.004,1.002,-0.10,0.00,-0.20,39.80,17.40,-1.70,-0.13,-1.25,-1.76,1.000,-0.001,-0.011,-0.015,1,-0.306,-0.065,0.885,0.80,-2.90,13.00,41.00,3.90,9.10,-8.24,18.37,-0.91,0.985,-0.070,0.160,0.004,,,,,,,,,,,,,,,,,,,,,,,,,,,,,,,,,,,,,,,,,,,,,,,,,,,,,,,,,,,,,,,,,,,,,,,,,,,,,,,,,,,,,,,,,,,,,,,,,,,,,,,,,,,,,,,,,,,,,,,,,,,,,,,,,,,,,,,,,,,,,,,,,,,,,,,,,,,,,,,,,,,,,,,,,,,,,,,,,,,,,,,,,,,,,,,,,,,,,,,,,,,,,,,,,,,,,,,,,,,,,,,,,,,,,,,,,,,,,,
1784901939,0,0.020,0.000,0.998,-0.10,0.00,-0.10,39.80,17.40,-1.70,-0.13,-1.25,-1.76,1.000,-0.001,-0.011,-0.015,1,-0.290,-0.069,0.857,2.80,-4.00,14.40,41.00,3.90,9.10,-8.24,18.37,-0.91,0.985,-0.070,0.160,0.004,,,,,,,,,,,,,,,,,,,,,,,,,,,,,,,,,,,,,,,,,,,,,,,,,,,,,,,,,,,,,,,,,,,,,,,,,,,,,,,,,,,,,,,,,,,,,,,,,,,,,,,,,,,,,,,,,,,,,,,,,,,,,,,,,,,,,,,,,,,,,,,,,,,,,,,,,,,,,,,,,,,,,,,,,,,,,,,,,,,,,,,,,,,,,,,,,,,,,,,,,,,,,,,,,,,,,,,,,,,,,,,,,,,,,,,,,,,,,,
1784901939,0,0.020,0.000,1.002,0.00,0.00,0.00,39.10,17.50,-1.10,-0.13,-1.25,-1.76,1.000,-0.001,-0.011,-0.015,1,-0.250,-0.085,0.818,4.90,-5.20,15.90,41.40,2.80,13.30,-8.17,18.35,-0.76,0.985,-0.069,0.160,0.005,,,,,,,,,,,,,,,,,,,,,,,,,,,,,,,,,,,,,,,,,,,,,,,,,,,,,,,,,,,,,,,,,,,,,,,,,,,,,,,,,,,,,,,,,,,,,,,,,,,,,,,,,,,,,,,,,,,,,,,,,,,,,,,,,,,,,,,,,,,,,,,,,,,,,,,,,,,,,,,,,,,,,,,,,,,,,,,,,,,,,,,,,,,,,,,,,,,,,,,,,,,,,,,,,,,,,,,,,,,,,,,,,,,,,,,,,,,,,,
1784901939,0,0.020,0.000,1.002,0.00,0.00,0.00,39.10,17.50,-1.10,-0.13,-1.25,-1.76,1.000,-0.001,-0.011,-0.015,1,-0.285,-0.123,0.791,7.10,-6.80,18.00,41.40,2.80,13.30,-8.17,18.35,-0.76,0.985,-0.069,0.160,0.005,,,,,,,,,,,,,,,,,,,,,,,,,,,,,,,,,,,,,,,,,,,,,,,,,,,,,,,,,,,,,,,,,,,,,,,,,,,,,,,,,,,,,,,,,,,,,,,,,,,,,,,,,,,,,,,,,,,,,,,,,,,,,,,,,,,,,,,,,,,,,,,,,,,,,,,,,,,,,,,,,,,,,,,,,,,,,,,,,,,,,,,,,,,,,,,,,,,,,,,,,,,,,,,,,,,,,,,,,,,,,,,,,,,,,,,,,,,,,,
1784901939,0,0.020,-0.008,0.994,0.00,0.00,0.00,39.10,17.50,-1.10,-0.13,-1.25,-1.76,1.000,-0.001,-0.011,-0.015,1,-0.309,-0.135,0.826,9.50,-9.80,21.10,41.40,2.80,13.30,-8.17,18.35,-0.76,0.985,-0.069,0.160,0.005,,,,,,,,,,,,,,,,,,,,,,,,,,,,,,,,,,,,,,,,,,,,,,,,,,,,,,,,,,,,,,,,,,,,,,,,,,,,,,,,,,,,,,,,,,,,,,,,,,,,,,,,,,,,,,,,,,,,,,,,,,,,,,,,,,,,,,,,,,,,,,,,,,,,,,,,,,,,,,,,,,,,,,,,,,,,,,,,,,,,,,,,,,,,,,,,,,,,,,,,,,,,,,,,,,,,,,,,,,,,,,,,,,,,,,,,,,,,,,
1784901939,0,0.020,-0.004,0.998,0.00,0.00,0.00,39.10,17.50,-1.10,-0.13,-1.25,-1.76,1.000,-0.001,-0.011,-0.015,1,-0.333,-0.135,0.862,11.90,-15.10,24.90,41.40,2.80,13.30,-8.17,18.35,-0.76,0.985,-0.069,0.160,0.005,,,,,,,,,,,,,,,,,,,,,,,,,,,,,,,,,,,,,,,,,,,,,,,,,,,,,,,,,,,,,,,,,,,,,,,,,,,,,,,,,,,,,,,,,,,,,,,,,,,,,,,,,,,,,,,,,,,,,,,,,,,,,,,,,,,,,,,,,,,,,,,,,,,,,,,,,,,,,,,,,,,,,,,,,,,,,,,,,,,,,,,,,,,,,,,,,,,,,,,,,,,,,,,,,,,,,,,,,,,,,,,,,,,,,,,,,,,,,,
1784901939,0,0.024,0.000,0.998,0.00,0.00,0.00,38.40,17.40,-1.40,-0.13,-1.25,-1.76,1.000,-0.001,-0.011,-0.015,1,-0.381,-0.126,0.893,13.10,-22.20,28.30,41.40,2.40,12.90,-7.98,18.25,-0.50,0.985,-0.068,0.159,0.007,,,,,,,,,,,,,,,,,,,,,,,,,,,,,,,,,,,,,,,,,,,,,,,,,,,,,,,,,,,,,,,,,,,,,,,,,,,,,,,,,,,,,,,,,,,,,,,,,,,,,,,,,,,,,,,,,,,,,,,,,,,,,,,,,,,,,,,,,,,,,,,,,,,,,,,,,,,,,,,,,,,,,,,,,,,,,,,,,,,,,,,,,,,,,,,,,,,,,,,,,,,,,,,,,,,,,,,,,,,,,,,,,,,,,,,,,,,,,,
1784901939,0,0.024,0.000,0.998,0.00,0.00,0.00,38.40,17.40,-1.40,-0.13,-1.25,-1.76,1.000,-0.001,-0.011,-0.015,1,-0.424,-0.074,0.948,11.80,-29.70,30.40,41.40,2.40,12.90,-7.99,18.25,-0.50,0.985,-0.068,0.159,0.007,,,,,,,,,,,,,,,,,,,,,,,,,,,,,,,,,,,,,,,,,,,,,,,,,,,,,,,,,,,,,,,,,,,,,,,,,,,,,,,,,,,,,,,,,,,,,,,,,,,,,,,,,,,,,,,,,,,,,,,,,,,,,,,,,,,,,,,,,,,,,,,,,,,,,,,,,,,,,,,,,,,,,,,,,,,,,,,,,,,,,,,,,,,,,,,,,,,,,,,,,,,,,,,,,,,,,,,,,,,,,,,,,,,,,,,,,,,,,,
1784901939,0,0.020,-0.004,0.998,0.00,0.00,0.00,38.40,17.40,-1.40,-0.13,-1.25,-1.76,1.000,-0.001,-0.011,-0.015,1,-0.428,-0.043,0.959,6.70,-36.20,30.30,41.40,2.40,12.90,-7.99,18.25,-0.50,0.985,-0.068,0.159,0.007,,,,,,,,,,,,,,,,,,,,,,,,,,,,,,,,,,,,,,,,,,,,,,,,,,,,,,,,,,,,,,,,,,,,,,,,,,,,,,,,,,,,,,,,,,,,,,,,,,,,,,,,,,,,,,,,,,,,,,,,,,,,,,,,,,,,,,,,,,,,,,,,,,,,,,,,,,,,,,,,,,,,,,,,,,,,,,,,,,,,,,,,,,,,,,,,,,,,,,,,,,,,,,,,,,,,,,,,,,,,,,,,,,,,,,,,,,,,,,
1784901939,0,0.020,-0.004,0.998,0.00,-0.10,0.00,38.40,17.40,-1.40,-0.13,-1.25,-1.76,1.000,-0.001,-0.011,-0.015,1,-0.436,0.007,0.944,-1.80,-41.00,27.90,41.40,2.40,12.90,-7.99,18.25,-0.50,0.985,-0.068,0.159,0.007,,,,,,,,,,,,,,,,,,,,,,,,,,,,,,,,,,,,,,,,,,,,,,,,,,,,,,,,,,,,,,,,,,,,,,,,,,,,,,,,,,,,,,,,,,,,,,,,,,,,,,,,,,,,,,,,,,,,,,,,,,,,,,,,,,,,,,,,,,,,,,,,,,,,,,,,,,,,,,,,,,,,,,,,,,,,,,,,,,,,,,,,,,,,,,,,,,,,,,,,,,,,,,,,,,,,,,,,,,,,,,,,,,,,,,,,,,,,,,
1784901939,0,0.020,0.000,1.002,0.00,0.00,0.10,40.70,14.10,-1.60,-0.13,-1.25,-1.76,1.000,-0.001,-0.011,-0.015,1,-0.444,-0.007,0.940,-13.30,-44.40,23.80,41.70,2.20,10.20,-7.87,17.92,-0.15,0.985,-0.068,0.155,0.009,,,,,,,,,,,,,,,,,,,,,,,,,,,,,,,,,,,,,,,,,,,,,,,,,,,,,,,,,,,,,,,,,,,,,,,,,,,,,,,,,,,,,,,,,,,,,,,,,,,,,,,,,,,,,,,,,,,,,,,,,,,,,,,,,,,,,,,,,,,,,,,,,,,,,,,,,,,,,,,,,,,,,,,,,,,,,,,,,,,,,,,,,,,,,,,,,,,,,,,,,,,,,,,,,,,,,,,,,,,,,,,,,,,,,,,,,,,,,,
1784901939,0,0.024,0.000,1.002,0.00,0.00,0.10,40.70,14.10,-1.60,-0.13,-1.25,-1.76,1.000,-0.001,-0.011,-0.015,1,-0.482,-0.065,0.917,-25.90,-47.80,19.20,41.70,2.20,10.20,-7.87,17.92,-0.15,0.985,-0.068,0.155,0.009,,,,,,,,,,,,,,,,,,,,,,,,,,,,,,,,,,,,,,,,,,,,,,,,,,,,,,,,,,,,,,,,,,,,,,,,,,,,,,,,,,,,,,,,,,,,,,,,,,,,,,,,,,,,,,,,,,,,,,,,,,,,,,,,,,,,,,,,,,,,,,,,,,,,,,,,,,,,,,,,,,,,,,,,,,,,,,,,,,,,,,,,,,,,,,,,,,,,,,,,,,,,,,,,,,,,,,,,,,,,,,,,,,,,,,,,,,,,,,
1784901939,0,0.020,0.000,1.002,0.00,0.00,0.10,40.70,14.10,-1.60,-0.13,-1.25,-1.76,1.000,-0.001,-0.011,-0.015,1,-0.467,-0.077,0.893,-37.60,-52.00,14.90,41.70,2.20,10.20,-7.87,17.92,-0.15,0.985,-0.068,0.155,0.009,,,,,,,,,,,,,,,,,,,,,,,,,,,,,,,,,,,,,,,,,,,,,,,,,,,,,,,,,,,,,,,,,,,,,,,,,,,,,,,,,,,,,,,,,,,,,,,,,,,,,,,,,,,,,,,,,,,,,,,,,,,,,,,,,,,,,,,,,,,,,,,,,,,,,,,,,,,,,,,,,,,,,,,,,,,,,,,,,,,,,,,,,,,,,,,,,,,,,,,,,,,,,,,,,,,,,,,,,,,,,,,,,,,,,,,,,,,,,,
1784901939,0,0.016,-0.004,0.998,0.00,0.00,0.10,40.70,14.10,-1.60,-0.13,-1.25,-1.76,1.000,-0.001,-0.011,-0.015,1,-0.447,-0.089,0.862,-46.30,-56.80,11.00,41.70,2.20,10.20,-7.87,17.92,-0.15,0.985,-0.068,0.155,0.009,,,,,,,,,,,,,,,,,,,,,,,,,,,,,,,,,,,,,,,,,,,,,,,,,,,,,,,,,,,,,,,,,,,,,,,,,,,,,,,,,,,,,,,,,,,,,,,,,,,,,,,,,,,,,,,,,,,,,,,,,,,,,,,,,,,,,,,,,,,,,,,,,,,,,,,,,,,,,,,,,,,,,,,,,,,,,,,,,,,,,,,,,,,,,,,,,,,,,,,,,,,,,,,,,,,,,,,,,,,,,,,,,,,,,,,,,,,,,,
1784901939,0,0.024,-0.004,0.998,0.00,0.00,0.10,37.20,20.20,-1.20,-0.13,-1.25,-1.76,1.000,-0.001,-0.011,-0.015,1,-0.443,-0.121,0.858,-51.40,-61.40,7.50,41.50,2.20,8.10,-8.20,17.40,0.07,0.986,-0.071,0.151,0.011,,,,,,,,,,,,,,,,,,,,,,,,,,,,,,,,,,,,,,,,,,,,,,,,,,,,,,,,,,,,,,,,,,,,,,,,,,,,,,,,,,,,,,,,,,,,,,,,,,,,,,,,,,,,,,,,,,,,,,,,,,,,,,,,,,,,,,,,,,,,,,,,,,,,,,,,,,,,,,,,,,,,,,,,,,,,,,,,,,,,,,,,,,,,,,,,,,,,,,,,,,,,,,,,,,,,,,,,,,,,,,,,,,,,,,,,,,,,,,
1784901939,0,0.020,-0.004,0.998,0.00,0.00,0.00,37.20,20.20,-1.20,-0.13,-1.25,-1.76,1.000,-0.001,-0.011,-0.015,1,-0.451,-0.140,0.882,-53.00,-65.10,4.40,41.50,2.20,8.10,-8.20,17.40,0.07,0.986,-0.071,0.151,0.011,,,,,,,,,,,,,,,,,,,,,,,,,,,,,,,,,,,,,,,,,,,,,,,,,,,,,,,,,,,,,,,,,,,,,,,,,,,,,,,,,,,,,,,,,,,,,,,,,,,,,,,,,,,,,,,,,,,,,,,,,,,,,,,,,,,,,,,,,,,,,,,,,,,,,,,,,,,,,,,,,,,,,,,,,,,,,,,,,,,,,,,,,,,,,,,,,,,,,,,,,,,,,,,,,,,,,,,,,,,,,,,,,,,,,,,,,,,,,,
1784901939,0,0.020,0.000,1.006,0.00,0.00,0.00,37.20,20.20,-1.20,-0.13,-1.25,-1.76,1.000,-0.001,-0.011,-0.015,1,-0.444,-0.156,0.905,-52.20,-68.20,1.70,41.50,2.20,8.10,-8.20,17.40,0.07,0.986,-0.071,0.151,0.011,,,,,,,,,,,,,,,,,,,,,,,,,,,,,,,,,,,,,,,,,,,,,,,,,,,,,,,,,,,,,,,,,,,,,,,,,,,,,,,,,,,,,,,,,,,,,,,,,,,,,,,,,,,,,,,,,,,,,,,,,,,,,,,,,,,,,,,,,,,,,,,,,,,,,,,,,,,,,,,,,,,,,,,,,,,,,,,,,,,,,,,,,,,,,,,,,,,,,,,,,,,,,,,,,,,,,,,,,,,,,,,,,,,,,,,,,,,,,,
1784901939,0,0.024,0.000,0.998,-0.10,0.00,0.00,37.20,20.20,-1.20,-0.13,-1.25,-1.76,1.000,-0.001,-0.011,-0.015,1,-0.432,-0.204,0.901,-50.20,-71.20,-0.50,41.50,2.20,8.10,-8.20,17.40,0.07,0.986,-0.071,0.151,0.011,,,,,,,,,,,,,,,,,,,,,,,,,,,,,,,,,,,,,,,,,,,,,,,,,,,,,,,,,,,,,,,,,,,,,,,,,,,,,,,,,,,,,,,,,,,,,,,,,,,,,,,,,,,,,,,,,,,,,,,,,,,,,,,,,,,,,,,,,,,,,,,,,,,,,,,,,,,,,,,,,,,,,,,,,,,,,,,,,,,,,,,,,,,,,,,,,,,,,,,,,,,,,,,,,,,,,,,,,,,,,,,,,,,,,,,,,,,,,,
1784901939,0,0.024,-0.004,0.998,0.00,0.00,-0.10,36.20,19.80,-1.30,-0.13,-1.25,-1.76,1.000,-0.001,-0.011,-0.015,1,-0.431,-0.223,0.862,-48.20,-74.50,-2.40,41.50,2.20,8.10,-8.68,16.72,0.18,0.987,-0.075,0.145,0.013,,,,,,,,,,,,,,,,,,,,,,,,,,,,,,,,,,,,,,,,,,,,,,,,,,,,,,,,,,,,,,,,,,,,,,,,,,,,,,,,,,,,,,,,,,,,,,,,,,,,,,,,,,,,,,,,,,,,,,,,,,,,,,,,,,,,,,,,,,,,,,,,,,,,,,,,,,,,,,,,,,,,,,,,,,,,,,,,,,,,,,,,,,,,,,,,,,,,,,,,,,,,,,,,,,,,,,,,,,,,,,,,,,,,,,,,,,,,,,
1784901939,0,0.024,0.000,0.998,0.00,-0.10,0.00,36.20,19.80,-1.30,-0.13,-1.25,-1.76,1.000,-0.001,-0.011,-0.015,1,-0.403,-0.204,0.823,-47.20,-77.70,-4.40,41.50,2.20,8.10,-8.68,16.72,0.18,0.987,-0.075,0.145,0.013,,,,,,,,,,,,,,,,,,,,,,,,,,,,,,,,,,,,,,,,,,,,,,,,,,,,,,,,,,,,,,,,,,,,,,,,,,,,,,,,,,,,,,,,,,,,,,,,,,,,,,,,,,,,,,,,,,,,,,,,,,,,,,,,,,,,,,,,,,,,,,,,,,,,,,,,,,,,,,,,,,,,,,,,,,,,,,,,,,,,,,,,,,,,,,,,,,,,,,,,,,,,,,,,,,,,,,,,,,,,,,,,,,,,,,,,,,,,,,
1784901939,0,0.020,0.000,0.998,0.00,-0.10,0.00,36.20,19.80,-1.30,-0.13,-1.25,-1.76,1.000,-0.001,-0.011,-0.015,1,-0.371,-0.224,0.780,-47.80,-80.80,-6.20,41.50,2.20,8.10,-8.68,16.72,0.18,0.987,-0.075,0.145,0.013,,,,,,,,,,,,,,,,,,,,,,,,,,,,,,,,,,,,,,,,,,,,,,,,,,,,,,,,,,,,,,,,,,,,,,,,,,,,,,,,,,,,,,,,,,,,,,,,,,,,,,,,,,,,,,,,,,,,,,,,,,,,,,,,,,,,,,,,,,,,,,,,,,,,,,,,,,,,,,,,,,,,,,,,,,,,,,,,,,,,,,,,,,,,,,,,,,,,,,,,,,,,,,,,,,,,,,,,,,,,,,,,,,,,,,,,,,,,,,
1784901939,0,0.024,0.000,0.998,0.00,0.00,0.00,36.20,19.80,-1.30,-0.13,-1.25,-1.76,1.000,-0.001,-0.011,-0.015,1,-0.367,-0.255,0.753,-49.90,-84.40,-7.80,41.50,2.20,8.10,-8.68,16.72,0.18,0.987,-0.075,0.145,0.013,,,,,,,,,,,,,,,,,,,,,,,,,,,,,,,,,,,,,,,,,,,,,,,,,,,,,,,,,,,,,,,,,,,,,,,,,,,,,,,,,,,,,,,,,,,,,,,,,,,,,,,,,,,,,,,,,,,,,,,,,,,,,,,,,,,,,,,,,,,,,,,,,,,,,,,,,,,,,,,,,,,,,,,,,,,,,,,,,,,,,,,,,,,,,,,,,,,,,,,,,,,,,,,,,,,,,,,,,,,,,,,,,,,,,,,,,,,,,,
1784901939,0,0.020,0.000,0.998,0.00,0.00,0.00,36.00,19.80,-1.10,-0.13,-1.25,-1.76,1.000,-0.001,-0.011,-0.015,1,-0.329,-0.299,0.780,-53.40,-90.20,-9.30,41.50,1.80,8.40,-9.16,15.89,0.24,0.987,-0.079,0.138,0.013,,,,,,,,,,,,,,,,,,,,,,,,,,,,,,,,,,,,,,,,,,,,,,,,,,,,,,,,,,,,,,,,,,,,,,,,,,,,,,,,,,,,,,,,,,,,,,,,,,,,,,,,,,,,,,,,,,,,,,,,,,,,,,,,,,,,,,,,,,,,,,,,,,,,,,,,,,,,,,,,,,,,,,,,,,,,,,,,,,,,,,,,,,,,,,,,,,,,,,,,,,,,,,,,,,,,,,,,,,,,,,,,,,,,,,,,,,,,,,
1784901939,0,0.024,0.000,0.998,0.00,-0.10,0.00,36.00,19.80,-1.10,-0.13,-1.25,-1.76,1.000,-0.001,-0.011,-0.015,1,-0.317,-0.355,0.791,-58.60,-98.80,-11.20,41.50,1.80,8.40,-9.16,15.89,0.24,0.987,-0.079,0.138,0.013,,,,,,,,,,,,,,,,,,,,,,,,,,,,,,,,,,,,,,,,,,,,,,,,,,,,,,,,,,,,,,,,,,,,,,,,,,,,,,,,,,,,,,,,,,,,,,,,,,,,,,,,,,,,,,,,,,,,,,,,,,,,,,,,,,,,,,,,,,,,,,,,,,,,,,,,,,,,,,,,,,,,,,,,,,,,,,,,,,,,,,,,,,,,,,,,,,,,,,,,,,,,,,,,,,,,,,,,,,,,,,,,,,,,,,,,,,,,,,
1784901939,0,0.020,-0.004,1.002,0.00,-0.10,0.00,36.00,19.80,-1.10,-0.13,-1.25,-1.76,1.000,-0.001,-0.011,-0.015,1,-0.275,-0.399,0.822,-66.70,-110.00,-13.90,41.50,1.80,8.40,-9.16,15.89,0.24,0.987,-0.079,0.138,0.013,,,,,,,,,,,,,,,,,,,,,,,,,,,,,,,,,,,,,,,,,,,,,,,,,,,,,,,,,,,,,,,,,,,,,,,,,,,,,,,,,,,,,,,,,,,,,,,,,,,,,,,,,,,,,,,,,,,,,,,,,,,,,,,,,,,,,,,,,,,,,,,,,,,,,,,,,,,,,,,,,,,,,,,,,,,,,,,,,,,,,,,,,,,,,,,,,,,,,,,,,,,,,,,,,,,,,,,,,,,,,,,,,,,,,,,,,,,,,,
1784901939,0,0.024,-0.004,1.002,0.00,-0.10,0.00,36.00,19.80,-1.10,-0.13,-1.25,-1.76,1.000,-0.001,-0.011,-0.015,1,-0.206,-0.514,0.896,-79.20,-122.80,-17.70,41.50,1.80,8.40,-9.16,15.89,0.24,0.987,-0.079,0.138,0.013,,,,,,,,,,,,,,,,,,,,,,,,,,,,,,,,,,,,,,,,,,,,,,,,,,,,,,,,,,,,,,,,,,,,,,,,,,,,,,,,,,,,,,,,,,,,,,,,,,,,,,,,,,,,,,,,,,,,,,,,,,,,,,,,,,,,,,,,,,,,,,,,,,,,,,,,,,,,,,,,,,,,,,,,,,,,,,,,,,,,,,,,,,,,,,,,,,,,,,,,,,,,,,,,,,,,,,,,,,,,,,,,,,,,,,,,,,,,,,
1784901939,0,0.020,-0.004,1.002,0.00,-0.10,0.00,36.10,20.00,-1.30,-0.13,-1.26,-1.76,1.000,-0.001,-0.011,-0.015,1,-0.199,-0.589,0.927,-95.90,-135.00,-22.20,42.20,1.80,7.50,-9.91,14.71,0.28,0.988,-0.086,0.127,0.013,,,,,,,,,,,,,,,,,,,,,,,,,,,,,,,,,,,,,,,,,,,,,,,,,,,,,,,,,,,,,,,,,,,,,,,,,,,,,,,,,,,,,,,,,,,,,,,,,,,,,,,,,,,,,,,,,,,,,,,,,,,,,,,,,,,,,,,,,,,,,,,,,,,,,,,,,,,,,,,,,,,,,,,,,,,,,,,,,,,,,,,,,,,,,,,,,,,,,,,,,,,,,,,,,,,,,,,,,,,,,,,,,,,,,,,,,,,,,,
1784901939,0,0.020,0.000,1.002,0.00,0.00,0.00,36.10,20.00,-1.30,-0.13,-1.26,-1.76,1.000,-0.001,-0.011,-0.015,1,-0.184,-0.660,0.946,-115.10,-145.00,-27.50,42.20,1.80,7.50,-9.92,14.71,0.27,0.988,-0.086,0.127,0.013,,,,,,,,,,,,,,,,,,,,,,,,,,,,,,,,,,,,,,,,,,,,,,,,,,,,,,,,,,,,,,,,,,,,,,,,,,,,,,,,,,,,,,,,,,,,,,,,,,,,,,,,,,,,,,,,,,,,,,,,,,,,,,,,,,,,,,,,,,,,,,,,,,,,,,,,,,,,,,,,,,,,,,,,,,,,,,,,,,,,,,,,,,,,,,,,,,,,,,,,,,,,,,,,,,,,,,,,,,,,,,,,,,,,,,,,,,,,,,
1784901939,0,0.020,-0.004,0.994,0.00,0.00,0.00,36.10,20.00,-1.30,-0.13,-1.26,-1.76,1.000,-0.001,-0.011,-0.015,1,-0.169,-0.704,0.969,-134.50,-152.60,-32.70,42.20,1.80,7.50,-9.92,14.71,0.27,0.988,-0.086,0.127,0.013,,,,,,,,,,,,,,,,,,,,,,,,,,,,,,,,,,,,,,,,,,,,,,,,,,,,,,,,,,,,,,,,,,,,,,,,,,,,,,,,,,,,,,,,,,,,,,,,,,,,,,,,,,,,,,,,,,,,,,,,,,,,,,,,,,,,,,,,,,,,,,,,,,,,,,,,,,,,,,,,,,,,,,,,,,,,,,,,,,,,,,,,,,,,,,,,,,,,,,,,,,,,,,,,,,,,,,,,,,,,,,,,,,,,,,,,,,,,,,
1784901939,0,0.020,0.000,1.002,0.10,0.00,0.00,36.10,20.00,-1.30,-0.13,-1.26,-1.76,1.000,-0.001,-0.011,-0.015,1,-0.107,-0.760,1.000,-152.00,-158.40,-37.00,42.20,1.80,7.50,-9.92,14.71,0.27,0.988,-0.086,0.127,0.013,,,,,,,,,,,,,,,,,,,,,,,,,,,,,,,,,,,,,,,,,,,,,,,,,,,,,,,,,,,,,,,,,,,,,,,,,,,,,,,,,,,,,,,,,,,,,,,,,,,,,,,,,,,,,,,,,,,,,,,,,,,,,,,,,,,,,,,,,,,,,,,,,,,,,,,,,,,,,,,,,,,,,,,,,,,,,,,,,,,,,,,,,,,,,,,,,,,,,,,,,,,,,,,,,,,,,,,,,,,,,,,,,,,,,,,,,,,,,,
1784901939,0,0.020,0.000,1.002,0.00,0.10,0.10,41.40,16.70,-1.60,-0.13,-1.26,-1.76,1.000,-0.001,-0.011,-0.015,1,-0.076,-0.769,1.012,-166.40,-163.50,-40.10,42.30,1.50,5.80,-11.35,13.13,0.22,0.989,-0.098,0.114,0.013,,,,,,,,,,,,,,,,,,,,,,,,,,,,,,,,,,,,,,,,,,,,,,,,,,,,,,,,,,,,,,,,,,,,,,,,,,,,,,,,,,,,,,,,,,,,,,,,,,,,,,,,,,,,,,,,,,,,,,,,,,,,,,,,,,,,,,,,,,,,,,,,,,,,,,,,,,,,,,,,,,,,,,,,,,,,,,,,,,,,,,,,,,,,,,,,,,,,,,,,,,,,,,,,,,,,,,,,,,,,,,,,,,,,,,,,,,,,,,
1784901939,0,0.024,0.000,0.998,0.00,0.00,0.10,41.40,16.70,-1.60,-0.13,-1.26,-1.76,1.000,-0.001,-0.011,-0.015,1,-0.041,-0.765,1.012,-177.50,-168.20,-41.80,42.30,1.50,5.80,-11.35,13.13,0.22,0.989,-0.098,0.114,0.013,,,,,,,,,,,,,,,,,,,,,,,,,,,,,,,,,,,,,,,,,,,,,,,,,,,,,,,,,,,,,,,,,,,,,,,,,,,,,,,,,,,,,,,,,,,,,,,,,,,,,,,,,,,,,,,,,,,,,,,,,,,,,,,,,,,,,,,,,,,,,,,,,,,,,,,,,,,,,,,,,,,,,,,,,,,,,,,,,,,,,,,,,,,,,,,,,,,,,,,,,,,,,,,,,,,,,,,,,,,,,,,,,,,,,,,,,,,,,,
1784901939,0,0.020,-0.004,0.998,0.00,0.00,0.10,41.40,16.70,-1.60,-0.13,-1.26,-1.76,1.000,-0.001,-0.011,-0.015,1,0.013,-0.794,1.011,-186.00,-172.70,-42.30,42.30,1.50,5.80,-11.35,13.13,0.22,0.989,-0.098,0.114,0.013,,,,,,,,,,,,,,,,,,,,,,,,,,,,,,,,,,,,,,,,,,,,,,,,,,,,,,,,,,,,,,,,,,,,,,,,,,,,,,,,,,,,,,,,,,,,,,,,,,,,,,,,,,,,,,,,,,,,,,,,,,,,,,,,,,,,,,,,,,,,,,,,,,,,,,,,,,,,,,,,,,,,,,,,,,,,,,,,,,,,,,,,,,,,,,,,,,,,,,,,,,,,,,,,,,,,,,,,,,,,,,,,,,,,,,,,,,,,,,
1784901939,0,0.020,0.000,0.998,-0.10,0.00,0.10,41.40,16.70,-1.60,-0.13,-1.26,-1.76,1.000,-0.001,-0.011,-0.015,1,0.032,-0.790,1.003,-192.70,-176.50,-41.70,42.30,1.50,5.80,-11.35,13.13,0.22,0.989,-0.098,0.114,0.013,,,,,,,,,,,,,,,,,,,,,,,,,,,,,,,,,,,,,,,,,,,,,,,,,,,,,,,,,,,,,,,,,,,,,,,,,,,,,,,,,,,,,,,,,,,,,,,,,,,,,,,,,,,,,,,,,,,,,,,,,,,,,,,,,,,,,,,,,,,,,,,,,,,,,,,,,,,,,,,,,,,,,,,,,,,,,,,,,,,,,,,,,,,,,,,,,,,,,,,,,,,,,,,,,,,,,,,,,,,,,,,,,,,,,,,,,,,,,,
1784901939,0,0.020,-0.004,0.998,-0.10,-0.10,0.10,38.30,17.60,-1.60,-0.13,-1.26,-1.75,1.000,-0.001,-0.011,-0.015,1,0.025,-0.794,0.996,-198.40,-179.60,-39.40,42.20,1.20,5.00,-13.25,11.34,0.18,0.988,-0.115,0.098,0.013,,,,,,,,,,,,,,,,,,,,,,,,,,,,,,,,,,,,,,,,,,,,,,,,,,,,,,,,,,,,,,,,,,,,,,,,,,,,,,,,,,,,,,,,,,,,,,,,,,,,,,,,,,,,,,,,,,,,,,,,,,,,,,,,,,,,,,,,,,,,,,,,,,,,,,,,,,,,,,,,,,,,,,,,,,,,,,,,,,,,,,,,,,,,,,,,,,,,,,,,,,,,,,,,,,,,,,,,,,,,,,,,,,,,,,,,,,,,,,
1784901939,0,0.024,0.000,0.998,0.00,0.00,-0.10,38.30,17.60,-1.60,-0.13,-1.26,-1.75,1.000,-0.001,-0.011,-0.015,1,0.017,-0.810,0.968,-202.70,-181.60,-35.00,42.20,1.20,5.00,-13.25,11.34,0.18,0.988,-0.115,0.098,0.013,,,,,,,,,,,,,,,,,,,,,,,,,,,,,,,,,,,,,,,,,,,,,,,,,,,,,,,,,,,,,,,,,,,,,,,,,,,,,,,,,,,,,,,,,,,,,,,,,,,,,,,,,,,,,,,,,,,,,,,,,,,,,,,,,,,,,,,,,,,,,,,,,,,,,,,,,,,,,,,,,,,,,,,,,,,,,,,,,,,,,,,,,,,,,,,,,,,,,,,,,,,,,,,,,,,,,,,,,,,,,,,,,,,,,,,,,,,,,,
1784901939,0,0.024,-0.004,0.998,0.00,0.00,-0.10,38.30,17.60,-1.60,-0.13,-1.26,-1.75,1.000,-0.001,-0.011,-0.015,1,0.068,-0.854,0.949,-204.70,-181.80,-28.50,42.20,1.20,5.00,-13.25,11.34,0.18,0.988,-0.115,0.098,0.013,,,,,,,,,,,,,,,,,,,,,,,,,,,,,,,,,,,,,,,,,,,,,,,,,,,,,,,,,,,,,,,,,,,,,,,,,,,,,,,,,,,,,,,,,,,,,,,,,,,,,,,,,,,,,,,,,,,,,,,,,,,,,,,,,,,,,,,,,,,,,,,,,,,,,,,,,,,,,,,,,,,,,,,,,,,,,,,,,,,,,,,,,,,,,,,,,,,,,,,,,,,,,,,,,,,,,,,,,,,,,,,,,,,,,,,,,,,,,,
1784901939,0,0.020,-0.004,1.002,0.00,0.00,-0.10,38.30,17.60,-1.60,-0.13,-1.26,-1.75,1.000,-0.001,-0.011,-0.015,1,0.079,-0.889,0.976,-203.50,-179.80,-20.70,42.20,1.20,5.00,-13.25,11.34,0.18,0.988,-0.115,0.098,0.013,,,,,,,,,,,,,,,,,,,,,,,,,,,,,,,,,,,,,,,,,,,,,,,,,,,,,,,,,,,,,,,,,,,,,,,,,,,,,,,,,,,,,,,,,,,,,,,,,,,,,,,,,,,,,,,,,,,,,,,,,,,,,,,,,,,,,,,,,,,,,,,,,,,,,,,,,,,,,,,,,,,,,,,,,,,,,,,,,,,,,,,,,,,,,,,,,,,,,,,,,,,,,,,,,,,,,,,,,,,,,,,,,,,,,,,,,,,,,,
1784901939,0,0.024,-0.004,1.002,0.00,0.10,0.00,39.60,17.50,-1.70,-0.13,-1.26,-1.75,1.000,-0.001,-0.011,-0.015,1,0.079,-0.905,1.007,-199.10,-176.30,-13.00,42.20,1.20,5.00,-15.23,9.53,0.40,0.988,-0.132,0.082,0.014,,,,,,,,,,,,,,,,,,,,,,,,,,,,,,,,,,,,,,,,,,,,,,,,,,,,,,,,,,,,,,,,,,,,,,,,,,,,,,,,,,,,,,,,,,,,,,,,,,,,,,,,,,,,,,,,,,,,,,,,,,,,,,,,,,,,,,,,,,,,,,,,,,,,,,,,,,,,,,,,,,,,,,,,,,,,,,,,,,,,,,,,,,,,,,,,,,,,,,,,,,,,,,,,,,,,,,,,,,,,,,,,,,,,,,,,,,,,,,
1784901939,0,0.020,0.000,1.002,0.00,0.10,0.00,39.60,17.50,-1.70,-0.13,-1.26,-1.75,1.000,-0.001,-0.011,-0.015,1,0.074,-0.917,1.038,-192.90,-173.10,-6.40,42.20,1.20,5.00,-15.23,9.53,0.40,0.988,-0.132,0.082,0.014,,,,,,,,,,,,,,,,,,,,,,,,,,,,,,,,,,,,,,,,,,,,,,,,,,,,,,,,,,,,,,,,,,,,,,,,,,,,,,,,,,,,,,,,,,,,,,,,,,,,,,,,,,,,,,,,,,,,,,,,,,,,,,,,,,,,,,,,,,,,,,,,,,,,,,,,,,,,,,,,,,,,,,,,,,,,,,,,,,,,,,,,,,,,,,,,,,,,,,,,,,,,,,,,,,,,,,,,,,,,,,,,,,,,,,,,,,,,,,
1784901939,0,0.020,0.000,0.998,0.00,0.10,0.00,39.60,17.50,-1.70,-0.13,-1.26,-1.75,1.000,-0.001,-0.011,-0.015,1,0.058,-0.948,1.089,-186.80,-171.20,-1.10,42.20,1.20,5.00,-15.23,9.53,0.40,0.988,-0.132,0.082,0.014,,,,,,,,,,,,,,,,,,,,,,,,,,,,,,,,,,,,,,,,,,,,,,,,,,,,,,,,,,,,,,,,,,,,,,,,,,,,,,,,,,,,,,,,,,,,,,,,,,,,,,,,,,,,,,,,,,,,,,,,,,,,,,,,,,,,,,,,,,,,,,,,,,,,,,,,,,,,,,,,,,,,,,,,,,,,,,,,,,,,,,,,,,,,,,,,,,,,,,,,,,,,,,,,,,,,,,,,,,,,,,,,,,,,,,,,,,,,,,
1784901939,0,0.020,-0.004,0.998,0.10,0.10,0.00,39.60,17.50,-1.70,-0.13,-1.26,-1.75,1.000,-0.001,-0.011,-0.015,1,0.038,-0.956,1.116,-182.60,-170.40,3.00,42.20,1.20,5.00,-15.23,9.53,0.40,0.988,-0.132,0.082,0.014,,,,,,,,,,,,,,,,,,,,,,,,,,,,,,,,,,,,,,,,,,,,,,,,,,,,,,,,,,,,,,,,,,,,,,,,,,,,,,,,,,,,,,,,,,,,,,,,,,,,,,,,,,,,,,,,,,,,,,,,,,,,,,,,,,,,,,,,,,,,,,,,,,,,,,,,,,,,,,,,,,,,,,,,,,,,,,,,,,,,,,,,,,,,,,,,,,,,,,,,,,,,,,,,,,,,,,,,,,,,,,,,,,,,,,,,,,,,,,
1784901939,0,0.016,-0.004,0.998,0.10,0.10,0.00,40.30,17.60,-1.50,-0.13,-1.25,-1.75,1.000,-0.001,-0.011,-0.015,1,0.033,-0.932,1.147,-181.70,-170.40,5.80,43.80,1.20,2.30,-17.02,7.89,0.88,0.987,-0.148,0.067,0.018,,,,,,,,,,,,,,,,,,,,,,,,,,,,,,,,,,,,,,,,,,,,,,,,,,,,,,,,,,,,,,,,,,,,,,,,,,,,,,,,,,,,,,,,,,,,,,,,,,,,,,,,,,,,,,,,,,,,,,,,,,,,,,,,,,,,,,,,,,,,,,,,,,,,,,,,,,,,,,,,,,,,,,,,,,,,,,,,,,,,,,,,,,,,,,,,,,,,,,,,,,,,,,,,,,,,,,,,,,,,,,,,,,,,,,,,,,,,,,
1784901939,0,0.020,0.000,0.998,0.00,0.10,0.00,40.30,17.60,-1.50,-0.13,-1.25,-1.75,1.000,-0.001,-0.011,-0.015,1,-0.017,-0.884,1.175,-184.10,-170.50,6.50,43.80,1.20,2.30,-17.02,7.89,0.88,0.987,-0.148,0.067,0.018,,,,,,,,,,,,,,,,,,,,,,,,,,,,,,,,,,,,,,,,,,,,,,,,,,,,,,,,,,,,,,,,,,,,,,,,,,,,,,,,,,,,,,,,,,,,,,,,,,,,,,,,,,,,,,,,,,,,,,,,,,,,,,,,,,,,,,,,,,,,,,,,,,,,,,,,,,,,,,,,,,,,,,,,,,,,,,,,,,,,,,,,,,,,,,,,,,,,,,,,,,,,,,,,,,,,,,,,,,,,,,,,,,,,,,,,,,,,,,
1784901939,0,0.024,0.000,0.998,0.00,0.10,0.00,40.30,17.60,-1.50,-0.13,-1.25,-1.75,1.000,-0.001,-0.011,-0.015,1,-0.141,-0.866,1.113,-189.30,-170.40,4.70,43.80,1.20,2.30,-17.02,7.89,0.88,0.987,-0.148,0.067,0.018,,,,,,,,,,,,,,,,,,,,,,,,,,,,,,,,,,,,,,,,,,,,,,,,,,,,,,,,,,,,,,,,,,,,,,,,,,,,,,,,,,,,,,,,,,,,,,,,,,,,,,,,,,,,,,,,,,,,,,,,,,,,,,,,,,,,,,,,,,,,,,,,,,,,,,,,,,,,,,,,,,,,,,,,,,,,,,,,,,,,,,,,,,,,,,,,,,,,,,,,,,,,,,,,,,,,,,,,,,,,,,,,,,,,,,,,,,,,,,
1784901939,0,0.020,-0.008,1.006,0.00,0.00,0.00,40.30,17.60,-1.50,-0.13,-1.25,-1.75,1.000,-0.001,-0.011,-0.015,1,-0.333,-0.822,0.951,-196.70,-170.40,0.50,43.80,1.20,2.30,-17.02,7.89,0.88,0.987,-0.148,0.067,0.018,,,,,,,,,,,,,,,,,,,,,,,,,,,,,,,,,,,,,,,,,,,,,,,,,,,,,,,,,,,,,,,,,,,,,,,,,,,,,,,,,,,,,,,,,,,,,,,,,,,,,,,,,,,,,,,,,,,,,,,,,,,,,,,,,,,,,,,,,,,,,,,,,,,,,,,,,,,,,,,,,,,,,,,,,,,,,,,,,,,,,,,,,,,,,,,,,,,,,,,,,,,,,,,,,,,,,,,,,,,,,,,,,,,,,,,,,,,,,,
1784901939,0,0.020,-0.004,1.002,0.00,0.00,-0.10,41.00,17.80,-1.80,-0.13,-1.25,-1.76,1.000,-0.001,-0.011,-0.015,1,-0.389,-0.758,0.796,-203.30,-170.60,-7.00,44.00,1.10,1.50,-18.89,6.27,1.42,0.985,-0.165,0.052,0.021,,,,,,,,,,,,,,,,,,,,,,,,,,,,,,,,,,,,,,,,,,,,,,,,,,,,,,,,,,,,,,,,,,,,,,,,,,,,,,,,,,,,,,,,,,,,,,,,,,,,,,,,,,,,,,,,,,,,,,,,,,,,,,,,,,,,,,,,,,,,,,,,,,,,,,,,,,,,,,,,,,,,,,,,,,,,,,,,,,,,,,,,,,,,,,,,,,,,,,,,,,,,,,,,,,,,,,,,,,,,,,,,,,,,,,,,,,,,,,
1784901939,0,0.024,0.000,1.002,0.00,-0.10,0.00,41.00,17.80,-1.80,-0.13,-1.25,-1.76,1.000,-0.001,-0.011,-0.015,1,-0.044,-0.726,0.980,-203.20,-171.20,-19.50,44.00,1.10,1.50,-18.89,6.27,1.42,0.985,-0.165,0.052,0.021,,,,,,,,,,,,,,,,,,,,,,,,,,,,,,,,,,,,,,,,,,,,,,,,,,,,,,,,,,,,,,,,,,,,,,,,,,,,,,,,,,,,,,,,,,,,,,,,,,,,,,,,,,,,,,,,,,,,,,,,,,,,,,,,,,,,,,,,,,,,,,,,,,,,,,,,,,,,,,,,,,,,,,,,,,,,,,,,,,,,,,,,,,,,,,,,,,,,,,,,,,,,,,,,,,,,,,,,,,,,,,,,,,,,,,,,,,,,,,
1784901939,0,0.020,-0.004,0.998,0.00,-0.10,0.00,41.00,17.80,-1.80,-0.13,-1.25,-1.76,1.000,-0.001,-0.011,-0.015,1,0.011,-0.661,1.116,-190.50,-171.10,-38.00,44.00,1.10,1.50,-18.89,6.27,1.42,0.985,-0.165,0.052,0.021,,,,,,,,,,,,,,,,,,,,,,,,,,,,,,,,,,,,,,,,,,,,,,,,,,,,,,,,,,,,,,,,,,,,,,,,,,,,,,,,,,,,,,,,,,,,,,,,,,,,,,,,,,,,,,,,,,,,,,,,,,,,,,,,,,,,,,,,,,,,,,,,,,,,,,,,,,,,,,,,,,,,,,,,,,,,,,,,,,,,,,,,,,,,,,,,,,,,,,,,,,,,,,,,,,,,,,,,,,,,,,,,,,,,,,,,,,,,,,
1784901939,0,0.020,0.003,1.002,0.00,-0.10,0.00,41.00,17.80,-1.80,-0.13,-1.25,-1.76,1.000,-0.001,-0.011,-0.015,1,0.103,-0.632,1.240,-164.10,-168.00,-59.30,44.00,1.10,1.50,-18.89,6.27,1.42,0.985,-0.165,0.052,0.021,,,,,,,,,,,,,,,,,,,,,,,,,,,,,,,,,,,,,,,,,,,,,,,,,,,,,,,,,,,,,,,,,,,,,,,,,,,,,,,,,,,,,,,,,,,,,,,,,,,,,,,,,,,,,,,,,,,,,,,,,,,,,,,,,,,,,,,,,,,,,,,,,,,,,,,,,,,,,,,,,,,,,,,,,,,,,,,,,,,,,,,,,,,,,,,,,,,,,,,,,,,,,,,,,,,,,,,,,,,,,,,,,,,,,,,,,,,,,,
1784901939,0,0.020,-0.004,0.994,0.00,0.00,0.00,39.50,16.90,-1.60,-0.13,-1.25,-1.76,1.000,-0.001,-0.011,-0.015,1,0.089,-0.581,1.411,-130.30,-161.10,-77.00,43.90,1.90,-0.40,-20.60,4.53,1.53,0.983,-0.179,0.036,0.020,,,,,,,,,,,,,,,,,,,,,,,,,,,,,,,,,,,,,,,,,,,,,,,,,,,,,,,,,,,,,,,,,,,,,,,,,,,,,,,,,,,,,,,,,,,,,,,,,,,,,,,,,,,,,,,,,,,,,,,,,,,,,,,,,,,,,,,,,,,,,,,,,,,,,,,,,,,,,,,,,,,,,,,,,,,,,,,,,,,,,,,,,,,,,,,,,,,,,,,,,,,,,,,,,,,,,,,,,,,,,,,,,,,,,,,,,,,,,,
1784901939,0,0.024,0.003,0.998,0.00,0.00,0.00,39.50,16.90,-1.60,-0.13,-1.25,-1.76,1.000,-0.001,-0.011,-0.015,1,0.049,-0.565,1.446,-98.10,-152.20,-85.00,43.90,1.90,-0.40,-20.60,4.53,1.53,0.983,-0.179,0.036,0.020,,,,,,,,,,,,,,,,,,,,,,,,,,,,,,,,,,,,,,,,,,,,,,,,,,,,,,,,,,,,,,,,,,,,,,,,,,,,,,,,,,,,,,,,,,,,,,,,,,,,,,,,,,,,,,,,,,,,,,,,,,,,,,,,,,,,,,,,,,,,,,,,,,,,,,,,,,,,,,,,,,,,,,,,,,,,,,,,,,,,,,,,,,,,,,,,,,,,,,,,,,,,,,,,,,,,,,,,,,,,,,,,,,,,,,,,,,,,,,
1784901939,0,0.024,-0.004,0.998,0.00,0.00,-0.10,39.50,16.90,-1.60,-0.13,-1.25,-1.76,1.000,-0.001,-0.011,-0.015,1,0.060,-0.483,1.536,-74.60,-144.10,-81.50,43.90,1.90,-0.40,-20.60,4.53,1.53,0.983,-0.179,0.036,0.020,,,,,,,,,,,,,,,,,,,,,,,,,,,,,,,,,,,,,,,,,,,,,,,,,,,,,,,,,,,,,,,,,,,,,,,,,,,,,,,,,,,,,,,,,,,,,,,,,,,,,,,,,,,,,,,,,,,,,,,,,,,,,,,,,,,,,,,,,,,,,,,,,,,,,,,,,,,,,,,,,,,,,,,,,,,,,,,,,,,,,,,,,,,,,,,,,,,,,,,,,,,,,,,,,,,,,,,,,,,,,,,,,,,,,,,,,,,,,,
1784901939,0,0.020,-0.008,1.002,0.00,0.00,-0.10,39.50,16.90,-1.60,-0.13,-1.25,-1.76,1.000,-0.001,-0.011,-0.015,1,0.099,-0.398,1.776,-62.90,-139.00,-68.60,43.90,1.90,-0.40,-20.60,4.53,1.53,0.983,-0.179,0.036,0.020,,,,,,,,,,,,,,,,,,,,,,,,,,,,,,,,,,,,,,,,,,,,,,,,,,,,,,,,,,,,,,,,,,,,,,,,,,,,,,,,,,,,,,,,,,,,,,,,,,,,,,,,,,,,,,,,,,,,,,,,,,,,,,,,,,,,,,,,,,,,,,,,,,,,,,,,,,,,,,,,,,,,,,,,,,,,,,,,,,,,,,,,,,,,,,,,,,,,,,,,,,,,,,,,,,,,,,,,,,,,,,,,,,,,,,,,,,,,,,
1784901939,0,0.024,-0.004,1.002,0.00,0.00,-0.10,39.20,17.30,-1.20,-0.13,-1.25,-1.76,1.000,-0.001,-0.011,-0.015,1,-0.058,-0.489,1.618,-64.30,-138.00,-49.90,43.00,1.80,-1.40,-21.36,2.93,1.38,0.982,-0.186,0.023,0.017,,,,,,,,,,,,,,,,,,,,,,,,,,,,,,,,,,,,,,,,,,,,,,,,,,,,,,,,,,,,,,,,,,,,,,,,,,,,,,,,,,,,,,,,,,,,,,,,,,,,,,,,,,,,,,,,,,,,,,,,,,,,,,,,,,,,,,,,,,,,,,,,,,,,,,,,,,,,,,,,,,,,,,,,,,,,,,,,,,,,,,,,,,,,,,,,,,,,,,,,,,,,,,,,,,,,,,,,,,,,,,,,,,,,,,,,,,,,,,
1784901939,0,0.024,-0.004,0.998,0.00,0.00,-0.10,39.20,17.30,-1.20,-0.13,-1.25,-1.76,1.000,-0.001,-0.011,-0.015,1,-0.142,-0.534,1.506,-78.70,-140.40,-28.40,43.00,1.80,-1.40,-21.36,2.93,1.38,0.982,-0.186,0.023,0.017,,,,,,,,,,,,,,,,,,,,,,,,,,,,,,,,,,,,,,,,,,,,,,,,,,,,,,,,,,,,,,,,,,,,,,,,,,,,,,,,,,,,,,,,,,,,,,,,,,,,,,,,,,,,,,,,,,,,,,,,,,,,,,,,,,,,,,,,,,,,,,,,,,,,,,,,,,,,,,,,,,,,,,,,,,,,,,,,,,,,,,,,,,,,,,,,,,,,,,,,,,,,,,,,,,,,,,,,,,,,,,,,,,,,,,,,,,,,,,
1784901939,0,0.020,-0.004,0.998,0.00,0.00,0.00,39.20,17.30,-1.20,-0.13,-1.25,-1.76,1.000,-0.001,-0.011,-0.015,1,-0.203,-0.548,1.378,-102.40,-143.70,-6.70,43.00,1.80,-1.40,-21.36,2.93,1.38,0.982,-0.186,0.023,0.017,,,,,,,,,,,,,,,,,,,,,,,,,,,,,,,,,,,,,,,,,,,,,,,,,,,,,,,,,,,,,,,,,,,,,,,,,,,,,,,,,,,,,,,,,,,,,,,,,,,,,,,,,,,,,,,,,,,,,,,,,,,,,,,,,,,,,,,,,,,,,,,,,,,,,,,,,,,,,,,,,,,,,,,,,,,,,,,,,,,,,,,,,,,,,,,,,,,,,,,,,,,,,,,,,,,,,,,,,,,,,,,,,,,,,,,,,,,,,,
1784901939,0,0.020,-0.004,1.002,0.00,0.00,0.00,39.20,17.30,-1.20,-0.13,-1.25,-1.76,1.000,-0.001,-0.011,-0.015,1,-0.209,-0.563,1.292,-128.20,-143.80,11.60,43.00,1.80,-1.40,-21.36,2.93,1.38,0.982,-0.186,0.023,0.017,,,,,,,,,,,,,,,,,,,,,,,,,,,,,,,,,,,,,,,,,,,,,,,,,,,,,,,,,,,,,,,,,,,,,,,,,,,,,,,,,,,,,,,,,,,,,,,,,,,,,,,,,,,,,,,,,,,,,,,,,,,,,,,,,,,,,,,,,,,,,,,,,,,,,,,,,,,,,,,,,,,,,,,,,,,,,,,,,,,,,,,,,,,,,,,,,,,,,,,,,,,,,,,,,,,,,,,,,,,,,,,,,,,,,,,,,,,,,,
1784901939,0,0.020,-0.004,1.002,0.00,0.00,0.10,39.40,17.10,-1.80,-0.14,-1.25,-1.76,1.000,-0.001,-0.011,-0.015,1,-0.200,-0.555,1.246,-147.50,-137.30,23.10,43.00,1.80,-1.40,-22.48,1.62,1.91,0.981,-0.195,0.011,0.019,,,,,,,,,,,,,,,,,,,,,,,,,,,,,,,,,,,,,,,,,,,,,,,,,,,,,,,,,,,,,,,,,,,,,,,,,,,,,,,,,,,,,,,,,,,,,,,,,,,,,,,,,,,,,,,,,,,,,,,,,,,,,,,,,,,,,,,,,,,,,,,,,,,,,,,,,,,,,,,,,,,,,,,,,,,,,,,,,,,,,,,,,,,,,,,,,,,,,,,,,,,,,,,,,,,,,,,,,,,,,,,,,,,,,,,,,,,,,,
1784901939,0,0.020,0.000,1.002,0.00,0.10,0.10,39.40,17.10,-1.80,-0.14,-1.25,-1.76,1.000,-0.001,-0.011,-0.015,1,-0.196,-0.524,1.249,-155.60,-123.50,26.30,43.00,1.80,-1.40,-22.48,1.62,1.91,0.981,-0.195,0.011,0.019,,,,,,,,,,,,,,,,,,,,,,,,,,,,,,,,,,,,,,,,,,,,,,,,,,,,,,,,,,,,,,,,,,,,,,,,,,,,,,,,,,,,,,,,,,,,,,,,,,,,,,,,,,,,,,,,,,,,,,,,,,,,,,,,,,,,,,,,,,,,,,,,,,,,,,,,,,,,,,,,,,,,,,,,,,,,,,,,,,,,,,,,,,,,,,,,,,,,,,,,,,,,,,,,,,,,,,,,,,,,,,,,,,,,,,,,,,,,,,
1784901939,0,0.020,-0.004,0.998,0.00,0.10,0.20,39.40,17.10,-1.80,-0.14,-1.25,-1.76,1.000,-0.001,-0.011,-0.015,1,-0.201,-0.508,1.261,-152.00,-104.60,22.80,43.00,1.80,-1.40,-22.48,1.62,1.91,0.981,-0.195,0.011,0.019,,,,,,,,,,,,,,,,,,,,,,,,,,,,,,,,,,,,,,,,,,,,,,,,,,,,,,,,,,,,,,,,,,,,,,,,,,,,,,,,,,,,,,,,,,,,,,,,,,,,,,,,,,,,,,,,,,,,,,,,,,,,,,,,,,,,,,,,,,,,,,,,,,,,,,,,,,,,,,,,,,,,,,,,,,,,,,,,,,,,,,,,,,,,,,,,,,,,,,,,,,,,,,,,,,,,,,,,,,,,,,,,,,,,,,,,,,,,,,
1784901939,0,0.024,0.000,0.998,0.00,0.00,0.10,39.40,17.10,-1.80,-0.14,-1.25,-1.76,1.000,-0.001,-0.011,-0.015,1,-0.208,-0.461,1.234,-140.30,-85.00,15.60,43.00,1.80,-1.40,-22.48,1.62,1.91,0.981,-0.195,0.011,0.019,,,,,,,,,,,,,,,,,,,,,,,,,,,,,,,,,,,,,,,,,,,,,,,,,,,,,,,,,,,,,,,,,,,,,,,,,,,,,,,,,,,,,,,,,,,,,,,,,,,,,,,,,,,,,,,,,,,,,,,,,,,,,,,,,,,,,,,,,,,,,,,,,,,,,,,,,,,,,,,,,,,,,,,,,,,,,,,,,,,,,,,,,,,,,,,,,,,,,,,,,,,,,,,,,,,,,,,,,,,,,,,,,,,,,,,,,,,,,,
1784901939,0,0.020,-0.004,0.998,0.00,0.00,0.10,39.40,17.30,-1.30,-0.14,-1.25,-1.75,1.000,-0.001,-0.011,-0.015,1,-0.211,-0.437,1.207,-124.80,-68.50,7.60,39.00,2.00,-3.30,-23.90,0.81,2.45,0.978,-0.207,0.003,0.022,,,,,,,,,,,,,,,,,,,,,,,,,,,,,,,,,,,,,,,,,,,,,,,,,,,,,,,,,,,,,,,,,,,,,,,,,,,,,,,,,,,,,,,,,,,,,,,,,,,,,,,,,,,,,,,,,,,,,,,,,,,,,,,,,,,,,,,,,,,,,,,,,,,,,,,,,,,,,,,,,,,,,,,,,,,,,,,,,,,,,,,,,,,,,,,,,,,,,,,,,,,,,,,,,,,,,,,,,,,,,,,,,,,,,,,,,,,,,,
1784901939,0,0.024,0.000,0.998,0.00,0.00,0.00,39.40,17.30,-1.30,-0.14,-1.25,-1.75,1.000,-0.001,-0.011,-0.015,1,-0.211,-0.425,1.172,-109.10,-56.10,0.40,39.00,2.00,-3.30,-23.90,0.81,2.45,0.978,-0.207,0.003,0.022,,,,,,,,,,,,,,,,,,,,,,,,,,,,,,,,,,,,,,,,,,,,,,,,,,,,,,,,,,,,,,,,,,,,,,,,,,,,,,,,,,,,,,,,,,,,,,,,,,,,,,,,,,,,,,,,,,,,,,,,,,,,,,,,,,,,,,,,,,,,,,,,,,,,,,,,,,,,,,,,,,,,,,,,,,,,,,,,,,,,,,,,,,,,,,,,,,,,,,,,,,,,,,,,,,,,,,,,,,,,,,,,,,,,,,,,,,,,,,
1784901939,0,0.024,0.000,0.994,0.00,0.00,0.00,39.40,17.30,-1.30,-0.14,-1.25,-1.75,1.000,-0.001,-0.011,-0.015,1,-0.218,-0.429,1.129,-96.10,-46.90,-5.10,39.00,2.00,-3.30,-23.90,0.81,2.45,0.978,-0.207,0.003,0.022,,,,,,,,,,,,,,,,,,,,,,,,,,,,,,,,,,,,,,,,,,,,,,,,,,,,,,,,,,,,,,,,,,,,,,,,,,,,,,,,,,,,,,,,,,,,,,,,,,,,,,,,,,,,,,,,,,,,,,,,,,,,,,,,,,,,,,,,,,,,,,,,,,,,,,,,,,,,,,,,,,,,,,,,,,,,,,,,,,,,,,,,,,,,,,,,,,,,,,,,,,,,,,,,,,,,,,,,,,,,,,,,,,,,,,,,,,,,,,
1784901939,0,0.020,0.000,0.998,0.00,0.00,-0.10,39.40,17.30,-1.30,-0.14,-1.25,-1.75,1.000,-0.001,-0.011,-0.015,1,-0.200,-0.425,1.024,-86.50,-39.40,-9.20,39.00,2.00,-3.30,-23.90,0.81,2.45,0.978,-0.207,0.003,0.022,,,,,,,,,,,,,,,,,,,,,,,,,,,,,,,,,,,,,,,,,,,,,,,,,,,,,,,,,,,,,,,,,,,,,,,,,,,,,,,,,,,,,,,,,,,,,,,,,,,,,,,,,,,,,,,,,,,,,,,,,,,,,,,,,,,,,,,,,,,,,,,,,,,,,,,,,,,,,,,,,,,,,,,,,,,,,,,,,,,,,,,,,,,,,,,,,,,,,,,,,,,,,,,,,,,,,,,,,,,,,,,,,,,,,,,,,,,,,,
1784901939,0,0.020,-0.004,0.994,0.00,0.00,-0.10,39.70,17.20,-1.80,-0.14,-1.25,-1.76,1.000,-0.001,-0.011,-0.015,1,-0.187,-0.409,0.950,-79.40,-32.60,-12.60,39.70,2.40,-4.20,-24.83,0.39,2.57,0.976,-0.215,-0.002,0.023,,,,,,,,,,,,,,,,,,,,,,,,,,,,,,,,,,,,,,,,,,,,,,,,,,,,,,,,,,,,,,,,,,,,,,,,,,,,,,,,,,,,,,,,,,,,,,,,,,,,,,,,,,,,,,,,,,,,,,,,,,,,,,,,,,,,,,,,,,,,,,,,,,,,,,,,,,,,,,,,,,,,,,,,,,,,,,,,,,,,,,,,,,,,,,,,,,,,,,,,,,,,,,,,,,,,,,,,,,,,,,,,,,,,,,,,,,,,,,
1784901939,0,0.020,-0.004,1.002,0.00,0.00,0.00,39.70,17.20,-1.80,-0.14,-1.25,-1.76,1.000,-0.001,-0.011,-0.015,1,-0.186,-0.424,0.892,-72.90,-26.80,-15.60,39.70,2.40,-4.20,-24.83,0.39,2.57,0.976,-0.215,-0.002,0.023,,,,,,,,,,,,,,,,,,,,,,,,,,,,,,,,,,,,,,,,,,,,,,,,,,,,,,,,,,,,,,,,,,,,,,,,,,,,,,,,,,,,,,,,,,,,,,,,,,,,,,,,,,,,,,,,,,,,,,,,,,,,,,,,,,,,,,,,,,,,,,,,,,,,,,,,,,,,,,,,,,,,,,,,,,,,,,,,,,,,,,,,,,,,,,,,,,,,,,,,,,,,,,,,,,,,,,,,,,,,,,,,,,,,,,,,,,,,,,
1784901939,0,0.024,0.000,1.002,0.00,0.00,0.00,39.70,17.20,-1.80,-0.14,-1.25,-1.76,1.000,-0.001,-0.011,-0.015,1,-0.189,-0.440,0.799,-65.60,-22.50,-18.70,39.70,2.40,-4.20,-24.83,0.39,2.57,0.976,-0.215,-0.002,0.023,,,,,,,,,,,,,,,,,,,,,,,,,,,,,,,,,,,,,,,,,,,,,,,,,,,,,,,,,,,,,,,,,,,,,,,,,,,,,,,,,,,,,,,,,,,,,,,,,,,,,,,,,,,,,,,,,,,,,,,,,,,,,,,,,,,,,,,,,,,,,,,,,,,,,,,,,,,,,,,,,,,,,,,,,,,,,,,,,,,,,,,,,,,,,,,,,,,,,,,,,,,,,,,,,,,,,,,,,,,,,,,,,,,,,,,,,,,,,,
1784901939,0,0.020,0.000,1.002,0.00,0.00,0.10,39.70,17.20,-1.80,-0.14,-1.25,-1.76,1.000,-0.001,-0.011,-0.015,1,-0.188,-0.443,0.775,-57.40,-20.00,-22.30,39.70,2.40,-4.20,-24.83,0.39,2.57,0.976,-0.215,-0.002,0.023,,,,,,,,,,,,,,,,,,,,,,,,,,,,,,,,,,,,,,,,,,,,,,,,,,,,,,,,,,,,,,,,,,,,,,,,,,,,,,,,,,,,,,,,,,,,,,,,,,,,,,,,,,,,,,,,,,,,,,,,,,,,,,,,,,,,,,,,,,,,,,,,,,,,,,,,,,,,,,,,,,,,,,,,,,,,,,,,,,,,,,,,,,,,,,,,,,,,,,,,,,,,,,,,,,,,,,,,,,,,,,,,,,,,,,,,,,,,,,
1784901939,0,0.024,0.000,0.998,0.00,0.00,0.00,37.40,17.10,-1.30,-0.14,-1.25,-1.75,1.000,-0.001,-0.011,-0.015,1,-0.188,-0.416,0.771,-48.60,-19.80,-26.90,40.90,2.90,-4.70,-25.44,0.10,2.47,0.975,-0.220,-0.004,0.021,,,,,,,,,,,,,,,,,,,,,,,,,,,,,,,,,,,,,,,,,,,,,,,,,,,,,,,,,,,,,,,,,,,,,,,,,,,,,,,,,,,,,,,,,,,,,,,,,,,,,,,,,,,,,,,,,,,,,,,,,,,,,,,,,,,,,,,,,,,,,,,,,,,,,,,,,,,,,,,,,,,,,,,,,,,,,,,,,,,,,,,,,,,,,,,,,,,,,,,,,,,,,,,,,,,,,,,,,,,,,,,,,,,,,,,,,,,,,,
1784901939,0,0.020,0.000,1.002,0.00,0.00,0.00,37.40,17.10,-1.30,-0.14,-1.25,-1.75,1.000,-0.001,-0.011,-0.015,1,-0.165,-0.397,0.763,-39.90,-22.00,-32.50,40.90,2.90,-4.70,-25.44,0.10,2.47,0.975,-0.220,-0.004,0.021,,,,,,,,,,,,,,,,,,,,,,,,,,,,,,,,,,,,,,,,,,,,,,,,,,,,,,,,,,,,,,,,,,,,,,,,,,,,,,,,,,,,,,,,,,,,,,,,,,,,,,,,,,,,,,,,,,,,,,,,,,,,,,,,,,,,,,,,,,,,,,,,,,,,,,,,,,,,,,,,,,,,,,,,,,,,,,,,,,,,,,,,,,,,,,,,,,,,,,,,,,,,,,,,,,,,,,,,,,,,,,,,,,,,,,,,,,,,,,
1784901939,0,0.020,-0.004,1.002,0.00,0.00,0.00,37.40,17.10,-1.30,-0.14,-1.25,-1.75,1.000,-0.001,-0.011,-0.015,1,-0.141,-0.311,0.752,-31.70,-26.10,-39.40,40.90,2.90,-4.70,-25.44,0.10,2.47,0.975,-0.220,-0.004,0.021,,,,,,,,,,,,,,,,,,,,,,,,,,,,,,,,,,,,,,,,,,,,,,,,,,,,,,,,,,,,,,,,,,,,,,,,,,,,,,,,,,,,,,,,,,,,,,,,,,,,,,,,,,,,,,,,,,,,,,,,,,,,,,,,,,,,,,,,,,,,,,,,,,,,,,,,,,,,,,,,,,,,,,,,,,,,,,,,,,,,,,,,,,,,,,,,,,,,,,,,,,,,,,,,,,,,,,,,,,,,,,,,,,,,,,,,,,,,,,
1784901939,0,0.020,0.000,0.998,0.00,0.00,-0.10,37.40,17.10,-1.30,-0.14,-1.25,-1.75,1.000,-0.001,-0.011,-0.015,1,-0.133,-0.276,0.744,-24.60,-30.50,-46.50,40.90,2.90,-4.70,-25.44,0.10,2.47,0.975,-0.220,-0.004,0.021,,,,,,,,,,,,,,,,,,,,,,,,,,,,,,,,,,,,,,,,,,,,,,,,,,,,,,,,,,,,,,,,,,,,,,,,,,,,,,,,,,,,,,,,,,,,,,,,,,,,,,,,,,,,,,,,,,,,,,,,,,,,,,,,,,,,,,,,,,,,,,,,,,,,,,,,,,,,,,,,,,,,,,,,,,,,,,,,,,,,,,,,,,,,,,,,,,,,,,,,,,,,,,,,,,,,,,,,,,,,,,,,,,,,,,,,,,,,,,
1784901939,0,0.020,0.000,1.006,0.00,0.00,0.00,41.70,17.10,-1.10,-0.14,-1.25,-1.76,1.000,-0.001,-0.011,-0.015,1,-0.121,-0.292,0.748,-18.90,-33.80,-52.50,41.20,3.70,-4.70,-25.73,-0.34,2.21,0.975,-0.223,-0.007,0.018,,,,,,,,,,,,,,,,,,,,,,,,,,,,,,,,,,,,,,,,,,,,,,,,,,,,,,,,,,,,,,,,,,,,,,,,,,,,,,,,,,,,,,,,,,,,,,,,,,,,,,,,,,,,,,,,,,,,,,,,,,,,,,,,,,,,,,,,,,,,,,,,,,,,,,,,,,,,,,,,,,,,,,,,,,,,,,,,,,,,,,,,,,,,,,,,,,,,,,,,,,,,,,,,,,,,,,,,,,,,,,,,,,,,,,,,,,,,,,
1784901939,0,0.024,0.000,1.002,0.00,0.00,-0.10,41.70,17.10,-1.10,-0.14,-1.25,-1.76,1.000,-0.001,-0.011,-0.015,1,-0.121,-0.311,0.755,-15.40,-34.80,-56.20,41.20,3.70,-4.70,-25.73,-0.34,2.21,0.975,-0.223,-0.007,0.018,,,,,,,,,,,,,,,,,,,,,,,,,,,,,,,,,,,,,,,,,,,,,,,,,,,,,,,,,,,,,,,,,,,,,,,,,,,,,,,,,,,,,,,,,,,,,,,,,,,,,,,,,,,,,,,,,,,,,,,,,,,,,,,,,,,,,,,,,,,,,,,,,,,,,,,,,,,,,,,,,,,,,,,,,,,,,,,,,,,,,,,,,,,,,,,,,,,,,,,,,,,,,,,,,,,,,,,,,,,,,,,,,,,,,,,,,,,,,,
1784901939,0,0.020,0.000,0.998,0.00,0.00,0.00,41.70,17.10,-1.10,-0.14,-1.25,-1.76,1.000,-0.001,-0.011,-0.015,1,-0.130,-0.386,0.798,-13.90,-34.00,-57.80,41.20,3.70,-4.70,-25.73,-0.34,2.21,0.975,-0.223,-0.007,0.018,,,,,,,,,,,,,,,,,,,,,,,,,,,,,,,,,,,,,,,,,,,,,,,,,,,,,,,,,,,,,,,,,,,,,,,,,,,,,,,,,,,,,,,,,,,,,,,,,,,,,,,,,,,,,,,,,,,,,,,,,,,,,,,,,,,,,,,,,,,,,,,,,,,,,,,,,,,,,,,,,,,,,,,,,,,,,,,,,,,,,,,,,,,,,,,,,,,,,,,,,,,,,,,,,,,,,,,,,,,,,,,,,,,,,,,,,,,,,,
1784901939,0,0.020,-0.004,1.002,0.00,0.10,0.00,41.70,17.10,-1.10,-0.14,-1.25,-1.76,1.000,-0.001,-0.011,-0.015,1,-0.130,-0.406,0.822,-13.80,-32.40,-58.40,41.20,3.70,-4.70,-25.73,-0.34,2.21,0.975,-0.223,-0.007,0.018,,,,,,,,,,,,,,,,,,,,,,,,,,,,,,,,,,,,,,,,,,,,,,,,,,,,,,,,,,,,,,,,,,,,,,,,,,,,,,,,,,,,,,,,,,,,,,,,,,,,,,,,,,,,,,,,,,,,,,,,,,,,,,,,,,,,,,,,,,,,,,,,,,,,,,,,,,,,,,,,,,,,,,,,,,,,,,,,,,,,,,,,,,,,,,,,,,,,,,,,,,,,,,,,,,,,,,,,,,,,,,,,,,,,,,,,,,,,,,
1784901939,0,0.020,-0.004,1.006,0.00,0.10,0.00,41.70,17.20,-1.50,-0.14,-1.25,-1.76,1.000,-0.001,-0.011,-0.015,1,-0.126,-0.394,0.814,-13.30,-31.20,-59.80,40.10,3.80,-5.80,-25.87,-0.89,1.83,0.975,-0.224,-0.011,0.014,,,,,,,,,,,,,,,,,,,,,,,,,,,,,,,,,,,,,,,,,,,,,,,,,,,,,,,,,,,,,,,,,,,,,,,,,,,,,,,,,,,,,,,,,,,,,,,,,,,,,,,,,,,,,,,,,,,,,,,,,,,,,,,,,,,,,,,,,,,,,,,,,,,,,,,,,,,,,,,,,,,,,,,,,,,,,,,,,,,,,,,,,,,,,,,,,,,,,,,,,,,,,,,,,,,,,,,,,,,,,,,,,,,,,,,,,,,,,,
1784901939,0,0.024,0.000,1.002,0.00,0.10,0.00,41.70,17.20,-1.50,-0.14,-1.25,-1.76,1.000,-0.001,-0.011,-0.015,1,-0.098,-0.343,0.779,-11.20,-31.50,-63.40,40.10,3.80,-5.80,-25.87,-0.89,1.83,0.975,-0.224,-0.011,0.014,,,,,,,,,,,,,,,,,,,,,,,,,,,,,,,,,,,,,,,,,,,,,,,,,,,,,,,,,,,,,,,,,,,,,,,,,,,,,,,,,,,,,,,,,,,,,,,,,,,,,,,,,,,,,,,,,,,,,,,,,,,,,,,,,,,,,,,,,,,,,,,,,,,,,,,,,,,,,,,,,,,,,,,,,,,,,,,,,,,,,,,,,,,,,,,,,,,,,,,,,,,,,,,,,,,,,,,,,,,,,,,,,,,,,,,,,,,,,,
1784901939,0,0.024,0.000,0.998,0.00,0.00,0.00,41.70,17.20,-1.50,-0.14,-1.25,-1.76,1.000,-0.001,-0.011,-0.015,1,-0.098,-0.327,0.775,-6.60,-33.30,-69.60,40.10,3.80,-5.80,-25.87,-0.89,1.83,0.975,-0.224,-0.011,0.014,,,,,,,,,,,,,,,,,,,,,,,,,,,,,,,,,,,,,,,,,,,,,,,,,,,,,,,,,,,,,,,,,,,,,,,,,,,,,,,,,,,,,,,,,,,,,,,,,,,,,,,,,,,,,,,,,,,,,,,,,,,,,,,,,,,,,,,,,,,,,,,,,,,,,,,,,,,,,,,,,,,,,,,,,,,,,,,,,,,,,,,,,,,,,,,,,,,,,,,,,,,,,,,,,,,,,,,,,,,,,,,,,,,,,,,,,,,,,,
1784901939,0,0.020,-0.004,0.998,0.00,-0.10,0.00,41.70,17.20,-1.50,-0.14,-1.25,-1.76,1.000,-0.001,-0.011,-0.015,1,-0.109,-0.288,0.755,-0.50,-35.80,-77.40,40.10,3.80,-5.80,-25.87,-0.89,1.83,0.975,-0.224,-0.011,0.014,,,,,,,,,,,,,,,,,,,,,,,,,,,,,,,,,,,,,,,,,,,,,,,,,,,,,,,,,,,,,,,,,,,,,,,,,,,,,,,,,,,,,,,,,,,,,,,,,,,,,,,,,,,,,,,,,,,,,,,,,,,,,,,,,,,,,,,,,,,,,,,,,,,,,,,,,,,,,,,,,,,,,,,,,,,,,,,,,,,,,,,,,,,,,,,,,,,,,,,,,,,,,,,,,,,,,,,,,,,,,,,,,,,,,,,,,,,,,,
1784901939,0,0.020,-0.004,0.998,0.00,-0.10,0.00,41.60,16.90,-1.40,-0.14,-1.25,-1.76,1.000,-0.001,-0.011,-0.015,1,-0.148,-0.264,0.756,5.90,-38.40,-86.00,39.60,4.50,-6.00,-25.89,-1.53,1.32,0.974,-0.224,-0.016,0.008,,,,,,,,,,,,,,,,,,,,,,,,,,,,,,,,,,,,,,,,,,,,,,,,,,,,,,,,,,,,,,,,,,,,,,,,,,,,,,,,,,,,,,,,,,,,,,,,,,,,,,,,,,,,,,,,,,,,,,,,,,,,,,,,,,,,,,,,,,,,,,,,,,,,,,,,,,,,,,,,,,,,,,,,,,,,,,,,,,,,,,,,,,,,,,,,,,,,,,,,,,,,,,,,,,,,,,,,,,,,,,,,,,,,,,,,,,,,,,
1784901939,0,0.020,0.000,0.994,0.00,-0.10,0.00,41.60,16.90,-1.40,-0.14,-1.25,-1.76,1.000,-0.001,-0.011,-0.015,1,-0.200,-0.196,0.802,10.70,-40.80,-95.00,39.60,4.50,-6.00,-25.89,-1.53,1.32,0.974,-0.224,-0.016,0.008,,,,,,,,,,,,,,,,,,,,,,,,,,,,,,,,,,,,,,,,,,,,,,,,,,,,,,,,,,,,,,,,,,,,,,,,,,,,,,,,,,,,,,,,,,,,,,,,,,,,,,,,,,,,,,,,,,,,,,,,,,,,,,,,,,,,,,,,,,,,,,,,,,,,,,,,,,,,,,,,,,,,,,,,,,,,,,,,,,,,,,,,,,,,,,,,,,,,,,,,,,,,,,,,,,,,,,,,,,,,,,,,,,,,,,,,,,,,,,
1784901939,0,0.020,-0.004,1.002,0.00,0.00,0.00,41.60,16.90,-1.40,-0.14,-1.25,-1.76,1.000,-0.001,-0.011,-0.015,1,-0.179,-0.149,0.729,10.60,-43.40,-104.50,39.60,4.50,-6.00,-25.89,-1.53,1.32,0.974,-0.224,-0.016,0.008,,,,,,,,,,,,,,,,,,,,,,,,,,,,,,,,,,,,,,,,,,,,,,,,,,,,,,,,,,,,,,,,,,,,,,,,,,,,,,,,,,,,,,,,,,,,,,,,,,,,,,,,,,,,,,,,,,,,,,,,,,,,,,,,,,,,,,,,,,,,,,,,,,,,,,,,,,,,,,,,,,,,,,,,,,,,,,,,,,,,,,,,,,,,,,,,,,,,,,,,,,,,,,,,,,,,,,,,,,,,,,,,,,,,,,,,,,,,,,
1784901939,0,0.020,0.000,1.002,0.00,0.00,0.00,41.60,16.90,-1.40,-0.14,-1.25,-1.76,1.000,-0.001,-0.011,-0.015,1,-0.158,-0.094,0.631,2.80,-46.60,-114.70,39.60,4.50,-6.00,-25.89,-1.53,1.32,0.974,-0.224,-0.016,0.008,,,,,,,,,,,,,,,,,,,,,,,,,,,,,,,,,,,,,,,,,,,,,,,,,,,,,,,,,,,,,,,,,,,,,,,,,,,,,,,,,,,,,,,,,,,,,,,,,,,,,,,,,,,,,,,,,,,,,,,,,,,,,,,,,,,,,,,,,,,,,,,,,,,,,,,,,,,,,,,,,,,,,,,,,,,,,,,,,,,,,,,,,,,,,,,,,,,,,,,,,,,,,,,,,,,,,,,,,,,,,,,,,,,,,,,,,,,,,,
1784901939,0,0.024,-0.004,1.002,-0.10,0.10,0.00,41.70,16.80,-1.50,-0.14,-1.25,-1.76,1.000,-0.001,-0.011,-0.015,1,-0.199,-0.014,0.573,-11.60,-50.70,-125.60,39.00,5.20,-6.70,-25.83,-2.42,0.52,0.975,-0.223,-0.022,-0.000,,,,,,,,,,,,,,,,,,,,,,,,,,,,,,,,,,,,,,,,,,,,,,,,,,,,,,,,,,,,,,,,,,,,,,,,,,,,,,,,,,,,,,,,,,,,,,,,,,,,,,,,,,,,,,,,,,,,,,,,,,,,,,,,,,,,,,,,,,,,,,,,,,,,,,,,,,,,,,,,,,,,,,,,,,,,,,,,,,,,,,,,,,,,,,,,,,,,,,,,,,,,,,,,,,,,,,,,,,,,,,,,,,,,,,,,,,,,,,
1784901939,0,0.016,-0.004,0.998,0.00,0.20,0.00,41.70,16.80,-1.50,-0.14,-1.25,-1.76,1.000,-0.001,-0.011,-0.015,1,-0.195,0.016,0.542,-27.20,-55.70,-136.40,39.00,5.20,-6.70,-25.83,-2.42,0.52,0.975,-0.223,-0.022,-0.000,,,,,,,,,,,,,,,,,,,,,,,,,,,,,,,,,,,,,,,,,,,,,,,,,,,,,,,,,,,,,,,,,,,,,,,,,,,,,,,,,,,,,,,,,,,,,,,,,,,,,,,,,,,,,,,,,,,,,,,,,,,,,,,,,,,,,,,,,,,,,,,,,,,,,,,,,,,,,,,,,,,,,,,,,,,,,,,,,,,,,,,,,,,,,,,,,,,,,,,,,,,,,,,,,,,,,,,,,,,,,,,,,,,,,,,,,,,,,,
1784901939,0,0.020,0.000,0.994,0.00,0.10,0.00,41.70,16.80,-1.50,-0.14,-1.25,-1.76,1.000,-0.001,-0.011,-0.015,1,-0.198,0.048,0.523,-37.00,-61.00,-145.30,39.00,5.20,-6.70,-25.83,-2.42,0.52,0.975,-0.223,-0.022,-0.000,,,,,,,,,,,,,,,,,,,,,,,,,,,,,,,,,,,,,,,,,,,,,,,,,,,,,,,,,,,,,,,,,,,,,,,,,,,,,,,,,,,,,,,,,,,,,,,,,,,,,,,,,,,,,,,,,,,,,,,,,,,,,,,,,,,,,,,,,,,,,,,,,,,,,,,,,,,,,,,,,,,,,,,,,,,,,,,,,,,,,,,,,,,,,,,,,,,,,,,,,,,,,,,,,,,,,,,,,,,,,,,,,,,,,,,,,,,,,,
1784901939,0,0.024,-0.004,0.994,0.00,0.10,0.00,41.70,16.80,-1.50,-0.14,-1.25,-1.76,1.000,-0.001,-0.011,-0.015,1,-0.198,0.016,0.519,-37.00,-65.70,-150.30,39.00,5.20,-6.70,-25.83,-2.42,0.52,0.975,-0.223,-0.022,-0.000,,,,,,,,,,,,,,,,,,,,,,,,,,,,,,,,,,,,,,,,,,,,,,,,,,,,,,,,,,,,,,,,,,,,,,,,,,,,,,,,,,,,,,,,,,,,,,,,,,,,,,,,,,,,,,,,,,,,,,,,,,,,,,,,,,,,,,,,,,,,,,,,,,,,,,,,,,,,,,,,,,,,,,,,,,,,,,,,,,,,,,,,,,,,,,,,,,,,,,,,,,,,,,,,,,,,,,,,,,,,,,,,,,,,,,,,,,,,,,
1784901939,0,0.020,-0.004,0.998,0.00,0.00,0.00,38.40,17.40,-1.50,-0.14,-1.25,-1.76,1.000,-0.001,-0.011,-0.015,1,-0.192,-0.085,0.604,-26.30,-69.90,-150.90,38.30,4.70,-7.10,-26.09,-3.62,-0.51,0.974,-0.226,-0.030,-0.011,,,,,,,,,,,,,,,,,,,,,,,,,,,,,,,,,,,,,,,,,,,,,,,,,,,,,,,,,,,,,,,,,,,,,,,,,,,,,,,,,,,,,,,,,,,,,,,,,,,,,,,,,,,,,,,,,,,,,,,,,,,,,,,,,,,,,,,,,,,,,,,,,,,,,,,,,,,,,,,,,,,,,,,,,,,,,,,,,,,,,,,,,,,,,,,,,,,,,,,,,,,,,,,,,,,,,,,,,,,,,,,,,,,,,,,,,,,,,,
1784901939,0,0.024,0.000,1.002,0.00,-0.10,0.00,38.40,17.40,-1.50,-0.14,-1.25,-1.76,1.000,-0.001,-0.011,-0.015,1,-0.189,-0.093,0.643,-6.40,-73.60,-147.70,38.30,4.70,-7.10,-26.09,-3.62,-0.51,0.974,-0.226,-0.030,-0.011,,,,,,,,,,,,,,,,,,,,,,,,,,,,,,,,,,,,,,,,,,,,,,,,,,,,,,,,,,,,,,,,,,,,,,,,,,,,,,,,,,,,,,,,,,,,,,,,,,,,,,,,,,,,,,,,,,,,,,,,,,,,,,,,,,,,,,,,,,,,,,,,,,,,,,,,,,,,,,,,,,,,,,,,,,,,,,,,,,,,,,,,,,,,,,,,,,,,,,,,,,,,,,,,,,,,,,,,,,,,,,,,,,,,,,,,,,,,,,
1784901939,0,0.020,0.000,1.006,0.00,-0.10,0.00,38.40,17.40,-1.50,-0.14,-1.25,-1.76,1.000,-0.001,-0.011,-0.015,1,-0.186,-0.129,0.663,18.90,-77.30,-142.70,38.30,4.70,-7.10,-26.09,-3.62,-0.51,0.974,-0.226,-0.030,-0.011,,,,,,,,,,,,,,,,,,,,,,,,,,,,,,,,,,,,,,,,,,,,,,,,,,,,,,,,,,,,,,,,,,,,,,,,,,,,,,,,,,,,,,,,,,,,,,,,,,,,,,,,,,,,,,,,,,,,,,,,,,,,,,,,,,,,,,,,,,,,,,,,,,,,,,,,,,,,,,,,,,,,,,,,,,,,,,,,,,,,,,,,,,,,,,,,,,,,,,,,,,,,,,,,,,,,,,,,,,,,,,,,,,,,,,,,,,,,,,
1784901939,0,0.024,0.000,0.994,-0.10,-0.10,0.00,38.40,17.40,-1.50,-0.14,-1.25,-1.76,1.000,-0.001,-0.011,-0.015,1,-0.182,-0.145,0.705,45.50,-81.30,-138.20,38.30,4.70,-7.10,-26.09,-3.62,-0.51,0.974,-0.226,-0.030,-0.011,,,,,,,,,,,,,,,,,,,,,,,,,,,,,,,,,,,,,,,,,,,,,,,,,,,,,,,,,,,,,,,,,,,,,,,,,,,,,,,,,,,,,,,,,,,,,,,,,,,,,,,,,,,,,,,,,,,,,,,,,,,,,,,,,,,,,,,,,,,,,,,,,,,,,,,,,,,,,,,,,,,,,,,,,,,,,,,,,,,,,,,,,,,,,,,,,,,,,,,,,,,,,,,,,,,,,,,,,,,,,,,,,,,,,,,,,,,,,,
1784901939,0,0.024,0.000,1.002,-0.10,0.00,0.00,40.60,17.40,-1.50,-0.14,-1.25,-1.76,1.000,-0.001,-0.011,-0.015,1,-0.159,-0.141,0.728,70.00,-86.00,-135.80,37.90,5.50,-7.70,-25.70,-4.96,-1.44,0.974,-0.223,-0.039,-0.022,,,,,,,,,,,,,,,,,,,,,,,,,,,,,,,,,,,,,,,,,,,,,,,,,,,,,,,,,,,,,,,,,,,,,,,,,,,,,,,,,,,,,,,,,,,,,,,,,,,,,,,,,,,,,,,,,,,,,,,,,,,,,,,,,,,,,,,,,,,,,,,,,,,,,,,,,,,,,,,,,,,,,,,,,,,,,,,,,,,,,,,,,,,,,,,,,,,,,,,,,,,,,,,,,,,,,,,,,,,,,,,,,,,,,,,,,,,,,,
1784901939,0,0.020,-0.004,0.998,-0.10,0.00,0.00,40.60,17.40,-1.50,-0.14,-1.25,-1.76,1.000,-0.001,-0.011,-0.015,1,-0.140,-0.161,0.732,90.60,-91.10,-136.20,37.90,5.50,-7.70,-25.70,-4.96,-1.44,0.974,-0.223,-0.039,-0.022,,,,,,,,,,,,,,,,,,,,,,,,,,,,,,,,,,,,,,,,,,,,,,,,,,,,,,,,,,,,,,,,,,,,,,,,,,,,,,,,,,,,,,,,,,,,,,,,,,,,,,,,,,,,,,,,,,,,,,,,,,,,,,,,,,,,,,,,,,,,,,,,,,,,,,,,,,,,,,,,,,,,,,,,,,,,,,,,,,,,,,,,,,,,,,,,,,,,,,,,,,,,,,,,,,,,,,,,,,,,,,,,,,,,,,,,,,,,,,
1784901939,0,0.020,0.000,1.006,0.00,0.00,0.00,40.60,17.40,-1.50,-0.14,-1.25,-1.76,1.000,-0.001,-0.011,-0.015,1,-0.121,-0.138,0.744,106.90,-95.40,-138.40,37.90,5.50,-7.70,-25.70,-4.96,-1.44,0.974,-0.223,-0.039,-0.022,,,,,,,,,,,,,,,,,,,,,,,,,,,,,,,,,,,,,,,,,,,,,,,,,,,,,,,,,,,,,,,,,,,,,,,,,,,,,,,,,,,,,,,,,,,,,,,,,,,,,,,,,,,,,,,,,,,,,,,,,,,,,,,,,,,,,,,,,,,,,,,,,,,,,,,,,,,,,,,,,,,,,,,,,,,,,,,,,,,,,,,,,,,,,,,,,,,,,,,,,,,,,,,,,,,,,,,,,,,,,,,,,,,,,,,,,,,,,,
1784901939,0,0.020,0.000,0.998,0.00,-0.10,0.00,40.60,17.40,-1.50,-0.14,-1.25,-1.76,1.000,-0.001,-0.011,-0.015,1,-0.090,-0.190,0.779,118.90,-97.60,-141.30,37.90,5.50,-7.70,-25.70,-4.96,-1.44,0.974,-0.223,-0.039,-0.022,,,,,,,,,,,,,,,,,,,,,,,,,,,,,,,,,,,,,,,,,,,,,,,,,,,,,,,,,,,,,,,,,,,,,,,,,,,,,,,,,,,,,,,,,,,,,,,,,,,,,,,,,,,,,,,,,,,,,,,,,,,,,,,,,,,,,,,,,,,,,,,,,,,,,,,,,,,,,,,,,,,,,,,,,,,,,,,,,,,,,,,,,,,,,,,,,,,,,,,,,,,,,,,,,,,,,,,,,,,,,,,,,,,,,,,,,,,,,,
1784901939,0,0.024,-0.004,1.002,0.00,0.00,0.00,41.00,17.20,-1.70,-0.14,-1.25,-1.76,1.000,-0.001,-0.011,-0.015,1,-0.071,-0.202,0.790,127.50,-97.00,-143.80,37.70,9.60,-7.40,-24.51,-6.41,-2.30,0.975,-0.213,-0.050,-0.031,,,,,,,,,,,,,,,,,,,,,,,,,,,,,,,,,,,,,,,,,,,,,,,,,,,,,,,,,,,,,,,,,,,,,,,,,,,,,,,,,,,,,,,,,,,,,,,,,,,,,,,,,,,,,,,,,,,,,,,,,,,,,,,,,,,,,,,,,,,,,,,,,,,,,,,,,,,,,,,,,,,,,,,,,,,,,,,,,,,,,,,,,,,,,,,,,,,,,,,,,,,,,,,,,,,,,,,,,,,,,,,,,,,,,,,,,,,,,,
1784901939,0,0.024,-0.004,1.002,0.00,0.00,0.00,41.00,17.20,-1.70,-0.14,-1.25,-1.76,1.000,-0.001,-0.011,-0.015,1,-0.040,-0.238,0.806,133.80,-94.20,-145.10,37.70,9.60,-7.40,-24.51,-6.41,-2.30,0.975,-0.213,-0.050,-0.031,,,,,,,,,,,,,,,,,,,,,,,,,,,,,,,,,,,,,,,,,,,,,,,,,,,,,,,,,,,,,,,,,,,,,,,,,,,,,,,,,,,,,,,,,,,,,,,,,,,,,,,,,,,,,,,,,,,,,,,,,,,,,,,,,,,,,,,,,,,,,,,,,,,,,,,,,,,,,,,,,,,,,,,,,,,,,,,,,,,,,,,,,,,,,,,,,,,,,,,,,,,,,,,,,,,,,,,,,,,,,,,,,,,,,,,,,,,,,,
1784901939,0,0.024,-0.008,1.002,0.00,0.00,0.00,41.00,17.20,-1.70,-0.14,-1.25,-1.76,1.000,-0.001,-0.011,-0.015,1,-0.001,-0.267,0.801,139.00,-90.60,-145.50,37.70,9.60,-7.40,-24.51,-6.41,-2.30,0.975,-0.213,-0.050,-0.031,,,,,,,,,,,,,,,,,,,,,,,,,,,,,,,,,,,,,,,,,,,,,,,,,,,,,,,,,,,,,,,,,,,,,,,,,,,,,,,,,,,,,,,,,,,,,,,,,,,,,,,,,,,,,,,,,,,,,,,,,,,,,,,,,,,,,,,,,,,,,,,,,,,,,,,,,,,,,,,,,,,,,,,,,,,,,,,,,,,,,,,,,,,,,,,,,,,,,,,,,,,,,,,,,,,,,,,,,,,,,,,,,,,,,,,,,,,,,,
1784901939,0,0.020,0.000,1.002,0.00,0.10,0.00,41.00,17.20,-1.70,-0.14,-1.25,-1.76,1.000,-0.001,-0.011,-0.015,1,0.042,-0.283,0.758,144.30,-86.90,-144.80,37.70,9.60,-7.40,-24.51,-6.41,-2.30,0.975,-0.213,-0.050,-0.031,,,,,,,,,,,,,,,,,,,,,,,,,,,,,,,,,,,,,,,,,,,,,,,,,,,,,,,,,,,,,,,,,,,,,,,,,,,,,,,,,,,,,,,,,,,,,,,,,,,,,,,,,,,,,,,,,,,,,,,,,,,,,,,,,,,,,,,,,,,,,,,,,,,,,,,,,,,,,,,,,,,,,,,,,,,,,,,,,,,,,,,,,,,,,,,,,,,,,,,,,,,,,,,,,,,,,,,,,,,,,,,,,,,,,,,,,,,,,,
1784901939,0,0.024,-0.004,0.998,0.00,0.20,0.00,40.90,17.30,-1.00,-0.14,-1.25,-1.76,1.000,-0.001,-0.011,-0.015,1,0.073,-0.295,0.735,150.40,-83.50,-143.30,37.60,9.40,-11.20,-22.97,-7.81,-3.28,0.977,-0.200,-0.061,-0.042,,,,,,,,,,,,,,,,,,,,,,,,,,,,,,,,,,,,,,,,,,,,,,,,,,,,,,,,,,,,,,,,,,,,,,,,,,,,,,,,,,,,,,,,,,,,,,,,,,,,,,,,,,,,,,,,,,,,,,,,,,,,,,,,,,,,,,,,,,,,,,,,,,,,,,,,,,,,,,,,,,,,,,,,,,,,,,,,,,,,,,,,,,,,,,,,,,,,,,,,,,,,,,,,,,,,,,,,,,,,,,,,,,,,,,,,,,,,,,
1784901939,0,0.020,0.000,1.002,0.00,0.30,0.00,40.90,17.30,-1.00,-0.14,-1.25,-1.76,1.000,-0.001,-0.011,-0.015,1,0.089,-0.315,0.712,157.40,-80.20,-140.80,37.60,9.40,-11.20,-22.97,-7.81,-3.28,0.977,-0.200,-0.061,-0.042,,,,,,,,,,,,,,,,,,,,,,,,,,,,,,,,,,,,,,,,,,,,,,,,,,,,,,,,,,,,,,,,,,,,,,,,,,,,,,,,,,,,,,,,,,,,,,,,,,,,,,,,,,,,,,,,,,,,,,,,,,,,,,,,,,,,,,,,,,,,,,,,,,,,,,,,,,,,,,,,,,,,,,,,,,,,,,,,,,,,,,,,,,,,,,,,,,,,,,,,,,,,,,,,,,,,,,,,,,,,,,,,,,,,,,,,,,,,,,
1784901939,0,0.024,0.000,1.002,-0.10,0.20,0.00,40.90,17.30,-1.00,-0.14,-1.25,-1.76,1.000,-0.001,-0.011,-0.015,1,0.141,-0.332,0.653,164.40,-76.90,-137.50,37.60,9.40,-11.20,-22.97,-7.81,-3.28,0.977,-0.200,-0.061,-0.042,,,,,,,,,,,,,,,,,,,,,,,,,,,,,,,,,,,,,,,,,,,,,,,,,,,,,,,,,,,,,,,,,,,,,,,,,,,,,,,,,,,,,,,,,,,,,,,,,,,,,,,,,,,,,,,,,,,,,,,,,,,,,,,,,,,,,,,,,,,,,,,,,,,,,,,,,,,,,,,,,,,,,,,,,,,,,,,,,,,,,,,,,,,,,,,,,,,,,,,,,,,,,,,,,,,,,,,,,,,,,,,,,,,,,,,,,,,,,,
1784901939,0,0.020,0.000,1.006,-0.10,0.10,0.00,40.90,17.30,-1.00,-0.14,-1.25,-1.76,1.000,-0.001,-0.011,-0.015,1,0.150,-0.336,0.606,170.50,-73.80,-133.40,37.60,9.40,-11.20,-22.97,-7.81,-3.28,0.977,-0.200,-0.061,-0.042,,,,,,,,,,,,,,,,,,,,,,,,,,,,,,,,,,,,,,,,,,,,,,,,,,,,,,,,,,,,,,,,,,,,,,,,,,,,,,,,,,,,,,,,,,,,,,,,,,,,,,,,,,,,,,,,,,,,,,,,,,,,,,,,,,,,,,,,,,,,,,,,,,,,,,,,,,,,,,,,,,,,,,,,,,,,,,,,,,,,,,,,,,,,,,,,,,,,,,,,,,,,,,,,,,,,,,,,,,,,,,,,,,,,,,,,,,,,,,
1784901939,0,0.024,-0.004,1.002,-0.10,0.00,0.00,40.90,17.30,-1.70,-0.14,-1.25,-1.76,1.000,-0.001,-0.011,-0.015,1,0.174,-0.324,0.579,174.60,-71.50,-128.90,37.20,10.40,-12.00,-21.16,-9.02,-4.26,0.979,-0.186,-0.070,-0.051,,,,,,,,,,,,,,,,,,,,,,,,,,,,,,,,,,,,,,,,,,,,,,,,,,,,,,,,,,,,,,,,,,,,,,,,,,,,,,,,,,,,,,,,,,,,,,,,,,,,,,,,,,,,,,,,,,,,,,,,,,,,,,,,,,,,,,,,,,,,,,,,,,,,,,,,,,,,,,,,,,,,,,,,,,,,,,,,,,,,,,,,,,,,,,,,,,,,,,,,,,,,,,,,,,,,,,,,,,,,,,,,,,,,,,,,,,,,,,
1784901939,0,0.024,-0.004,1.002,-0.10,0.00,0.00,40.90,17.30,-1.70,-0.14,-1.25,-1.76,1.000,-0.001,-0.011,-0.015,1,0.190,-0.324,0.552,175.70,-70.30,-124.20,37.20,10.40,-12.00,-21.16,-9.02,-4.26,0.979,-0.186,-0.070,-0.051,,,,,,,,,,,,,,,,,,,,,,,,,,,,,,,,,,,,,,,,,,,,,,,,,,,,,,,,,,,,,,,,,,,,,,,,,,,,,,,,,,,,,,,,,,,,,,,,,,,,,,,,,,,,,,,,,,,,,,,,,,,,,,,,,,,,,,,,,,,,,,,,,,,,,,,,,,,,,,,,,,,,,,,,,,,,,,,,,,,,,,,,,,,,,,,,,,,,,,,,,,,,,,,,,,,,,,,,,,,,,,,,,,,,,,,,,,,,,,
1784901939,0,0.020,0.000,1.002,0.00,0.00,0.00,40.90,17.30,-1.70,-0.14,-1.25,-1.76,1.000,-0.001,-0.011,-0.015,1,0.199,-0.328,0.478,173.50,-70.40,-119.70,37.20,10.40,-12.00,-21.16,-9.02,-4.26,0.979,-0.186,-0.070,-0.051,,,,,,,,,,,,,,,,,,,,,,,,,,,,,,,,,,,,,,,,,,,,,,,,,,,,,,,,,,,,,,,,,,,,,,,,,,,,,,,,,,,,,,,,,,,,,,,,,,,,,,,,,,,,,,,,,,,,,,,,,,,,,,,,,,,,,,,,,,,,,,,,,,,,,,,,,,,,,,,,,,,,,,,,,,,,,,,,,,,,,,,,,,,,,,,,,,,,,,,,,,,,,,,,,,,,,,,,,,,,,,,,,,,,,,,,,,,,,,
1784901939,0,0.024,0.000,1.002,0.10,-0.10,0.00,40.90,17.30,-1.70,-0.14,-1.25,-1.76,1.000,-0.001,-0.011,-0.015,1,0.215,-0.305,0.462,168.00,-71.30,-115.80,37.20,10.40,-12.00,-21.16,-9.02,-4.26,0.979,-0.186,-0.070,-0.051,,,,,,,,,,,,,,,,,,,,,,,,,,,,,,,,,,,,,,,,,,,,,,,,,,,,,,,,,,,,,,,,,,,,,,,,,,,,,,,,,,,,,,,,,,,,,,,,,,,,,,,,,,,,,,,,,,,,,,,,,,,,,,,,,,,,,,,,,,,,,,,,,,,,,,,,,,,,,,,,,,,,,,,,,,,,,,,,,,,,,,,,,,,,,,,,,,,,,,,,,,,,,,,,,,,,,,,,,,,,,,,,,,,,,,,,,,,,,,
1784901939,0,0.024,0.000,1.002,0.10,-0.10,0.00,39.60,17.10,-1.40,-0.14,-1.25,-1.76,1.000,-0.001,-0.011,-0.015,1,0.219,-0.301,0.427,159.80,-72.20,-112.10,36.80,10.70,-13.30,-19.32,-10.09,-5.13,0.980,-0.171,-0.079,-0.059,,,,,,,,,,,,,,,,,,,,,,,,,,,,,,,,,,,,,,,,,,,,,,,,,,,,,,,,,,,,,,,,,,,,,,,,,,,,,,,,,,,,,,,,,,,,,,,,,,,,,,,,,,,,,,,,,,,,,,,,,,,,,,,,,,,,,,,,,,,,,,,,,,,,,,,,,,,,,,,,,,,,,,,,,,,,,,,,,,,,,,,,,,,,,,,,,,,,,,,,,,,,,,,,,,,,,,,,,,,,,,,,,,,,,,,,,,,,,,
1784901939,0,0.020,0.000,0.998,0.00,0.00,0.00,39.60,17.10,-1.40,-0.14,-1.25,-1.76,1.000,-0.001,-0.011,-0.015,1,0.211,-0.285,0.419,150.00,-72.60,-109.00,36.80,10.70,-13.30,-19.32,-10.09,-5.13,0.980,-0.171,-0.079,-0.059,,,,,,,,,,,,,,,,,,,,,,,,,,,,,,,,,,,,,,,,,,,,,,,,,,,,,,,,,,,,,,,,,,,,,,,,,,,,,,,,,,,,,,,,,,,,,,,,,,,,,,,,,,,,,,,,,,,,,,,,,,,,,,,,,,,,,,,,,,,,,,,,,,,,,,,,,,,,,,,,,,,,,,,,,,,,,,,,,,,,,,,,,,,,,,,,,,,,,,,,,,,,,,,,,,,,,,,,,,,,,,,,,,,,,,,,,,,,,,
1784901939,0,0.020,-0.004,0.998,0.00,0.00,0.00,39.60,17.10,-1.40,-0.14,-1.25,-1.76,1.000,-0.001,-0.011,-0.015,1,0.208,-0.257,0.365,139.40,-72.60,-106.80,36.80,10.70,-13.30,-19.32,-10.09,-5.13,0.980,-0.171,-0.079,-0.059,,,,,,,,,,,,,,,,,,,,,,,,,,,,,,,,,,,,,,,,,,,,,,,,,,,,,,,,,,,,,,,,,,,,,,,,,,,,,,,,,,,,,,,,,,,,,,,,,,,,,,,,,,,,,,,,,,,,,,,,,,,,,,,,,,,,,,,,,,,,,,,,,,,,,,,,,,,,,,,,,,,,,,,,,,,,,,,,,,,,,,,,,,,,,,,,,,,,,,,,,,,,,,,,,,,,,,,,,,,,,,,,,,,,,,,,,,,,,,
1784901939,0,0.024,-0.004,1.002,0.00,0.10,0.00,39.60,17.10,-1.40,-0.14,-1.25,-1.76,1.000,-0.001,-0.011,-0.015,1,0.197,-0.241,0.346,128.50,-72.80,-105.80,36.80,10.70,-13.30,-19.32,-10.09,-5.13,0.980,-0.171,-0.079,-0.059,,,,,,,,,,,,,,,,,,,,,,,,,,,,,,,,,,,,,,,,,,,,,,,,,,,,,,,,,,,,,,,,,,,,,,,,,,,,,,,,,,,,,,,,,,,,,,,,,,,,,,,,,,,,,,,,,,,,,,,,,,,,,,,,,,,,,,,,,,,,,,,,,,,,,,,,,,,,,,,,,,,,,,,,,,,,,,,,,,,,,,,,,,,,,,,,,,,,,,,,,,,,,,,,,,,,,,,,,,,,,,,,,,,,,,,,,,,,,,
1784901939,0,0.024,-0.004,0.998,0.00,0.10,0.00,39.20,17.10,-1.00,-0.14,-1.25,-1.76,1.000,-0.001,-0.011,-0.015,1,0.194,-0.229,0.322,117.20,-73.90,-105.60,36.00,11.40,-13.50,-17.83,-11.13,-5.93,0.981,-0.159,-0.088,-0.066,,,,,,,,,,,,,,,,,,,,,,,,,,,,,,,,,,,,,,,,,,,,,,,,,,,,,,,,,,,,,,,,,,,,,,,,,,,,,,,,,,,,,,,,,,,,,,,,,,,,,,,,,,,,,,,,,,,,,,,,,,,,,,,,,,,,,,,,,,,,,,,,,,,,,,,,,,,,,,,,,,,,,,,,,,,,,,,,,,,,,,,,,,,,,,,,,,,,,,,,,,,,,,,,,,,,,,,,,,,,,,,,,,,,,,,,,,,,,,
1784901939,0,0.024,0.000,1.002,0.00,0.10,0.00,39.20,17.10,-1.00,-0.14,-1.25,-1.76,1.000,-0.001,-0.011,-0.015,1,0.194,-0.182,0.287,105.10,-76.60,-105.70,36.00,11.40,-13.50,-17.83,-11.13,-5.93,0.981,-0.159,-0.088,-0.066,,,,,,,,,,,,,,,,,,,,,,,,,,,,,,,,,,,,,,,,,,,,,,,,,,,,,,,,,,,,,,,,,,,,,,,,,,,,,,,,,,,,,,,,,,,,,,,,,,,,,,,,,,,,,,,,,,,,,,,,,,,,,,,,,,,,,,,,,,,,,,,,,,,,,,,,,,,,,,,,,,,,,,,,,,,,,,,,,,,,,,,,,,,,,,,,,,,,,,,,,,,,,,,,,,,,,,,,,,,,,,,,,,,,,,,,,,,,,,
1784901939,0,0.024,0.000,1.002,0.00,0.10,0.00,39.20,17.10,-1.00,-0.14,-1.25,-1.76,1.000,-0.001,-0.011,-0.015,1,0.214,-0.163,0.279,92.30,-81.30,-105.50,36.00,11.40,-13.50,-17.83,-11.13,-5.93,0.981,-0.159,-0.088,-0.066,,,,,,,,,,,,,,,,,,,,,,,,,,,,,,,,,,,,,,,,,,,,,,,,,,,,,,,,,,,,,,,,,,,,,,,,,,,,,,,,,,,,,,,,,,,,,,,,,,,,,,,,,,,,,,,,,,,,,,,,,,,,,,,,,,,,,,,,,,,,,,,,,,,,,,,,,,,,,,,,,,,,,,,,,,,,,,,,,,,,,,,,,,,,,,,,,,,,,,,,,,,,,,,,,,,,,,,,,,,,,,,,,,,,,,,,,,,,,,
1784901939,0,0.024,0.000,1.002,0.00,0.10,0.00,39.20,17.10,-1.00,-0.14,-1.25,-1.76,1.000,-0.001,-0.011,-0.015,1,0.214,-0.143,0.260,78.90,-87.70,-104.70,36.00,11.40,-13.50,-17.83,-11.13,-5.93,0.981,-0.159,-0.088,-0.066,,,,,,,,,,,,,,,,,,,,,,,,,,,,,,,,,,,,,,,,,,,,,,,,,,,,,,,,,,,,,,,,,,,,,,,,,,,,,,,,,,,,,,,,,,,,,,,,,,,,,,,,,,,,,,,,,,,,,,,,,,,,,,,,,,,,,,,,,,,,,,,,,,,,,,,,,,,,,,,,,,,,,,,,,,,,,,,,,,,,,,,,,,,,,,,,,,,,,,,,,,,,,,,,,,,,,,,,,,,,,,,,,,,,,,,,,,,,,,
1784901939,0,0.020,0.003,1.002,0.00,0.00,0.00,39.40,17.20,-1.00,-0.14,-1.25,-1.76,1.000,-0.001,-0.011,-0.015,1,0.203,-0.127,0.241,65.10,-95.30,-103.20,35.40,10.70,-13.80,-16.82,-12.25,-6.69,0.981,-0.151,-0.097,-0.073,,,,,,,,,,,,,,,,,,,,,,,,,,,,,,,,,,,,,,,,,,,,,,,,,,,,,,,,,,,,,,,,,,,,,,,,,,,,,,,,,,,,,,,,,,,,,,,,,,,,,,,,,,,,,,,,,,,,,,,,,,,,,,,,,,,,,,,,,,,,,,,,,,,,,,,,,,,,,,,,,,,,,,,,,,,,,,,,,,,,,,,,,,,,,,,,,,,,,,,,,,,,,,,,,,,,,,,,,,,,,,,,,,,,,,,,,,,,,,
1784901939,0,0.024,0.000,0.994,0.00,0.10,0.00,39.40,17.20,-1.00,-0.14,-1.25,-1.76,1.000,-0.001,-0.011,-0.015,1,0.207,-0.096,0.241,51.50,-103.60,-101.90,35.40,10.70,-13.80,-16.82,-12.25,-6.69,0.981,-0.151,-0.097,-0.073,,,,,,,,,,,,,,,,,,,,,,,,,,,,,,,,,,,,,,,,,,,,,,,,,,,,,,,,,,,,,,,,,,,,,,,,,,,,,,,,,,,,,,,,,,,,,,,,,,,,,,,,,,,,,,,,,,,,,,,,,,,,,,,,,,,,,,,,,,,,,,,,,,,,,,,,,,,,,,,,,,,,,,,,,,,,,,,,,,,,,,,,,,,,,,,,,,,,,,,,,,,,,,,,,,,,,,,,,,,,,,,,,,,,,,,,,,,,,,
1784901939,0,0.020,0.000,1.002,0.00,0.00,0.00,39.40,17.20,-1.00,-0.14,-1.25,-1.76,1.000,-0.001,-0.011,-0.015,1,0.223,-0.080,0.252,38.20,-112.20,-101.10,35.40,10.70,-13.80,-16.82,-12.25,-6.69,0.981,-0.151,-0.097,-0.073,,,,,,,,,,,,,,,,,,,,,,,,,,,,,,,,,,,,,,,,,,,,,,,,,,,,,,,,,,,,,,,,,,,,,,,,,,,,,,,,,,,,,,,,,,,,,,,,,,,,,,,,,,,,,,,,,,,,,,,,,,,,,,,,,,,,,,,,,,,,,,,,,,,,,,,,,,,,,,,,,,,,,,,,,,,,,,,,,,,,,,,,,,,,,,,,,,,,,,,,,,,,,,,,,,,,,,,,,,,,,,,,,,,,,,,,,,,,,,
1784901939,0,0.020,0.000,0.998,0.00,0.10,0.00,39.40,17.20,-1.00,-0.14,-1.25,-1.76,1.000,-0.001,-0.011,-0.015,1,0.238,-0.053,0.283,25.30,-121.40,-100.90,35.40,10.70,-13.80,-16.82,-12.25,-6.69,0.981,-0.151,-0.097,-0.073,,,,,,,,,,,,,,,,,,,,,,,,,,,,,,,,,,,,,,,,,,,,,,,,,,,,,,,,,,,,,,,,,,,,,,,,,,,,,,,,,,,,,,,,,,,,,,,,,,,,,,,,,,,,,,,,,,,,,,,,,,,,,,,,,,,,,,,,,,,,,,,,,,,,,,,,,,,,,,,,,,,,,,,,,,,,,,,,,,,,,,,,,,,,,,,,,,,,,,,,,,,,,,,,,,,,,,,,,,,,,,,,,,,,,,,,,,,,,,
1784901939,0,0.024,-0.004,0.998,0.00,0.00,0.00,39.40,17.10,-0.10,-0.14,-1.25,-1.76,1.000,-0.001,-0.011,-0.015,1,0.248,0.000,0.376,13.20,-131.20,-101.40,34.80,11.40,-11.30,-16.36,-13.66,-7.34,0.980,-0.148,-0.108,-0.080,,,,,,,,,,,,,,,,,,,,,,,,,,,,,,,,,,,,,,,,,,,,,,,,,,,,,,,,,,,,,,,,,,,,,,,,,,,,,,,,,,,,,,,,,,,,,,,,,,,,,,,,,,,,,,,,,,,,,,,,,,,,,,,,,,,,,,,,,,,,,,,,,,,,,,,,,,,,,,,,,,,,,,,,,,,,,,,,,,,,,,,,,,,,,,,,,,,,,,,,,,,,,,,,,,,,,,,,,,,,,,,,,,,,,,,,,,,,,,
1784901939,0,0.020,-0.004,0.998,0.00,0.00,0.00,39.40,17.10,-0.10,-0.14,-1.25,-1.76,1.000,-0.001,-0.011,-0.015,1,0.236,0.020,0.435,3.20,-141.20,-102.00,34.80,11.40,-11.30,-16.36,-13.66,-7.34,0.980,-0.148,-0.108,-0.080,,,,,,,,,,,,,,,,,,,,,,,,,,,,,,,,,,,,,,,,,,,,,,,,,,,,,,,,,,,,,,,,,,,,,,,,,,,,,,,,,,,,,,,,,,,,,,,,,,,,,,,,,,,,,,,,,,,,,,,,,,,,,,,,,,,,,,,,,,,,,,,,,,,,,,,,,,,,,,,,,,,,,,,,,,,,,,,,,,,,,,,,,,,,,,,,,,,,,,,,,,,,,,,,,,,,,,,,,,,,,,,,,,,,,,,,,,,,,,
1784901939,0,0.024,-0.004,0.998,0.00,0.00,0.00,39.40,17.10,-0.10,-0.14,-1.25,-1.76,1.000,-0.001,-0.011,-0.015,1,0.223,0.039,0.513,-3.70,-151.10,-102.20,34.80,11.40,-11.30,-16.36,-13.66,-7.34,0.980,-0.148,-0.108,-0.080,,,,,,,,,,,,,,,,,,,,,,,,,,,,,,,,,,,,,,,,,,,,,,,,,,,,,,,,,,,,,,,,,,,,,,,,,,,,,,,,,,,,,,,,,,,,,,,,,,,,,,,,,,,,,,,,,,,,,,,,,,,,,,,,,,,,,,,,,,,,,,,,,,,,,,,,,,,,,,,,,,,,,,,,,,,,,,,,,,,,,,,,,,,,,,,,,,,,,,,,,,,,,,,,,,,,,,,,,,,,,,,,,,,,,,,,,,,,,,
1784901939,0,0.024,-0.004,1.002,0.00,0.00,0.00,39.40,17.10,-0.10,-0.14,-1.25,-1.76,1.000,-0.001,-0.011,-0.015,1,0.202,0.051,0.598,-7.20,-160.50,-101.80,34.80,11.40,-11.30,-16.36,-13.66,-7.34,0.980,-0.148,-0.108,-0.080,,,,,,,,,,,,,,,,,,,,,,,,,,,,,,,,,,,,,,,,,,,,,,,,,,,,,,,,,,,,,,,,,,,,,,,,,,,,,,,,,,,,,,,,,,,,,,,,,,,,,,,,,,,,,,,,,,,,,,,,,,,,,,,,,,,,,,,,,,,,,,,,,,,,,,,,,,,,,,,,,,,,,,,,,,,,,,,,,,,,,,,,,,,,,,,,,,,,,,,,,,,,,,,,,,,,,,,,,,,,,,,,,,,,,,,,,,,,,,
1784901939,0,0.024,0.000,1.002,0.10,-0.10,0.00,39.70,16.70,0.00,-0.14,-1.25,-1.76,1.000,-0.001,-0.011,-0.015,1,0.196,0.067,0.742,-7.80,-168.70,-101.00,34.10,11.40,-11.30,-16.26,-15.44,-7.90,0.977,-0.149,-0.123,-0.087,,,,,,,,,,,,,,,,,,,,,,,,,,,,,,,,,,,,,,,,,,,,,,,,,,,,,,,,,,,,,,,,,,,,,,,,,,,,,,,,,,,,,,,,,,,,,,,,,,,,,,,,,,,,,,,,,,,,,,,,,,,,,,,,,,,,,,,,,,,,,,,,,,,,,,,,,,,,,,,,,,,,,,,,,,,,,,,,,,,,,,,,,,,,,,,,,,,,,,,,,,,,,,,,,,,,,,,,,,,,,,,,,,,,,,,,,,,,,,
1784901939,0,0.020,-0.004,0.998,0.10,-0.10,0.10,39.70,16.70,0.00,-0.14,-1.25,-1.76,1.000,-0.001,-0.011,-0.015,1,0.194,0.090,0.835,-6.10,-175.00,-100.00,34.10,11.40,-11.30,-16.26,-15.44,-7.90,0.977,-0.149,-0.123,-0.087,,,,,,,,,,,,,,,,,,,,,,,,,,,,,,,,,,,,,,,,,,,,,,,,,,,,,,,,,,,,,,,,,,,,,,,,,,,,,,,,,,,,,,,,,,,,,,,,,,,,,,,,,,,,,,,,,,,,,,,,,,,,,,,,,,,,,,,,,,,,,,,,,,,,,,,,,,,,,,,,,,,,,,,,,,,,,,,,,,,,,,,,,,,,,,,,,,,,,,,,,,,,,,,,,,,,,,,,,,,,,,,,,,,,,,,,,,,,,,
1784901939,0,0.024,0.000,1.002,0.10,0.00,0.10,39.70,16.70,0.00,-0.14,-1.25,-1.76,1.000,-0.001,-0.011,-0.015,1,0.200,0.101,0.936,-2.30,-178.60,-99.20,34.10,11.40,-11.30,-16.26,-15.44,-7.90,0.977,-0.149,-0.123,-0.087,,,,,,,,,,,,,,,,,,,,,,,,,,,,,,,,,,,,,,,,,,,,,,,,,,,,,,,,,,,,,,,,,,,,,,,,,,,,,,,,,,,,,,,,,,,,,,,,,,,,,,,,,,,,,,,,,,,,,,,,,,,,,,,,,,,,,,,,,,,,,,,,,,,,,,,,,,,,,,,,,,,,,,,,,,,,,,,,,,,,,,,,,,,,,,,,,,,,,,,,,,,,,,,,,,,,,,,,,,,,,,,,,,,,,,,,,,,,,,
1784901939,0,0.020,0.000,0.998,0.00,0.10,0.00,39.70,16.70,0.00,-0.14,-1.25,-1.76,1.000,-0.001,-0.011,-0.015,1,0.198,0.077,1.072,3.30,-178.90,-98.20,34.10,11.40,-11.30,-16.26,-15.44,-7.90,0.977,-0.149,-0.123,-0.087,,,,,,,,,,,,,,,,,,,,,,,,,,,,,,,,,,,,,,,,,,,,,,,,,,,,,,,,,,,,,,,,,,,,,,,,,,,,,,,,,,,,,,,,,,,,,,,,,,,,,,,,,,,,,,,,,,,,,,,,,,,,,,,,,,,,,,,,,,,,,,,,,,,,,,,,,,,,,,,,,,,,,,,,,,,,,,,,,,,,,,,,,,,,,,,,,,,,,,,,,,,,,,,,,,,,,,,,,,,,,,,,,,,,,,,,,,,,,,
1784901939,0,0.020,0.000,1.002,0.00,0.10,-0.10,39.30,17.30,-3.30,-0.14,-1.25,-1.76,1.000,-0.001,-0.011,-0.015,1,0.201,0.061,1.131,10.80,-176.10,-97.10,33.50,11.40,-13.20,-16.11,-17.42,-8.37,0.975,-0.149,-0.139,-0.093,,,,,,,,,,,,,,,,,,,,,,,,,,,,,,,,,,,,,,,,,,,,,,,,,,,,,,,,,,,,,,,,,,,,,,,,,,,,,,,,,,,,,,,,,,,,,,,,,,,,,,,,,,,,,,,,,,,,,,,,,,,,,,,,,,,,,,,,,,,,,,,,,,,,,,,,,,,,,,,,,,,,,,,,,,,,,,,,,,,,,,,,,,,,,,,,,,,,,,,,,,,,,,,,,,,,,,,,,,,,,,,,,,,,,,,,,,,,,,
1784901939,0,0.024,-0.004,1.002,0.00,0.20,-0.10,39.30,17.30,-3.30,-0.14,-1.25,-1.76,1.000,-0.001,-0.011,-0.015,1,0.216,0.049,1.181,19.30,-170.90,-95.90,33.50,11.40,-13.20,-16.11,-17.42,-8.37,0.975,-0.149,-0.139,-0.093,,,,,,,,,,,,,,,,,,,,,,,,,,,,,,,,,,,,,,,,,,,,,,,,,,,,,,,,,,,,,,,,,,,,,,,,,,,,,,,,,,,,,,,,,,,,,,,,,,,,,,,,,,,,,,,,,,,,,,,,,,,,,,,,,,,,,,,,,,,,,,,,,,,,,,,,,,,,,,,,,,,,,,,,,,,,,,,,,,,,,,,,,,,,,,,,,,,,,,,,,,,,,,,,,,,,,,,,,,,,,,,,,,,,,,,,,,,,,,
1784901939,0,0.024,-0.004,1.006,0.00,0.20,-0.10,39.30,17.30,-3.30,-0.14,-1.25,-1.76,1.000,-0.001,-0.011,-0.015,1,0.238,0.048,1.232,28.20,-164.00,-94.80,33.50,11.40,-13.20,-16.11,-17.42,-8.37,0.975,-0.149,-0.139,-0.093,,,,,,,,,,,,,,,,,,,,,,,,,,,,,,,,,,,,,,,,,,,,,,,,,,,,,,,,,,,,,,,,,,,,,,,,,,,,,,,,,,,,,,,,,,,,,,,,,,,,,,,,,,,,,,,,,,,,,,,,,,,,,,,,,,,,,,,,,,,,,,,,,,,,,,,,,,,,,,,,,,,,,,,,,,,,,,,,,,,,,,,,,,,,,,,,,,,,,,,,,,,,,,,,,,,,,,,,,,,,,,,,,,,,,,,,,,,,,,
1784901939,0,0.024,-0.004,0.998,0.00,0.10,0.00,39.30,17.30,-3.30,-0.14,-1.25,-1.76,1.000,-0.001,-0.011,-0.015,1,0.265,0.047,1.282,36.50,-155.60,-94.30,33.50,11.40,-13.20,-16.11,-17.42,-8.37,0.975,-0.149,-0.139,-0.093,,,,,,,,,,,,,,,,,,,,,,,,,,,,,,,,,,,,,,,,,,,,,,,,,,,,,,,,,,,,,,,,,,,,,,,,,,,,,,,,,,,,,,,,,,,,,,,,,,,,,,,,,,,,,,,,,,,,,,,,,,,,,,,,,,,,,,,,,,,,,,,,,,,,,,,,,,,,,,,,,,,,,,,,,,,,,,,,,,,,,,,,,,,,,,,,,,,,,,,,,,,,,,,,,,,,,,,,,,,,,,,,,,,,,,,,,,,,,,
1784901939,0,0.024,-0.004,0.998,0.00,0.10,0.00,39.80,16.90,1.50,-0.14,-1.24,-1.76,1.000,-0.001,-0.011,-0.015,1,0.269,0.043,1.286,43.40,-146.30,-94.50,32.70,12.00,-15.70,-15.63,-19.21,-8.88,0.972,-0.146,-0.154,-0.098,,,,,,,,,,,,,,,,,,,,,,,,,,,,,,,,,,,,,,,,,,,,,,,,,,,,,,,,,,,,,,,,,,,,,,,,,,,,,,,,,,,,,,,,,,,,,,,,,,,,,,,,,,,,,,,,,,,,,,,,,,,,,,,,,,,,,,,,,,,,,,,,,,,,,,,,,,,,,,,,,,,,,,,,,,,,,,,,,,,,,,,,,,,,,,,,,,,,,,,,,,,,,,,,,,,,,,,,,,,,,,,,,,,,,,,,,,,,,,
1784901939,0,0.024,0.000,1.002,0.00,0.00,0.00,39.80,16.90,1.50,-0.14,-1.25,-1.76,1.000,-0.001,-0.011,-0.015,1,0.288,0.027,1.290,48.20,-136.20,-95.20,32.70,12.00,-15.70,-15.63,-19.21,-8.88,0.972,-0.146,-0.154,-0.098,,,,,,,,,,,,,,,,,,,,,,,,,,,,,,,,,,,,,,,,,,,,,,,,,,,,,,,,,,,,,,,,,,,,,,,,,,,,,,,,,,,,,,,,,,,,,,,,,,,,,,,,,,,,,,,,,,,,,,,,,,,,,,,,,,,,,,,,,,,,,,,,,,,,,,,,,,,,,,,,,,,,,,,,,,,,,,,,,,,,,,,,,,,,,,,,,,,,,,,,,,,,,,,,,,,,,,,,,,,,,,,,,,,,,,,,,,,,,,
1784901939,0,0.020,-0.004,1.002,0.00,0.00,0.00,39.80,16.90,1.50,-0.14,-1.25,-1.76,1.000,-0.001,-0.011,-0.015,1,0.312,0.015,1.278,50.60,-125.90,-96.10,32.70,12.00,-15.70,-15.63,-19.21,-8.88,0.972,-0.146,-0.154,-0.098,,,,,,,,,,,,,,,,,,,,,,,,,,,,,,,,,,,,,,,,,,,,,,,,,,,,,,,,,,,,,,,,,,,,,,,,,,,,,,,,,,,,,,,,,,,,,,,,,,,,,,,,,,,,,,,,,,,,,,,,,,,,,,,,,,,,,,,,,,,,,,,,,,,,,,,,,,,,,,,,,,,,,,,,,,,,,,,,,,,,,,,,,,,,,,,,,,,,,,,,,,,,,,,,,,,,,,,,,,,,,,,,,,,,,,,,,,,,,,
1784901939,0,0.020,0.000,0.998,0.00,0.10,0.00,39.80,16.90,1.50,-0.14,-1.25,-1.76,1.000,-0.001,-0.011,-0.015,1,0.359,-0.036,1.219,51.00,-115.80,-96.40,32.70,12.00,-15.70,-15.63,-19.21,-8.88,0.972,-0.146,-0.154,-0.098,,,,,,,,,,,,,,,,,,,,,,,,,,,,,,,,,,,,,,,,,,,,,,,,,,,,,,,,,,,,,,,,,,,,,,,,,,,,,,,,,,,,,,,,,,,,,,,,,,,,,,,,,,,,,,,,,,,,,,,,,,,,,,,,,,,,,,,,,,,,,,,,,,,,,,,,,,,,,,,,,,,,,,,,,,,,,,,,,,,,,,,,,,,,,,,,,,,,,,,,,,,,,,,,,,,,,,,,,,,,,,,,,,,,,,,,,,,,,,
1784901939,0,0.020,0.000,0.998,0.00,0.10,0.00,39.60,17.20,2.20,-0.14,-1.24,-1.76,1.000,-0.001,-0.011,-0.015,1,0.387,-0.060,1.196,50.20,-106.20,-96.20,32.30,12.20,-18.10,-14.91,-20.63,-9.52,0.970,-0.142,-0.166,-0.104,,,,,,,,,,,,,,,,,,,,,,,,,,,,,,,,,,,,,,,,,,,,,,,,,,,,,,,,,,,,,,,,,,,,,,,,,,,,,,,,,,,,,,,,,,,,,,,,,,,,,,,,,,,,,,,,,,,,,,,,,,,,,,,,,,,,,,,,,,,,,,,,,,,,,,,,,,,,,,,,,,,,,,,,,,,,,,,,,,,,,,,,,,,,,,,,,,,,,,,,,,,,,,,,,,,,,,,,,,,,,,,,,,,,,,,,,,,,,,
1784901939,0,0.020,-0.004,0.998,0.00,0.10,0.00,39.60,17.20,2.20,-0.14,-1.24,-1.76,1.000,-0.001,-0.011,-0.015,1,0.415,-0.080,1.153,49.10,-97.30,-95.40,32.30,12.20,-18.10,-14.91,-20.63,-9.52,0.970,-0.142,-0.166,-0.104,,,,,,,,,,,,,,,,,,,,,,,,,,,,,,,,,,,,,,,,,,,,,,,,,,,,,,,,,,,,,,,,,,,,,,,,,,,,,,,,,,,,,,,,,,,,,,,,,,,,,,,,,,,,,,,,,,,,,,,,,,,,,,,,,,,,,,,,,,,,,,,,,,,,,,,,,,,,,,,,,,,,,,,,,,,,,,,,,,,,,,,,,,,,,,,,,,,,,,,,,,,,,,,,,,,,,,,,,,,,,,,,,,,,,,,,,,,,,,
1784901939,0,0.020,0.000,0.998,0.00,0.10,0.00,39.60,17.20,2.20,-0.14,-1.24,-1.76,1.000,-0.001,-0.011,-0.015,1,0.482,-0.128,1.075,48.40,-89.30,-94.30,32.30,12.20,-18.10,-14.91,-20.63,-9.52,0.970,-0.142,-0.166,-0.104,,,,,,,,,,,,,,,,,,,,,,,,,,,,,,,,,,,,,,,,,,,,,,,,,,,,,,,,,,,,,,,,,,,,,,,,,,,,,,,,,,,,,,,,,,,,,,,,,,,,,,,,,,,,,,,,,,,,,,,,,,,,,,,,,,,,,,,,,,,,,,,,,,,,,,,,,,,,,,,,,,,,,,,,,,,,,,,,,,,,,,,,,,,,,,,,,,,,,,,,,,,,,,,,,,,,,,,,,,,,,,,,,,,,,,,,,,,,,,
1784901939,0,0.020,-0.004,0.998,0.00,0.00,0.00,39.60,17.20,2.20,-0.14,-1.24,-1.76,1.000,-0.001,-0.011,-0.015,1,0.499,-0.136,1.036,48.30,-82.20,-93.00,32.30,12.20,-18.10,-14.91,-20.63,-9.52,0.970,-0.142,-0.166,-0.104,,,,,,,,,,,,,,,,,,,,,,,,,,,,,,,,,,,,,,,,,,,,,,,,,,,,,,,,,,,,,,,,,,,,,,,,,,,,,,,,,,,,,,,,,,,,,,,,,,,,,,,,,,,,,,,,,,,,,,,,,,,,,,,,,,,,,,,,,,,,,,,,,,,,,,,,,,,,,,,,,,,,,,,,,,,,,,,,,,,,,,,,,,,,,,,,,,,,,,,,,,,,,,,,,,,,,,,,,,,,,,,,,,,,,,,,,,,,,,
1784901939,0,0.016,-0.004,0.998,0.00,0.00,0.00,39.60,16.90,2.90,-0.14,-1.24,-1.76,1.000,-0.001,-0.011,-0.015,1,0.515,-0.156,0.997,48.90,-76.00,-91.60,32.10,12.40,-17.70,-14.16,-21.70,-10.26,0.969,-0.137,-0.175,-0.110,,,,,,,,,,,,,,,,,,,,,,,,,,,,,,,,,,,,,,,,,,,,,,,,,,,,,,,,,,,,,,,,,,,,,,,,,,,,,,,,,,,,,,,,,,,,,,,,,,,,,,,,,,,,,,,,,,,,,,,,,,,,,,,,,,,,,,,,,,,,,,,,,,,,,,,,,,,,,,,,,,,,,,,,,,,,,,,,,,,,,,,,,,,,,,,,,,,,,,,,,,,,,,,,,,,,,,,,,,,,,,,,,,,,,,,,,,,,,,
1784901939,0,0.024,0.000,1.002,0.00,0.00,0.00,39.60,16.90,2.90,-0.14,-1.24,-1.76,1.000,-0.001,-0.011,-0.015,1,0.531,-0.172,0.970,50.60,-70.50,-89.90,32.10,12.40,-17.70,-14.16,-21.70,-10.26,0.969,-0.137,-0.175,-0.110,,,,,,,,,,,,,,,,,,,,,,,,,,,,,,,,,,,,,,,,,,,,,,,,,,,,,,,,,,,,,,,,,,,,,,,,,,,,,,,,,,,,,,,,,,,,,,,,,,,,,,,,,,,,,,,,,,,,,,,,,,,,,,,,,,,,,,,,,,,,,,,,,,,,,,,,,,,,,,,,,,,,,,,,,,,,,,,,,,,,,,,,,,,,,,,,,,,,,,,,,,,,,,,,,,,,,,,,,,,,,,,,,,,,,,,,,,,,,,
1784901939,0,0.020,0.000,0.998,0.00,0.00,0.00,39.60,16.90,2.90,-0.14,-1.24,-1.76,1.000,-0.001,-0.011,-0.015,1,0.559,-0.196,0.931,53.10,-65.90,-88.10,32.10,12.40,-17.70,-14.16,-21.70,-10.26,0.969,-0.137,-0.175,-0.110,,,,,,,,,,,,,,,,,,,,,,,,,,,,,,,,,,,,,,,,,,,,,,,,,,,,,,,,,,,,,,,,,,,,,,,,,,,,,,,,,,,,,,,,,,,,,,,,,,,,,,,,,,,,,,,,,,,,,,,,,,,,,,,,,,,,,,,,,,,,,,,,,,,,,,,,,,,,,,,,,,,,,,,,,,,,,,,,,,,,,,,,,,,,,,,,,,,,,,,,,,,,,,,,,,,,,,,,,,,,,,,,,,,,,,,,,,,,,,
1784901939,0,0.024,-0.004,1.002,0.00,0.00,0.00,39.60,16.90,2.90,-0.14,-1.24,-1.76,1.000,-0.001,-0.011,-0.015,1,0.575,-0.200,0.915,56.80,-62.00,-85.70,32.10,12.40,-17.70,-14.16,-21.70,-10.26,0.969,-0.137,-0.175,-0.110,,,,,,,,,,,,,,,,,,,,,,,,,,,,,,,,,,,,,,,,,,,,,,,,,,,,,,,,,,,,,,,,,,,,,,,,,,,,,,,,,,,,,,,,,,,,,,,,,,,,,,,,,,,,,,,,,,,,,,,,,,,,,,,,,,,,,,,,,,,,,,,,,,,,,,,,,,,,,,,,,,,,,,,,,,,,,,,,,,,,,,,,,,,,,,,,,,,,,,,,,,,,,,,,,,,,,,,,,,,,,,,,,,,,,,,,,,,,,,
1784901939,0,0.024,-0.004,0.998,0.00,-0.10,0.00,39.60,17.00,2.20,-0.14,-1.24,-1.76,1.000,-0.001,-0.011,-0.015,1,0.587,-0.204,0.892,61.50,-58.50,-82.60,32.20,12.30,-18.50,-13.32,-22.53,-11.01,0.967,-0.132,-0.182,-0.116,,,,,,,,,,,,,,,,,,,,,,,,,,,,,,,,,,,,,,,,,,,,,,,,,,,,,,,,,,,,,,,,,,,,,,,,,,,,,,,,,,,,,,,,,,,,,,,,,,,,,,,,,,,,,,,,,,,,,,,,,,,,,,,,,,,,,,,,,,,,,,,,,,,,,,,,,,,,,,,,,,,,,,,,,,,,,,,,,,,,,,,,,,,,,,,,,,,,,,,,,,,,,,,,,,,,,,,,,,,,,,,,,,,,,,,,,,,,,,
1784901939,0,0.020,-0.004,0.998,0.00,-0.10,-0.10,39.60,17.00,2.20,-0.14,-1.24,-1.76,1.000,-0.001,-0.011,-0.015,1,0.618,-0.220,0.856,67.00,-55.30,-79.00,32.20,12.30,-18.50,-13.32,-22.53,-11.01,0.967,-0.132,-0.182,-0.116,,,,,,,,,,,,,,,,,,,,,,,,,,,,,,,,,,,,,,,,,,,,,,,,,,,,,,,,,,,,,,,,,,,,,,,,,,,,,,,,,,,,,,,,,,,,,,,,,,,,,,,,,,,,,,,,,,,,,,,,,,,,,,,,,,,,,,,,,,,,,,,,,,,,,,,,,,,,,,,,,,,,,,,,,,,,,,,,,,,,,,,,,,,,,,,,,,,,,,,,,,,,,,,,,,,,,,,,,,,,,,,,,,,,,,,,,,,,,,
1784901939,0,0.024,-0.004,0.998,0.00,0.00,-0.10,39.60,17.00,2.20,-0.14,-1.24,-1.76,1.000,-0.001,-0.011,-0.015,1,0.615,-0.236,0.837,72.80,-52.00,-75.20,32.20,12.30,-18.50,-13.32,-22.53,-11.01,0.967,-0.132,-0.182,-0.116,,,,,,,,,,,,,,,,,,,,,,,,,,,,,,,,,,,,,,,,,,,,,,,,,,,,,,,,,,,,,,,,,,,,,,,,,,,,,,,,,,,,,,,,,,,,,,,,,,,,,,,,,,,,,,,,,,,,,,,,,,,,,,,,,,,,,,,,,,,,,,,,,,,,,,,,,,,,,,,,,,,,,,,,,,,,,,,,,,,,,,,,,,,,,,,,,,,,,,,,,,,,,,,,,,,,,,,,,,,,,,,,,,,,,,,,,,,,,,
1784901939,0,0.020,-0.004,0.994,0.00,0.00,-0.10,39.60,17.00,2.20,-0.14,-1.24,-1.76,1.000,-0.001,-0.011,-0.015,1,0.623,-0.232,0.817,78.20,-48.70,-71.40,32.20,12.30,-18.50,-13.32,-22.53,-11.01,0.967,-0.132,-0.182,-0.116,,,,,,,,,,,,,,,,,,,,,,,,,,,,,,,,,,,,,,,,,,,,,,,,,,,,,,,,,,,,,,,,,,,,,,,,,,,,,,,,,,,,,,,,,,,,,,,,,,,,,,,,,,,,,,,,,,,,,,,,,,,,,,,,,,,,,,,,,,,,,,,,,,,,,,,,,,,,,,,,,,,,,,,,,,,,,,,,,,,,,,,,,,,,,,,,,,,,,,,,,,,,,,,,,,,,,,,,,,,,,,,,,,,,,,,,,,,,,,
1784901939,0,0.020,-0.004,1.002,0.00,0.10,0.00,39.60,17.30,-4.30,-0.14,-1.24,-1.76,1.000,-0.001,-0.011,-0.015,1,0.635,-0.244,0.817,83.10,-45.40,-67.70,31.80,12.30,-18.60,-12.31,-23.19,-11.66,0.967,-0.125,-0.188,-0.120,,,,,,,,,,,,,,,,,,,,,,,,,,,,,,,,,,,,,,,,,,,,,,,,,,,,,,,,,,,,,,,,,,,,,,,,,,,,,,,,,,,,,,,,,,,,,,,,,,,,,,,,,,,,,,,,,,,,,,,,,,,,,,,,,,,,,,,,,,,,,,,,,,,,,,,,,,,,,,,,,,,,,,,,,,,,,,,,,,,,,,,,,,,,,,,,,,,,,,,,,,,,,,,,,,,,,,,,,,,,,,,,,,,,,,,,,,,,,,
1784901939,0,0.024,-0.008,0.994,0.00,0.10,0.00,39.60,17.30,-4.30,-0.14,-1.24,-1.76,1.000,-0.001,-0.011,-0.015,1,0.650,-0.236,0.806,87.50,-42.40,-64.00,31.80,12.30,-18.60,-12.31,-23.19,-11.66,0.967,-0.125,-0.188,-0.120,,,,,,,,,,,,,,,,,,,,,,,,,,,,,,,,,,,,,,,,,,,,,,,,,,,,,,,,,,,,,,,,,,,,,,,,,,,,,,,,,,,,,,,,,,,,,,,,,,,,,,,,,,,,,,,,,,,,,,,,,,,,,,,,,,,,,,,,,,,,,,,,,,,,,,,,,,,,,,,,,,,,,,,,,,,,,,,,,,,,,,,,,,,,,,,,,,,,,,,,,,,,,,,,,,,,,,,,,,,,,,,,,,,,,,,,,,,,,,
1784901939,0,0.020,0.000,1.002,0.00,0.00,0.00,39.60,17.30,-4.30,-0.14,-1.24,-1.76,1.000,-0.001,-0.011,-0.015,1,0.655,-0.220,0.794,91.70,-40.00,-60.40,31.80,12.30,-18.60,-12.31,-23.19,-11.66,0.967,-0.125,-0.188,-0.120,,,,,,,,,,,,,,,,,,,,,,,,,,,,,,,,,,,,,,,,,,,,,,,,,,,,,,,,,,,,,,,,,,,,,,,,,,,,,,,,,,,,,,,,,,,,,,,,,,,,,,,,,,,,,,,,,,,,,,,,,,,,,,,,,,,,,,,,,,,,,,,,,,,,,,,,,,,,,,,,,,,,,,,,,,,,,,,,,,,,,,,,,,,,,,,,,,,,,,,,,,,,,,,,,,,,,,,,,,,,,,,,,,,,,,,,,,,,,,
1784901939,0,0.020,-0.004,0.998,0.00,0.00,0.00,39.60,17.30,-4.30,-0.14,-1.24,-1.76,1.000,-0.001,-0.011,-0.015,1,0.655,-0.213,0.798,95.60,-38.40,-57.10,31.80,12.30,-18.60,-12.31,-23.19,-11.66,0.967,-0.125,-0.188,-0.120,,,,,,,,,,,,,,,,,,,,,,,,,,,,,,,,,,,,,,,,,,,,,,,,,,,,,,,,,,,,,,,,,,,,,,,,,,,,,,,,,,,,,,,,,,,,,,,,,,,,,,,,,,,,,,,,,,,,,,,,,,,,,,,,,,,,,,,,,,,,,,,,,,,,,,,,,,,,,,,,,,,,,,,,,,,,,,,,,,,,,,,,,,,,,,,,,,,,,,,,,,,,,,,,,,,,,,,,,,,,,,,,,,,,,,,,,,,,,,
1784901939,0,0.020,0.000,0.998,0.00,-0.10,0.00,39.80,17.40,-0.70,-0.14,-1.24,-1.76,1.000,-0.001,-0.011,-0.015,1,0.647,-0.189,0.794,98.20,-37.20,-54.40,31.30,12.00,-19.50,-11.16,-23.69,-12.20,0.966,-0.116,-0.193,-0.123,,,,,,,,,,,,,,,,,,,,,,,,,,,,,,,,,,,,,,,,,,,,,,,,,,,,,,,,,,,,,,,,,,,,,,,,,,,,,,,,,,,,,,,,,,,,,,,,,,,,,,,,,,,,,,,,,,,,,,,,,,,,,,,,,,,,,,,,,,,,,,,,,,,,,,,,,,,,,,,,,,,,,,,,,,,,,,,,,,,,,,,,,,,,,,,,,,,,,,,,,,,,,,,,,,,,,,,,,,,,,,,,,,,,,,,,,,,,,,
1784901939,0,0.020,0.003,1.002,0.00,0.00,0.00,39.80,17.40,-0.70,-0.14,-1.24,-1.76,1.000,-0.001,-0.011,-0.015,1,0.608,-0.169,0.802,99.10,-35.90,-52.20,31.30,12.00,-19.50,-11.16,-23.69,-12.20,0.966,-0.116,-0.193,-0.123,,,,,,,,,,,,,,,,,,,,,,,,,,,,,,,,,,,,,,,,,,,,,,,,,,,,,,,,,,,,,,,,,,,,,,,,,,,,,,,,,,,,,,,,,,,,,,,,,,,,,,,,,,,,,,,,,,,,,,,,,,,,,,,,,,,,,,,,,,,,,,,,,,,,,,,,,,,,,,,,,,,,,,,,,,,,,,,,,,,,,,,,,,,,,,,,,,,,,,,,,,,,,,,,,,,,,,,,,,,,,,,,,,,,,,,,,,,,,,
1784901939,0,0.024,0.000,0.994,0.00,0.00,0.00,39.80,17.40,-0.70,-0.14,-1.24,-1.76,1.000,-0.001,-0.011,-0.015,1,0.596,-0.164,0.814,97.70,-34.60,-50.40,31.30,12.00,-19.50,-11.16,-23.69,-12.20,0.966,-0.116,-0.193,-0.123,,,,,,,,,,,,,,,,,,,,,,,,,,,,,,,,,,,,,,,,,,,,,,,,,,,,,,,,,,,,,,,,,,,,,,,,,,,,,,,,,,,,,,,,,,,,,,,,,,,,,,,,,,,,,,,,,,,,,,,,,,,,,,,,,,,,,,,,,,,,,,,,,,,,,,,,,,,,,,,,,,,,,,,,,,,,,,,,,,,,,,,,,,,,,,,,,,,,,,,,,,,,,,,,,,,,,,,,,,,,,,,,,,,,,,,,,,,,,,
1784901939,0,0.024,-0.004,0.994,0.10,0.00,-0.10,39.80,17.40,-0.70,-0.14,-1.24,-1.76,1.000,-0.001,-0.011,-0.015,1,0.588,-0.153,0.829,94.40,-34.10,-48.50,31.30,12.00,-19.50,-11.16,-23.69,-12.20,0.966,-0.116,-0.193,-0.123,,,,,,,,,,,,,,,,,,,,,,,,,,,,,,,,,,,,,,,,,,,,,,,,,,,,,,,,,,,,,,,,,,,,,,,,,,,,,,,,,,,,,,,,,,,,,,,,,,,,,,,,,,,,,,,,,,,,,,,,,,,,,,,,,,,,,,,,,,,,,,,,,,,,,,,,,,,,,,,,,,,,,,,,,,,,,,,,,,,,,,,,,,,,,,,,,,,,,,,,,,,,,,,,,,,,,,,,,,,,,,,,,,,,,,,,,,,,,,
1784901939,0,0.024,0.000,0.998,0.10,0.00,-0.10,40.00,17.10,-2.40,-0.14,-1.24,-1.76,1.000,-0.001,-0.011,-0.015,1,0.564,-0.117,0.857,89.80,-35.20,-46.30,30.30,11.70,-20.10,-10.02,-24.13,-12.66,0.966,-0.108,-0.198,-0.126,,,,,,,,,,,,,,,,,,,,,,,,,,,,,,,,,,,,,,,,,,,,,,,,,,,,,,,,,,,,,,,,,,,,,,,,,,,,,,,,,,,,,,,,,,,,,,,,,,,,,,,,,,,,,,,,,,,,,,,,,,,,,,,,,,,,,,,,,,,,,,,,,,,,,,,,,,,,,,,,,,,,,,,,,,,,,,,,,,,,,,,,,,,,,,,,,,,,,,,,,,,,,,,,,,,,,,,,,,,,,,,,,,,,,,,,,,,,,,
1784901939,0,0.020,0.000,0.998,0.10,0.10,-0.10,40.00,17.10,-2.40,-0.14,-1.24,-1.76,1.000,-0.001,-0.011,-0.015,1,0.548,-0.109,0.861,84.40,-37.90,-44.30,30.30,11.70,-20.10,-10.03,-24.15,-12.66,0.966,-0.108,-0.198,-0.126,,,,,,,,,,,,,,,,,,,,,,,,,,,,,,,,,,,,,,,,,,,,,,,,,,,,,,,,,,,,,,,,,,,,,,,,,,,,,,,,,,,,,,,,,,,,,,,,,,,,,,,,,,,,,,,,,,,,,,,,,,,,,,,,,,,,,,,,,,,,,,,,,,,,,,,,,,,,,,,,,,,,,,,,,,,,,,,,,,,,,,,,,,,,,,,,,,,,,,,,,,,,,,,,,,,,,,,,,,,,,,,,,,,,,,,,,,,,,,
1784901939,0,0.020,-0.004,0.998,0.10,0.00,0.00,40.00,17.10,-2.40,-0.14,-1.24,-1.76,1.000,-0.001,-0.011,-0.015,1,0.529,-0.104,0.857,78.30,-41.70,-42.30,30.30,11.70,-20.10,-10.03,-24.15,-12.66,0.966,-0.108,-0.198,-0.126,,,,,,,,,,,,,,,,,,,,,,,,,,,,,,,,,,,,,,,,,,,,,,,,,,,,,,,,,,,,,,,,,,,,,,,,,,,,,,,,,,,,,,,,,,,,,,,,,,,,,,,,,,,,,,,,,,,,,,,,,,,,,,,,,,,,,,,,,,,,,,,,,,,,,,,,,,,,,,,,,,,,,,,,,,,,,,,,,,,,,,,,,,,,,,,,,,,,,,,,,,,,,,,,,,,,,,,,,,,,,,,,,,,,,,,,,,,,,,
1784901939,0,0.024,-0.004,1.002,0.00,0.00,0.10,40.00,17.10,-2.40,-0.14,-1.24,-1.76,1.000,-0.001,-0.011,-0.015,1,0.525,-0.092,0.853,71.00,-45.90,-40.40,30.30,11.70,-20.10,-10.03,-24.15,-12.66,0.966,-0.108,-0.198,-0.126,,,,,,,,,,,,,,,,,,,,,,,,,,,,,,,,,,,,,,,,,,,,,,,,,,,,,,,,,,,,,,,,,,,,,,,,,,,,,,,,,,,,,,,,,,,,,,,,,,,,,,,,,,,,,,,,,,,,,,,,,,,,,,,,,,,,,,,,,,,,,,,,,,,,,,,,,,,,,,,,,,,,,,,,,,,,,,,,,,,,,,,,,,,,,,,,,,,,,,,,,,,,,,,,,,,,,,,,,,,,,,,,,,,,,,,,,,,,,,
1784901939,0,0.020,0.000,1.002,0.00,0.00,0.10,39.80,17.20,-3.10,-0.14,-1.24,-1.76,1.000,-0.001,-0.011,-0.015,1,0.518,-0.065,0.826,62.70,-50.00,-38.80,32.40,11.50,-20.00,-9.14,-24.66,-13.03,0.966,-0.101,-0.203,-0.127,,,,,,,,,,,,,,,,,,,,,,,,,,,,,,,,,,,,,,,,,,,,,,,,,,,,,,,,,,,,,,,,,,,,,,,,,,,,,,,,,,,,,,,,,,,,,,,,,,,,,,,,,,,,,,,,,,,,,,,,,,,,,,,,,,,,,,,,,,,,,,,,,,,,,,,,,,,,,,,,,,,,,,,,,,,,,,,,,,,,,,,,,,,,,,,,,,,,,,,,,,,,,,,,,,,,,,,,,,,,,,,,,,,,,,,,,,,,,,
1784901939,0,0.020,-0.004,1.002,0.00,0.00,0.00,39.80,17.20,-3.10,-0.14,-1.24,-1.76,1.000,-0.001,-0.011,-0.015,1,0.518,-0.061,0.806,53.50,-53.90,-37.40,32.40,11.50,-20.00,-9.14,-24.66,-13.03,0.966,-0.101,-0.203,-0.127,,,,,,,,,,,,,,,,,,,,,,,,,,,,,,,,,,,,,,,,,,,,,,,,,,,,,,,,,,,,,,,,,,,,,,,,,,,,,,,,,,,,,,,,,,,,,,,,,,,,,,,,,,,,,,,,,,,,,,,,,,,,,,,,,,,,,,,,,,,,,,,,,,,,,,,,,,,,,,,,,,,,,,,,,,,,,,,,,,,,,,,,,,,,,,,,,,,,,,,,,,,,,,,,,,,,,,,,,,,,,,,,,,,,,,,,,,,,,,
1784901939,0,0.020,0.000,0.998,0.00,0.10,0.00,39.80,17.20,-3.10,-0.14,-1.24,-1.76,1.000,-0.001,-0.011,-0.015,1,0.511,-0.049,0.787,44.30,-57.40,-36.20,32.40,11.50,-20.00,-9.14,-24.66,-13.03,0.966,-0.101,-0.203,-0.127,,,,,,,,,,,,,,,,,,,,,,,,,,,,,,,,,,,,,,,,,,,,,,,,,,,,,,,,,,,,,,,,,,,,,,,,,,,,,,,,,,,,,,,,,,,,,,,,,,,,,,,,,,,,,,,,,,,,,,,,,,,,,,,,,,,,,,,,,,,,,,,,,,,,,,,,,,,,,,,,,,,,,,,,,,,,,,,,,,,,,,,,,,,,,,,,,,,,,,,,,,,,,,,,,,,,,,,,,,,,,,,,,,,,,,,,,,,,,,
1784901939,0,0.020,-0.004,0.998,0.00,0.10,0.00,39.80,17.20,-3.10,-0.14,-1.24,-1.76,1.000,-0.001,-0.011,-0.015,1,0.492,-0.017,0.760,35.30,-60.50,-35.30,32.40,11.50,-20.00,-9.14,-24.66,-13.03,0.966,-0.101,-0.203,-0.127,,,,,,,,,,,,,,,,,,,,,,,,,,,,,,,,,,,,,,,,,,,,,,,,,,,,,,,,,,,,,,,,,,,,,,,,,,,,,,,,,,,,,,,,,,,,,,,,,,,,,,,,,,,,,,,,,,,,,,,,,,,,,,,,,,,,,,,,,,,,,,,,,,,,,,,,,,,,,,,,,,,,,,,,,,,,,,,,,,,,,,,,,,,,,,,,,,,,,,,,,,,,,,,,,,,,,,,,,,,,,,,,,,,,,,,,,,,,,,
1784901939,0,0.024,-0.004,1.002,0.00,0.00,0.00,39.50,17.20,-4.00,-0.14,-1.24,-1.76,1.000,-0.001,-0.011,-0.015,1,0.504,-0.005,0.748,26.70,-63.50,-34.90,32.00,11.50,-21.10,-8.61,-25.30,-13.32,0.964,-0.098,-0.208,-0.129,,,,,,,,,,,,,,,,,,,,,,,,,,,,,,,,,,,,,,,,,,,,,,,,,,,,,,,,,,,,,,,,,,,,,,,,,,,,,,,,,,,,,,,,,,,,,,,,,,,,,,,,,,,,,,,,,,,,,,,,,,,,,,,,,,,,,,,,,,,,,,,,,,,,,,,,,,,,,,,,,,,,,,,,,,,,,,,,,,,,,,,,,,,,,,,,,,,,,,,,,,,,,,,,,,,,,,,,,,,,,,,,,,,,,,,,,,,,,,
1784901939,0,0.020,-0.004,0.998,0.00,-0.10,0.00,39.50,17.20,-4.00,-0.14,-1.24,-1.76,1.000,-0.001,-0.011,-0.015,1,0.496,-0.001,0.752,18.50,-66.40,-35.10,32.00,11.50,-21.10,-8.61,-25.30,-13.32,0.964,-0.098,-0.208,-0.129,,,,,,,,,,,,,,,,,,,,,,,,,,,,,,,,,,,,,,,,,,,,,,,,,,,,,,,,,,,,,,,,,,,,,,,,,,,,,,,,,,,,,,,,,,,,,,,,,,,,,,,,,,,,,,,,,,,,,,,,,,,,,,,,,,,,,,,,,,,,,,,,,,,,,,,,,,,,,,,,,,,,,,,,,,,,,,,,,,,,,,,,,,,,,,,,,,,,,,,,,,,,,,,,,,,,,,,,,,,,,,,,,,,,,,,,,,,,,,
1784901939,0,0.020,-0.004,0.998,0.00,-0.10,-0.10,39.50,17.20,-4.00,-0.14,-1.24,-1.76,1.000,-0.001,-0.011,-0.015,1,0.488,0.006,0.772,10.70,-69.30,-35.90,32.00,11.50,-21.10,-8.61,-25.30,-13.32,0.964,-0.098,-0.208,-0.129,,,,,,,,,,,,,,,,,,,,,,,,,,,,,,,,,,,,,,,,,,,,,,,,,,,,,,,,,,,,,,,,,,,,,,,,,,,,,,,,,,,,,,,,,,,,,,,,,,,,,,,,,,,,,,,,,,,,,,,,,,,,,,,,,,,,,,,,,,,,,,,,,,,,,,,,,,,,,,,,,,,,,,,,,,,,,,,,,,,,,,,,,,,,,,,,,,,,,,,,,,,,,,,,,,,,,,,,,,,,,,,,,,,,,,,,,,,,,,
1784901939,0,0.024,-0.004,0.998,0.00,-0.10,0.00,39.50,17.20,-4.00,-0.14,-1.24,-1.76,1.000,-0.001,-0.011,-0.015,1,0.460,0.030,0.803,3.90,-72.20,-37.10,32.00,11.50,-21.10,-8.61,-25.30,-13.32,0.964,-0.098,-0.208,-0.129,,,,,,,,,,,,,,,,,,,,,,,,,,,,,,,,,,,,,,,,,,,,,,,,,,,,,,,,,,,,,,,,,,,,,,,,,,,,,,,,,,,,,,,,,,,,,,,,,,,,,,,,,,,,,,,,,,,,,,,,,,,,,,,,,,,,,,,,,,,,,,,,,,,,,,,,,,,,,,,,,,,,,,,,,,,,,,,,,,,,,,,,,,,,,,,,,,,,,,,,,,,,,,,,,,,,,,,,,,,,,,,,,,,,,,,,,,,,,,
1784901939,0,0.020,-0.004,1.002,0.00,-0.10,0.00,39.40,17.20,-1.30,-0.14,-1.24,-1.76,1.000,-0.001,-0.011,-0.015,1,0.444,0.038,0.818,-1.30,-75.10,-38.90,31.80,11.60,-21.20,-8.41,-26.06,-13.61,0.963,-0.098,-0.215,-0.132,,,,,,,,,,,,,,,,,,,,,,,,,,,,,,,,,,,,,,,,,,,,,,,,,,,,,,,,,,,,,,,,,,,,,,,,,,,,,,,,,,,,,,,,,,,,,,,,,,,,,,,,,,,,,,,,,,,,,,,,,,,,,,,,,,,,,,,,,,,,,,,,,,,,,,,,,,,,,,,,,,,,,,,,,,,,,,,,,,,,,,,,,,,,,,,,,,,,,,,,,,,,,,,,,,,,,,,,,,,,,,,,,,,,,,,,,,,,,,
1784901939,0,0.020,-0.004,1.002,0.00,0.00,0.00,39.40,17.20,-1.30,-0.14,-1.24,-1.76,1.000,-0.001,-0.011,-0.015,1,0.428,0.050,0.842,-5.10,-77.60,-40.90,31.80,11.60,-21.20,-8.40,-26.06,-13.61,0.963,-0.098,-0.215,-0.132,,,,,,,,,,,,,,,,,,,,,,,,,,,,,,,,,,,,,,,,,,,,,,,,,,,,,,,,,,,,,,,,,,,,,,,,,,,,,,,,,,,,,,,,,,,,,,,,,,,,,,,,,,,,,,,,,,,,,,,,,,,,,,,,,,,,,,,,,,,,,,,,,,,,,,,,,,,,,,,,,,,,,,,,,,,,,,,,,,,,,,,,,,,,,,,,,,,,,,,,,,,,,,,,,,,,,,,,,,,,,,,,,,,,,,,,,,,,,,
1784901939,0,0.020,-0.004,1.002,0.00,0.00,-0.10,39.40,17.20,-1.30,-0.14,-1.24,-1.76,1.000,-0.001,-0.011,-0.015,1,0.420,0.062,0.854,-7.70,-78.90,-43.10,31.80,11.60,-21.20,-8.40,-26.06,-13.61,0.963,-0.098,-0.215,-0.132,,,,,,,,,,,,,,,,,,,,,,,,,,,,,,,,,,,,,,,,,,,,,,,,,,,,,,,,,,,,,,,,,,,,,,,,,,,,,,,,,,,,,,,,,,,,,,,,,,,,,,,,,,,,,,,,,,,,,,,,,,,,,,,,,,,,,,,,,,,,,,,,,,,,,,,,,,,,,,,,,,,,,,,,,,,,,,,,,,,,,,,,,,,,,,,,,,,,,,,,,,,,,,,,,,,,,,,,,,,,,,,,,,,,,,,,,,,,,,
1784901939,0,0.028,0.000,0.998,0.00,0.10,-0.10,39.40,17.20,-1.30,-0.14,-1.24,-1.76,1.000,-0.001,-0.011,-0.015,1,0.389,0.090,0.873,-9.20,-78.80,-45.50,31.80,11.60,-21.20,-8.40,-26.06,-13.61,0.963,-0.098,-0.215,-0.132,,,,,,,,,,,,,,,,,,,,,,,,,,,,,,,,,,,,,,,,,,,,,,,,,,,,,,,,,,,,,,,,,,,,,,,,,,,,,,,,,,,,,,,,,,,,,,,,,,,,,,,,,,,,,,,,,,,,,,,,,,,,,,,,,,,,,,,,,,,,,,,,,,,,,,,,,,,,,,,,,,,,,,,,,,,,,,,,,,,,,,,,,,,,,,,,,,,,,,,,,,,,,,,,,,,,,,,,,,,,,,,,,,,,,,,,,,,,,,
1784901939,0,0.020,-0.004,0.998,-0.10,0.10,-0.10,39.40,16.90,-1.20,-0.14,-1.24,-1.76,1.000,-0.001,-0.011,-0.015,1,0.381,0.102,0.889,-10.10,-77.90,-48.40,31.70,11.30,-22.00,-8.32,-26.90,-13.98,0.961,-0.098,-0.222,-0.135,,,,,,,,,,,,,,,,,,,,,,,,,,,,,,,,,,,,,,,,,,,,,,,,,,,,,,,,,,,,,,,,,,,,,,,,,,,,,,,,,,,,,,,,,,,,,,,,,,,,,,,,,,,,,,,,,,,,,,,,,,,,,,,,,,,,,,,,,,,,,,,,,,,,,,,,,,,,,,,,,,,,,,,,,,,,,,,,,,,,,,,,,,,,,,,,,,,,,,,,,,,,,,,,,,,,,,,,,,,,,,,,,,,,,,,,,,,,,,
1784901939,0,0.020,0.000,1.002,0.00,0.00,0.00,39.40,16.90,-1.20,-0.14,-1.24,-1.76,1.000,-0.001,-0.011,-0.015,1,0.365,0.114,0.885,-10.20,-76.80,-52.20,31.70,11.30,-22.00,-8.31,-26.90,-13.98,0.961,-0.098,-0.222,-0.135,,,,,,,,,,,,,,,,,,,,,,,,,,,,,,,,,,,,,,,,,,,,,,,,,,,,,,,,,,,,,,,,,,,,,,,,,,,,,,,,,,,,,,,,,,,,,,,,,,,,,,,,,,,,,,,,,,,,,,,,,,,,,,,,,,,,,,,,,,,,,,,,,,,,,,,,,,,,,,,,,,,,,,,,,,,,,,,,,,,,,,,,,,,,,,,,,,,,,,,,,,,,,,,,,,,,,,,,,,,,,,,,,,,,,,,,,,,,,,
1784901939,0,0.020,-0.004,0.998,0.00,0.00,0.00,39.40,16.90,-1.20,-0.14,-1.24,-1.76,1.000,-0.001,-0.011,-0.015,1,0.353,0.110,0.908,-9.80,-75.60,-56.50,31.70,11.30,-22.00,-8.31,-26.90,-13.98,0.961,-0.098,-0.222,-0.135,,,,,,,,,,,,,,,,,,,,,,,,,,,,,,,,,,,,,,,,,,,,,,,,,,,,,,,,,,,,,,,,,,,,,,,,,,,,,,,,,,,,,,,,,,,,,,,,,,,,,,,,,,,,,,,,,,,,,,,,,,,,,,,,,,,,,,,,,,,,,,,,,,,,,,,,,,,,,,,,,,,,,,,,,,,,,,,,,,,,,,,,,,,,,,,,,,,,,,,,,,,,,,,,,,,,,,,,,,,,,,,,,,,,,,,,,,,,,,
1784901939,0,0.024,0.003,1.002,0.10,0.00,0.10,39.40,16.90,-1.20,-0.14,-1.24,-1.76,1.000,-0.001,-0.011,-0.015,1,0.349,0.118,0.928,-9.00,-74.50,-61.00,31.70,11.30,-22.00,-8.31,-26.90,-13.98,0.961,-0.098,-0.222,-0.135,,,,,,,,,,,,,,,,,,,,,,,,,,,,,,,,,,,,,,,,,,,,,,,,,,,,,,,,,,,,,,,,,,,,,,,,,,,,,,,,,,,,,,,,,,,,,,,,,,,,,,,,,,,,,,,,,,,,,,,,,,,,,,,,,,,,,,,,,,,,,,,,,,,,,,,,,,,,,,,,,,,,,,,,,,,,,,,,,,,,,,,,,,,,,,,,,,,,,,,,,,,,,,,,,,,,,,,,,,,,,,,,,,,,,,,,,,,,,,
1784901939,0,0.020,0.000,0.994,0.10,0.00,0.10,39.50,16.70,-1.40,-0.14,-1.24,-1.76,1.000,-0.001,-0.011,-0.015,1,0.383,0.113,0.963,-7.70,-73.40,-65.40,30.50,11.50,-23.10,-8.15,-27.73,-14.52,0.958,-0.099,-0.228,-0.139,,,,,,,,,,,,,,,,,,,,,,,,,,,,,,,,,,,,,,,,,,,,,,,,,,,,,,,,,,,,,,,,,,,,,,,,,,,,,,,,,,,,,,,,,,,,,,,,,,,,,,,,,,,,,,,,,,,,,,,,,,,,,,,,,,,,,,,,,,,,,,,,,,,,,,,,,,,,,,,,,,,,,,,,,,,,,,,,,,,,,,,,,,,,,,,,,,,,,,,,,,,,,,,,,,,,,,,,,,,,,,,,,,,,,,,,,,,,,,
1784901939,0,0.024,-0.004,1.002,0.10,-0.10,0.10,39.50,16.70,-1.40,-0.14,-1.24,-1.76,1.000,-0.001,-0.011,-0.015,1,0.394,0.093,1.029,-5.40,-72.60,-69.00,30.50,11.50,-23.10,-8.14,-27.73,-14.52,0.959,-0.099,-0.228,-0.139,,,,,,,,,,,,,,,,,,,,,,,,,,,,,,,,,,,,,,,,,,,,,,,,,,,,,,,,,,,,,,,,,,,,,,,,,,,,,,,,,,,,,,,,,,,,,,,,,,,,,,,,,,,,,,,,,,,,,,,,,,,,,,,,,,,,,,,,,,,,,,,,,,,,,,,,,,,,,,,,,,,,,,,,,,,,,,,,,,,,,,,,,,,,,,,,,,,,,,,,,,,,,,,,,,,,,,,,,,,,,,,,,,,,,,,,,,,,,,
1784901939,0,0.020,0.000,0.998,0.10,-0.10,0.10,39.50,16.70,-1.40,-0.14,-1.24,-1.76,1.000,-0.001,-0.011,-0.015,1,0.370,0.085,1.075,-1.90,-72.30,-71.40,30.50,11.50,-23.10,-8.14,-27.73,-14.52,0.959,-0.099,-0.228,-0.139,,,,,,,,,,,,,,,,,,,,,,,,,,,,,,,,,,,,,,,,,,,,,,,,,,,,,,,,,,,,,,,,,,,,,,,,,,,,,,,,,,,,,,,,,,,,,,,,,,,,,,,,,,,,,,,,,,,,,,,,,,,,,,,,,,,,,,,,,,,,,,,,,,,,,,,,,,,,,,,,,,,,,,,,,,,,,,,,,,,,,,,,,,,,,,,,,,,,,,,,,,,,,,,,,,,,,,,,,,,,,,,,,,,,,,,,,,,,,,
1784901939,0,0.024,-0.004,0.994,0.00,0.00,0.10,39.50,16.70,-1.40,-0.14,-1.24,-1.76,1.000,-0.001,-0.011,-0.015,1,0.361,0.085,1.110,3.10,-73.10,-72.00,30.50,11.50,-23.10,-8.14,-27.73,-14.52,0.959,-0.099,-0.228,-0.139,,,,,,,,,,,,,,,,,,,,,,,,,,,,,,,,,,,,,,,,,,,,,,,,,,,,,,,,,,,,,,,,,,,,,,,,,,,,,,,,,,,,,,,,,,,,,,,,,,,,,,,,,,,,,,,,,,,,,,,,,,,,,,,,,,,,,,,,,,,,,,,,,,,,,,,,,,,,,,,,,,,,,,,,,,,,,,,,,,,,,,,,,,,,,,,,,,,,,,,,,,,,,,,,,,,,,,,,,,,,,,,,,,,,,,,,,,,,,,
1784901939,0,0.024,0.000,0.998,0.00,0.00,0.10,39.00,16.90,-1.00,-0.14,-1.24,-1.76,1.000,-0.001,-0.011,-0.015,1,0.364,0.066,1.157,9.80,-73.80,-71.10,29.20,10.70,-22.80,-7.80,-28.55,-15.21,0.956,-0.098,-0.235,-0.145,,,,,,,,,,,,,,,,,,,,,,,,,,,,,,,,,,,,,,,,,,,,,,,,,,,,,,,,,,,,,,,,,,,,,,,,,,,,,,,,,,,,,,,,,,,,,,,,,,,,,,,,,,,,,,,,,,,,,,,,,,,,,,,,,,,,,,,,,,,,,,,,,,,,,,,,,,,,,,,,,,,,,,,,,,,,,,,,,,,,,,,,,,,,,,,,,,,,,,,,,,,,,,,,,,,,,,,,,,,,,,,,,,,,,,,,,,,,,,
1784901939,0,0.020,0.000,1.002,0.00,0.10,0.10,39.00,16.90,-1.00,-0.14,-1.24,-1.76,1.000,-0.001,-0.011,-0.015,1,0.375,-0.001,1.215,17.80,-72.20,-69.70,29.20,10.70,-22.80,-7.80,-28.55,-15.21,0.956,-0.098,-0.235,-0.145,,,,,,,,,,,,,,,,,,,,,,,,,,,,,,,,,,,,,,,,,,,,,,,,,,,,,,,,,,,,,,,,,,,,,,,,,,,,,,,,,,,,,,,,,,,,,,,,,,,,,,,,,,,,,,,,,,,,,,,,,,,,,,,,,,,,,,,,,,,,,,,,,,,,,,,,,,,,,,,,,,,,,,,,,,,,,,,,,,,,,,,,,,,,,,,,,,,,,,,,,,,,,,,,,,,,,,,,,,,,,,,,,,,,,,,,,,,,,,
1784901939,0,0.020,0.000,1.002,0.00,0.20,0.10,39.00,16.90,-1.00,-0.14,-1.24,-1.76,1.000,-0.001,-0.011,-0.015,1,0.414,-0.025,1.219,26.00,-66.00,-68.00,29.20,10.70,-22.80,-7.80,-28.55,-15.21,0.956,-0.098,-0.235,-0.145,,,,,,,,,,,,,,,,,,,,,,,,,,,,,,,,,,,,,,,,,,,,,,,,,,,,,,,,,,,,,,,,,,,,,,,,,,,,,,,,,,,,,,,,,,,,,,,,,,,,,,,,,,,,,,,,,,,,,,,,,,,,,,,,,,,,,,,,,,,,,,,,,,,,,,,,,,,,,,,,,,,,,,,,,,,,,,,,,,,,,,,,,,,,,,,,,,,,,,,,,,,,,,,,,,,,,,,,,,,,,,,,,,,,,,,,,,,,,,
1784901939,0,0.020,0.003,0.998,0.00,0.30,0.10,39.00,16.90,-1.00,-0.14,-1.24,-1.76,1.000,-0.001,-0.011,-0.015,1,0.461,-0.046,1.223,33.40,-55.50,-65.80,29.20,10.70,-22.80,-7.80,-28.55,-15.21,0.956,-0.098,-0.235,-0.145,,,,,,,,,,,,,,,,,,,,,,,,,,,,,,,,,,,,,,,,,,,,,,,,,,,,,,,,,,,,,,,,,,,,,,,,,,,,,,,,,,,,,,,,,,,,,,,,,,,,,,,,,,,,,,,,,,,,,,,,,,,,,,,,,,,,,,,,,,,,,,,,,,,,,,,,,,,,,,,,,,,,,,,,,,,,,,,,,,,,,,,,,,,,,,,,,,,,,,,,,,,,,,,,,,,,,,,,,,,,,,,,,,,,,,,,,,,,,,
1784901939,0,0.024,0.000,0.998,0.00,0.30,0.10,39.50,16.50,-1.30,-0.14,-1.24,-1.76,1.000,-0.001,-0.011,-0.015,1,0.488,-0.070,1.207,39.10,-42.90,-63.10,28.10,11.00,-23.60,-7.19,-29.22,-15.87,0.954,-0.095,-0.241,-0.149,,,,,,,,,,,,,,,,,,,,,,,,,,,,,,,,,,,,,,,,,,,,,,,,,,,,,,,,,,,,,,,,,,,,,,,,,,,,,,,,,,,,,,,,,,,,,,,,,,,,,,,,,,,,,,,,,,,,,,,,,,,,,,,,,,,,,,,,,,,,,,,,,,,,,,,,,,,,,,,,,,,,,,,,,,,,,,,,,,,,,,,,,,,,,,,,,,,,,,,,,,,,,,,,,,,,,,,,,,,,,,,,,,,,,,,,,,,,,,
1784901939,0,0.020,0.000,0.998,0.00,0.30,0.00,39.50,16.50,-1.30,-0.14,-1.24,-1.76,1.000,-0.001,-0.011,-0.015,1,0.520,-0.105,1.187,43.30,-30.50,-60.20,28.10,11.00,-23.60,-7.19,-29.22,-15.87,0.954,-0.095,-0.241,-0.149,,,,,,,,,,,,,,,,,,,,,,,,,,,,,,,,,,,,,,,,,,,,,,,,,,,,,,,,,,,,,,,,,,,,,,,,,,,,,,,,,,,,,,,,,,,,,,,,,,,,,,,,,,,,,,,,,,,,,,,,,,,,,,,,,,,,,,,,,,,,,,,,,,,,,,,,,,,,,,,,,,,,,,,,,,,,,,,,,,,,,,,,,,,,,,,,,,,,,,,,,,,,,,,,,,,,,,,,,,,,,,,,,,,,,,,,,,,,,,
1784901939,0,0.024,0.000,0.998,0.00,0.10,0.00,39.50,16.50,-1.30,-0.14,-1.24,-1.76,1.000,-0.001,-0.011,-0.015,1,0.536,-0.125,1.168,46.50,-19.90,-57.50,28.10,11.00,-23.60,-7.19,-29.22,-15.87,0.954,-0.095,-0.241,-0.149,,,,,,,,,,,,,,,,,,,,,,,,,,,,,,,,,,,,,,,,,,,,,,,,,,,,,,,,,,,,,,,,,,,,,,,,,,,,,,,,,,,,,,,,,,,,,,,,,,,,,,,,,,,,,,,,,,,,,,,,,,,,,,,,,,,,,,,,,,,,,,,,,,,,,,,,,,,,,,,,,,,,,,,,,,,,,,,,,,,,,,,,,,,,,,,,,,,,,,,,,,,,,,,,,,,,,,,,,,,,,,,,,,,,,,,,,,,,,,
1784901939,0,0.020,-0.004,0.994,0.00,0.00,0.00,39.50,16.50,-1.30,-0.14,-1.24,-1.76,1.000,-0.001,-0.011,-0.015,1,0.559,-0.130,1.152,49.10,-11.70,-55.40,28.10,11.00,-23.60,-7.19,-29.22,-15.87,0.954,-0.095,-0.241,-0.149,,,,,,,,,,,,,,,,,,,,,,,,,,,,,,,,,,,,,,,,,,,,,,,,,,,,,,,,,,,,,,,,,,,,,,,,,,,,,,,,,,,,,,,,,,,,,,,,,,,,,,,,,,,,,,,,,,,,,,,,,,,,,,,,,,,,,,,,,,,,,,,,,,,,,,,,,,,,,,,,,,,,,,,,,,,,,,,,,,,,,,,,,,,,,,,,,,,,,,,,,,,,,,,,,,,,,,,,,,,,,,,,,,,,,,,,,,,,,,
1784901939,0,0.020,-0.004,0.998,0.00,0.00,0.00,39.30,17.60,1.10,-0.14,-1.24,-1.76,1.000,-0.001,-0.011,-0.015,1,0.575,-0.134,1.125,50.70,-5.20,-54.00,28.40,10.90,-23.30,-6.41,-29.46,-16.50,0.954,-0.090,-0.243,-0.153,,,,,,,,,,,,,,,,,,,,,,,,,,,,,,,,,,,,,,,,,,,,,,,,,,,,,,,,,,,,,,,,,,,,,,,,,,,,,,,,,,,,,,,,,,,,,,,,,,,,,,,,,,,,,,,,,,,,,,,,,,,,,,,,,,,,,,,,,,,,,,,,,,,,,,,,,,,,,,,,,,,,,,,,,,,,,,,,,,,,,,,,,,,,,,,,,,,,,,,,,,,,,,,,,,,,,,,,,,,,,,,,,,,,,,,,,,,,,,
1784901939,0,0.024,-0.004,1.006,0.00,-0.10,0.00,39.30,17.60,1.10,-0.14,-1.24,-1.76,1.000,-0.001,-0.011,-0.015,1,0.588,-0.138,1.090,51.10,0.10,-53.40,28.40,10.90,-23.30,-6.41,-29.46,-16.50,0.954,-0.090,-0.243,-0.153,,,,,,,,,,,,,,,,,,,,,,,,,,,,,,,,,,,,,,,,,,,,,,,,,,,,,,,,,,,,,,,,,,,,,,,,,,,,,,,,,,,,,,,,,,,,,,,,,,,,,,,,,,,,,,,,,,,,,,,,,,,,,,,,,,,,,,,,,,,,,,,,,,,,,,,,,,,,,,,,,,,,,,,,,,,,,,,,,,,,,,,,,,,,,,,,,,,,,,,,,,,,,,,,,,,,,,,,,,,,,,,,,,,,,,,,,,,,,,
1784901939,0,0.024,-0.004,0.998,0.00,-0.10,-0.10,39.30,17.60,1.10,-0.14,-1.24,-1.76,1.000,-0.001,-0.011,-0.015,1,0.588,-0.150,1.062,49.80,5.20,-53.30,28.40,10.90,-23.30,-6.41,-29.46,-16.50,0.954,-0.090,-0.243,-0.153,,,,,,,,,,,,,,,,,,,,,,,,,,,,,,,,,,,,,,,,,,,,,,,,,,,,,,,,,,,,,,,,,,,,,,,,,,,,,,,,,,,,,,,,,,,,,,,,,,,,,,,,,,,,,,,,,,,,,,,,,,,,,,,,,,,,,,,,,,,,,,,,,,,,,,,,,,,,,,,,,,,,,,,,,,,,,,,,,,,,,,,,,,,,,,,,,,,,,,,,,,,,,,,,,,,,,,,,,,,,,,,,,,,,,,,,,,,,,,
1784901939,0,0.024,0.000,0.990,0.00,0.00,0.00,39.30,17.60,1.10,-0.14,-1.24,-1.76,1.000,-0.001,-0.011,-0.015,1,0.592,-0.146,1.047,46.90,10.40,-53.90,28.40,10.90,-23.30,-6.41,-29.46,-16.50,0.954,-0.090,-0.243,-0.153,,,,,,,,,,,,,,,,,,,,,,,,,,,,,,,,,,,,,,,,,,,,,,,,,,,,,,,,,,,,,,,,,,,,,,,,,,,,,,,,,,,,,,,,,,,,,,,,,,,,,,,,,,,,,,,,,,,,,,,,,,,,,,,,,,,,,,,,,,,,,,,,,,,,,,,,,,,,,,,,,,,,,,,,,,,,,,,,,,,,,,,,,,,,,,,,,,,,,,,,,,,,,,,,,,,,,,,,,,,,,,,,,,,,,,,,,,,,,,
1784901939,0,0.024,-0.004,0.998,0.00,0.00,0.00,39.40,15.20,-3.10,-0.14,-1.24,-1.76,1.000,-0.001,-0.011,-0.015,1,0.616,-0.142,1.000,42.50,15.10,-54.90,29.60,10.50,-23.80,-5.63,-29.44,-17.12,0.953,-0.085,-0.244,-0.156,,,,,,,,,,,,,,,,,,,,,,,,,,,,,,,,,,,,,,,,,,,,,,,,,,,,,,,,,,,,,,,,,,,,,,,,,,,,,,,,,,,,,,,,,,,,,,,,,,,,,,,,,,,,,,,,,,,,,,,,,,,,,,,,,,,,,,,,,,,,,,,,,,,,,,,,,,,,,,,,,,,,,,,,,,,,,,,,,,,,,,,,,,,,,,,,,,,,,,,,,,,,,,,,,,,,,,,,,,,,,,,,,,,,,,,,,,,,,,
1784901939,0,0.020,-0.004,0.998,0.00,0.10,0.10,39.40,15.20,-3.10,-0.14,-1.24,-1.76,1.000,-0.001,-0.011,-0.015,1,0.616,-0.134,1.004,37.00,18.60,-55.50,29.60,10.50,-23.80,-5.63,-29.44,-17.12,0.953,-0.085,-0.244,-0.156,,,,,,,,,,,,,,,,,,,,,,,,,,,,,,,,,,,,,,,,,,,,,,,,,,,,,,,,,,,,,,,,,,,,,,,,,,,,,,,,,,,,,,,,,,,,,,,,,,,,,,,,,,,,,,,,,,,,,,,,,,,,,,,,,,,,,,,,,,,,,,,,,,,,,,,,,,,,,,,,,,,,,,,,,,,,,,,,,,,,,,,,,,,,,,,,,,,,,,,,,,,,,,,,,,,,,,,,,,,,,,,,,,,,,,,,,,,,,,
1784901939,0,0.024,0.000,1.002,0.00,0.00,0.00,39.40,15.20,-3.10,-0.14,-1.24,-1.76,1.000,-0.001,-0.011,-0.015,1,0.722,-0.167,0.965,31.10,20.20,-55.00,29.60,10.50,-23.80,-5.63,-29.44,-17.12,0.953,-0.085,-0.244,-0.156,,,,,,,,,,,,,,,,,,,,,,,,,,,,,,,,,,,,,,,,,,,,,,,,,,,,,,,,,,,,,,,,,,,,,,,,,,,,,,,,,,,,,,,,,,,,,,,,,,,,,,,,,,,,,,,,,,,,,,,,,,,,,,,,,,,,,,,,,,,,,,,,,,,,,,,,,,,,,,,,,,,,,,,,,,,,,,,,,,,,,,,,,,,,,,,,,,,,,,,,,,,,,,,,,,,,,,,,,,,,,,,,,,,,,,,,,,,,,,
1784901939,0,0.024,0.003,0.998,0.00,0.00,0.00,39.40,15.20,-3.10,-0.14,-1.24,-1.76,1.000,-0.001,-0.011,-0.015,1,0.688,-0.167,0.903,25.40,18.50,-52.60,29.60,10.50,-23.80,-5.63,-29.44,-17.12,0.953,-0.085,-0.244,-0.156,,,,,,,,,,,,,,,,,,,,,,,,,,,,,,,,,,,,,,,,,,,,,,,,,,,,,,,,,,,,,,,,,,,,,,,,,,,,,,,,,,,,,,,,,,,,,,,,,,,,,,,,,,,,,,,,,,,,,,,,,,,,,,,,,,,,,,,,,,,,,,,,,,,,,,,,,,,,,,,,,,,,,,,,,,,,,,,,,,,,,,,,,,,,,,,,,,,,,,,,,,,,,,,,,,,,,,,,,,,,,,,,,,,,,,,,,,,,,,
1784901939,0,0.024,0.000,0.994,-0.10,0.00,0.00,39.70,14.10,-3.70,-0.14,-1.24,-1.76,1.000,-0.001,-0.011,-0.015,1,0.571,-0.098,0.934,20.50,12.00,-47.50,30.60,9.90,-24.80,-5.04,-29.31,-17.74,0.953,-0.081,-0.243,-0.160,,,,,,,,,,,,,,,,,,,,,,,,,,,,,,,,,,,,,,,,,,,,,,,,,,,,,,,,,,,,,,,,,,,,,,,,,,,,,,,,,,,,,,,,,,,,,,,,,,,,,,,,,,,,,,,,,,,,,,,,,,,,,,,,,,,,,,,,,,,,,,,,,,,,,,,,,,,,,,,,,,,,,,,,,,,,,,,,,,,,,,,,,,,,,,,,,,,,,,,,,,,,,,,,,,,,,,,,,,,,,,,,,,,,,,,,,,,,,,
1784901939,0,0.016,-0.012,0.983,-0.10,0.00,0.00,39.70,14.10,-3.70,-0.14,-1.24,-1.76,1.000,-0.001,-0.011,-0.015,1,0.535,-0.097,0.989,17.10,1.50,-40.40,30.60,9.90,-24.80,-5.04,-29.31,-17.74,0.953,-0.081,-0.243,-0.160,,,,,,,,,,,,,,,,,,,,,,,,,,,,,,,,,,,,,,,,,,,,,,,,,,,,,,,,,,,,,,,,,,,,,,,,,,,,,,,,,,,,,,,,,,,,,,,,,,,,,,,,,,,,,,,,,,,,,,,,,,,,,,,,,,,,,,,,,,,,,,,,,,,,,,,,,,,,,,,,,,,,,,,,,,,,,,,,,,,,,,,,,,,,,,,,,,,,,,,,,,,,,,,,,,,,,,,,,,,,,,,,,,,,,,,,,,,,,,
1784901939,0,0.020,-0.004,0.998,0.00,0.00,0.00,39.70,14.10,-3.70,-0.14,-1.24,-1.76,1.000,-0.001,-0.011,-0.015,1,0.453,-0.060,0.997,15.20,-8.80,-33.20,30.60,9.90,-24.80,-5.04,-29.31,-17.74,0.953,-0.081,-0.243,-0.160,,,,,,,,,,,,,,,,,,,,,,,,,,,,,,,,,,,,,,,,,,,,,,,,,,,,,,,,,,,,,,,,,,,,,,,,,,,,,,,,,,,,,,,,,,,,,,,,,,,,,,,,,,,,,,,,,,,,,,,,,,,,,,,,,,,,,,,,,,,,,,,,,,,,,,,,,,,,,,,,,,,,,,,,,,,,,,,,,,,,,,,,,,,,,,,,,,,,,,,,,,,,,,,,,,,,,,,,,,,,,,,,,,,,,,,,,,,,,,
1784901939,0,0.016,-0.004,1.010,0.00,0.00,0.00,39.70,14.10,-3.70,-0.14,-1.24,-1.76,1.000,-0.001,-0.011,-0.015,1,0.406,-0.020,0.986,14.20,-14.30,-28.10,30.60,9.90,-24.80,-5.04,-29.31,-17.74,0.953,-0.081,-0.243,-0.160,,,,,,,,,,,,,,,,,,,,,,,,,,,,,,,,,,,,,,,,,,,,,,,,,,,,,,,,,,,,,,,,,,,,,,,,,,,,,,,,,,,,,,,,,,,,,,,,,,,,,,,,,,,,,,,,,,,,,,,,,,,,,,,,,,,,,,,,,,,,,,,,,,,,,,,,,,,,,,,,,,,,,,,,,,,,,,,,,,,,,,,,,,,,,,,,,,,,,,,,,,,,,,,,,,,,,,,,,,,,,,,,,,,,,,,,,,,,,,
1784901939,0,0.020,0.003,1.002,-0.10,-0.10,0.00,39.70,13.30,-3.30,-0.14,-1.24,-1.75,1.000,-0.001,-0.011,-0.015,1,0.445,0.025,0.986,12.30,-12.90,-26.30,30.30,10.50,-24.20,-4.71,-29.43,-18.10,0.953,-0.079,-0.244,-0.162,,,,,,,,,,,,,,,,,,,,,,,,,,,,,,,,,,,,,,,,,,,,,,,,,,,,,,,,,,,,,,,,,,,,,,,,,,,,,,,,,,,,,,,,,,,,,,,,,,,,,,,,,,,,,,,,,,,,,,,,,,,,,,,,,,,,,,,,,,,,,,,,,,,,,,,,,,,,,,,,,,,,,,,,,,,,,,,,,,,,,,,,,,,,,,,,,,,,,,,,,,,,,,,,,,,,,,,,,,,,,,,,,,,,,,,,,,,,,,
1784901939,0,0.024,-0.004,0.998,-0.30,-0.20,0.00,39.70,13.30,-3.30,-0.14,-1.24,-1.75,1.000,-0.001,-0.011,-0.015,1,0.512,0.059,0.974,8.90,-5.80,-27.60,30.30,10.50,-24.20,-4.71,-29.43,-18.10,0.953,-0.079,-0.244,-0.162,,,,,,,,,,,,,,,,,,,,,,,,,,,,,,,,,,,,,,,,,,,,,,,,,,,,,,,,,,,,,,,,,,,,,,,,,,,,,,,,,,,,,,,,,,,,,,,,,,,,,,,,,,,,,,,,,,,,,,,,,,,,,,,,,,,,,,,,,,,,,,,,,,,,,,,,,,,,,,,,,,,,,,,,,,,,,,,,,,,,,,,,,,,,,,,,,,,,,,,,,,,,,,,,,,,,,,,,,,,,,,,,,,,,,,,,,,,,,,
1784901939,0,0.020,0.003,1.002,-0.40,-0.30,0.00,39.70,13.30,-3.30,-0.14,-1.24,-1.75,1.000,-0.001,-0.011,-0.015,1,0.509,0.068,0.939,3.40,3.30,-30.40,30.30,10.50,-24.20,-4.71,-29.43,-18.10,0.953,-0.079,-0.244,-0.162,,,,,,,,,,,,,,,,,,,,,,,,,,,,,,,,,,,,,,,,,,,,,,,,,,,,,,,,,,,,,,,,,,,,,,,,,,,,,,,,,,,,,,,,,,,,,,,,,,,,,,,,,,,,,,,,,,,,,,,,,,,,,,,,,,,,,,,,,,,,,,,,,,,,,,,,,,,,,,,,,,,,,,,,,,,,,,,,,,,,,,,,,,,,,,,,,,,,,,,,,,,,,,,,,,,,,,,,,,,,,,,,,,,,,,,,,,,,,,
1784901939,0,0.016,0.003,1.002,-0.40,-0.30,0.00,39.70,13.30,-3.30,-0.14,-1.24,-1.75,1.000,-0.001,-0.011,-0.015,1,0.473,0.033,0.950,-3.80,10.90,-32.20,30.30,10.50,-24.20,-4.71,-29.43,-18.10,0.953,-0.079,-0.244,-0.162,,,,,,,,,,,,,,,,,,,,,,,,,,,,,,,,,,,,,,,,,,,,,,,,,,,,,,,,,,,,,,,,,,,,,,,,,,,,,,,,,,,,,,,,,,,,,,,,,,,,,,,,,,,,,,,,,,,,,,,,,,,,,,,,,,,,,,,,,,,,,,,,,,,,,,,,,,,,,,,,,,,,,,,,,,,,,,,,,,,,,,,,,,,,,,,,,,,,,,,,,,,,,,,,,,,,,,,,,,,,,,,,,,,,,,,,,,,,,,
1784901939,0,0.016,0.000,0.998,-0.40,-0.40,0.00,39.40,12.10,-3.50,-0.14,-1.24,-1.76,1.000,-0.001,-0.011,-0.015,1,0.469,0.017,0.970,-11.80,13.90,-31.10,30.60,10.70,-24.90,-4.55,-29.40,-18.45,0.952,-0.079,-0.244,-0.165,,,,,,,,,,,,,,,,,,,,,,,,,,,,,,,,,,,,,,,,,,,,,,,,,,,,,,,,,,,,,,,,,,,,,,,,,,,,,,,,,,,,,,,,,,,,,,,,,,,,,,,,,,,,,,,,,,,,,,,,,,,,,,,,,,,,,,,,,,,,,,,,,,,,,,,,,,,,,,,,,,,,,,,,,,,,,,,,,,,,,,,,,,,,,,,,,,,,,,,,,,,,,,,,,,,,,,,,,,,,,,,,,,,,,,,,,,,,,,
1784901939,0,0.020,0.003,0.998,-0.30,-0.30,0.10,39.40,12.10,-3.50,-0.14,-1.24,-1.76,1.000,-0.001,-0.011,-0.015,1,0.469,-0.002,0.978,-19.40,11.70,-27.90,30.60,10.70,-24.90,-4.54,-29.39,-18.46,0.952,-0.079,-0.244,-0.165,,,,,,,,,,,,,,,,,,,,,,,,,,,,,,,,,,,,,,,,,,,,,,,,,,,,,,,,,,,,,,,,,,,,,,,,,,,,,,,,,,,,,,,,,,,,,,,,,,,,,,,,,,,,,,,,,,,,,,,,,,,,,,,,,,,,,,,,,,,,,,,,,,,,,,,,,,,,,,,,,,,,,,,,,,,,,,,,,,,,,,,,,,,,,,,,,,,,,,,,,,,,,,,,,,,,,,,,,,,,,,,,,,,,,,,,,,,,,,
1784901939,0,0.020,-0.004,1.006,-0.20,-0.30,0.10,39.40,12.10,-3.50,-0.14,-1.24,-1.76,1.000,-0.001,-0.011,-0.015,1,0.465,-0.013,0.982,-25.60,6.00,-24.10,30.60,10.70,-24.90,-4.54,-29.39,-18.46,0.952,-0.079,-0.244,-0.165,,,,,,,,,,,,,,,,,,,,,,,,,,,,,,,,,,,,,,,,,,,,,,,,,,,,,,,,,,,,,,,,,,,,,,,,,,,,,,,,,,,,,,,,,,,,,,,,,,,,,,,,,,,,,,,,,,,,,,,,,,,,,,,,,,,,,,,,,,,,,,,,,,,,,,,,,,,,,,,,,,,,,,,,,,,,,,,,,,,,,,,,,,,,,,,,,,,,,,,,,,,,,,,,,,,,,,,,,,,,,,,,,,,,,,,,,,,,,,
1784901939,0,0.016,-0.004,0.995,-0.10,-0.10,0.10,39.40,12.10,-3.50,-0.14,-1.24,-1.76,1.000,-0.001,-0.011,-0.015,1,0.450,0.002,0.958,-30.60,-0.30,-21.40,30.60,10.70,-24.90,-4.54,-29.39,-18.46,0.952,-0.079,-0.244,-0.165,,,,,,,,,,,,,,,,,,,,,,,,,,,,,,,,,,,,,,,,,,,,,,,,,,,,,,,,,,,,,,,,,,,,,,,,,,,,,,,,,,,,,,,,,,,,,,,,,,,,,,,,,,,,,,,,,,,,,,,,,,,,,,,,,,,,,,,,,,,,,,,,,,,,,,,,,,,,,,,,,,,,,,,,,,,,,,,,,,,,,,,,,,,,,,,,,,,,,,,,,,,,,,,,,,,,,,,,,,,,,,,,,,,,,,,,,,,,,,
1784901939,0,0.020,0.000,1.006,0.00,-0.10,0.00,38.80,19.80,-0.20,-0.15,-1.25,-1.75,1.000,-0.001,-0.011,-0.015,1,0.438,0.022,0.943,-34.50,-5.40,-20.00,30.80,10.80,-24.60,-4.69,-29.38,-18.73,0.952,-0.080,-0.244,-0.167,,,,,,,,,,,,,,,,,,,,,,,,,,,,,,,,,,,,,,,,,,,,,,,,,,,,,,,,,,,,,,,,,,,,,,,,,,,,,,,,,,,,,,,,,,,,,,,,,,,,,,,,,,,,,,,,,,,,,,,,,,,,,,,,,,,,,,,,,,,,,,,,,,,,,,,,,,,,,,,,,,,,,,,,,,,,,,,,,,,,,,,,,,,,,,,,,,,,,,,,,,,,,,,,,,,,,,,,,,,,,,,,,,,,,,,,,,,,,,
1784901939,0,0.027,0.003,0.990,0.00,-0.10,0.00,38.80,19.80,-0.20,-0.15,-1.25,-1.75,1.000,-0.001,-0.011,-0.015,1,0.431,0.038,0.923,-37.40,-8.60,-19.70,30.80,10.80,-24.60,-4.69,-29.38,-18.73,0.952,-0.080,-0.244,-0.167,,,,,,,,,,,,,,,,,,,,,,,,,,,,,,,,,,,,,,,,,,,,,,,,,,,,,,,,,,,,,,,,,,,,,,,,,,,,,,,,,,,,,,,,,,,,,,,,,,,,,,,,,,,,,,,,,,,,,,,,,,,,,,,,,,,,,,,,,,,,,,,,,,,,,,,,,,,,,,,,,,,,,,,,,,,,,,,,,,,,,,,,,,,,,,,,,,,,,,,,,,,,,,,,,,,,,,,,,,,,,,,,,,,,,,,,,,,,,,
1784901939,0,0.020,-0.028,1.018,-0.10,-0.10,0.00,38.80,19.80,-0.20,-0.15,-1.25,-1.75,1.000,-0.001,-0.011,-0.015,1,0.439,0.069,0.896,-39.50,-10.30,-19.40,30.80,10.80,-24.60,-4.69,-29.38,-18.73,0.952,-0.080,-0.244,-0.167,,,,,,,,,,,,,,,,,,,,,,,,,,,,,,,,,,,,,,,,,,,,,,,,,,,,,,,,,,,,,,,,,,,,,,,,,,,,,,,,,,,,,,,,,,,,,,,,,,,,,,,,,,,,,,,,,,,,,,,,,,,,,,,,,,,,,,,,,,,,,,,,,,,,,,,,,,,,,,,,,,,,,,,,,,,,,,,,,,,,,,,,,,,,,,,,,,,,,,,,,,,,,,,,,,,,,,,,,,,,,,,,,,,,,,,,,,,,,,
1784901939,0,0.008,0.014,1.006,-0.40,-0.10,0.00,38.80,19.80,-0.20,-0.15,-1.25,-1.75,1.000,-0.001,-0.011,-0.015,1,0.451,0.081,0.884,-40.70,-11.60,-18.90,30.80,10.80,-24.60,-4.69,-29.38,-18.73,0.952,-0.080,-0.244,-0.167,,,,,,,,,,,,,,,,,,,,,,,,,,,,,,,,,,,,,,,,,,,,,,,,,,,,,,,,,,,,,,,,,,,,,,,,,,,,,,,,,,,,,,,,,,,,,,,,,,,,,,,,,,,,,,,,,,,,,,,,,,,,,,,,,,,,,,,,,,,,,,,,,,,,,,,,,,,,,,,,,,,,,,,,,,,,,,,,,,,,,,,,,,,,,,,,,,,,,,,,,,,,,,,,,,,,,,,,,,,,,,,,,,,,,,,,,,,,,,
1784901939,0,0.024,-0.008,0.998,-0.60,-0.10,0.00,39.20,15.10,-2.00,-0.15,-1.25,-1.75,1.000,-0.001,-0.011,-0.015,1,0.467,0.080,0.865,-40.60,-13.20,-17.70,30.70,9.60,-25.00,-4.98,-29.51,-18.93,0.951,-0.083,-0.244,-0.170,,,,,,,,,,,,,,,,,,,,,,,,,,,,,,,,,,,,,,,,,,,,,,,,,,,,,,,,,,,,,,,,,,,,,,,,,,,,,,,,,,,,,,,,,,,,,,,,,,,,,,,,,,,,,,,,,,,,,,,,,,,,,,,,,,,,,,,,,,,,,,,,,,,,,,,,,,,,,,,,,,,,,,,,,,,,,,,,,,,,,,,,,,,,,,,,,,,,,,,,,,,,,,,,,,,,,,,,,,,,,,,,,,,,,,,,,,,,,,
1784901939,0,0.016,-0.016,1.002,-0.80,0.00,0.00,39.20,15.10,-2.00,-0.15,-1.25,-1.75,1.000,-0.001,-0.011,-0.015,1,0.491,0.049,0.842,-39.20,-15.50,-15.80,30.70,9.60,-25.00,-4.97,-29.51,-18.94,0.951,-0.083,-0.244,-0.170,,,,,,,,,,,,,,,,,,,,,,,,,,,,,,,,,,,,,,,,,,,,,,,,,,,,,,,,,,,,,,,,,,,,,,,,,,,,,,,,,,,,,,,,,,,,,,,,,,,,,,,,,,,,,,,,,,,,,,,,,,,,,,,,,,,,,,,,,,,,,,,,,,,,,,,,,,,,,,,,,,,,,,,,,,,,,,,,,,,,,,,,,,,,,,,,,,,,,,,,,,,,,,,,,,,,,,,,,,,,,,,,,,,,,,,,,,,,,,
1784901939,0,0.020,0.003,1.002,-0.80,-0.10,0.00,39.20,15.10,-2.00,-0.15,-1.25,-1.75,1.000,-0.001,-0.011,-0.015,1,0.498,0.033,0.853,-36.70,-18.50,-12.90,30.70,9.60,-25.00,-4.97,-29.51,-18.94,0.951,-0.083,-0.244,-0.170,,,,,,,,,,,,,,,,,,,,,,,,,,,,,,,,,,,,,,,,,,,,,,,,,,,,,,,,,,,,,,,,,,,,,,,,,,,,,,,,,,,,,,,,,,,,,,,,,,,,,,,,,,,,,,,,,,,,,,,,,,,,,,,,,,,,,,,,,,,,,,,,,,,,,,,,,,,,,,,,,,,,,,,,,,,,,,,,,,,,,,,,,,,,,,,,,,,,,,,,,,,,,,,,,,,,,,,,,,,,,,,,,,,,,,,,,,,,,,
1784901939,0,0.016,-0.004,1.006,-0.80,-0.10,0.00,39.20,15.10,-2.00,-0.15,-1.25,-1.75,1.000,-0.001,-0.011,-0.015,1,0.510,0.017,0.861,-32.90,-21.70,-9.20,30.70,9.60,-25.00,-4.97,-29.51,-18.94,0.951,-0.083,-0.244,-0.170,,,,,,,,,,,,,,,,,,,,,,,,,,,,,,,,,,,,,,,,,,,,,,,,,,,,,,,,,,,,,,,,,,,,,,,,,,,,,,,,,,,,,,,,,,,,,,,,,,,,,,,,,,,,,,,,,,,,,,,,,,,,,,,,,,,,,,,,,,,,,,,,,,,,,,,,,,,,,,,,,,,,,,,,,,,,,,,,,,,,,,,,,,,,,,,,,,,,,,,,,,,,,,,,,,,,,,,,,,,,,,,,,,,,,,,,,,,,,,
1784901939,0,0.012,0.000,0.999,-0.60,-0.10,0.00,39.50,16.60,-2.60,-0.16,-1.25,-1.75,1.000,-0.002,-0.011,-0.015,1,0.521,0.001,0.869,-27.70,-24.90,-4.90,30.80,11.50,-23.90,-5.27,-29.72,-19.04,0.950,-0.086,-0.245,-0.171,,,,,,,,,,,,,,,,,,,,,,,,,,,,,,,,,,,,,,,,,,,,,,,,,,,,,,,,,,,,,,,,,,,,,,,,,,,,,,,,,,,,,,,,,,,,,,,,,,,,,,,,,,,,,,,,,,,,,,,,,,,,,,,,,,,,,,,,,,,,,,,,,,,,,,,,,,,,,,,,,,,,,,,,,,,,,,,,,,,,,,,,,,,,,,,,,,,,,,,,,,,,,,,,,,,,,,,,,,,,,,,,,,,,,,,,,,,,,,
1784901939,0,0.016,-0.004,0.998,-0.20,-0.10,0.00,39.50,16.60,-2.60,-0.16,-1.25,-1.75,1.000,-0.002,-0.011,-0.015,1,0.638,-0.052,0.864,-21.40,-27.80,-0.50,30.80,11.50,-23.90,-5.26,-29.72,-19.04,0.950,-0.086,-0.245,-0.171,,,,,,,,,,,,,,,,,,,,,,,,,,,,,,,,,,,,,,,,,,,,,,,,,,,,,,,,,,,,,,,,,,,,,,,,,,,,,,,,,,,,,,,,,,,,,,,,,,,,,,,,,,,,,,,,,,,,,,,,,,,,,,,,,,,,,,,,,,,,,,,,,,,,,,,,,,,,,,,,,,,,,,,,,,,,,,,,,,,,,,,,,,,,,,,,,,,,,,,,,,,,,,,,,,,,,,,,,,,,,,,,,,,,,,,,,,,,,,
1784901939,0,0.016,0.000,1.002,0.10,0.00,0.00,39.50,16.60,-2.60,-0.16,-1.25,-1.75,1.000,-0.002,-0.011,-0.015,1,0.604,-0.078,0.837,-14.20,-30.90,3.70,30.80,11.50,-23.90,-5.26,-29.72,-19.04,0.950,-0.086,-0.245,-0.171,,,,,,,,,,,,,,,,,,,,,,,,,,,,,,,,,,,,,,,,,,,,,,,,,,,,,,,,,,,,,,,,,,,,,,,,,,,,,,,,,,,,,,,,,,,,,,,,,,,,,,,,,,,,,,,,,,,,,,,,,,,,,,,,,,,,,,,,,,,,,,,,,,,,,,,,,,,,,,,,,,,,,,,,,,,,,,,,,,,,,,,,,,,,,,,,,,,,,,,,,,,,,,,,,,,,,,,,,,,,,,,,,,,,,,,,,,,,,,
1784901939,0,0.024,0.011,1.002,0.50,0.10,0.00,39.50,16.60,-2.60,-0.16,-1.25,-1.75,1.000,-0.002,-0.011,-0.015,1,0.580,-0.074,0.833,-6.60,-35.60,8.70,30.80,11.50,-23.90,-5.26,-29.72,-19.04,0.950,-0.086,-0.245,-0.171,,,,,,,,,,,,,,,,,,,,,,,,,,,,,,,,,,,,,,,,,,,,,,,,,,,,,,,,,,,,,,,,,,,,,,,,,,,,,,,,,,,,,,,,,,,,,,,,,,,,,,,,,,,,,,,,,,,,,,,,,,,,,,,,,,,,,,,,,,,,,,,,,,,,,,,,,,,,,,,,,,,,,,,,,,,,,,,,,,,,,,,,,,,,,,,,,,,,,,,,,,,,,,,,,,,,,,,,,,,,,,,,,,,,,,,,,,,,,,
1784901939,0,0.020,-0.012,1.002,0.80,0.10,-0.10,39.00,17.20,-2.20,-0.15,-1.25,-1.75,1.000,-0.002,-0.011,-0.015,1,0.588,-0.074,0.853,1.70,-42.90,14.30,31.30,9.30,-25.80,-5.42,-30.05,-18.93,0.950,-0.088,-0.248,-0.171,,,,,,,,,,,,,,,,,,,,,,,,,,,,,,,,,,,,,,,,,,,,,,,,,,,,,,,,,,,,,,,,,,,,,,,,,,,,,,,,,,,,,,,,,,,,,,,,,,,,,,,,,,,,,,,,,,,,,,,,,,,,,,,,,,,,,,,,,,,,,,,,,,,,,,,,,,,,,,,,,,,,,,,,,,,,,,,,,,,,,,,,,,,,,,,,,,,,,,,,,,,,,,,,,,,,,,,,,,,,,,,,,,,,,,,,,,,,,,
1784901939,0,0.020,0.003,1.002,1.10,0.20,0.00,39.00,17.20,-2.20,-0.15,-1.25,-1.75,1.000,-0.002,-0.011,-0.015,1,0.536,-0.054,0.892,10.60,-51.40,20.30,31.30,9.30,-25.80,-5.42,-30.06,-18.93,0.950,-0.088,-0.248,-0.171,,,,,,,,,,,,,,,,,,,,,,,,,,,,,,,,,,,,,,,,,,,,,,,,,,,,,,,,,,,,,,,,,,,,,,,,,,,,,,,,,,,,,,,,,,,,,,,,,,,,,,,,,,,,,,,,,,,,,,,,,,,,,,,,,,,,,,,,,,,,,,,,,,,,,,,,,,,,,,,,,,,,,,,,,,,,,,,,,,,,,,,,,,,,,,,,,,,,,,,,,,,,,,,,,,,,,,,,,,,,,,,,,,,,,,,,,,,,,,
1784901939,0,0.016,0.000,0.998,1.30,0.30,-0.10,39.00,17.20,-2.20,-0.15,-1.25,-1.75,1.000,-0.002,-0.011,-0.015,1,0.568,-0.054,0.888,19.70,-57.90,25.50,31.30,9.30,-25.80,-5.42,-30.06,-18.93,0.950,-0.088,-0.248,-0.171,,,,,,,,,,,,,,,,,,,,,,,,,,,,,,,,,,,,,,,,,,,,,,,,,,,,,,,,,,,,,,,,,,,,,,,,,,,,,,,,,,,,,,,,,,,,,,,,,,,,,,,,,,,,,,,,,,,,,,,,,,,,,,,,,,,,,,,,,,,,,,,,,,,,,,,,,,,,,,,,,,,,,,,,,,,,,,,,,,,,,,,,,,,,,,,,,,,,,,,,,,,,,,,,,,,,,,,,,,,,,,,,,,,,,,,,,,,,,,
1784901939,0,0.020,-0.004,1.002,1.30,0.40,-0.10,39.00,17.20,-2.20,-0.15,-1.25,-1.75,1.000,-0.002,-0.011,-0.015,1,0.564,-0.050,0.872,28.30,-60.50,30.20,31.30,9.30,-25.80,-5.42,-30.06,-18.93,0.950,-0.088,-0.248,-0.171,,,,,,,,,,,,,,,,,,,,,,,,,,,,,,,,,,,,,,,,,,,,,,,,,,,,,,,,,,,,,,,,,,,,,,,,,,,,,,,,,,,,,,,,,,,,,,,,,,,,,,,,,,,,,,,,,,,,,,,,,,,,,,,,,,,,,,,,,,,,,,,,,,,,,,,,,,,,,,,,,,,,,,,,,,,,,,,,,,,,,,,,,,,,,,,,,,,,,,,,,,,,,,,,,,,,,,,,,,,,,,,,,,,,,,,,,,,,,,
1784901939,0,0.020,-0.008,0.998,1.20,0.30,-0.20,39.40,18.60,-2.50,-0.14,-1.24,-1.76,1.000,-0.001,-0.011,-0.015,1,0.556,-0.062,0.868,36.00,-60.50,34.50,31.00,9.80,-26.10,-5.37,-30.61,-18.55,0.949,-0.087,-0.253,-0.167,,,,,,,,,,,,,,,,,,,,,,,,,,,,,,,,,,,,,,,,,,,,,,,,,,,,,,,,,,,,,,,,,,,,,,,,,,,,,,,,,,,,,,,,,,,,,,,,,,,,,,,,,,,,,,,,,,,,,,,,,,,,,,,,,,,,,,,,,,,,,,,,,,,,,,,,,,,,,,,,,,,,,,,,,,,,,,,,,,,,,,,,,,,,,,,,,,,,,,,,,,,,,,,,,,,,,,,,,,,,,,,,,,,,,,,,,,,,,,
1784901939,0,0.020,0.003,1.002,1.00,0.10,0.00,39.40,18.60,-2.50,-0.14,-1.24,-1.76,1.000,-0.001,-0.011,-0.015,1,0.540,-0.050,0.900,42.70,-60.60,39.10,31.00,9.80,-26.10,-5.37,-30.61,-18.55,0.949,-0.087,-0.253,-0.167,,,,,,,,,,,,,,,,,,,,,,,,,,,,,,,,,,,,,,,,,,,,,,,,,,,,,,,,,,,,,,,,,,,,,,,,,,,,,,,,,,,,,,,,,,,,,,,,,,,,,,,,,,,,,,,,,,,,,,,,,,,,,,,,,,,,,,,,,,,,,,,,,,,,,,,,,,,,,,,,,,,,,,,,,,,,,,,,,,,,,,,,,,,,,,,,,,,,,,,,,,,,,,,,,,,,,,,,,,,,,,,,,,,,,,,,,,,,,,
1784901939,0,0.020,0.000,0.998,0.70,0.00,0.00,39.40,18.60,-2.50,-0.14,-1.24,-1.76,1.000,-0.001,-0.011,-0.015,1,0.536,-0.069,0.938,48.50,-62.70,43.50,31.00,9.80,-26.10,-5.37,-30.61,-18.55,0.949,-0.087,-0.253,-0.167,,,,,,,,,,,,,,,,,,,,,,,,,,,,,,,,,,,,,,,,,,,,,,,,,,,,,,,,,,,,,,,,,,,,,,,,,,,,,,,,,,,,,,,,,,,,,,,,,,,,,,,,,,,,,,,,,,,,,,,,,,,,,,,,,,,,,,,,,,,,,,,,,,,,,,,,,,,,,,,,,,,,,,,,,,,,,,,,,,,,,,,,,,,,,,,,,,,,,,,,,,,,,,,,,,,,,,,,,,,,,,,,,,,,,,,,,,,,,,
1784901939,0,0.016,0.000,1.002,0.40,0.00,0.00,39.40,18.60,-2.50,-0.14,-1.24,-1.76,1.000,-0.001,-0.011,-0.015,1,0.555,-0.093,0.942,53.60,-65.90,46.80,31.00,9.80,-26.10,-5.37,-30.61,-18.55,0.949,-0.087,-0.253,-0.167,,,,,,,,,,,,,,,,,,,,,,,,,,,,,,,,,,,,,,,,,,,,,,,,,,,,,,,,,,,,,,,,,,,,,,,,,,,,,,,,,,,,,,,,,,,,,,,,,,,,,,,,,,,,,,,,,,,,,,,,,,,,,,,,,,,,,,,,,,,,,,,,,,,,,,,,,,,,,,,,,,,,,,,,,,,,,,,,,,,,,,,,,,,,,,,,,,,,,,,,,,,,,,,,,,,,,,,,,,,,,,,,,,,,,,,,,,,,,,
1784901939,0,0.016,-0.004,1.006,0.20,0.10,0.00,38.90,17.20,-1.10,-0.14,-1.24,-1.76,1.000,-0.001,-0.011,-0.015,1,0.594,-0.090,0.954,57.70,-68.70,48.40,30.80,9.90,-26.30,-5.17,-31.21,-17.96,0.948,-0.085,-0.259,-0.162,,,,,,,,,,,,,,,,,,,,,,,,,,,,,,,,,,,,,,,,,,,,,,,,,,,,,,,,,,,,,,,,,,,,,,,,,,,,,,,,,,,,,,,,,,,,,,,,,,,,,,,,,,,,,,,,,,,,,,,,,,,,,,,,,,,,,,,,,,,,,,,,,,,,,,,,,,,,,,,,,,,,,,,,,,,,,,,,,,,,,,,,,,,,,,,,,,,,,,,,,,,,,,,,,,,,,,,,,,,,,,,,,,,,,,,,,,,,,,
1784901939,0,0.024,-0.004,0.998,0.10,0.20,0.00,38.90,17.20,-1.10,-0.13,-1.24,-1.76,1.000,-0.001,-0.011,-0.015,1,0.598,-0.102,0.965,60.80,-70.10,48.20,30.80,9.90,-26.30,-5.16,-31.21,-17.96,0.948,-0.085,-0.259,-0.162,,,,,,,,,,,,,,,,,,,,,,,,,,,,,,,,,,,,,,,,,,,,,,,,,,,,,,,,,,,,,,,,,,,,,,,,,,,,,,,,,,,,,,,,,,,,,,,,,,,,,,,,,,,,,,,,,,,,,,,,,,,,,,,,,,,,,,,,,,,,,,,,,,,,,,,,,,,,,,,,,,,,,,,,,,,,,,,,,,,,,,,,,,,,,,,,,,,,,,,,,,,,,,,,,,,,,,,,,,,,,,,,,,,,,,,,,,,,,,
1784901939,0,0.020,0.000,0.994,0.10,0.30,0.00,38.90,17.20,-1.10,-0.13,-1.24,-1.76,1.000,-0.001,-0.011,-0.015,1,0.586,-0.094,0.973,62.90,-70.00,46.70,30.80,9.90,-26.30,-5.16,-31.21,-17.96,0.948,-0.085,-0.259,-0.162,,,,,,,,,,,,,,,,,,,,,,,,,,,,,,,,,,,,,,,,,,,,,,,,,,,,,,,,,,,,,,,,,,,,,,,,,,,,,,,,,,,,,,,,,,,,,,,,,,,,,,,,,,,,,,,,,,,,,,,,,,,,,,,,,,,,,,,,,,,,,,,,,,,,,,,,,,,,,,,,,,,,,,,,,,,,,,,,,,,,,,,,,,,,,,,,,,,,,,,,,,,,,,,,,,,,,,,,,,,,,,,,,,,,,,,,,,,,,,
1784901939,0,0.020,0.000,1.002,0.10,0.30,0.00,38.90,17.20,-1.10,-0.13,-1.24,-1.76,1.000,-0.001,-0.011,-0.015,1,0.601,-0.098,0.989,64.80,-68.60,44.50,30.80,9.90,-26.30,-5.16,-31.21,-17.96,0.948,-0.085,-0.259,-0.162,,,,,,,,,,,,,,,,,,,,,,,,,,,,,,,,,,,,,,,,,,,,,,,,,,,,,,,,,,,,,,,,,,,,,,,,,,,,,,,,,,,,,,,,,,,,,,,,,,,,,,,,,,,,,,,,,,,,,,,,,,,,,,,,,,,,,,,,,,,,,,,,,,,,,,,,,,,,,,,,,,,,,,,,,,,,,,,,,,,,,,,,,,,,,,,,,,,,,,,,,,,,,,,,,,,,,,,,,,,,,,,,,,,,,,,,,,,,,,
1784901939,0,0.024,-0.004,0.998,0.10,0.20,0.00,39.20,16.90,-0.70,-0.13,-1.24,-1.76,1.000,-0.001,-0.011,-0.015,1,0.658,-0.076,1.093,66.30,-66.20,41.30,30.60,9.30,-27.30,-4.84,-31.86,-17.36,0.948,-0.082,-0.265,-0.156,,,,,,,,,,,,,,,,,,,,,,,,,,,,,,,,,,,,,,,,,,,,,,,,,,,,,,,,,,,,,,,,,,,,,,,,,,,,,,,,,,,,,,,,,,,,,,,,,,,,,,,,,,,,,,,,,,,,,,,,,,,,,,,,,,,,,,,,,,,,,,,,,,,,,,,,,,,,,,,,,,,,,,,,,,,,,,,,,,,,,,,,,,,,,,,,,,,,,,,,,,,,,,,,,,,,,,,,,,,,,,,,,,,,,,,,,,,,,,
1784901939,0,0.020,0.000,1.006,0.20,0.20,0.00,39.20,16.90,-0.70,-0.13,-1.24,-1.76,1.000,-0.001,-0.011,-0.015,1,0.570,-0.122,1.187,67.70,-63.00,37.90,30.60,9.30,-27.30,-4.84,-31.86,-17.36,0.948,-0.082,-0.265,-0.156,,,,,,,,,,,,,,,,,,,,,,,,,,,,,,,,,,,,,,,,,,,,,,,,,,,,,,,,,,,,,,,,,,,,,,,,,,,,,,,,,,,,,,,,,,,,,,,,,,,,,,,,,,,,,,,,,,,,,,,,,,,,,,,,,,,,,,,,,,,,,,,,,,,,,,,,,,,,,,,,,,,,,,,,,,,,,,,,,,,,,,,,,,,,,,,,,,,,,,,,,,,,,,,,,,,,,,,,,,,,,,,,,,,,,,,,,,,,,,
1784901939,0,0.020,0.000,1.002,0.30,0.20,0.00,39.20,16.90,-0.70,-0.13,-1.24,-1.76,1.000,-0.001,-0.011,-0.015,1,0.602,-0.115,1.195,68.20,-57.30,34.70,30.60,9.30,-27.30,-4.84,-31.86,-17.36,0.948,-0.082,-0.265,-0.156,,,,,,,,,,,,,,,,,,,,,,,,,,,,,,,,,,,,,,,,,,,,,,,,,,,,,,,,,,,,,,,,,,,,,,,,,,,,,,,,,,,,,,,,,,,,,,,,,,,,,,,,,,,,,,,,,,,,,,,,,,,,,,,,,,,,,,,,,,,,,,,,,,,,,,,,,,,,,,,,,,,,,,,,,,,,,,,,,,,,,,,,,,,,,,,,,,,,,,,,,,,,,,,,,,,,,,,,,,,,,,,,,,,,,,,,,,,,,,
1784901939,0,0.016,0.000,0.998,0.20,0.20,0.00,39.20,16.90,-0.70,-0.13,-1.24,-1.76,1.000,-0.001,-0.011,-0.015,1,0.601,-0.158,1.187,68.20,-48.00,31.50,30.60,9.30,-27.30,-4.84,-31.86,-17.36,0.948,-0.082,-0.265,-0.156,,,,,,,,,,,,,,,,,,,,,,,,,,,,,,,,,,,,,,,,,,,,,,,,,,,,,,,,,,,,,,,,,,,,,,,,,,,,,,,,,,,,,,,,,,,,,,,,,,,,,,,,,,,,,,,,,,,,,,,,,,,,,,,,,,,,,,,,,,,,,,,,,,,,,,,,,,,,,,,,,,,,,,,,,,,,,,,,,,,,,,,,,,,,,,,,,,,,,,,,,,,,,,,,,,,,,,,,,,,,,,,,,,,,,,,,,,,,,,
1784901939,0,0.016,0.000,1.002,0.10,0.10,-0.10,39.20,17.50,-1.30,-0.13,-1.23,-1.76,1.000,-0.001,-0.011,-0.015,1,0.587,-0.154,1.140,68.40,-35.50,27.70,30.40,7.50,-26.50,-4.39,-32.34,-16.93,0.948,-0.077,-0.270,-0.152,,,,,,,,,,,,,,,,,,,,,,,,,,,,,,,,,,,,,,,,,,,,,,,,,,,,,,,,,,,,,,,,,,,,,,,,,,,,,,,,,,,,,,,,,,,,,,,,,,,,,,,,,,,,,,,,,,,,,,,,,,,,,,,,,,,,,,,,,,,,,,,,,,,,,,,,,,,,,,,,,,,,,,,,,,,,,,,,,,,,,,,,,,,,,,,,,,,,,,,,,,,,,,,,,,,,,,,,,,,,,,,,,,,,,,,,,,,,,,
1784901939,0,0.020,0.000,0.998,0.00,0.00,-0.10,39.20,17.50,-1.30,-0.13,-1.23,-1.76,1.000,-0.001,-0.011,-0.015,1,0.598,-0.146,1.140,70.40,-23.60,22.60,30.40,7.50,-26.50,-4.39,-32.34,-16.93,0.948,-0.077,-0.270,-0.152,,,,,,,,,,,,,,,,,,,,,,,,,,,,,,,,,,,,,,,,,,,,,,,,,,,,,,,,,,,,,,,,,,,,,,,,,,,,,,,,,,,,,,,,,,,,,,,,,,,,,,,,,,,,,,,,,,,,,,,,,,,,,,,,,,,,,,,,,,,,,,,,,,,,,,,,,,,,,,,,,,,,,,,,,,,,,,,,,,,,,,,,,,,,,,,,,,,,,,,,,,,,,,,,,,,,,,,,,,,,,,,,,,,,,,,,,,,,,,
1784901939,0,0.020,-0.004,1.002,0.00,-0.10,0.00,39.20,17.50,-1.30,-0.13,-1.23,-1.76,1.000,-0.001,-0.011,-0.015,1,0.642,-0.143,1.078,74.20,-15.20,17.10,30.40,7.50,-26.50,-4.39,-32.34,-16.93,0.948,-0.077,-0.270,-0.152,,,,,,,,,,,,,,,,,,,,,,,,,,,,,,,,,,,,,,,,,,,,,,,,,,,,,,,,,,,,,,,,,,,,,,,,,,,,,,,,,,,,,,,,,,,,,,,,,,,,,,,,,,,,,,,,,,,,,,,,,,,,,,,,,,,,,,,,,,,,,,,,,,,,,,,,,,,,,,,,,,,,,,,,,,,,,,,,,,,,,,,,,,,,,,,,,,,,,,,,,,,,,,,,,,,,,,,,,,,,,,,,,,,,,,,,,,,,,,
1784901939,0,0.020,-0.004,0.998,0.00,-0.10,0.00,39.20,17.50,-1.30,-0.13,-1.23,-1.76,1.000,-0.001,-0.011,-0.015,1,0.651,-0.104,1.035,78.80,-11.30,12.80,30.40,7.50,-26.50,-4.39,-32.34,-16.93,0.948,-0.077,-0.270,-0.152,,,,,,,,,,,,,,,,,,,,,,,,,,,,,,,,,,,,,,,,,,,,,,,,,,,,,,,,,,,,,,,,,,,,,,,,,,,,,,,,,,,,,,,,,,,,,,,,,,,,,,,,,,,,,,,,,,,,,,,,,,,,,,,,,,,,,,,,,,,,,,,,,,,,,,,,,,,,,,,,,,,,,,,,,,,,,,,,,,,,,,,,,,,,,,,,,,,,,,,,,,,,,,,,,,,,,,,,,,,,,,,,,,,,,,,,,,,,,,
1784901939,0,0.020,-0.004,1.002,0.00,-0.10,0.00,39.20,17.40,-0.60,-0.13,-1.23,-1.76,1.000,-0.001,-0.011,-0.015,1,0.609,-0.071,0.981,82.00,-10.60,10.70,29.80,7.30,-26.50,-3.73,-32.48,-16.73,0.948,-0.072,-0.272,-0.149,,,,,,,,,,,,,,,,,,,,,,,,,,,,,,,,,,,,,,,,,,,,,,,,,,,,,,,,,,,,,,,,,,,,,,,,,,,,,,,,,,,,,,,,,,,,,,,,,,,,,,,,,,,,,,,,,,,,,,,,,,,,,,,,,,,,,,,,,,,,,,,,,,,,,,,,,,,,,,,,,,,,,,,,,,,,,,,,,,,,,,,,,,,,,,,,,,,,,,,,,,,,,,,,,,,,,,,,,,,,,,,,,,,,,,,,,,,,,,
1784901939,0,0.020,-0.004,1.002,0.00,-0.10,0.00,39.20,17.40,-0.60,-0.13,-1.23,-1.76,1.000,-0.001,-0.011,-0.015,1,0.609,-0.028,0.969,82.20,-11.50,10.30,29.80,7.30,-26.50,-3.73,-32.48,-16.73,0.948,-0.072,-0.272,-0.149,,,,,,,,,,,,,,,,,,,,,,,,,,,,,,,,,,,,,,,,,,,,,,,,,,,,,,,,,,,,,,,,,,,,,,,,,,,,,,,,,,,,,,,,,,,,,,,,,,,,,,,,,,,,,,,,,,,,,,,,,,,,,,,,,,,,,,,,,,,,,,,,,,,,,,,,,,,,,,,,,,,,,,,,,,,,,,,,,,,,,,,,,,,,,,,,,,,,,,,,,,,,,,,,,,,,,,,,,,,,,,,,,,,,,,,,,,,,,,
1784901939,0,0.020,0.000,0.998,-0.10,-0.10,0.00,39.20,17.40,-0.60,-0.13,-1.23,-1.76,1.000,-0.001,-0.011,-0.015,1,0.584,-0.019,0.880,78.60,-12.30,10.20,29.80,7.30,-26.50,-3.73,-32.48,-16.73,0.948,-0.072,-0.272,-0.149,,,,,,,,,,,,,,,,,,,,,,,,,,,,,,,,,,,,,,,,,,,,,,,,,,,,,,,,,,,,,,,,,,,,,,,,,,,,,,,,,,,,,,,,,,,,,,,,,,,,,,,,,,,,,,,,,,,,,,,,,,,,,,,,,,,,,,,,,,,,,,,,,,,,,,,,,,,,,,,,,,,,,,,,,,,,,,,,,,,,,,,,,,,,,,,,,,,,,,,,,,,,,,,,,,,,,,,,,,,,,,,,,,,,,,,,,,,,,,
1784901939,0,0.020,-0.004,0.998,-0.20,0.00,0.00,39.20,17.40,-0.60,-0.13,-1.23,-1.76,1.000,-0.001,-0.011,-0.015,1,0.518,-0.014,0.849,71.30,-11.60,9.70,29.80,7.30,-26.50,-3.73,-32.48,-16.73,0.948,-0.072,-0.272,-0.149,,,,,,,,,,,,,,,,,,,,,,,,,,,,,,,,,,,,,,,,,,,,,,,,,,,,,,,,,,,,,,,,,,,,,,,,,,,,,,,,,,,,,,,,,,,,,,,,,,,,,,,,,,,,,,,,,,,,,,,,,,,,,,,,,,,,,,,,,,,,,,,,,,,,,,,,,,,,,,,,,,,,,,,,,,,,,,,,,,,,,,,,,,,,,,,,,,,,,,,,,,,,,,,,,,,,,,,,,,,,,,,,,,,,,,,,,,,,,,
1784901939,0,0.016,0.000,1.002,-0.20,0.00,0.00,39.20,16.90,-0.90,-0.13,-1.24,-1.76,1.000,-0.001,-0.011,-0.015,1,0.499,0.005,0.822,61.30,-8.90,8.60,30.10,7.00,-25.20,-3.07,-32.59,-16.60,0.948,-0.066,-0.274,-0.146,,,,,,,,,,,,,,,,,,,,,,,,,,,,,,,,,,,,,,,,,,,,,,,,,,,,,,,,,,,,,,,,,,,,,,,,,,,,,,,,,,,,,,,,,,,,,,,,,,,,,,,,,,,,,,,,,,,,,,,,,,,,,,,,,,,,,,,,,,,,,,,,,,,,,,,,,,,,,,,,,,,,,,,,,,,,,,,,,,,,,,,,,,,,,,,,,,,,,,,,,,,,,,,,,,,,,,,,,,,,,,,,,,,,,,,,,,,,,,
1784901939,0,0.020,-0.004,1.002,-0.20,0.00,0.00,39.20,16.90,-0.90,-0.13,-1.23,-1.76,1.000,-0.001,-0.011,-0.015,1,0.518,0.021,0.826,49.50,-4.10,6.60,30.10,7.00,-25.20,-3.07,-32.59,-16.60,0.948,-0.066,-0.274,-0.146,,,,,,,,,,,,,,,,,,,,,,,,,,,,,,,,,,,,,,,,,,,,,,,,,,,,,,,,,,,,,,,,,,,,,,,,,,,,,,,,,,,,,,,,,,,,,,,,,,,,,,,,,,,,,,,,,,,,,,,,,,,,,,,,,,,,,,,,,,,,,,,,,,,,,,,,,,,,,,,,,,,,,,,,,,,,,,,,,,,,,,,,,,,,,,,,,,,,,,,,,,,,,,,,,,,,,,,,,,,,,,,,,,,,,,,,,,,,,,
1784901939,0,0.024,0.000,0.998,-0.20,-0.10,0.00,39.20,16.90,-0.90,-0.13,-1.23,-1.76,1.000,-0.001,-0.011,-0.015,1,0.515,-0.033,0.795,37.50,2.80,3.30,30.10,7.00,-25.20,-3.07,-32.59,-16.60,0.948,-0.066,-0.274,-0.146,,,,,,,,,,,,,,,,,,,,,,,,,,,,,,,,,,,,,,,,,,,,,,,,,,,,,,,,,,,,,,,,,,,,,,,,,,,,,,,,,,,,,,,,,,,,,,,,,,,,,,,,,,,,,,,,,,,,,,,,,,,,,,,,,,,,,,,,,,,,,,,,,,,,,,,,,,,,,,,,,,,,,,,,,,,,,,,,,,,,,,,,,,,,,,,,,,,,,,,,,,,,,,,,,,,,,,,,,,,,,,,,,,,,,,,,,,,,,,
1784901939,0,0.020,-0.004,0.994,-0.30,-0.10,0.00,39.20,16.90,-0.90,-0.13,-1.23,-1.76,1.000,-0.001,-0.011,-0.015,1,0.534,-0.045,0.775,26.50,10.90,-1.60,30.10,7.00,-25.20,-3.07,-32.59,-16.60,0.948,-0.066,-0.274,-0.146,,,,,,,,,,,,,,,,,,,,,,,,,,,,,,,,,,,,,,,,,,,,,,,,,,,,,,,,,,,,,,,,,,,,,,,,,,,,,,,,,,,,,,,,,,,,,,,,,,,,,,,,,,,,,,,,,,,,,,,,,,,,,,,,,,,,,,,,,,,,,,,,,,,,,,,,,,,,,,,,,,,,,,,,,,,,,,,,,,,,,,,,,,,,,,,,,,,,,,,,,,,,,,,,,,,,,,,,,,,,,,,,,,,,,,,,,,,,,,
1784901939,0,0.020,-0.004,0.998,-0.30,-0.10,0.00,39.30,15.60,-1.40,-0.14,-1.24,-1.76,1.000,-0.001,-0.011,-0.015,1,0.585,-0.054,0.771,17.70,19.00,-8.00,30.10,7.10,-23.20,-2.74,-32.51,-16.61,0.949,-0.063,-0.274,-0.145,,,,,,,,,,,,,,,,,,,,,,,,,,,,,,,,,,,,,,,,,,,,,,,,,,,,,,,,,,,,,,,,,,,,,,,,,,,,,,,,,,,,,,,,,,,,,,,,,,,,,,,,,,,,,,,,,,,,,,,,,,,,,,,,,,,,,,,,,,,,,,,,,,,,,,,,,,,,,,,,,,,,,,,,,,,,,,,,,,,,,,,,,,,,,,,,,,,,,,,,,,,,,,,,,,,,,,,,,,,,,,,,,,,,,,,,,,,,,,
1784901939,0,0.024,-0.004,0.998,-0.30,0.00,-0.10,39.30,15.60,-1.40,-0.14,-1.24,-1.76,1.000,-0.001,-0.011,-0.015,1,0.578,-0.058,0.763,11.90,25.40,-14.90,30.10,7.10,-23.20,-2.74,-32.51,-16.61,0.949,-0.063,-0.274,-0.145,,,,,,,,,,,,,,,,,,,,,,,,,,,,,,,,,,,,,,,,,,,,,,,,,,,,,,,,,,,,,,,,,,,,,,,,,,,,,,,,,,,,,,,,,,,,,,,,,,,,,,,,,,,,,,,,,,,,,,,,,,,,,,,,,,,,,,,,,,,,,,,,,,,,,,,,,,,,,,,,,,,,,,,,,,,,,,,,,,,,,,,,,,,,,,,,,,,,,,,,,,,,,,,,,,,,,,,,,,,,,,,,,,,,,,,,,,,,,,
1784901939,0,0.024,0.000,0.998,-0.40,0.00,-0.20,39.30,15.60,-1.40,-0.14,-1.24,-1.76,1.000,-0.001,-0.011,-0.015,1,0.523,-0.049,0.771,8.80,29.60,-21.20,30.10,7.10,-23.20,-2.74,-32.51,-16.61,0.949,-0.063,-0.274,-0.145,,,,,,,,,,,,,,,,,,,,,,,,,,,,,,,,,,,,,,,,,,,,,,,,,,,,,,,,,,,,,,,,,,,,,,,,,,,,,,,,,,,,,,,,,,,,,,,,,,,,,,,,,,,,,,,,,,,,,,,,,,,,,,,,,,,,,,,,,,,,,,,,,,,,,,,,,,,,,,,,,,,,,,,,,,,,,,,,,,,,,,,,,,,,,,,,,,,,,,,,,,,,,,,,,,,,,,,,,,,,,,,,,,,,,,,,,,,,,,
1784901939,0,0.024,0.000,1.002,-0.30,0.00,-0.10,39.30,15.60,-1.40,-0.14,-1.24,-1.76,1.000,-0.001,-0.011,-0.015,1,0.499,-0.033,0.803,8.00,31.70,-25.70,30.10,7.10,-23.20,-2.74,-32.51,-16.61,0.949,-0.063,-0.274,-0.145,,,,,,,,,,,,,,,,,,,,,,,,,,,,,,,,,,,,,,,,,,,,,,,,,,,,,,,,,,,,,,,,,,,,,,,,,,,,,,,,,,,,,,,,,,,,,,,,,,,,,,,,,,,,,,,,,,,,,,,,,,,,,,,,,,,,,,,,,,,,,,,,,,,,,,,,,,,,,,,,,,,,,,,,,,,,,,,,,,,,,,,,,,,,,,,,,,,,,,,,,,,,,,,,,,,,,,,,,,,,,,,,,,,,,,,,,,,,,,
1784901939,0,0.024,-0.004,1.002,-0.30,0.00,-0.10,38.60,18.50,-1.30,-0.14,-1.24,-1.76,1.000,-0.001,-0.011,-0.015,1,0.487,-0.025,0.818,8.30,32.60,-28.20,29.50,7.20,-23.10,-2.49,-32.23,-16.89,0.949,-0.061,-0.271,-0.147,,,,,,,,,,,,,,,,,,,,,,,,,,,,,,,,,,,,,,,,,,,,,,,,,,,,,,,,,,,,,,,,,,,,,,,,,,,,,,,,,,,,,,,,,,,,,,,,,,,,,,,,,,,,,,,,,,,,,,,,,,,,,,,,,,,,,,,,,,,,,,,,,,,,,,,,,,,,,,,,,,,,,,,,,,,,,,,,,,,,,,,,,,,,,,,,,,,,,,,,,,,,,,,,,,,,,,,,,,,,,,,,,,,,,,,,,,,,,,
1784901939,0,0.024,-0.004,0.998,-0.10,-0.10,0.00,38.60,18.50,-1.30,-0.14,-1.24,-1.76,1.000,-0.001,-0.011,-0.015,1,0.479,0.006,0.830,8.80,32.80,-29.40,29.50,7.20,-23.10,-2.49,-32.23,-16.89,0.949,-0.061,-0.271,-0.147,,,,,,,,,,,,,,,,,,,,,,,,,,,,,,,,,,,,,,,,,,,,,,,,,,,,,,,,,,,,,,,,,,,,,,,,,,,,,,,,,,,,,,,,,,,,,,,,,,,,,,,,,,,,,,,,,,,,,,,,,,,,,,,,,,,,,,,,,,,,,,,,,,,,,,,,,,,,,,,,,,,,,,,,,,,,,,,,,,,,,,,,,,,,,,,,,,,,,,,,,,,,,,,,,,,,,,,,,,,,,,,,,,,,,,,,,,,,,,
1784901939,0,0.028,0.000,0.998,0.00,-0.20,0.00,38.60,18.50,-1.30,-0.14,-1.24,-1.76,1.000,-0.001,-0.011,-0.015,1,0.463,0.014,0.830,8.70,32.50,-29.90,29.50,7.20,-23.10,-2.49,-32.23,-16.89,0.949,-0.061,-0.271,-0.147,,,,,,,,,,,,,,,,,,,,,,,,,,,,,,,,,,,,,,,,,,,,,,,,,,,,,,,,,,,,,,,,,,,,,,,,,,,,,,,,,,,,,,,,,,,,,,,,,,,,,,,,,,,,,,,,,,,,,,,,,,,,,,,,,,,,,,,,,,,,,,,,,,,,,,,,,,,,,,,,,,,,,,,,,,,,,,,,,,,,,,,,,,,,,,,,,,,,,,,,,,,,,,,,,,,,,,,,,,,,,,,,,,,,,,,,,,,,,,
1784901939,0,0.020,-0.004,0.998,0.00,-0.30,0.00,38.60,18.50,-1.30,-0.14,-1.24,-1.76,1.000,-0.001,-0.011,-0.015,1,0.456,0.022,0.830,7.70,31.50,-30.10,29.50,7.20,-23.10,-2.49,-32.23,-16.89,0.949,-0.061,-0.271,-0.147,,,,,,,,,,,,,,,,,,,,,,,,,,,,,,,,,,,,,,,,,,,,,,,,,,,,,,,,,,,,,,,,,,,,,,,,,,,,,,,,,,,,,,,,,,,,,,,,,,,,,,,,,,,,,,,,,,,,,,,,,,,,,,,,,,,,,,,,,,,,,,,,,,,,,,,,,,,,,,,,,,,,,,,,,,,,,,,,,,,,,,,,,,,,,,,,,,,,,,,,,,,,,,,,,,,,,,,,,,,,,,,,,,,,,,,,,,,,,,
1784901939,0,0.020,0.000,0.998,0.00,-0.20,0.00,38.10,18.30,-1.40,-0.14,-1.24,-1.76,1.000,-0.001,-0.011,-0.015,1,0.456,0.026,0.826,6.00,29.80,-29.70,30.20,6.90,-28.90,-2.22,-31.92,-17.26,0.950,-0.060,-0.269,-0.149,,,,,,,,,,,,,,,,,,,,,,,,,,,,,,,,,,,,,,,,,,,,,,,,,,,,,,,,,,,,,,,,,,,,,,,,,,,,,,,,,,,,,,,,,,,,,,,,,,,,,,,,,,,,,,,,,,,,,,,,,,,,,,,,,,,,,,,,,,,,,,,,,,,,,,,,,,,,,,,,,,,,,,,,,,,,,,,,,,,,,,,,,,,,,,,,,,,,,,,,,,,,,,,,,,,,,,,,,,,,,,,,,,,,,,,,,,,,,,
1784901939,0,0.024,0.000,0.998,0.00,-0.10,0.00,38.10,18.30,-1.40,-0.14,-1.24,-1.76,1.000,-0.001,-0.011,-0.015,1,0.464,0.010,0.799,3.80,27.50,-28.90,30.20,6.90,-28.90,-2.22,-31.92,-17.26,0.950,-0.060,-0.269,-0.149,,,,,,,,,,,,,,,,,,,,,,,,,,,,,,,,,,,,,,,,,,,,,,,,,,,,,,,,,,,,,,,,,,,,,,,,,,,,,,,,,,,,,,,,,,,,,,,,,,,,,,,,,,,,,,,,,,,,,,,,,,,,,,,,,,,,,,,,,,,,,,,,,,,,,,,,,,,,,,,,,,,,,,,,,,,,,,,,,,,,,,,,,,,,,,,,,,,,,,,,,,,,,,,,,,,,,,,,,,,,,,,,,,,,,,,,,,,,,,
1784901939,0,0.020,0.000,1.002,0.00,-0.10,0.00,38.10,18.30,-1.40,-0.14,-1.24,-1.76,1.000,-0.001,-0.011,-0.015,1,0.468,0.002,0.787,1.20,25.10,-28.10,30.20,6.90,-28.90,-2.22,-31.92,-17.26,0.950,-0.060,-0.269,-0.149,,,,,,,,,,,,,,,,,,,,,,,,,,,,,,,,,,,,,,,,,,,,,,,,,,,,,,,,,,,,,,,,,,,,,,,,,,,,,,,,,,,,,,,,,,,,,,,,,,,,,,,,,,,,,,,,,,,,,,,,,,,,,,,,,,,,,,,,,,,,,,,,,,,,,,,,,,,,,,,,,,,,,,,,,,,,,,,,,,,,,,,,,,,,,,,,,,,,,,,,,,,,,,,,,,,,,,,,,,,,,,,,,,,,,,,,,,,,,,
1784901939,0,0.020,0.000,1.002,0.00,0.00,0.00,38.10,18.30,-1.40,-0.14,-1.24,-1.76,1.000,-0.001,-0.011,-0.015,1,0.484,0.006,0.772,-1.40,22.70,-27.20,30.20,6.90,-28.90,-2.22,-31.92,-17.26,0.950,-0.060,-0.269,-0.149,,,,,,,,,,,,,,,,,,,,,,,,,,,,,,,,,,,,,,,,,,,,,,,,,,,,,,,,,,,,,,,,,,,,,,,,,,,,,,,,,,,,,,,,,,,,,,,,,,,,,,,,,,,,,,,,,,,,,,,,,,,,,,,,,,,,,,,,,,,,,,,,,,,,,,,,,,,,,,,,,,,,,,,,,,,,,,,,,,,,,,,,,,,,,,,,,,,,,,,,,,,,,,,,,,,,,,,,,,,,,,,,,,,,,,,,,,,,,,
1784901939,0,0.020,0.000,0.998,0.00,0.00,0.10,37.00,18.50,-0.80,-0.14,-1.24,-1.76,1.000,-0.001,-0.011,-0.015,1,0.496,-0.009,0.756,-3.60,20.20,-26.40,30.10,6.80,-28.10,-2.04,-31.69,-17.59,0.950,-0.059,-0.267,-0.152,,,,,,,,,,,,,,,,,,,,,,,,,,,,,,,,,,,,,,,,,,,,,,,,,,,,,,,,,,,,,,,,,,,,,,,,,,,,,,,,,,,,,,,,,,,,,,,,,,,,,,,,,,,,,,,,,,,,,,,,,,,,,,,,,,,,,,,,,,,,,,,,,,,,,,,,,,,,,,,,,,,,,,,,,,,,,,,,,,,,,,,,,,,,,,,,,,,,,,,,,,,,,,,,,,,,,,,,,,,,,,,,,,,,,,,,,,,,,,
1784901939,0,0.020,0.000,1.002,0.00,0.00,0.00,37.00,18.50,-0.80,-0.14,-1.24,-1.76,1.000,-0.001,-0.011,-0.015,1,0.504,-0.021,0.748,-4.80,17.80,-25.50,30.10,6.80,-28.10,-2.04,-31.69,-17.59,0.950,-0.059,-0.267,-0.152,,,,,,,,,,,,,,,,,,,,,,,,,,,,,,,,,,,,,,,,,,,,,,,,,,,,,,,,,,,,,,,,,,,,,,,,,,,,,,,,,,,,,,,,,,,,,,,,,,,,,,,,,,,,,,,,,,,,,,,,,,,,,,,,,,,,,,,,,,,,,,,,,,,,,,,,,,,,,,,,,,,,,,,,,,,,,,,,,,,,,,,,,,,,,,,,,,,,,,,,,,,,,,,,,,,,,,,,,,,,,,,,,,,,,,,,,,,,,,
1784901939,0,0.020,0.000,1.002,0.00,-0.10,0.00,37.00,18.50,-0.80,-0.14,-1.24,-1.76,1.000,-0.001,-0.011,-0.015,1,0.519,-0.021,0.740,-4.80,15.60,-24.40,30.10,6.80,-28.10,-2.04,-31.69,-17.59,0.950,-0.059,-0.267,-0.152,,,,,,,,,,,,,,,,,,,,,,,,,,,,,,,,,,,,,,,,,,,,,,,,,,,,,,,,,,,,,,,,,,,,,,,,,,,,,,,,,,,,,,,,,,,,,,,,,,,,,,,,,,,,,,,,,,,,,,,,,,,,,,,,,,,,,,,,,,,,,,,,,,,,,,,,,,,,,,,,,,,,,,,,,,,,,,,,,,,,,,,,,,,,,,,,,,,,,,,,,,,,,,,,,,,,,,,,,,,,,,,,,,,,,,,,,,,,,,
1784901939,0,0.016,0.000,0.995,0.00,-0.20,0.00,37.00,18.50,-0.80,-0.14,-1.24,-1.76,1.000,-0.001,-0.011,-0.015,1,0.523,-0.013,0.748,-4.00,13.50,-22.90,30.10,6.80,-28.10,-2.04,-31.69,-17.59,0.950,-0.059,-0.267,-0.152,,,,,,,,,,,,,,,,,,,,,,,,,,,,,,,,,,,,,,,,,,,,,,,,,,,,,,,,,,,,,,,,,,,,,,,,,,,,,,,,,,,,,,,,,,,,,,,,,,,,,,,,,,,,,,,,,,,,,,,,,,,,,,,,,,,,,,,,,,,,,,,,,,,,,,,,,,,,,,,,,,,,,,,,,,,,,,,,,,,,,,,,,,,,,,,,,,,,,,,,,,,,,,,,,,,,,,,,,,,,,,,,,,,,,,,,,,,,,,
1784901939,0,0.020,0.000,1.002,0.00,-0.20,-0.10,35.70,18.20,-1.20,-0.14,-1.24,-1.76,1.000,-0.001,-0.011,-0.015,1,0.531,-0.025,0.744,-2.60,11.60,-21.00,30.10,7.10,-28.60,-1.94,-31.55,-17.87,0.950,-0.058,-0.266,-0.154,,,,,,,,,,,,,,,,,,,,,,,,,,,,,,,,,,,,,,,,,,,,,,,,,,,,,,,,,,,,,,,,,,,,,,,,,,,,,,,,,,,,,,,,,,,,,,,,,,,,,,,,,,,,,,,,,,,,,,,,,,,,,,,,,,,,,,,,,,,,,,,,,,,,,,,,,,,,,,,,,,,,,,,,,,,,,,,,,,,,,,,,,,,,,,,,,,,,,,,,,,,,,,,,,,,,,,,,,,,,,,,,,,,,,,,,,,,,,,
1784901939,0,0.024,-0.004,0.998,0.00,-0.10,0.00,35.70,18.20,-1.20,-0.14,-1.24,-1.76,1.000,-0.001,-0.011,-0.015,1,0.539,-0.022,0.756,-1.50,10.10,-19.20,30.10,7.10,-28.60,-1.94,-31.56,-17.87,0.950,-0.058,-0.266,-0.154,,,,,,,,,,,,,,,,,,,,,,,,,,,,,,,,,,,,,,,,,,,,,,,,,,,,,,,,,,,,,,,,,,,,,,,,,,,,,,,,,,,,,,,,,,,,,,,,,,,,,,,,,,,,,,,,,,,,,,,,,,,,,,,,,,,,,,,,,,,,,,,,,,,,,,,,,,,,,,,,,,,,,,,,,,,,,,,,,,,,,,,,,,,,,,,,,,,,,,,,,,,,,,,,,,,,,,,,,,,,,,,,,,,,,,,,,,,,,,
1784901939,0,0.016,-0.004,1.006,-0.10,0.00,0.00,35.70,18.20,-1.20,-0.14,-1.24,-1.76,1.000,-0.001,-0.011,-0.015,1,0.539,-0.026,0.764,-0.80,8.80,-17.50,30.10,7.10,-28.60,-1.94,-31.56,-17.87,0.950,-0.058,-0.266,-0.154,,,,,,,,,,,,,,,,,,,,,,,,,,,,,,,,,,,,,,,,,,,,,,,,,,,,,,,,,,,,,,,,,,,,,,,,,,,,,,,,,,,,,,,,,,,,,,,,,,,,,,,,,,,,,,,,,,,,,,,,,,,,,,,,,,,,,,,,,,,,,,,,,,,,,,,,,,,,,,,,,,,,,,,,,,,,,,,,,,,,,,,,,,,,,,,,,,,,,,,,,,,,,,,,,,,,,,,,,,,,,,,,,,,,,,,,,,,,,,
1784901939,0,0.020,-0.004,1.002,-0.10,0.00,0.00,35.70,18.20,-1.20,-0.14,-1.24,-1.76,1.000,-0.001,-0.011,-0.015,1,0.534,-0.026,0.775,-0.60,7.70,-15.90,30.10,7.10,-28.60,-1.94,-31.56,-17.87,0.950,-0.058,-0.266,-0.154,,,,,,,,,,,,,,,,,,,,,,,,,,,,,,,,,,,,,,,,,,,,,,,,,,,,,,,,,,,,,,,,,,,,,,,,,,,,,,,,,,,,,,,,,,,,,,,,,,,,,,,,,,,,,,,,,,,,,,,,,,,,,,,,,,,,,,,,,,,,,,,,,,,,,,,,,,,,,,,,,,,,,,,,,,,,,,,,,,,,,,,,,,,,,,,,,,,,,,,,,,,,,,,,,,,,,,,,,,,,,,,,,,,,,,,,,,,,,,
1784901939,0,0.024,0.000,1.002,-0.10,0.00,-0.10,41.30,14.30,-1.70,-0.14,-1.24,-1.76,1.000,-0.001,-0.011,-0.015,1,0.534,-0.034,0.799,-0.60,6.60,-14.40,30.10,7.40,-28.40,-1.84,-31.48,-18.07,0.950,-0.058,-0.265,-0.155,,,,,,,,,,,,,,,,,,,,,,,,,,,,,,,,,,,,,,,,,,,,,,,,,,,,,,,,,,,,,,,,,,,,,,,,,,,,,,,,,,,,,,,,,,,,,,,,,,,,,,,,,,,,,,,,,,,,,,,,,,,,,,,,,,,,,,,,,,,,,,,,,,,,,,,,,,,,,,,,,,,,,,,,,,,,,,,,,,,,,,,,,,,,,,,,,,,,,,,,,,,,,,,,,,,,,,,,,,,,,,,,,,,,,,,,,,,,,,
1784901939,0,0.020,-0.004,0.998,-0.10,0.00,-0.10,41.30,14.30,-1.70,-0.14,-1.24,-1.76,1.000,-0.001,-0.011,-0.015,1,0.526,-0.029,0.806,-0.70,5.70,-12.90,30.10,7.40,-28.40,-1.84,-31.49,-18.07,0.950,-0.058,-0.266,-0.155,,,,,,,,,,,,,,,,,,,,,,,,,,,,,,,,,,,,,,,,,,,,,,,,,,,,,,,,,,,,,,,,,,,,,,,,,,,,,,,,,,,,,,,,,,,,,,,,,,,,,,,,,,,,,,,,,,,,,,,,,,,,,,,,,,,,,,,,,,,,,,,,,,,,,,,,,,,,,,,,,,,,,,,,,,,,,,,,,,,,,,,,,,,,,,,,,,,,,,,,,,,,,,,,,,,,,,,,,,,,,,,,,,,,,,,,,,,,,,
1784901939,0,0.024,-0.008,0.998,0.00,-0.10,0.00,41.30,14.30,-1.70,-0.14,-1.24,-1.76,1.000,-0.001,-0.011,-0.015,1,0.526,-0.029,0.802,-0.60,4.90,-11.30,30.10,7.40,-28.40,-1.84,-31.49,-18.07,0.950,-0.058,-0.266,-0.155,,,,,,,,,,,,,,,,,,,,,,,,,,,,,,,,,,,,,,,,,,,,,,,,,,,,,,,,,,,,,,,,,,,,,,,,,,,,,,,,,,,,,,,,,,,,,,,,,,,,,,,,,,,,,,,,,,,,,,,,,,,,,,,,,,,,,,,,,,,,,,,,,,,,,,,,,,,,,,,,,,,,,,,,,,,,,,,,,,,,,,,,,,,,,,,,,,,,,,,,,,,,,,,,,,,,,,,,,,,,,,,,,,,,,,,,,,,,,,
1784901939,0,0.024,-0.004,1.002,0.00,0.00,0.00,41.30,14.30,-1.70,-0.14,-1.24,-1.76,1.000,-0.001,-0.011,-0.015,1,0.515,-0.017,0.799,-0.20,4.20,-9.40,30.10,7.40,-28.40,-1.84,-31.49,-18.07,0.950,-0.058,-0.266,-0.155,,,,,,,,,,,,,,,,,,,,,,,,,,,,,,,,,,,,,,,,,,,,,,,,,,,,,,,,,,,,,,,,,,,,,,,,,,,,,,,,,,,,,,,,,,,,,,,,,,,,,,,,,,,,,,,,,,,,,,,,,,,,,,,,,,,,,,,,,,,,,,,,,,,,,,,,,,,,,,,,,,,,,,,,,,,,,,,,,,,,,,,,,,,,,,,,,,,,,,,,,,,,,,,,,,,,,,,,,,,,,,,,,,,,,,,,,,,,,,
1784901939,0,0.024,0.000,0.998,0.00,0.00,0.00,36.50,19.50,-1.20,-0.14,-1.24,-1.76,1.000,-0.001,-0.011,-0.015,1,0.519,-0.014,0.795,0.70,3.40,-7.50,30.20,7.00,-28.50,-1.78,-31.45,-18.20,0.950,-0.058,-0.265,-0.156,,,,,,,,,,,,,,,,,,,,,,,,,,,,,,,,,,,,,,,,,,,,,,,,,,,,,,,,,,,,,,,,,,,,,,,,,,,,,,,,,,,,,,,,,,,,,,,,,,,,,,,,,,,,,,,,,,,,,,,,,,,,,,,,,,,,,,,,,,,,,,,,,,,,,,,,,,,,,,,,,,,,,,,,,,,,,,,,,,,,,,,,,,,,,,,,,,,,,,,,,,,,,,,,,,,,,,,,,,,,,,,,,,,,,,,,,,,,,,
1784901939,0,0.020,0.000,1.002,0.00,0.00,0.00,36.50,19.50,-1.20,-0.14,-1.24,-1.76,1.000,-0.001,-0.011,-0.015,1,0.522,-0.014,0.795,2.30,2.80,-5.60,30.20,7.00,-28.50,-1.78,-31.45,-18.20,0.950,-0.058,-0.265,-0.156,,,,,,,,,,,,,,,,,,,,,,,,,,,,,,,,,,,,,,,,,,,,,,,,,,,,,,,,,,,,,,,,,,,,,,,,,,,,,,,,,,,,,,,,,,,,,,,,,,,,,,,,,,,,,,,,,,,,,,,,,,,,,,,,,,,,,,,,,,,,,,,,,,,,,,,,,,,,,,,,,,,,,,,,,,,,,,,,,,,,,,,,,,,,,,,,,,,,,,,,,,,,,,,,,,,,,,,,,,,,,,,,,,,,,,,,,,,,,,
1784901939,0,0.020,0.000,0.998,0.00,0.00,0.00,36.50,19.50,-1.20,-0.14,-1.24,-1.76,1.000,-0.001,-0.011,-0.015,1,0.526,-0.018,0.787,4.30,2.80,-3.70,30.20,7.00,-28.50,-1.78,-31.45,-18.20,0.950,-0.058,-0.265,-0.156,,,,,,,,,,,,,,,,,,,,,,,,,,,,,,,,,,,,,,,,,,,,,,,,,,,,,,,,,,,,,,,,,,,,,,,,,,,,,,,,,,,,,,,,,,,,,,,,,,,,,,,,,,,,,,,,,,,,,,,,,,,,,,,,,,,,,,,,,,,,,,,,,,,,,,,,,,,,,,,,,,,,,,,,,,,,,,,,,,,,,,,,,,,,,,,,,,,,,,,,,,,,,,,,,,,,,,,,,,,,,,,,,,,,,,,,,,,,,,
1784901939,0,0.016,0.000,1.006,0.00,-0.10,0.00,36.50,19.50,-1.20,-0.14,-1.24,-1.76,1.000,-0.001,-0.011,-0.015,1,0.530,-0.029,0.783,6.20,3.60,-1.60,30.20,7.00,-28.50,-1.78,-31.45,-18.20,0.950,-0.058,-0.265,-0.156,,,,,,,,,,,,,,,,,,,,,,,,,,,,,,,,,,,,,,,,,,,,,,,,,,,,,,,,,,,,,,,,,,,,,,,,,,,,,,,,,,,,,,,,,,,,,,,,,,,,,,,,,,,,,,,,,,,,,,,,,,,,,,,,,,,,,,,,,,,,,,,,,,,,,,,,,,,,,,,,,,,,,,,,,,,,,,,,,,,,,,,,,,,,,,,,,,,,,,,,,,,,,,,,,,,,,,,,,,,,,,,,,,,,,,,,,,,,,,
1784901939,0,0.020,0.000,1.002,0.10,-0.10,0.10,36.60,19.10,-1.10,-0.14,-1.24,-1.76,1.000,-0.001,-0.011,-0.015,1,0.546,-0.022,0.783,8.10,5.10,1.10,29.50,7.20,-27.50,-1.71,-31.42,-18.23,0.950,-0.057,-0.265,-0.156,,,,,,,,,,,,,,,,,,,,,,,,,,,,,,,,,,,,,,,,,,,,,,,,,,,,,,,,,,,,,,,,,,,,,,,,,,,,,,,,,,,,,,,,,,,,,,,,,,,,,,,,,,,,,,,,,,,,,,,,,,,,,,,,,,,,,,,,,,,,,,,,,,,,,,,,,,,,,,,,,,,,,,,,,,,,,,,,,,,,,,,,,,,,,,,,,,,,,,,,,,,,,,,,,,,,,,,,,,,,,,,,,,,,,,,,,,,,,,
1784901939,0,0.024,-0.016,0.998,0.10,-0.10,0.00,36.60,19.10,-1.10,-0.14,-1.24,-1.76,1.000,-0.001,-0.011,-0.015,1,0.788,-0.054,0.774,10.10,7.30,4.90,29.50,7.20,-27.50,-1.71,-31.42,-18.23,0.950,-0.057,-0.265,-0.156,,,,,,,,,,,,,,,,,,,,,,,,,,,,,,,,,,,,,,,,,,,,,,,,,,,,,,,,,,,,,,,,,,,,,,,,,,,,,,,,,,,,,,,,,,,,,,,,,,,,,,,,,,,,,,,,,,,,,,,,,,,,,,,,,,,,,,,,,,,,,,,,,,,,,,,,,,,,,,,,,,,,,,,,,,,,,,,,,,,,,,,,,,,,,,,,,,,,,,,,,,,,,,,,,,,,,,,,,,,,,,,,,,,,,,,,,,,,,,
1784901939,0,0.020,-0.055,0.964,0.10,0.00,0.00,36.60,19.10,-1.10,-0.14,-1.24,-1.76,1.000,-0.001,-0.011,-0.015,1,0.528,-0.057,0.682,12.70,9.20,10.90,29.50,7.20,-27.50,-1.71,-31.42,-18.23,0.950,-0.057,-0.265,-0.156,,,,,,,,,,,,,,,,,,,,,,,,,,,,,,,,,,,,,,,,,,,,,,,,,,,,,,,,,,,,,,,,,,,,,,,,,,,,,,,,,,,,,,,,,,,,,,,,,,,,,,,,,,,,,,,,,,,,,,,,,,,,,,,,,,,,,,,,,,,,,,,,,,,,,,,,,,,,,,,,,,,,,,,,,,,,,,,,,,,,,,,,,,,,,,,,,,,,,,,,,,,,,,,,,,,,,,,,,,,,,,,,,,,,,,,,,,,,,,
1784901939,0,0.007,0.133,1.049,0.50,0.00,-0.10,36.60,19.10,-1.10,-0.14,-1.24,-1.76,1.000,-0.001,-0.011,-0.015,1,0.441,-0.016,0.787,16.70,9.50,20.90,29.50,7.20,-27.50,-1.71,-31.42,-18.23,0.950,-0.057,-0.265,-0.156,,,,,,,,,,,,,,,,,,,,,,,,,,,,,,,,,,,,,,,,,,,,,,,,,,,,,,,,,,,,,,,,,,,,,,,,,,,,,,,,,,,,,,,,,,,,,,,,,,,,,,,,,,,,,,,,,,,,,,,,,,,,,,,,,,,,,,,,,,,,,,,,,,,,,,,,,,,,,,,,,,,,,,,,,,,,,,,,,,,,,,,,,,,,,,,,,,,,,,,,,,,,,,,,,,,,,,,,,,,,,,,,,,,,,,,,,,,,,,
1784901939,0,0.028,-0.059,0.987,1.00,0.10,-0.30,37.50,19.30,-1.20,-0.14,-1.24,-1.76,1.000,-0.001,-0.011,-0.015,1,0.440,0.006,0.826,23.10,8.40,32.50,30.40,6.80,-27.30,-1.66,-31.33,-18.03,0.950,-0.056,-0.264,-0.155,,,,,,,,,,,,,,,,,,,,,,,,,,,,,,,,,,,,,,,,,,,,,,,,,,,,,,,,,,,,,,,,,,,,,,,,,,,,,,,,,,,,,,,,,,,,,,,,,,,,,,,,,,,,,,,,,,,,,,,,,,,,,,,,,,,,,,,,,,,,,,,,,,,,,,,,,,,,,,,,,,,,,,,,,,,,,,,,,,,,,,,,,,,,,,,,,,,,,,,,,,,,,,,,,,,,,,,,,,,,,,,,,,,,,,,,,,,,,,
1784901939,0,0.016,0.022,1.006,1.60,0.20,-0.30,37.50,19.30,-1.20,-0.14,-1.24,-1.76,1.000,-0.001,-0.011,-0.015,1,0.425,0.007,0.819,31.60,7.60,40.60,30.40,6.80,-27.30,-1.66,-31.34,-18.03,0.950,-0.056,-0.265,-0.155,,,,,,,,,,,,,,,,,,,,,,,,,,,,,,,,,,,,,,,,,,,,,,,,,,,,,,,,,,,,,,,,,,,,,,,,,,,,,,,,,,,,,,,,,,,,,,,,,,,,,,,,,,,,,,,,,,,,,,,,,,,,,,,,,,,,,,,,,,,,,,,,,,,,,,,,,,,,,,,,,,,,,,,,,,,,,,,,,,,,,,,,,,,,,,,,,,,,,,,,,,,,,,,,,,,,,,,,,,,,,,,,,,,,,,,,,,,,,,
1784901939,0,0.020,-0.004,1.002,1.60,0.10,-0.20,37.50,19.30,-1.20,-0.14,-1.24,-1.76,1.000,-0.001,-0.011,-0.015,1,0.503,0.017,0.775,39.90,9.10,40.60,30.40,6.80,-27.30,-1.66,-31.34,-18.03,0.950,-0.056,-0.265,-0.155,,,,,,,,,,,,,,,,,,,,,,,,,,,,,,,,,,,,,,,,,,,,,,,,,,,,,,,,,,,,,,,,,,,,,,,,,,,,,,,,,,,,,,,,,,,,,,,,,,,,,,,,,,,,,,,,,,,,,,,,,,,,,,,,,,,,,,,,,,,,,,,,,,,,,,,,,,,,,,,,,,,,,,,,,,,,,,,,,,,,,,,,,,,,,,,,,,,,,,,,,,,,,,,,,,,,,,,,,,,,,,,,,,,,,,,,,,,,,,
1784901939,0,0.024,-0.024,0.998,1.30,0.20,0.00,37.50,19.30,-1.20,-0.14,-1.24,-1.76,1.000,-0.001,-0.011,-0.015,1,0.613,0.027,0.779,45.20,13.00,33.20,30.40,6.80,-27.30,-1.66,-31.34,-18.03,0.950,-0.056,-0.265,-0.155,,,,,,,,,,,,,,,,,,,,,,,,,,,,,,,,,,,,,,,,,,,,,,,,,,,,,,,,,,,,,,,,,,,,,,,,,,,,,,,,,,,,,,,,,,,,,,,,,,,,,,,,,,,,,,,,,,,,,,,,,,,,,,,,,,,,,,,,,,,,,,,,,,,,,,,,,,,,,,,,,,,,,,,,,,,,,,,,,,,,,,,,,,,,,,,,,,,,,,,,,,,,,,,,,,,,,,,,,,,,,,,,,,,,,,,,,,,,,,
1784901939,0,0.016,0.015,1.006,1.10,0.10,0.00,38.40,19.40,-1.30,-0.12,-1.24,-1.76,1.000,-0.001,-0.011,-0.015,1,0.691,0.022,0.755,45.70,18.40,22.40,30.50,6.20,-27.90,-1.46,-31.21,-17.63,0.951,-0.053,-0.264,-0.151,,,,,,,,,,,,,,,,,,,,,,,,,,,,,,,,,,,,,,,,,,,,,,,,,,,,,,,,,,,,,,,,,,,,,,,,,,,,,,,,,,,,,,,,,,,,,,,,,,,,,,,,,,,,,,,,,,,,,,,,,,,,,,,,,,,,,,,,,,,,,,,,,,,,,,,,,,,,,,,,,,,,,,,,,,,,,,,,,,,,,,,,,,,,,,,,,,,,,,,,,,,,,,,,,,,,,,,,,,,,,,,,,,,,,,,,,,,,,,
1784901939,0,0.024,-0.016,0.998,1.00,0.10,0.10,38.40,19.40,-1.30,-0.12,-1.24,-1.76,1.000,-0.001,-0.011,-0.015,1,0.680,0.022,0.720,41.60,23.60,12.00,30.50,6.20,-27.90,-1.45,-31.22,-17.63,0.951,-0.053,-0.264,-0.151,,,,,,,,,,,,,,,,,,,,,,,,,,,,,,,,,,,,,,,,,,,,,,,,,,,,,,,,,,,,,,,,,,,,,,,,,,,,,,,,,,,,,,,,,,,,,,,,,,,,,,,,,,,,,,,,,,,,,,,,,,,,,,,,,,,,,,,,,,,,,,,,,,,,,,,,,,,,,,,,,,,,,,,,,,,,,,,,,,,,,,,,,,,,,,,,,,,,,,,,,,,,,,,,,,,,,,,,,,,,,,,,,,,,,,,,,,,,,,
1784901939,0,0.020,0.011,0.998,1.00,0.10,0.00,38.40,19.40,-1.30,-0.12,-1.24,-1.76,1.000,-0.001,-0.011,-0.015,1,0.656,0.000,0.728,33.90,27.00,4.60,30.50,6.20,-27.90,-1.45,-31.22,-17.63,0.951,-0.053,-0.264,-0.151,,,,,,,,,,,,,,,,,,,,,,,,,,,,,,,,,,,,,,,,,,,,,,,,,,,,,,,,,,,,,,,,,,,,,,,,,,,,,,,,,,,,,,,,,,,,,,,,,,,,,,,,,,,,,,,,,,,,,,,,,,,,,,,,,,,,,,,,,,,,,,,,,,,,,,,,,,,,,,,,,,,,,,,,,,,,,,,,,,,,,,,,,,,,,,,,,,,,,,,,,,,,,,,,,,,,,,,,,,,,,,,,,,,,,,,,,,,,,,
1784901939,0,0.016,0.007,0.995,1.10,0.10,0.00,38.40,19.40,-1.30,-0.12,-1.24,-1.76,1.000,-0.001,-0.011,-0.015,1,0.664,-0.012,0.720,23.70,28.00,0.00,30.50,6.20,-27.90,-1.45,-31.22,-17.63,0.951,-0.053,-0.264,-0.151,,,,,,,,,,,,,,,,,,,,,,,,,,,,,,,,,,,,,,,,,,,,,,,,,,,,,,,,,,,,,,,,,,,,,,,,,,,,,,,,,,,,,,,,,,,,,,,,,,,,,,,,,,,,,,,,,,,,,,,,,,,,,,,,,,,,,,,,,,,,,,,,,,,,,,,,,,,,,,,,,,,,,,,,,,,,,,,,,,,,,,,,,,,,,,,,,,,,,,,,,,,,,,,,,,,,,,,,,,,,,,,,,,,,,,,,,,,,,,
1784901939,0,0.024,-0.016,0.998,1.10,0.20,-0.20,39.70,16.80,-1.30,-0.11,-1.24,-1.76,1.000,-0.001,-0.011,-0.015,1,0.660,-0.024,0.763,12.20,27.20,-3.20,31.00,6.20,-27.50,-1.19,-30.95,-17.60,0.952,-0.051,-0.262,-0.150,,,,,,,,,,,,,,,,,,,,,,,,,,,,,,,,,,,,,,,,,,,,,,,,,,,,,,,,,,,,,,,,,,,,,,,,,,,,,,,,,,,,,,,,,,,,,,,,,,,,,,,,,,,,,,,,,,,,,,,,,,,,,,,,,,,,,,,,,,,,,,,,,,,,,,,,,,,,,,,,,,,,,,,,,,,,,,,,,,,,,,,,,,,,,,,,,,,,,,,,,,,,,,,,,,,,,,,,,,,,,,,,,,,,,,,,,,,,,,
1784901939,0,0.020,-0.004,0.998,0.90,0.10,-0.20,39.70,16.80,-1.30,-0.11,-1.24,-1.76,1.000,-0.001,-0.011,-0.015,1,0.619,-0.024,0.852,0.70,25.40,-6.70,31.00,6.20,-27.50,-1.19,-30.98,-17.60,0.952,-0.051,-0.262,-0.150,,,,,,,,,,,,,,,,,,,,,,,,,,,,,,,,,,,,,,,,,,,,,,,,,,,,,,,,,,,,,,,,,,,,,,,,,,,,,,,,,,,,,,,,,,,,,,,,,,,,,,,,,,,,,,,,,,,,,,,,,,,,,,,,,,,,,,,,,,,,,,,,,,,,,,,,,,,,,,,,,,,,,,,,,,,,,,,,,,,,,,,,,,,,,,,,,,,,,,,,,,,,,,,,,,,,,,,,,,,,,,,,,,,,,,,,,,,,,,
1784901939,0,0.028,0.003,1.002,0.80,0.10,-0.10,39.70,16.80,-1.30,-0.11,-1.24,-1.76,1.000,-0.001,-0.011,-0.015,1,0.607,-0.020,0.884,-9.40,23.70,-10.30,31.00,6.20,-27.50,-1.19,-30.98,-17.60,0.952,-0.051,-0.262,-0.150,,,,,,,,,,,,,,,,,,,,,,,,,,,,,,,,,,,,,,,,,,,,,,,,,,,,,,,,,,,,,,,,,,,,,,,,,,,,,,,,,,,,,,,,,,,,,,,,,,,,,,,,,,,,,,,,,,,,,,,,,,,,,,,,,,,,,,,,,,,,,,,,,,,,,,,,,,,,,,,,,,,,,,,,,,,,,,,,,,,,,,,,,,,,,,,,,,,,,,,,,,,,,,,,,,,,,,,,,,,,,,,,,,,,,,,,,,,,,,
1784901939,0,0.020,0.003,1.006,0.70,0.00,-0.20,39.70,16.80,-1.30,-0.11,-1.24,-1.76,1.000,-0.001,-0.011,-0.015,1,0.583,0.000,0.903,-17.60,23.10,-13.90,31.00,6.20,-27.50,-1.19,-30.98,-17.60,0.952,-0.051,-0.262,-0.150,,,,,,,,,,,,,,,,,,,,,,,,,,,,,,,,,,,,,,,,,,,,,,,,,,,,,,,,,,,,,,,,,,,,,,,,,,,,,,,,,,,,,,,,,,,,,,,,,,,,,,,,,,,,,,,,,,,,,,,,,,,,,,,,,,,,,,,,,,,,,,,,,,,,,,,,,,,,,,,,,,,,,,,,,,,,,,,,,,,,,,,,,,,,,,,,,,,,,,,,,,,,,,,,,,,,,,,,,,,,,,,,,,,,,,,,,,,,,,
1784901939,0,0.020,-0.004,0.994,0.70,0.10,-0.20,39.00,16.90,-1.40,-0.10,-1.24,-1.76,1.000,-0.001,-0.011,-0.015,1,0.567,0.015,0.919,-23.10,24.00,-16.70,31.20,5.90,-28.00,-1.24,-30.74,-17.75,0.952,-0.051,-0.260,-0.152,,,,,,,,,,,,,,,,,,,,,,,,,,,,,,,,,,,,,,,,,,,,,,,,,,,,,,,,,,,,,,,,,,,,,,,,,,,,,,,,,,,,,,,,,,,,,,,,,,,,,,,,,,,,,,,,,,,,,,,,,,,,,,,,,,,,,,,,,,,,,,,,,,,,,,,,,,,,,,,,,,,,,,,,,,,,,,,,,,,,,,,,,,,,,,,,,,,,,,,,,,,,,,,,,,,,,,,,,,,,,,,,,,,,,,,,,,,,,,
1784901939,0,0.024,0.000,0.998,0.70,0.10,-0.30,39.00,16.90,-1.40,-0.10,-1.24,-1.76,1.000,-0.001,-0.011,-0.015,1,0.544,0.067,0.923,-26.00,25.50,-18.50,31.20,5.90,-28.00,-1.24,-30.74,-17.75,0.952,-0.051,-0.260,-0.152,,,,,,,,,,,,,,,,,,,,,,,,,,,,,,,,,,,,,,,,,,,,,,,,,,,,,,,,,,,,,,,,,,,,,,,,,,,,,,,,,,,,,,,,,,,,,,,,,,,,,,,,,,,,,,,,,,,,,,,,,,,,,,,,,,,,,,,,,,,,,,,,,,,,,,,,,,,,,,,,,,,,,,,,,,,,,,,,,,,,,,,,,,,,,,,,,,,,,,,,,,,,,,,,,,,,,,,,,,,,,,,,,,,,,,,,,,,,,,
1784901939,0,0.020,0.007,1.002,0.60,0.10,-0.20,39.00,16.90,-1.40,-0.10,-1.24,-1.76,1.000,-0.001,-0.011,-0.015,1,0.532,0.091,0.946,-26.70,26.60,-18.70,31.20,5.90,-28.00,-1.24,-30.74,-17.75,0.952,-0.051,-0.260,-0.152,,,,,,,,,,,,,,,,,,,,,,,,,,,,,,,,,,,,,,,,,,,,,,,,,,,,,,,,,,,,,,,,,,,,,,,,,,,,,,,,,,,,,,,,,,,,,,,,,,,,,,,,,,,,,,,,,,,,,,,,,,,,,,,,,,,,,,,,,,,,,,,,,,,,,,,,,,,,,,,,,,,,,,,,,,,,,,,,,,,,,,,,,,,,,,,,,,,,,,,,,,,,,,,,,,,,,,,,,,,,,,,,,,,,,,,,,,,,,,
1784901939,0,0.020,-0.012,1.002,0.50,0.10,-0.20,39.00,16.90,-1.40,-0.10,-1.24,-1.76,1.000,-0.001,-0.011,-0.015,1,0.524,0.083,0.966,-26.20,26.40,-17.70,31.20,5.90,-28.00,-1.24,-30.74,-17.75,0.952,-0.051,-0.260,-0.152,,,,,,,,,,,,,,,,,,,,,,,,,,,,,,,,,,,,,,,,,,,,,,,,,,,,,,,,,,,,,,,,,,,,,,,,,,,,,,,,,,,,,,,,,,,,,,,,,,,,,,,,,,,,,,,,,,,,,,,,,,,,,,,,,,,,,,,,,,,,,,,,,,,,,,,,,,,,,,,,,,,,,,,,,,,,,,,,,,,,,,,,,,,,,,,,,,,,,,,,,,,,,,,,,,,,,,,,,,,,,,,,,,,,,,,,,,,,,,
1784901939,0,0.020,-0.012,0.994,0.50,0.00,-0.20,39.50,16.60,-1.30,-0.10,-1.23,-1.77,1.000,-0.001,-0.011,-0.015,1,0.480,0.068,0.989,-25.60,25.00,-16.40,30.80,6.20,-28.00,-1.39,-30.49,-17.96,0.952,-0.053,-0.258,-0.154,,,,,,,,,,,,,,,,,,,,,,,,,,,,,,,,,,,,,,,,,,,,,,,,,,,,,,,,,,,,,,,,,,,,,,,,,,,,,,,,,,,,,,,,,,,,,,,,,,,,,,,,,,,,,,,,,,,,,,,,,,,,,,,,,,,,,,,,,,,,,,,,,,,,,,,,,,,,,,,,,,,,,,,,,,,,,,,,,,,,,,,,,,,,,,,,,,,,,,,,,,,,,,,,,,,,,,,,,,,,,,,,,,,,,,,,,,,,,,
1784901939,0,0.016,0.003,0.998,0.50,0.00,-0.10,39.50,16.60,-1.30,-0.10,-1.23,-1.77,1.000,-0.001,-0.011,-0.015,1,0.472,0.068,1.001,-26.00,22.50,-15.40,30.80,6.20,-28.00,-1.38,-30.49,-17.96,0.952,-0.053,-0.258,-0.154,,,,,,,,,,,,,,,,,,,,,,,,,,,,,,,,,,,,,,,,,,,,,,,,,,,,,,,,,,,,,,,,,,,,,,,,,,,,,,,,,,,,,,,,,,,,,,,,,,,,,,,,,,,,,,,,,,,,,,,,,,,,,,,,,,,,,,,,,,,,,,,,,,,,,,,,,,,,,,,,,,,,,,,,,,,,,,,,,,,,,,,,,,,,,,,,,,,,,,,,,,,,,,,,,,,,,,,,,,,,,,,,,,,,,,,,,,,,,,
1784901939,0,0.024,0.000,0.998,0.40,-0.10,-0.10,39.50,16.60,-1.30,-0.10,-1.23,-1.77,1.000,-0.001,-0.011,-0.015,1,0.472,0.060,1.001,-28.00,19.80,-14.90,30.80,6.20,-28.00,-1.38,-30.49,-17.96,0.952,-0.053,-0.258,-0.154,,,,,,,,,,,,,,,,,,,,,,,,,,,,,,,,,,,,,,,,,,,,,,,,,,,,,,,,,,,,,,,,,,,,,,,,,,,,,,,,,,,,,,,,,,,,,,,,,,,,,,,,,,,,,,,,,,,,,,,,,,,,,,,,,,,,,,,,,,,,,,,,,,,,,,,,,,,,,,,,,,,,,,,,,,,,,,,,,,,,,,,,,,,,,,,,,,,,,,,,,,,,,,,,,,,,,,,,,,,,,,,,,,,,,,,,,,,,,,
1784901939,0,0.020,0.000,0.998,0.40,0.00,0.00,39.50,16.60,-1.30,-0.10,-1.23,-1.77,1.000,-0.001,-0.011,-0.015,1,0.457,0.068,1.017,-31.60,16.90,-14.30,30.80,6.20,-28.00,-1.38,-30.49,-17.96,0.952,-0.053,-0.258,-0.154,,,,,,,,,,,,,,,,,,,,,,,,,,,,,,,,,,,,,,,,,,,,,,,,,,,,,,,,,,,,,,,,,,,,,,,,,,,,,,,,,,,,,,,,,,,,,,,,,,,,,,,,,,,,,,,,,,,,,,,,,,,,,,,,,,,,,,,,,,,,,,,,,,,,,,,,,,,,,,,,,,,,,,,,,,,,,,,,,,,,,,,,,,,,,,,,,,,,,,,,,,,,,,,,,,,,,,,,,,,,,,,,,,,,,,,,,,,,,,
1784901939,0,0.020,-0.024,0.994,0.40,0.10,0.00,39.60,16.90,-0.80,-0.09,-1.23,-1.77,1.000,-0.001,-0.011,-0.015,1,0.449,0.064,1.032,-35.50,14.10,-13.80,30.80,6.20,-27.60,-1.60,-30.31,-18.14,0.952,-0.055,-0.256,-0.156,,,,,,,,,,,,,,,,,,,,,,,,,,,,,,,,,,,,,,,,,,,,,,,,,,,,,,,,,,,,,,,,,,,,,,,,,,,,,,,,,,,,,,,,,,,,,,,,,,,,,,,,,,,,,,,,,,,,,,,,,,,,,,,,,,,,,,,,,,,,,,,,,,,,,,,,,,,,,,,,,,,,,,,,,,,,,,,,,,,,,,,,,,,,,,,,,,,,,,,,,,,,,,,,,,,,,,,,,,,,,,,,,,,,,,,,,,,,,,
1784901939,0,0.020,0.000,1.006,0.30,0.20,0.00,39.60,16.90,-0.80,-0.09,-1.23,-1.77,1.000,-0.001,-0.011,-0.015,1,0.441,0.065,1.036,-38.50,11.00,-13.50,30.80,6.20,-27.60,-1.60,-30.31,-18.14,0.952,-0.055,-0.256,-0.156,,,,,,,,,,,,,,,,,,,,,,,,,,,,,,,,,,,,,,,,,,,,,,,,,,,,,,,,,,,,,,,,,,,,,,,,,,,,,,,,,,,,,,,,,,,,,,,,,,,,,,,,,,,,,,,,,,,,,,,,,,,,,,,,,,,,,,,,,,,,,,,,,,,,,,,,,,,,,,,,,,,,,,,,,,,,,,,,,,,,,,,,,,,,,,,,,,,,,,,,,,,,,,,,,,,,,,,,,,,,,,,,,,,,,,,,,,,,,,
1784901939,0,0.020,-0.004,1.002,0.20,0.30,-0.10,39.60,16.90,-0.80,-0.09,-1.23,-1.77,1.000,-0.001,-0.011,-0.015,1,0.429,0.049,1.005,-39.70,7.60,-13.80,30.80,6.20,-27.60,-1.60,-30.31,-18.14,0.952,-0.055,-0.256,-0.156,,,,,,,,,,,,,,,,,,,,,,,,,,,,,,,,,,,,,,,,,,,,,,,,,,,,,,,,,,,,,,,,,,,,,,,,,,,,,,,,,,,,,,,,,,,,,,,,,,,,,,,,,,,,,,,,,,,,,,,,,,,,,,,,,,,,,,,,,,,,,,,,,,,,,,,,,,,,,,,,,,,,,,,,,,,,,,,,,,,,,,,,,,,,,,,,,,,,,,,,,,,,,,,,,,,,,,,,,,,,,,,,,,,,,,,,,,,,,,
1784901939,0,0.016,0.003,1.002,0.20,0.30,0.00,39.60,16.90,-0.80,-0.09,-1.23,-1.77,1.000,-0.001,-0.011,-0.015,1,0.437,0.041,0.989,-39.40,3.80,-14.20,30.80,6.20,-27.60,-1.60,-30.31,-18.14,0.952,-0.055,-0.256,-0.156,,,,,,,,,,,,,,,,,,,,,,,,,,,,,,,,,,,,,,,,,,,,,,,,,,,,,,,,,,,,,,,,,,,,,,,,,,,,,,,,,,,,,,,,,,,,,,,,,,,,,,,,,,,,,,,,,,,,,,,,,,,,,,,,,,,,,,,,,,,,,,,,,,,,,,,,,,,,,,,,,,,,,,,,,,,,,,,,,,,,,,,,,,,,,,,,,,,,,,,,,,,,,,,,,,,,,,,,,,,,,,,,,,,,,,,,,,,,,,
1784901939,0,0.024,0.003,0.998,0.50,0.40,0.10,40.30,16.80,-1.50,-0.09,-1.23,-1.77,1.000,-0.001,-0.011,-0.015,1,0.446,0.045,0.970,-38.00,-0.40,-14.10,29.90,6.20,-27.50,-1.91,-30.26,-18.30,0.952,-0.057,-0.255,-0.158,,,,,,,,,,,,,,,,,,,,,,,,,,,,,,,,,,,,,,,,,,,,,,,,,,,,,,,,,,,,,,,,,,,,,,,,,,,,,,,,,,,,,,,,,,,,,,,,,,,,,,,,,,,,,,,,,,,,,,,,,,,,,,,,,,,,,,,,,,,,,,,,,,,,,,,,,,,,,,,,,,,,,,,,,,,,,,,,,,,,,,,,,,,,,,,,,,,,,,,,,,,,,,,,,,,,,,,,,,,,,,,,,,,,,,,,,,,,,,
1784901939,0,0.016,0.003,0.991,0.50,0.50,0.20,40.30,16.80,-1.50,-0.09,-1.23,-1.77,1.000,-0.001,-0.011,-0.015,1,0.450,0.045,0.958,-36.30,-4.90,-13.00,29.90,6.20,-27.50,-1.90,-30.25,-18.31,0.952,-0.057,-0.255,-0.158,,,,,,,,,,,,,,,,,,,,,,,,,,,,,,,,,,,,,,,,,,,,,,,,,,,,,,,,,,,,,,,,,,,,,,,,,,,,,,,,,,,,,,,,,,,,,,,,,,,,,,,,,,,,,,,,,,,,,,,,,,,,,,,,,,,,,,,,,,,,,,,,,,,,,,,,,,,,,,,,,,,,,,,,,,,,,,,,,,,,,,,,,,,,,,,,,,,,,,,,,,,,,,,,,,,,,,,,,,,,,,,,,,,,,,,,,,,,,,
1784901939,0,0.020,0.000,0.998,0.10,0.30,0.30,40.30,16.80,-1.50,-0.09,-1.23,-1.77,1.000,-0.001,-0.011,-0.015,1,0.450,0.057,0.962,-34.90,-9.20,-11.30,29.90,6.20,-27.50,-1.90,-30.25,-18.31,0.952,-0.057,-0.255,-0.158,,,,,,,,,,,,,,,,,,,,,,,,,,,,,,,,,,,,,,,,,,,,,,,,,,,,,,,,,,,,,,,,,,,,,,,,,,,,,,,,,,,,,,,,,,,,,,,,,,,,,,,,,,,,,,,,,,,,,,,,,,,,,,,,,,,,,,,,,,,,,,,,,,,,,,,,,,,,,,,,,,,,,,,,,,,,,,,,,,,,,,,,,,,,,,,,,,,,,,,,,,,,,,,,,,,,,,,,,,,,,,,,,,,,,,,,,,,,,,
1784901939,0,0.020,-0.008,1.006,-0.40,-0.10,0.10,40.30,16.80,-1.50,-0.09,-1.23,-1.77,1.000,-0.001,-0.011,-0.015,1,0.430,0.061,0.958,-33.90,-12.70,-9.80,29.90,6.20,-27.50,-1.90,-30.25,-18.31,0.952,-0.057,-0.255,-0.158,,,,,,,,,,,,,,,,,,,,,,,,,,,,,,,,,,,,,,,,,,,,,,,,,,,,,,,,,,,,,,,,,,,,,,,,,,,,,,,,,,,,,,,,,,,,,,,,,,,,,,,,,,,,,,,,,,,,,,,,,,,,,,,,,,,,,,,,,,,,,,,,,,,,,,,,,,,,,,,,,,,,,,,,,,,,,,,,,,,,,,,,,,,,,,,,,,,,,,,,,,,,,,,,,,,,,,,,,,,,,,,,,,,,,,,,,,,,,,
1784901939,0,0.016,0.003,1.002,-0.70,-0.50,0.10,40.30,16.80,-1.50,-0.09,-1.23,-1.77,1.000,-0.001,-0.011,-0.015,1,0.423,0.053,0.943,-33.60,-14.70,-9.00,28.70,6.80,-27.60,-2.19,-30.36,-18.43,0.952,-0.060,-0.255,-0.159,,,,,,,,,,,,,,,,,,,,,,,,,,,,,,,,,,,,,,,,,,,,,,,,,,,,,,,,,,,,,,,,,,,,,,,,,,,,,,,,,,,,,,,,,,,,,,,,,,,,,,,,,,,,,,,,,,,,,,,,,,,,,,,,,,,,,,,,,,,,,,,,,,,,,,,,,,,,,,,,,,,,,,,,,,,,,,,,,,,,,,,,,,,,,,,,,,,,,,,,,,,,,,,,,,,,,,,,,,,,,,,,,,,,,,,,,,,,,,
1784901939,0,0.020,0.007,1.002,-0.60,-0.60,0.00,40.30,16.80,-1.50,-0.09,-1.23,-1.77,1.000,-0.001,-0.011,-0.015,1,0.415,0.058,0.927,-33.70,-15.40,-9.10,28.70,6.80,-27.60,-2.18,-30.36,-18.43,0.952,-0.060,-0.255,-0.159,,,,,,,,,,,,,,,,,,,,,,,,,,,,,,,,,,,,,,,,,,,,,,,,,,,,,,,,,,,,,,,,,,,,,,,,,,,,,,,,,,,,,,,,,,,,,,,,,,,,,,,,,,,,,,,,,,,,,,,,,,,,,,,,,,,,,,,,,,,,,,,,,,,,,,,,,,,,,,,,,,,,,,,,,,,,,,,,,,,,,,,,,,,,,,,,,,,,,,,,,,,,,,,,,,,,,,,,,,,,,,,,,,,,,,,,,,,,,,
1784901939,0,0.028,0.007,1.002,-0.30,-0.50,0.00,40.30,16.80,-1.50,-0.09,-1.23,-1.77,1.000,-0.001,-0.011,-0.015,1,0.411,0.058,0.939,-34.00,-15.10,-9.60,28.70,6.80,-27.60,-2.18,-30.36,-18.43,0.952,-0.060,-0.255,-0.159,,,,,,,,,,,,,,,,,,,,,,,,,,,,,,,,,,,,,,,,,,,,,,,,,,,,,,,,,,,,,,,,,,,,,,,,,,,,,,,,,,,,,,,,,,,,,,,,,,,,,,,,,,,,,,,,,,,,,,,,,,,,,,,,,,,,,,,,,,,,,,,,,,,,,,,,,,,,,,,,,,,,,,,,,,,,,,,,,,,,,,,,,,,,,,,,,,,,,,,,,,,,,,,,,,,,,,,,,,,,,,,,,,,,,,,,,,,,,,
1784901939,0,0.020,-0.024,0.991,-0.20,-0.40,0.00,40.30,16.80,-1.50,-0.09,-1.23,-1.77,1.000,-0.001,-0.011,-0.015,1,0.408,0.050,0.908,-34.30,-14.20,-9.90,28.70,6.80,-27.60,-2.18,-30.36,-18.43,0.952,-0.060,-0.255,-0.159,,,,,,,,,,,,,,,,,,,,,,,,,,,,,,,,,,,,,,,,,,,,,,,,,,,,,,,,,,,,,,,,,,,,,,,,,,,,,,,,,,,,,,,,,,,,,,,,,,,,,,,,,,,,,,,,,,,,,,,,,,,,,,,,,,,,,,,,,,,,,,,,,,,,,,,,,,,,,,,,,,,,,,,,,,,,,,,,,,,,,,,,,,,,,,,,,,,,,,,,,,,,,,,,,,,,,,,,,,,,,,,,,,,,,,,,,,,,,,
1784901939,0,0.020,-0.004,0.998,-0.30,-0.30,0.00,39.60,17.00,-1.00,-0.09,-1.23,-1.76,1.000,-0.001,-0.011,-0.015,1,0.415,0.046,0.904,-34.10,-13.30,-9.30,28.50,7.30,-28.30,-2.47,-30.51,-18.53,0.951,-0.063,-0.256,-0.161,,,,,,,,,,,,,,,,,,,,,,,,,,,,,,,,,,,,,,,,,,,,,,,,,,,,,,,,,,,,,,,,,,,,,,,,,,,,,,,,,,,,,,,,,,,,,,,,,,,,,,,,,,,,,,,,,,,,,,,,,,,,,,,,,,,,,,,,,,,,,,,,,,,,,,,,,,,,,,,,,,,,,,,,,,,,,,,,,,,,,,,,,,,,,,,,,,,,,,,,,,,,,,,,,,,,,,,,,,,,,,,,,,,,,,,,,,,,,,
1784901939,0,0.016,-0.008,0.995,-0.20,-0.30,0.00,39.60,17.00,-1.00,-0.09,-1.24,-1.76,1.000,-0.001,-0.011,-0.015,1,0.412,0.046,0.896,-33.00,-12.60,-7.90,28.50,7.30,-28.30,-2.46,-30.50,-18.54,0.951,-0.063,-0.256,-0.161,,,,,,,,,,,,,,,,,,,,,,,,,,,,,,,,,,,,,,,,,,,,,,,,,,,,,,,,,,,,,,,,,,,,,,,,,,,,,,,,,,,,,,,,,,,,,,,,,,,,,,,,,,,,,,,,,,,,,,,,,,,,,,,,,,,,,,,,,,,,,,,,,,,,,,,,,,,,,,,,,,,,,,,,,,,,,,,,,,,,,,,,,,,,,,,,,,,,,,,,,,,,,,,,,,,,,,,,,,,,,,,,,,,,,,,,,,,,,,
1784901939,0,0.020,0.003,1.002,-0.10,-0.10,0.00,39.60,17.00,-1.00,-0.09,-1.24,-1.76,1.000,-0.001,-0.011,-0.015,1,0.416,0.038,0.881,-31.10,-12.30,-5.60,28.50,7.30,-28.30,-2.46,-30.50,-18.54,0.951,-0.063,-0.256,-0.161,,,,,,,,,,,,,,,,,,,,,,,,,,,,,,,,,,,,,,,,,,,,,,,,,,,,,,,,,,,,,,,,,,,,,,,,,,,,,,,,,,,,,,,,,,,,,,,,,,,,,,,,,,,,,,,,,,,,,,,,,,,,,,,,,,,,,,,,,,,,,,,,,,,,,,,,,,,,,,,,,,,,,,,,,,,,,,,,,,,,,,,,,,,,,,,,,,,,,,,,,,,,,,,,,,,,,,,,,,,,,,,,,,,,,,,,,,,,,,
1784901939,0,0.020,-0.004,0.998,-0.10,-0.10,0.00,39.60,17.00,-1.00,-0.09,-1.24,-1.76,1.000,-0.001,-0.011,-0.015,1,0.428,0.030,0.873,-28.70,-12.40,-3.20,28.50,7.30,-28.30,-2.46,-30.50,-18.54,0.951,-0.063,-0.256,-0.161,,,,,,,,,,,,,,,,,,,,,,,,,,,,,,,,,,,,,,,,,,,,,,,,,,,,,,,,,,,,,,,,,,,,,,,,,,,,,,,,,,,,,,,,,,,,,,,,,,,,,,,,,,,,,,,,,,,,,,,,,,,,,,,,,,,,,,,,,,,,,,,,,,,,,,,,,,,,,,,,,,,,,,,,,,,,,,,,,,,,,,,,,,,,,,,,,,,,,,,,,,,,,,,,,,,,,,,,,,,,,,,,,,,,,,,,,,,,,,
1784901939,0,0.008,0.014,1.003,-0.10,-0.10,0.00,39.80,16.70,-1.40,-0.10,-1.24,-1.76,1.000,-0.001,-0.011,-0.015,1,0.432,0.018,0.861,-26.00,-12.40,-0.90,31.50,6.10,-28.10,-2.74,-30.63,-18.58,0.951,-0.065,-0.257,-0.162,,,,,,,,,,,,,,,,,,,,,,,,,,,,,,,,,,,,,,,,,,,,,,,,,,,,,,,,,,,,,,,,,,,,,,,,,,,,,,,,,,,,,,,,,,,,,,,,,,,,,,,,,,,,,,,,,,,,,,,,,,,,,,,,,,,,,,,,,,,,,,,,,,,,,,,,,,,,,,,,,,,,,,,,,,,,,,,,,,,,,,,,,,,,,,,,,,,,,,,,,,,,,,,,,,,,,,,,,,,,,,,,,,,,,,,,,,,,,,
1784901939,0,0.024,-0.012,0.998,-0.10,-0.10,0.00,39.80,16.70,-1.40,-0.10,-1.24,-1.76,1.000,-0.001,-0.011,-0.015,1,0.459,0.010,0.830,-23.30,-12.30,1.20,31.50,6.10,-28.10,-2.73,-30.62,-18.58,0.951,-0.065,-0.257,-0.162,,,,,,,,,,,,,,,,,,,,,,,,,,,,,,,,,,,,,,,,,,,,,,,,,,,,,,,,,,,,,,,,,,,,,,,,,,,,,,,,,,,,,,,,,,,,,,,,,,,,,,,,,,,,,,,,,,,,,,,,,,,,,,,,,,,,,,,,,,,,,,,,,,,,,,,,,,,,,,,,,,,,,,,,,,,,,,,,,,,,,,,,,,,,,,,,,,,,,,,,,,,,,,,,,,,,,,,,,,,,,,,,,,,,,,,,,,,,,,
1784901939,0,0.020,0.007,1.002,-0.10,-0.10,-0.10,39.80,16.70,-1.40,-0.10,-1.24,-1.76,1.000,-0.001,-0.011,-0.015,1,0.471,0.002,0.830,-20.70,-12.30,3.50,31.50,6.10,-28.10,-2.73,-30.62,-18.58,0.951,-0.065,-0.257,-0.162,,,,,,,,,,,,,,,,,,,,,,,,,,,,,,,,,,,,,,,,,,,,,,,,,,,,,,,,,,,,,,,,,,,,,,,,,,,,,,,,,,,,,,,,,,,,,,,,,,,,,,,,,,,,,,,,,,,,,,,,,,,,,,,,,,,,,,,,,,,,,,,,,,,,,,,,,,,,,,,,,,,,,,,,,,,,,,,,,,,,,,,,,,,,,,,,,,,,,,,,,,,,,,,,,,,,,,,,,,,,,,,,,,,,,,,,,,,,,,
1784901939,0,0.016,-0.012,0.998,0.00,-0.10,-0.10,39.80,16.70,-1.40,-0.10,-1.24,-1.76,1.000,-0.001,-0.011,-0.015,1,0.483,-0.005,0.818,-18.30,-12.10,6.00,31.50,6.10,-28.10,-2.73,-30.62,-18.58,0.951,-0.065,-0.257,-0.162,,,,,,,,,,,,,,,,,,,,,,,,,,,,,,,,,,,,,,,,,,,,,,,,,,,,,,,,,,,,,,,,,,,,,,,,,,,,,,,,,,,,,,,,,,,,,,,,,,,,,,,,,,,,,,,,,,,,,,,,,,,,,,,,,,,,,,,,,,,,,,,,,,,,,,,,,,,,,,,,,,,,,,,,,,,,,,,,,,,,,,,,,,,,,,,,,,,,,,,,,,,,,,,,,,,,,,,,,,,,,,,,,,,,,,,,,,,,,,
1784901939,0,0.024,-0.004,1.002,0.10,-0.30,-0.10,39.50,16.80,-1.00,-0.10,-1.24,-1.77,1.000,-0.001,-0.011,-0.015,1,0.499,-0.021,0.806,-16.40,-11.80,8.80,31.10,8.10,-27.90,-2.96,-30.74,-18.52,0.950,-0.067,-0.258,-0.162,,,,,,,,,,,,,,,,,,,,,,,,,,,,,,,,,,,,,,,,,,,,,,,,,,,,,,,,,,,,,,,,,,,,,,,,,,,,,,,,,,,,,,,,,,,,,,,,,,,,,,,,,,,,,,,,,,,,,,,,,,,,,,,,,,,,,,,,,,,,,,,,,,,,,,,,,,,,,,,,,,,,,,,,,,,,,,,,,,,,,,,,,,,,,,,,,,,,,,,,,,,,,,,,,,,,,,,,,,,,,,,,,,,,,,,,,,,,,,
1784901939,0,0.016,0.003,0.998,0.10,-0.30,0.00,39.50,16.80,-1.00,-0.10,-1.24,-1.77,1.000,-0.001,-0.011,-0.015,1,0.526,-0.037,0.791,-14.90,-11.00,11.70,31.10,8.10,-27.90,-2.96,-30.74,-18.52,0.950,-0.067,-0.258,-0.162,,,,,,,,,,,,,,,,,,,,,,,,,,,,,,,,,,,,,,,,,,,,,,,,,,,,,,,,,,,,,,,,,,,,,,,,,,,,,,,,,,,,,,,,,,,,,,,,,,,,,,,,,,,,,,,,,,,,,,,,,,,,,,,,,,,,,,,,,,,,,,,,,,,,,,,,,,,,,,,,,,,,,,,,,,,,,,,,,,,,,,,,,,,,,,,,,,,,,,,,,,,,,,,,,,,,,,,,,,,,,,,,,,,,,,,,,,,,,,
1784901939,0,0.024,-0.004,0.998,0.10,-0.20,0.00,39.50,16.80,-1.00,-0.10,-1.24,-1.77,1.000,-0.001,-0.011,-0.015,1,0.542,-0.045,0.783,-13.90,-9.70,14.20,31.10,8.10,-27.90,-2.96,-30.74,-18.52,0.950,-0.067,-0.258,-0.162,,,,,,,,,,,,,,,,,,,,,,,,,,,,,,,,,,,,,,,,,,,,,,,,,,,,,,,,,,,,,,,,,,,,,,,,,,,,,,,,,,,,,,,,,,,,,,,,,,,,,,,,,,,,,,,,,,,,,,,,,,,,,,,,,,,,,,,,,,,,,,,,,,,,,,,,,,,,,,,,,,,,,,,,,,,,,,,,,,,,,,,,,,,,,,,,,,,,,,,,,,,,,,,,,,,,,,,,,,,,,,,,,,,,,,,,,,,,,,
1784901939,0,0.012,0.000,0.995,0.00,-0.10,0.00,39.50,16.80,-1.00,-0.10,-1.24,-1.77,1.000,-0.001,-0.011,-0.015,1,0.546,-0.057,0.775,-13.10,-8.00,16.20,31.10,8.10,-27.90,-2.96,-30.74,-18.52,0.950,-0.067,-0.258,-0.162,,,,,,,,,,,,,,,,,,,,,,,,,,,,,,,,,,,,,,,,,,,,,,,,,,,,,,,,,,,,,,,,,,,,,,,,,,,,,,,,,,,,,,,,,,,,,,,,,,,,,,,,,,,,,,,,,,,,,,,,,,,,,,,,,,,,,,,,,,,,,,,,,,,,,,,,,,,,,,,,,,,,,,,,,,,,,,,,,,,,,,,,,,,,,,,,,,,,,,,,,,,,,,,,,,,,,,,,,,,,,,,,,,,,,,,,,,,,,,
1784901939,0,0.020,0.007,0.998,0.00,0.00,0.00,39.30,16.70,-1.30,-0.10,-1.24,-1.77,1.000,-0.001,-0.011,-0.015,1,0.558,-0.057,0.775,-12.40,-6.20,17.90,31.20,8.60,-28.20,-3.19,-30.82,-18.34,0.950,-0.069,-0.258,-0.161,,,,,,,,,,,,,,,,,,,,,,,,,,,,,,,,,,,,,,,,,,,,,,,,,,,,,,,,,,,,,,,,,,,,,,,,,,,,,,,,,,,,,,,,,,,,,,,,,,,,,,,,,,,,,,,,,,,,,,,,,,,,,,,,,,,,,,,,,,,,,,,,,,,,,,,,,,,,,,,,,,,,,,,,,,,,,,,,,,,,,,,,,,,,,,,,,,,,,,,,,,,,,,,,,,,,,,,,,,,,,,,,,,,,,,,,,,,,,,
1784901939,0,0.020,0.000,0.994,0.00,-0.10,0.00,39.30,16.70,-1.30,-0.10,-1.24,-1.77,1.000,-0.001,-0.011,-0.015,1,0.581,-0.054,0.779,-11.60,-4.40,19.50,31.20,8.60,-28.20,-3.19,-30.82,-18.34,0.950,-0.069,-0.258,-0.161,,,,,,,,,,,,,,,,,,,,,,,,,,,,,,,,,,,,,,,,,,,,,,,,,,,,,,,,,,,,,,,,,,,,,,,,,,,,,,,,,,,,,,,,,,,,,,,,,,,,,,,,,,,,,,,,,,,,,,,,,,,,,,,,,,,,,,,,,,,,,,,,,,,,,,,,,,,,,,,,,,,,,,,,,,,,,,,,,,,,,,,,,,,,,,,,,,,,,,,,,,,,,,,,,,,,,,,,,,,,,,,,,,,,,,,,,,,,,,
1784901939,0,0.024,0.000,1.002,-0.10,-0.10,0.00,39.30,16.70,-1.30,-0.10,-1.24,-1.77,1.000,-0.001,-0.011,-0.015,1,0.581,-0.038,0.775,-10.50,-2.30,21.20,31.20,8.60,-28.20,-3.19,-30.82,-18.34,0.950,-0.069,-0.258,-0.161,,,,,,,,,,,,,,,,,,,,,,,,,,,,,,,,,,,,,,,,,,,,,,,,,,,,,,,,,,,,,,,,,,,,,,,,,,,,,,,,,,,,,,,,,,,,,,,,,,,,,,,,,,,,,,,,,,,,,,,,,,,,,,,,,,,,,,,,,,,,,,,,,,,,,,,,,,,,,,,,,,,,,,,,,,,,,,,,,,,,,,,,,,,,,,,,,,,,,,,,,,,,,,,,,,,,,,,,,,,,,,,,,,,,,,,,,,,,,,
1784901939,0,0.024,-0.004,1.002,-0.10,-0.10,0.00,39.30,16.70,-1.30,-0.10,-1.24,-1.77,1.000,-0.001,-0.011,-0.015,1,0.573,-0.038,0.779,-9.10,0.10,23.20,31.20,8.60,-28.20,-3.19,-30.82,-18.34,0.950,-0.069,-0.258,-0.161,,,,,,,,,,,,,,,,,,,,,,,,,,,,,,,,,,,,,,,,,,,,,,,,,,,,,,,,,,,,,,,,,,,,,,,,,,,,,,,,,,,,,,,,,,,,,,,,,,,,,,,,,,,,,,,,,,,,,,,,,,,,,,,,,,,,,,,,,,,,,,,,,,,,,,,,,,,,,,,,,,,,,,,,,,,,,,,,,,,,,,,,,,,,,,,,,,,,,,,,,,,,,,,,,,,,,,,,,,,,,,,,,,,,,,,,,,,,,,
1784901939,0,0.020,-0.004,0.998,-0.20,-0.10,-0.10,39.30,16.70,-1.30,-0.10,-1.24,-1.77,1.000,-0.001,-0.011,-0.015,1,0.573,-0.022,0.783,-7.60,2.90,25.40,31.40,8.20,-27.50,-3.42,-30.82,-18.08,0.950,-0.070,-0.258,-0.159,,,,,,,,,,,,,,,,,,,,,,,,,,,,,,,,,,,,,,,,,,,,,,,,,,,,,,,,,,,,,,,,,,,,,,,,,,,,,,,,,,,,,,,,,,,,,,,,,,,,,,,,,,,,,,,,,,,,,,,,,,,,,,,,,,,,,,,,,,,,,,,,,,,,,,,,,,,,,,,,,,,,,,,,,,,,,,,,,,,,,,,,,,,,,,,,,,,,,,,,,,,,,,,,,,,,,,,,,,,,,,,,,,,,,,,,,,,,,,
1784901939,0,0.024,-0.004,0.998,-0.20,-0.10,-0.10,39.30,16.70,-1.30,-0.10,-1.24,-1.77,1.000,-0.001,-0.011,-0.015,1,0.562,-0.010,0.783,-6.50,6.10,27.80,31.40,8.20,-27.50,-3.42,-30.83,-18.08,0.950,-0.070,-0.258,-0.159,,,,,,,,,,,,,,,,,,,,,,,,,,,,,,,,,,,,,,,,,,,,,,,,,,,,,,,,,,,,,,,,,,,,,,,,,,,,,,,,,,,,,,,,,,,,,,,,,,,,,,,,,,,,,,,,,,,,,,,,,,,,,,,,,,,,,,,,,,,,,,,,,,,,,,,,,,,,,,,,,,,,,,,,,,,,,,,,,,,,,,,,,,,,,,,,,,,,,,,,,,,,,,,,,,,,,,,,,,,,,,,,,,,,,,,,,,,,,,
1784901939,0,0.024,0.000,0.998,-0.30,-0.10,-0.20,39.30,16.70,-1.30,-0.10,-1.24,-1.77,1.000,-0.001,-0.011,-0.015,1,0.562,-0.003,0.787,-5.90,9.40,30.60,31.40,8.20,-27.50,-3.42,-30.83,-18.08,0.950,-0.070,-0.258,-0.159,,,,,,,,,,,,,,,,,,,,,,,,,,,,,,,,,,,,,,,,,,,,,,,,,,,,,,,,,,,,,,,,,,,,,,,,,,,,,,,,,,,,,,,,,,,,,,,,,,,,,,,,,,,,,,,,,,,,,,,,,,,,,,,,,,,,,,,,,,,,,,,,,,,,,,,,,,,,,,,,,,,,,,,,,,,,,,,,,,,,,,,,,,,,,,,,,,,,,,,,,,,,,,,,,,,,,,,,,,,,,,,,,,,,,,,,,,,,,,
1784901939,0,0.020,0.000,0.998,-0.30,-0.10,-0.20,39.30,16.70,-1.30,-0.10,-1.24,-1.77,1.000,-0.001,-0.011,-0.015,1,0.558,0.008,0.775,-6.60,13.10,33.90,31.40,8.20,-27.50,-3.42,-30.83,-18.08,0.950,-0.070,-0.258,-0.159,,,,,,,,,,,,,,,,,,,,,,,,,,,,,,,,,,,,,,,,,,,,,,,,,,,,,,,,,,,,,,,,,,,,,,,,,,,,,,,,,,,,,,,,,,,,,,,,,,,,,,,,,,,,,,,,,,,,,,,,,,,,,,,,,,,,,,,,,,,,,,,,,,,,,,,,,,,,,,,,,,,,,,,,,,,,,,,,,,,,,,,,,,,,,,,,,,,,,,,,,,,,,,,,,,,,,,,,,,,,,,,,,,,,,,,,,,,,,,
1784901939,0,0.020,0.000,0.998,-0.30,-0.10,-0.20,41.40,16.60,-1.00,-0.10,-1.24,-1.77,1.000,-0.001,-0.011,-0.015,1,0.555,0.036,0.732,-8.60,17.30,37.30,31.30,8.10,-28.00,-3.68,-30.69,-17.71,0.951,-0.071,-0.257,-0.157,,,,,,,,,,,,,,,,,,,,,,,,,,,,,,,,,,,,,,,,,,,,,,,,,,,,,,,,,,,,,,,,,,,,,,,,,,,,,,,,,,,,,,,,,,,,,,,,,,,,,,,,,,,,,,,,,,,,,,,,,,,,,,,,,,,,,,,,,,,,,,,,,,,,,,,,,,,,,,,,,,,,,,,,,,,,,,,,,,,,,,,,,,,,,,,,,,,,,,,,,,,,,,,,,,,,,,,,,,,,,,,,,,,,,,,,,,,,,,
1784901939,0,0.024,0.003,0.998,-0.30,0.00,-0.10,41.40,16.60,-1.00,-0.10,-1.24,-1.77,1.000,-0.001,-0.011,-0.015,1,0.531,0.029,0.736,-11.70,22.60,40.80,31.30,8.10,-28.00,-3.67,-30.70,-17.71,0.951,-0.071,-0.257,-0.157,,,,,,,,,,,,,,,,,,,,,,,,,,,,,,,,,,,,,,,,,,,,,,,,,,,,,,,,,,,,,,,,,,,,,,,,,,,,,,,,,,,,,,,,,,,,,,,,,,,,,,,,,,,,,,,,,,,,,,,,,,,,,,,,,,,,,,,,,,,,,,,,,,,,,,,,,,,,,,,,,,,,,,,,,,,,,,,,,,,,,,,,,,,,,,,,,,,,,,,,,,,,,,,,,,,,,,,,,,,,,,,,,,,,,,,,,,,,,,
1784901939,0,0.024,-0.012,0.994,-0.20,-0.10,-0.10,41.40,16.60,-1.00,-0.10,-1.24,-1.77,1.000,-0.001,-0.011,-0.015,1,0.524,0.021,0.729,-15.80,29.40,44.60,31.30,8.10,-28.00,-3.67,-30.70,-17.71,0.951,-0.071,-0.257,-0.157,,,,,,,,,,,,,,,,,,,,,,,,,,,,,,,,,,,,,,,,,,,,,,,,,,,,,,,,,,,,,,,,,,,,,,,,,,,,,,,,,,,,,,,,,,,,,,,,,,,,,,,,,,,,,,,,,,,,,,,,,,,,,,,,,,,,,,,,,,,,,,,,,,,,,,,,,,,,,,,,,,,,,,,,,,,,,,,,,,,,,,,,,,,,,,,,,,,,,,,,,,,,,,,,,,,,,,,,,,,,,,,,,,,,,,,,,,,,,,
1784901939,0,0.020,-0.004,0.998,-0.10,-0.10,-0.20,41.40,16.60,-1.00,-0.10,-1.24,-1.77,1.000,-0.001,-0.011,-0.015,1,0.504,0.006,0.748,-20.40,37.20,48.50,31.30,8.10,-28.00,-3.67,-30.70,-17.71,0.951,-0.071,-0.257,-0.157,,,,,,,,,,,,,,,,,,,,,,,,,,,,,,,,,,,,,,,,,,,,,,,,,,,,,,,,,,,,,,,,,,,,,,,,,,,,,,,,,,,,,,,,,,,,,,,,,,,,,,,,,,,,,,,,,,,,,,,,,,,,,,,,,,,,,,,,,,,,,,,,,,,,,,,,,,,,,,,,,,,,,,,,,,,,,,,,,,,,,,,,,,,,,,,,,,,,,,,,,,,,,,,,,,,,,,,,,,,,,,,,,,,,,,,,,,,,,,
1784901939,0,0.024,-0.008,0.998,-0.10,0.00,-0.30,41.10,16.40,-1.40,-0.10,-1.24,-1.77,1.000,-0.001,-0.011,-0.015,1,0.515,0.001,0.799,-25.50,45.10,52.20,31.40,7.30,-27.70,-4.12,-30.34,-17.20,0.952,-0.073,-0.253,-0.154,,,,,,,,,,,,,,,,,,,,,,,,,,,,,,,,,,,,,,,,,,,,,,,,,,,,,,,,,,,,,,,,,,,,,,,,,,,,,,,,,,,,,,,,,,,,,,,,,,,,,,,,,,,,,,,,,,,,,,,,,,,,,,,,,,,,,,,,,,,,,,,,,,,,,,,,,,,,,,,,,,,,,,,,,,,,,,,,,,,,,,,,,,,,,,,,,,,,,,,,,,,,,,,,,,,,,,,,,,,,,,,,,,,,,,,,,,,,,,
1784901939,0,0.016,0.015,0.998,0.00,0.00,-0.30,41.10,16.40,-1.40,-0.10,-1.24,-1.77,1.000,-0.001,-0.011,-0.015,1,0.511,-0.002,0.795,-30.60,52.30,55.40,31.40,7.30,-27.70,-4.11,-30.35,-17.21,0.952,-0.073,-0.253,-0.154,,,,,,,,,,,,,,,,,,,,,,,,,,,,,,,,,,,,,,,,,,,,,,,,,,,,,,,,,,,,,,,,,,,,,,,,,,,,,,,,,,,,,,,,,,,,,,,,,,,,,,,,,,,,,,,,,,,,,,,,,,,,,,,,,,,,,,,,,,,,,,,,,,,,,,,,,,,,,,,,,,,,,,,,,,,,,,,,,,,,,,,,,,,,,,,,,,,,,,,,,,,,,,,,,,,,,,,,,,,,,,,,,,,,,,,,,,,,,,
1784901939,0,0.020,-0.008,0.998,0.00,0.00,-0.30,41.10,16.40,-1.40,-0.10,-1.24,-1.77,1.000,-0.001,-0.011,-0.015,1,0.514,-0.017,0.806,-35.20,58.50,58.20,31.40,7.30,-27.70,-4.11,-30.35,-17.21,0.952,-0.073,-0.253,-0.154,,,,,,,,,,,,,,,,,,,,,,,,,,,,,,,,,,,,,,,,,,,,,,,,,,,,,,,,,,,,,,,,,,,,,,,,,,,,,,,,,,,,,,,,,,,,,,,,,,,,,,,,,,,,,,,,,,,,,,,,,,,,,,,,,,,,,,,,,,,,,,,,,,,,,,,,,,,,,,,,,,,,,,,,,,,,,,,,,,,,,,,,,,,,,,,,,,,,,,,,,,,,,,,,,,,,,,,,,,,,,,,,,,,,,,,,,,,,,,
1784901939,0,0.024,-0.032,1.006,0.00,0.00,-0.30,41.10,16.40,-1.40,-0.10,-1.24,-1.77,1.000,-0.001,-0.011,-0.015,1,0.522,-0.033,0.849,-38.60,64.00,60.50,31.40,7.30,-27.70,-4.11,-30.35,-17.21,0.952,-0.073,-0.253,-0.154,,,,,,,,,,,,,,,,,,,,,,,,,,,,,,,,,,,,,,,,,,,,,,,,,,,,,,,,,,,,,,,,,,,,,,,,,,,,,,,,,,,,,,,,,,,,,,,,,,,,,,,,,,,,,,,,,,,,,,,,,,,,,,,,,,,,,,,,,,,,,,,,,,,,,,,,,,,,,,,,,,,,,,,,,,,,,,,,,,,,,,,,,,,,,,,,,,,,,,,,,,,,,,,,,,,,,,,,,,,,,,,,,,,,,,,,,,,,,,
1784901939,0,0.024,-0.024,1.002,0.00,0.00,-0.30,41.50,16.70,-1.20,-0.10,-1.24,-1.77,1.000,-0.001,-0.011,-0.015,1,0.533,-0.046,0.861,-40.60,68.90,62.50,31.40,5.20,-27.70,-4.78,-29.69,-16.58,0.954,-0.077,-0.248,-0.150,,,,,,,,,,,,,,,,,,,,,,,,,,,,,,,,,,,,,,,,,,,,,,,,,,,,,,,,,,,,,,,,,,,,,,,,,,,,,,,,,,,,,,,,,,,,,,,,,,,,,,,,,,,,,,,,,,,,,,,,,,,,,,,,,,,,,,,,,,,,,,,,,,,,,,,,,,,,,,,,,,,,,,,,,,,,,,,,,,,,,,,,,,,,,,,,,,,,,,,,,,,,,,,,,,,,,,,,,,,,,,,,,,,,,,,,,,,,,,
1784901939,0,0.012,0.026,1.002,0.00,0.00,-0.30,41.50,16.70,-1.20,-0.11,-1.24,-1.77,1.000,-0.001,-0.011,-0.015,1,0.506,-0.057,0.865,-41.40,73.30,64.00,31.40,5.20,-27.70,-4.78,-29.70,-16.58,0.954,-0.077,-0.248,-0.150,,,,,,,,,,,,,,,,,,,,,,,,,,,,,,,,,,,,,,,,,,,,,,,,,,,,,,,,,,,,,,,,,,,,,,,,,,,,,,,,,,,,,,,,,,,,,,,,,,,,,,,,,,,,,,,,,,,,,,,,,,,,,,,,,,,,,,,,,,,,,,,,,,,,,,,,,,,,,,,,,,,,,,,,,,,,,,,,,,,,,,,,,,,,,,,,,,,,,,,,,,,,,,,,,,,,,,,,,,,,,,,,,,,,,,,,,,,,,,
1784901939,0,0.020,-0.024,1.002,-0.10,0.00,-0.30,41.50,16.70,-1.20,-0.11,-1.24,-1.77,1.000,-0.001,-0.011,-0.015,1,0.513,-0.073,0.884,-42.00,77.10,64.60,31.40,5.20,-27.70,-4.78,-29.70,-16.58,0.954,-0.077,-0.248,-0.150,,,,,,,,,,,,,,,,,,,,,,,,,,,,,,,,,,,,,,,,,,,,,,,,,,,,,,,,,,,,,,,,,,,,,,,,,,,,,,,,,,,,,,,,,,,,,,,,,,,,,,,,,,,,,,,,,,,,,,,,,,,,,,,,,,,,,,,,,,,,,,,,,,,,,,,,,,,,,,,,,,,,,,,,,,,,,,,,,,,,,,,,,,,,,,,,,,,,,,,,,,,,,,,,,,,,,,,,,,,,,,,,,,,,,,,,,,,,,,
1784901940,0,0.024,0.000,1.002,0.00,0.00,-0.30,41.50,16.70,-1.20,-0.11,-1.24,-1.77,1.000,-0.001,-0.011,-0.015,1,0.513,-0.092,0.869,-43.80,80.10,63.90,31.40,5.20,-27.70,-4.78,-29.70,-16.58,0.954,-0.077,-0.248,-0.150,,,,,,,,,,,,,,,,,,,,,,,,,,,,,,,,,,,,,,,,,,,,,,,,,,,,,,,,,,,,,,,,,,,,,,,,,,,,,,,,,,,,,,,,,,,,,,,,,,,,,,,,,,,,,,,,,,,,,,,,,,,,,,,,,,,,,,,,,,,,,,,,,,,,,,,,,,,,,,,,,,,,,,,,,,,,,,,,,,,,,,,,,,,,,,,,,,,,,,,,,,,,,,,,,,,,,,,,,,,,,,,,,,,,,,,,,,,,,,
1784901940,0,0.012,0.022,1.006,0.00,-0.10,-0.30,41.00,16.70,-1.00,-0.11,-1.24,-1.78,1.000,-0.001,-0.011,-0.016,1,0.495,-0.123,0.810,-47.20,82.10,61.80,31.70,4.00,-27.10,-5.53,-28.86,-15.94,0.956,-0.081,-0.240,-0.146,,,,,,,,,,,,,,,,,,,,,,,,,,,,,,,,,,,,,,,,,,,,,,,,,,,,,,,,,,,,,,,,,,,,,,,,,,,,,,,,,,,,,,,,,,,,,,,,,,,,,,,,,,,,,,,,,,,,,,,,,,,,,,,,,,,,,,,,,,,,,,,,,,,,,,,,,,,,,,,,,,,,,,,,,,,,,,,,,,,,,,,,,,,,,,,,,,,,,,,,,,,,,,,,,,,,,,,,,,,,,,,,,,,,,,,,,,,,,,
1784901940,0,0.020,-0.012,0.994,0.20,-0.10,-0.20,41.00,16.70,-1.00,-0.11,-1.24,-1.78,1.000,-0.001,-0.011,-0.016,1,0.505,-0.159,0.849,-51.50,83.10,58.40,31.70,4.00,-27.10,-5.53,-28.86,-15.94,0.956,-0.081,-0.240,-0.146,,,,,,,,,,,,,,,,,,,,,,,,,,,,,,,,,,,,,,,,,,,,,,,,,,,,,,,,,,,,,,,,,,,,,,,,,,,,,,,,,,,,,,,,,,,,,,,,,,,,,,,,,,,,,,,,,,,,,,,,,,,,,,,,,,,,,,,,,,,,,,,,,,,,,,,,,,,,,,,,,,,,,,,,,,,,,,,,,,,,,,,,,,,,,,,,,,,,,,,,,,,,,,,,,,,,,,,,,,,,,,,,,,,,,,,,,,,,,,
1784901940,0,0.028,-0.016,0.998,0.10,-0.10,-0.10,41.00,16.70,-1.00,-0.11,-1.24,-1.78,1.000,-0.001,-0.011,-0.016,1,0.493,-0.123,0.900,-54.90,83.80,54.70,31.70,4.00,-27.10,-5.53,-28.86,-15.94,0.956,-0.081,-0.240,-0.146,,,,,,,,,,,,,,,,,,,,,,,,,,,,,,,,,,,,,,,,,,,,,,,,,,,,,,,,,,,,,,,,,,,,,,,,,,,,,,,,,,,,,,,,,,,,,,,,,,,,,,,,,,,,,,,,,,,,,,,,,,,,,,,,,,,,,,,,,,,,,,,,,,,,,,,,,,,,,,,,,,,,,,,,,,,,,,,,,,,,,,,,,,,,,,,,,,,,,,,,,,,,,,,,,,,,,,,,,,,,,,,,,,,,,,,,,,,,,,
1784901940,0,0.024,-0.012,0.998,0.10,-0.10,-0.10,41.00,16.70,-1.00,-0.11,-1.24,-1.78,1.000,-0.001,-0.011,-0.016,1,0.457,-0.131,0.951,-56.80,84.30,51.00,31.70,4.00,-27.10,-5.53,-28.86,-15.94,0.956,-0.081,-0.240,-0.146,,,,,,,,,,,,,,,,,,,,,,,,,,,,,,,,,,,,,,,,,,,,,,,,,,,,,,,,,,,,,,,,,,,,,,,,,,,,,,,,,,,,,,,,,,,,,,,,,,,,,,,,,,,,,,,,,,,,,,,,,,,,,,,,,,,,,,,,,,,,,,,,,,,,,,,,,,,,,,,,,,,,,,,,,,,,,,,,,,,,,,,,,,,,,,,,,,,,,,,,,,,,,,,,,,,,,,,,,,,,,,,,,,,,,,,,,,,,,,
1784901940,0,0.020,-0.012,0.998,0.10,-0.10,-0.20,41.00,16.70,-1.00,-0.10,-1.25,-1.78,1.000,-0.001,-0.011,-0.016,1,0.465,-0.139,0.939,-58.00,84.40,47.30,32.30,4.40,-26.40,-6.32,-27.97,-15.44,0.958,-0.085,-0.232,-0.143,,,,,,,,,,,,,,,,,,,,,,,,,,,,,,,,,,,,,,,,,,,,,,,,,,,,,,,,,,,,,,,,,,,,,,,,,,,,,,,,,,,,,,,,,,,,,,,,,,,,,,,,,,,,,,,,,,,,,,,,,,,,,,,,,,,,,,,,,,,,,,,,,,,,,,,,,,,,,,,,,,,,,,,,,,,,,,,,,,,,,,,,,,,,,,,,,,,,,,,,,,,,,,,,,,,,,,,,,,,,,,,,,,,,,,,,,,,,,,
1784901940,0,0.020,0.007,1.002,0.10,-0.10,-0.30,41.00,16.70,-1.00,-0.11,-1.25,-1.78,1.000,-0.001,-0.011,-0.016,1,0.461,-0.139,0.970,-58.80,83.30,43.60,32.30,4.40,-26.40,-6.32,-27.98,-15.44,0.958,-0.085,-0.232,-0.143,,,,,,,,,,,,,,,,,,,,,,,,,,,,,,,,,,,,,,,,,,,,,,,,,,,,,,,,,,,,,,,,,,,,,,,,,,,,,,,,,,,,,,,,,,,,,,,,,,,,,,,,,,,,,,,,,,,,,,,,,,,,,,,,,,,,,,,,,,,,,,,,,,,,,,,,,,,,,,,,,,,,,,,,,,,,,,,,,,,,,,,,,,,,,,,,,,,,,,,,,,,,,,,,,,,,,,,,,,,,,,,,,,,,,,,,,,,,,,
1784901940,0,0.016,0.000,0.998,0.10,-0.10,-0.30,41.00,16.70,-1.00,-0.11,-1.25,-1.78,1.000,-0.001,-0.011,-0.016,1,0.461,-0.135,0.974,-58.70,80.80,40.10,32.30,4.40,-26.40,-6.32,-27.98,-15.44,0.958,-0.085,-0.232,-0.143,,,,,,,,,,,,,,,,,,,,,,,,,,,,,,,,,,,,,,,,,,,,,,,,,,,,,,,,,,,,,,,,,,,,,,,,,,,,,,,,,,,,,,,,,,,,,,,,,,,,,,,,,,,,,,,,,,,,,,,,,,,,,,,,,,,,,,,,,,,,,,,,,,,,,,,,,,,,,,,,,,,,,,,,,,,,,,,,,,,,,,,,,,,,,,,,,,,,,,,,,,,,,,,,,,,,,,,,,,,,,,,,,,,,,,,,,,,,,,
1784901940,0,0.012,0.018,0.995,0.00,-0.10,-0.20,41.00,16.70,-1.00,-0.11,-1.25,-1.78,1.000,-0.001,-0.011,-0.016,1,0.433,-0.142,0.986,-56.90,77.70,37.60,32.30,4.40,-26.40,-6.32,-27.98,-15.44,0.958,-0.085,-0.232,-0.143,,,,,,,,,,,,,,,,,,,,,,,,,,,,,,,,,,,,,,,,,,,,,,,,,,,,,,,,,,,,,,,,,,,,,,,,,,,,,,,,,,,,,,,,,,,,,,,,,,,,,,,,,,,,,,,,,,,,,,,,,,,,,,,,,,,,,,,,,,,,,,,,,,,,,,,,,,,,,,,,,,,,,,,,,,,,,,,,,,,,,,,,,,,,,,,,,,,,,,,,,,,,,,,,,,,,,,,,,,,,,,,,,,,,,,,,,,,,,,
1784901940,0,0.020,0.011,0.998,0.00,-0.20,-0.10,39.20,16.90,-1.10,-0.11,-1.25,-1.78,1.000,-0.001,-0.011,-0.016,1,0.421,-0.154,0.978,-53.80,73.90,35.90,33.30,5.60,-26.60,-7.05,-27.14,-15.10,0.960,-0.090,-0.224,-0.142,,,,,,,,,,,,,,,,,,,,,,,,,,,,,,,,,,,,,,,,,,,,,,,,,,,,,,,,,,,,,,,,,,,,,,,,,,,,,,,,,,,,,,,,,,,,,,,,,,,,,,,,,,,,,,,,,,,,,,,,,,,,,,,,,,,,,,,,,,,,,,,,,,,,,,,,,,,,,,,,,,,,,,,,,,,,,,,,,,,,,,,,,,,,,,,,,,,,,,,,,,,,,,,,,,,,,,,,,,,,,,,,,,,,,,,,,,,,,,
1784901940,0,0.024,-0.020,1.002,0.00,-0.20,0.00,39.20,16.90,-1.10,-0.10,-1.25,-1.78,1.000,-0.001,-0.011,-0.016,1,0.421,-0.166,0.990,-50.20,69.30,34.20,33.30,5.60,-26.60,-7.05,-27.14,-15.10,0.960,-0.090,-0.224,-0.142,,,,,,,,,,,,,,,,,,,,,,,,,,,,,,,,,,,,,,,,,,,,,,,,,,,,,,,,,,,,,,,,,,,,,,,,,,,,,,,,,,,,,,,,,,,,,,,,,,,,,,,,,,,,,,,,,,,,,,,,,,,,,,,,,,,,,,,,,,,,,,,,,,,,,,,,,,,,,,,,,,,,,,,,,,,,,,,,,,,,,,,,,,,,,,,,,,,,,,,,,,,,,,,,,,,,,,,,,,,,,,,,,,,,,,,,,,,,,,
1784901940,0,0.016,0.003,0.998,0.00,-0.10,0.00,39.20,16.90,-1.10,-0.10,-1.25,-1.78,1.000,-0.001,-0.011,-0.016,1,0.397,-0.181,1.001,-46.90,64.00,31.90,33.30,5.60,-26.60,-7.05,-27.14,-15.10,0.960,-0.090,-0.224,-0.142,,,,,,,,,,,,,,,,,,,,,,,,,,,,,,,,,,,,,,,,,,,,,,,,,,,,,,,,,,,,,,,,,,,,,,,,,,,,,,,,,,,,,,,,,,,,,,,,,,,,,,,,,,,,,,,,,,,,,,,,,,,,,,,,,,,,,,,,,,,,,,,,,,,,,,,,,,,,,,,,,,,,,,,,,,,,,,,,,,,,,,,,,,,,,,,,,,,,,,,,,,,,,,,,,,,,,,,,,,,,,,,,,,,,,,,,,,,,,,
1784901940,0,0.020,0.000,0.998,0.00,-0.10,-0.10,39.20,16.90,-1.10,-0.10,-1.25,-1.78,1.000,-0.001,-0.011,-0.016,1,0.398,-0.161,1.001,-44.30,58.30,28.50,33.30,5.60,-26.60,-7.05,-27.14,-15.10,0.960,-0.090,-0.224,-0.142,,,,,,,,,,,,,,,,,,,,,,,,,,,,,,,,,,,,,,,,,,,,,,,,,,,,,,,,,,,,,,,,,,,,,,,,,,,,,,,,,,,,,,,,,,,,,,,,,,,,,,,,,,,,,,,,,,,,,,,,,,,,,,,,,,,,,,,,,,,,,,,,,,,,,,,,,,,,,,,,,,,,,,,,,,,,,,,,,,,,,,,,,,,,,,,,,,,,,,,,,,,,,,,,,,,,,,,,,,,,,,,,,,,,,,,,,,,,,,
1784901940,0,0.020,-0.004,0.994,0.00,-0.10,-0.30,39.20,17.20,-1.80,-0.10,-1.25,-1.78,1.000,-0.001,-0.011,-0.016,1,0.405,-0.157,0.994,-42.30,52.60,24.40,33.90,5.70,-24.50,-7.62,-26.50,-14.85,0.961,-0.094,-0.218,-0.141,,,,,,,,,,,,,,,,,,,,,,,,,,,,,,,,,,,,,,,,,,,,,,,,,,,,,,,,,,,,,,,,,,,,,,,,,,,,,,,,,,,,,,,,,,,,,,,,,,,,,,,,,,,,,,,,,,,,,,,,,,,,,,,,,,,,,,,,,,,,,,,,,,,,,,,,,,,,,,,,,,,,,,,,,,,,,,,,,,,,,,,,,,,,,,,,,,,,,,,,,,,,,,,,,,,,,,,,,,,,,,,,,,,,,,,,,,,,,,
1784901940,0,0.020,-0.004,1.002,0.00,-0.20,-0.30,39.20,17.20,-1.80,-0.11,-1.25,-1.78,1.000,-0.001,-0.011,-0.016,1,0.421,-0.146,0.986,-40.80,46.70,20.20,33.90,5.70,-24.50,-7.62,-26.50,-14.85,0.961,-0.094,-0.218,-0.141,,,,,,,,,,,,,,,,,,,,,,,,,,,,,,,,,,,,,,,,,,,,,,,,,,,,,,,,,,,,,,,,,,,,,,,,,,,,,,,,,,,,,,,,,,,,,,,,,,,,,,,,,,,,,,,,,,,,,,,,,,,,,,,,,,,,,,,,,,,,,,,,,,,,,,,,,,,,,,,,,,,,,,,,,,,,,,,,,,,,,,,,,,,,,,,,,,,,,,,,,,,,,,,,,,,,,,,,,,,,,,,,,,,,,,,,,,,,,,
1784901940,0,0.016,0.015,1.002,0.00,-0.30,-0.10,39.20,17.20,-1.80,-0.11,-1.25,-1.78,1.000,-0.001,-0.011,-0.016,1,0.425,-0.146,0.982,-39.10,40.70,16.60,33.90,5.70,-24.50,-7.62,-26.50,-14.85,0.961,-0.094,-0.218,-0.141,,,,,,,,,,,,,,,,,,,,,,,,,,,,,,,,,,,,,,,,,,,,,,,,,,,,,,,,,,,,,,,,,,,,,,,,,,,,,,,,,,,,,,,,,,,,,,,,,,,,,,,,,,,,,,,,,,,,,,,,,,,,,,,,,,,,,,,,,,,,,,,,,,,,,,,,,,,,,,,,,,,,,,,,,,,,,,,,,,,,,,,,,,,,,,,,,,,,,,,,,,,,,,,,,,,,,,,,,,,,,,,,,,,,,,,,,,,,,,
1784901940,0,0.016,0.011,0.998,0.00,-0.20,-0.10,39.20,17.20,-1.80,-0.11,-1.25,-1.78,1.000,-0.001,-0.011,-0.016,1,0.425,-0.146,0.970,-36.80,34.60,13.90,33.90,5.70,-24.50,-7.62,-26.50,-14.85,0.961,-0.094,-0.218,-0.141,,,,,,,,,,,,,,,,,,,,,,,,,,,,,,,,,,,,,,,,,,,,,,,,,,,,,,,,,,,,,,,,,,,,,,,,,,,,,,,,,,,,,,,,,,,,,,,,,,,,,,,,,,,,,,,,,,,,,,,,,,,,,,,,,,,,,,,,,,,,,,,,,,,,,,,,,,,,,,,,,,,,,,,,,,,,,,,,,,,,,,,,,,,,,,,,,,,,,,,,,,,,,,,,,,,,,,,,,,,,,,,,,,,,,,,,,,,,,,
1784901940,0,0.016,0.003,1.002,0.00,-0.10,-0.10,39.10,17.10,-1.00,-0.11,-1.25,-1.78,1.000,-0.001,-0.011,-0.016,1,0.426,-0.138,0.951,-33.70,28.60,11.60,34.30,6.00,-25.20,-8.05,-26.10,-14.74,0.962,-0.097,-0.215,-0.140,,,,,,,,,,,,,,,,,,,,,,,,,,,,,,,,,,,,,,,,,,,,,,,,,,,,,,,,,,,,,,,,,,,,,,,,,,,,,,,,,,,,,,,,,,,,,,,,,,,,,,,,,,,,,,,,,,,,,,,,,,,,,,,,,,,,,,,,,,,,,,,,,,,,,,,,,,,,,,,,,,,,,,,,,,,,,,,,,,,,,,,,,,,,,,,,,,,,,,,,,,,,,,,,,,,,,,,,,,,,,,,,,,,,,,,,,,,,,,
1784901940,0,0.024,-0.008,0.998,0.10,0.00,-0.10,39.10,17.10,-1.00,-0.10,-1.25,-1.78,1.000,-0.001,-0.011,-0.016,1,0.434,-0.071,0.912,-29.60,22.80,9.60,34.30,6.00,-25.20,-8.05,-26.10,-14.74,0.962,-0.097,-0.215,-0.140,,,,,,,,,,,,,,,,,,,,,,,,,,,,,,,,,,,,,,,,,,,,,,,,,,,,,,,,,,,,,,,,,,,,,,,,,,,,,,,,,,,,,,,,,,,,,,,,,,,,,,,,,,,,,,,,,,,,,,,,,,,,,,,,,,,,,,,,,,,,,,,,,,,,,,,,,,,,,,,,,,,,,,,,,,,,,,,,,,,,,,,,,,,,,,,,,,,,,,,,,,,,,,,,,,,,,,,,,,,,,,,,,,,,,,,,,,,,,,
1784901940,0,0.020,0.003,1.002,0.10,0.00,0.00,39.10,17.10,-1.00,-0.10,-1.25,-1.78,1.000,-0.001,-0.011,-0.016,1,0.438,-0.071,0.904,-24.70,16.60,6.50,34.30,6.00,-25.20,-8.05,-26.10,-14.74,0.962,-0.097,-0.215,-0.140,,,,,,,,,,,,,,,,,,,,,,,,,,,,,,,,,,,,,,,,,,,,,,,,,,,,,,,,,,,,,,,,,,,,,,,,,,,,,,,,,,,,,,,,,,,,,,,,,,,,,,,,,,,,,,,,,,,,,,,,,,,,,,,,,,,,,,,,,,,,,,,,,,,,,,,,,,,,,,,,,,,,,,,,,,,,,,,,,,,,,,,,,,,,,,,,,,,,,,,,,,,,,,,,,,,,,,,,,,,,,,,,,,,,,,,,,,,,,,
1784901940,0,0.020,-0.008,0.994,0.00,0.00,0.00,39.10,17.10,-1.00,-0.10,-1.25,-1.78,1.000,-0.001,-0.011,-0.016,1,0.404,-0.098,0.854,-19.00,9.70,2.10,34.30,6.00,-25.20,-8.05,-26.10,-14.74,0.962,-0.097,-0.215,-0.140,,,,,,,,,,,,,,,,,,,,,,,,,,,,,,,,,,,,,,,,,,,,,,,,,,,,,,,,,,,,,,,,,,,,,,,,,,,,,,,,,,,,,,,,,,,,,,,,,,,,,,,,,,,,,,,,,,,,,,,,,,,,,,,,,,,,,,,,,,,,,,,,,,,,,,,,,,,,,,,,,,,,,,,,,,,,,,,,,,,,,,,,,,,,,,,,,,,,,,,,,,,,,,,,,,,,,,,,,,,,,,,,,,,,,,,,,,,,,,
1784901940,0,0.016,0.011,1.002,0.00,0.00,0.00,39.40,16.90,-1.30,-0.10,-1.25,-1.78,1.000,-0.001,-0.011,-0.016,1,0.389,-0.109,0.834,-13.50,2.90,-2.90,33.80,6.40,-25.40,-8.28,-25.96,-14.72,0.962,-0.098,-0.213,-0.141,,,,,,,,,,,,,,,,,,,,,,,,,,,,,,,,,,,,,,,,,,,,,,,,,,,,,,,,,,,,,,,,,,,,,,,,,,,,,,,,,,,,,,,,,,,,,,,,,,,,,,,,,,,,,,,,,,,,,,,,,,,,,,,,,,,,,,,,,,,,,,,,,,,,,,,,,,,,,,,,,,,,,,,,,,,,,,,,,,,,,,,,,,,,,,,,,,,,,,,,,,,,,,,,,,,,,,,,,,,,,,,,,,,,,,,,,,,,,,
1784901940,0,0.024,-0.020,0.998,-0.10,0.00,0.10,39.40,16.90,-1.30,-0.10,-1.25,-1.78,1.000,-0.001,-0.011,-0.016,1,0.396,-0.113,0.842,-9.10,-2.20,-6.80,33.80,6.40,-25.40,-8.28,-25.97,-14.72,0.962,-0.098,-0.213,-0.141,,,,,,,,,,,,,,,,,,,,,,,,,,,,,,,,,,,,,,,,,,,,,,,,,,,,,,,,,,,,,,,,,,,,,,,,,,,,,,,,,,,,,,,,,,,,,,,,,,,,,,,,,,,,,,,,,,,,,,,,,,,,,,,,,,,,,,,,,,,,,,,,,,,,,,,,,,,,,,,,,,,,,,,,,,,,,,,,,,,,,,,,,,,,,,,,,,,,,,,,,,,,,,,,,,,,,,,,,,,,,,,,,,,,,,,,,,,,,,
1784901940,0,0.016,0.000,0.998,-0.10,0.00,0.10,39.40,16.90,-1.30,-0.10,-1.25,-1.78,1.000,-0.001,-0.011,-0.016,1,0.408,-0.110,0.854,-6.80,-4.50,-8.20,33.80,6.40,-25.40,-8.28,-25.97,-14.72,0.962,-0.098,-0.213,-0.141,,,,,,,,,,,,,,,,,,,,,,,,,,,,,,,,,,,,,,,,,,,,,,,,,,,,,,,,,,,,,,,,,,,,,,,,,,,,,,,,,,,,,,,,,,,,,,,,,,,,,,,,,,,,,,,,,,,,,,,,,,,,,,,,,,,,,,,,,,,,,,,,,,,,,,,,,,,,,,,,,,,,,,,,,,,,,,,,,,,,,,,,,,,,,,,,,,,,,,,,,,,,,,,,,,,,,,,,,,,,,,,,,,,,,,,,,,,,,,
1784901940,0,0.024,-0.004,1.002,-0.10,0.00,0.00,39.40,16.90,-1.30,-0.10,-1.25,-1.78,1.000,-0.001,-0.011,-0.016,1,0.400,-0.114,0.838,-6.00,-4.10,-7.20,33.80,6.40,-25.40,-8.28,-25.97,-14.72,0.962,-0.098,-0.213,-0.141,,,,,,,,,,,,,,,,,,,,,,,,,,,,,,,,,,,,,,,,,,,,,,,,,,,,,,,,,,,,,,,,,,,,,,,,,,,,,,,,,,,,,,,,,,,,,,,,,,,,,,,,,,,,,,,,,,,,,,,,,,,,,,,,,,,,,,,,,,,,,,,,,,,,,,,,,,,,,,,,,,,,,,,,,,,,,,,,,,,,,,,,,,,,,,,,,,,,,,,,,,,,,,,,,,,,,,,,,,,,,,,,,,,,,,,,,,,,,,
1784901940,0,0.024,-0.004,1.002,-0.10,0.10,0.00,39.40,16.90,-1.30,-0.10,-1.25,-1.78,1.000,-0.001,-0.011,-0.016,1,0.404,-0.118,0.838,-5.70,-2.40,-4.90,34.40,6.40,-23.60,-8.32,-26.01,-14.79,0.962,-0.099,-0.213,-0.141,,,,,,,,,,,,,,,,,,,,,,,,,,,,,,,,,,,,,,,,,,,,,,,,,,,,,,,,,,,,,,,,,,,,,,,,,,,,,,,,,,,,,,,,,,,,,,,,,,,,,,,,,,,,,,,,,,,,,,,,,,,,,,,,,,,,,,,,,,,,,,,,,,,,,,,,,,,,,,,,,,,,,,,,,,,,,,,,,,,,,,,,,,,,,,,,,,,,,,,,,,,,,,,,,,,,,,,,,,,,,,,,,,,,,,,,,,,,,,
1784901940,0,0.016,0.003,0.998,-0.10,0.20,0.00,39.40,16.90,-1.30,-0.11,-1.25,-1.78,1.000,-0.001,-0.011,-0.016,1,0.412,-0.110,0.838,-5.20,-0.60,-2.10,34.40,6.40,-23.60,-8.31,-26.01,-14.79,0.962,-0.099,-0.213,-0.141,,,,,,,,,,,,,,,,,,,,,,,,,,,,,,,,,,,,,,,,,,,,,,,,,,,,,,,,,,,,,,,,,,,,,,,,,,,,,,,,,,,,,,,,,,,,,,,,,,,,,,,,,,,,,,,,,,,,,,,,,,,,,,,,,,,,,,,,,,,,,,,,,,,,,,,,,,,,,,,,,,,,,,,,,,,,,,,,,,,,,,,,,,,,,,,,,,,,,,,,,,,,,,,,,,,,,,,,,,,,,,,,,,,,,,,,,,,,,,
1784901940,0,0.020,-0.008,0.998,-0.10,0.20,-0.10,39.40,16.90,-1.30,-0.11,-1.25,-1.78,1.000,-0.001,-0.011,-0.016,1,0.420,-0.106,0.838,-4.00,0.70,0.50,34.40,6.40,-23.60,-8.31,-26.01,-14.79,0.962,-0.099,-0.213,-0.141,,,,,,,,,,,,,,,,,,,,,,,,,,,,,,,,,,,,,,,,,,,,,,,,,,,,,,,,,,,,,,,,,,,,,,,,,,,,,,,,,,,,,,,,,,,,,,,,,,,,,,,,,,,,,,,,,,,,,,,,,,,,,,,,,,,,,,,,,,,,,,,,,,,,,,,,,,,,,,,,,,,,,,,,,,,,,,,,,,,,,,,,,,,,,,,,,,,,,,,,,,,,,,,,,,,,,,,,,,,,,,,,,,,,,,,,,,,,,,
1784901940,0,0.024,-0.004,0.994,-0.10,0.10,0.00,39.40,16.90,-1.30,-0.11,-1.25,-1.78,1.000,-0.001,-0.011,-0.016,1,0.416,-0.106,0.834,-2.40,1.50,2.90,34.40,6.40,-23.60,-8.31,-26.01,-14.79,0.962,-0.099,-0.213,-0.141,,,,,,,,,,,,,,,,,,,,,,,,,,,,,,,,,,,,,,,,,,,,,,,,,,,,,,,,,,,,,,,,,,,,,,,,,,,,,,,,,,,,,,,,,,,,,,,,,,,,,,,,,,,,,,,,,,,,,,,,,,,,,,,,,,,,,,,,,,,,,,,,,,,,,,,,,,,,,,,,,,,,,,,,,,,,,,,,,,,,,,,,,,,,,,,,,,,,,,,,,,,,,,,,,,,,,,,,,,,,,,,,,,,,,,,,,,,,,,
1784901940,0,0.024,0.007,1.002,-0.10,0.00,0.00,38.90,16.70,0.00,-0.11,-1.25,-1.78,1.000,-0.001,-0.011,-0.016,1,0.420,-0.110,0.838,-0.70,2.10,4.40,34.00,6.40,-22.10,-8.35,-26.00,-14.77,0.962,-0.099,-0.213,-0.141,,,,,,,,,,,,,,,,,,,,,,,,,,,,,,,,,,,,,,,,,,,,,,,,,,,,,,,,,,,,,,,,,,,,,,,,,,,,,,,,,,,,,,,,,,,,,,,,,,,,,,,,,,,,,,,,,,,,,,,,,,,,,,,,,,,,,,,,,,,,,,,,,,,,,,,,,,,,,,,,,,,,,,,,,,,,,,,,,,,,,,,,,,,,,,,,,,,,,,,,,,,,,,,,,,,,,,,,,,,,,,,,,,,,,,,,,,,,,,
1784901940,0,0.024,-0.004,0.998,-0.10,-0.10,0.00,38.90,16.70,0.00,-0.11,-1.25,-1.78,1.000,-0.001,-0.011,-0.016,1,0.420,-0.126,0.846,0.60,2.30,5.50,34.00,6.40,-22.10,-8.35,-26.00,-14.77,0.962,-0.099,-0.213,-0.141,,,,,,,,,,,,,,,,,,,,,,,,,,,,,,,,,,,,,,,,,,,,,,,,,,,,,,,,,,,,,,,,,,,,,,,,,,,,,,,,,,,,,,,,,,,,,,,,,,,,,,,,,,,,,,,,,,,,,,,,,,,,,,,,,,,,,,,,,,,,,,,,,,,,,,,,,,,,,,,,,,,,,,,,,,,,,,,,,,,,,,,,,,,,,,,,,,,,,,,,,,,,,,,,,,,,,,,,,,,,,,,,,,,,,,,,,,,,,,
1784901940,0,0.020,0.000,0.994,-0.20,-0.20,0.00,38.90,16.70,0.00,-0.11,-1.25,-1.78,1.000,-0.001,-0.011,-0.016,1,0.420,-0.126,0.854,1.70,2.30,6.40,34.00,6.40,-22.10,-8.35,-26.00,-14.77,0.962,-0.099,-0.213,-0.141,,,,,,,,,,,,,,,,,,,,,,,,,,,,,,,,,,,,,,,,,,,,,,,,,,,,,,,,,,,,,,,,,,,,,,,,,,,,,,,,,,,,,,,,,,,,,,,,,,,,,,,,,,,,,,,,,,,,,,,,,,,,,,,,,,,,,,,,,,,,,,,,,,,,,,,,,,,,,,,,,,,,,,,,,,,,,,,,,,,,,,,,,,,,,,,,,,,,,,,,,,,,,,,,,,,,,,,,,,,,,,,,,,,,,,,,,,,,,,
1784901940,0,0.024,0.000,0.998,-0.30,-0.10,0.00,38.90,16.70,0.00,-0.11,-1.25,-1.78,1.000,-0.001,-0.011,-0.016,1,0.419,-0.126,0.877,2.60,2.10,7.60,34.00,6.40,-22.10,-8.35,-26.00,-14.77,0.962,-0.099,-0.213,-0.141,,,,,,,,,,,,,,,,,,,,,,,,,,,,,,,,,,,,,,,,,,,,,,,,,,,,,,,,,,,,,,,,,,,,,,,,,,,,,,,,,,,,,,,,,,,,,,,,,,,,,,,,,,,,,,,,,,,,,,,,,,,,,,,,,,,,,,,,,,,,,,,,,,,,,,,,,,,,,,,,,,,,,,,,,,,,,,,,,,,,,,,,,,,,,,,,,,,,,,,,,,,,,,,,,,,,,,,,,,,,,,,,,,,,,,,,,,,,,,
1784901940,0,0.024,-0.004,1.002,-0.30,0.00,0.00,39.10,16.80,0.60,-0.11,-1.25,-1.78,1.000,-0.001,-0.011,-0.016,1,0.415,-0.122,0.889,3.40,1.80,9.10,34.40,6.00,-27.50,-8.36,-25.97,-14.70,0.962,-0.099,-0.213,-0.141,,,,,,,,,,,,,,,,,,,,,,,,,,,,,,,,,,,,,,,,,,,,,,,,,,,,,,,,,,,,,,,,,,,,,,,,,,,,,,,,,,,,,,,,,,,,,,,,,,,,,,,,,,,,,,,,,,,,,,,,,,,,,,,,,,,,,,,,,,,,,,,,,,,,,,,,,,,,,,,,,,,,,,,,,,,,,,,,,,,,,,,,,,,,,,,,,,,,,,,,,,,,,,,,,,,,,,,,,,,,,,,,,,,,,,,,,,,,,,
1784901940,0,0.020,-0.008,1.002,-0.30,0.00,0.10,39.10,16.80,0.60,-0.11,-1.25,-1.78,1.000,-0.001,-0.011,-0.016,1,0.415,-0.126,0.900,4.40,1.40,10.80,34.40,6.00,-27.50,-8.36,-25.97,-14.70,0.962,-0.099,-0.213,-0.141,,,,,,,,,,,,,,,,,,,,,,,,,,,,,,,,,,,,,,,,,,,,,,,,,,,,,,,,,,,,,,,,,,,,,,,,,,,,,,,,,,,,,,,,,,,,,,,,,,,,,,,,,,,,,,,,,,,,,,,,,,,,,,,,,,,,,,,,,,,,,,,,,,,,,,,,,,,,,,,,,,,,,,,,,,,,,,,,,,,,,,,,,,,,,,,,,,,,,,,,,,,,,,,,,,,,,,,,,,,,,,,,,,,,,,,,,,,,,,
1784901940,0,0.016,0.007,0.998,-0.10,0.10,0.10,39.10,16.80,0.60,-0.11,-1.25,-1.78,1.000,-0.001,-0.011,-0.016,1,0.411,-0.118,0.908,5.50,1.00,12.30,34.40,6.00,-27.50,-8.36,-25.97,-14.70,0.962,-0.099,-0.213,-0.141,,,,,,,,,,,,,,,,,,,,,,,,,,,,,,,,,,,,,,,,,,,,,,,,,,,,,,,,,,,,,,,,,,,,,,,,,,,,,,,,,,,,,,,,,,,,,,,,,,,,,,,,,,,,,,,,,,,,,,,,,,,,,,,,,,,,,,,,,,,,,,,,,,,,,,,,,,,,,,,,,,,,,,,,,,,,,,,,,,,,,,,,,,,,,,,,,,,,,,,,,,,,,,,,,,,,,,,,,,,,,,,,,,,,,,,,,,,,,,
1784901940,0,0.020,-0.004,0.998,0.00,0.10,0.20,39.10,16.80,0.60,-0.11,-1.25,-1.78,1.000,-0.001,-0.011,-0.016,1,0.407,-0.110,0.935,6.30,0.50,13.60,34.40,6.00,-27.50,-8.36,-25.97,-14.70,0.962,-0.099,-0.213,-0.141,,,,,,,,,,,,,,,,,,,,,,,,,,,,,,,,,,,,,,,,,,,,,,,,,,,,,,,,,,,,,,,,,,,,,,,,,,,,,,,,,,,,,,,,,,,,,,,,,,,,,,,,,,,,,,,,,,,,,,,,,,,,,,,,,,,,,,,,,,,,,,,,,,,,,,,,,,,,,,,,,,,,,,,,,,,,,,,,,,,,,,,,,,,,,,,,,,,,,,,,,,,,,,,,,,,,,,,,,,,,,,,,,,,,,,,,,,,,,,
1784901940,0,0.020,-0.004,0.998,0.10,0.10,0.10,39.10,16.60,2.80,-0.11,-1.25,-1.78,1.000,-0.001,-0.011,-0.016,1,0.422,-0.095,0.943,6.70,0.40,14.90,33.90,6.00,-23.70,-8.37,-25.94,-14.56,0.962,-0.099,-0.213,-0.139,,,,,,,,,,,,,,,,,,,,,,,,,,,,,,,,,,,,,,,,,,,,,,,,,,,,,,,,,,,,,,,,,,,,,,,,,,,,,,,,,,,,,,,,,,,,,,,,,,,,,,,,,,,,,,,,,,,,,,,,,,,,,,,,,,,,,,,,,,,,,,,,,,,,,,,,,,,,,,,,,,,,,,,,,,,,,,,,,,,,,,,,,,,,,,,,,,,,,,,,,,,,,,,,,,,,,,,,,,,,,,,,,,,,,,,,,,,,,,
1784901940,0,0.024,-0.004,0.998,0.10,0.10,0.10,39.10,16.60,2.80,-0.11,-1.25,-1.78,1.000,-0.001,-0.011,-0.016,1,0.438,-0.091,0.951,6.80,0.40,16.40,33.90,6.00,-23.70,-8.37,-25.94,-14.56,0.962,-0.099,-0.213,-0.139,,,,,,,,,,,,,,,,,,,,,,,,,,,,,,,,,,,,,,,,,,,,,,,,,,,,,,,,,,,,,,,,,,,,,,,,,,,,,,,,,,,,,,,,,,,,,,,,,,,,,,,,,,,,,,,,,,,,,,,,,,,,,,,,,,,,,,,,,,,,,,,,,,,,,,,,,,,,,,,,,,,,,,,,,,,,,,,,,,,,,,,,,,,,,,,,,,,,,,,,,,,,,,,,,,,,,,,,,,,,,,,,,,,,,,,,,,,,,,
1784901940,0,0.020,-0.020,0.998,0.10,0.10,0.10,39.10,16.60,2.80,-0.11,-1.25,-1.78,1.000,-0.001,-0.011,-0.016,1,0.395,-0.094,0.939,6.70,0.50,18.20,33.90,6.00,-23.70,-8.37,-25.94,-14.56,0.962,-0.099,-0.213,-0.139,,,,,,,,,,,,,,,,,,,,,,,,,,,,,,,,,,,,,,,,,,,,,,,,,,,,,,,,,,,,,,,,,,,,,,,,,,,,,,,,,,,,,,,,,,,,,,,,,,,,,,,,,,,,,,,,,,,,,,,,,,,,,,,,,,,,,,,,,,,,,,,,,,,,,,,,,,,,,,,,,,,,,,,,,,,,,,,,,,,,,,,,,,,,,,,,,,,,,,,,,,,,,,,,,,,,,,,,,,,,,,,,,,,,,,,,,,,,,,
1784901940,0,0.020,0.003,0.998,0.00,0.10,0.10,39.10,16.60,2.80,-0.11,-1.25,-1.78,1.000,-0.001,-0.011,-0.016,1,0.406,-0.134,0.943,7.00,0.20,19.70,33.90,6.00,-23.70,-8.37,-25.94,-14.56,0.962,-0.099,-0.213,-0.139,,,,,,,,,,,,,,,,,,,,,,,,,,,,,,,,,,,,,,,,,,,,,,,,,,,,,,,,,,,,,,,,,,,,,,,,,,,,,,,,,,,,,,,,,,,,,,,,,,,,,,,,,,,,,,,,,,,,,,,,,,,,,,,,,,,,,,,,,,,,,,,,,,,,,,,,,,,,,,,,,,,,,,,,,,,,,,,,,,,,,,,,,,,,,,,,,,,,,,,,,,,,,,,,,,,,,,,,,,,,,,,,,,,,,,,,,,,,,,
1784901940,0,0.008,0.030,1.006,0.00,0.10,0.10,38.80,16.90,3.20,-0.11,-1.25,-1.78,1.000,-0.001,-0.011,-0.016,1,0.414,-0.138,0.935,7.70,-0.20,20.00,34.40,5.60,-26.10,-8.38,-25.91,-14.35,0.962,-0.099,-0.213,-0.138,,,,,,,,,,,,,,,,,,,,,,,,,,,,,,,,,,,,,,,,,,,,,,,,,,,,,,,,,,,,,,,,,,,,,,,,,,,,,,,,,,,,,,,,,,,,,,,,,,,,,,,,,,,,,,,,,,,,,,,,,,,,,,,,,,,,,,,,,,,,,,,,,,,,,,,,,,,,,,,,,,,,,,,,,,,,,,,,,,,,,,,,,,,,,,,,,,,,,,,,,,,,,,,,,,,,,,,,,,,,,,,,,,,,,,,,,,,,,,
1784901940,0,0.016,-0.008,1.006,0.00,0.00,0.00,38.80,16.90,3.20,-0.11,-1.24,-1.78,1.000,-0.001,-0.011,-0.016,1,0.418,-0.138,0.931,8.90,-0.90,18.40,34.40,5.60,-26.10,-8.38,-25.91,-14.35,0.962,-0.099,-0.213,-0.138,,,,,,,,,,,,,,,,,,,,,,,,,,,,,,,,,,,,,,,,,,,,,,,,,,,,,,,,,,,,,,,,,,,,,,,,,,,,,,,,,,,,,,,,,,,,,,,,,,,,,,,,,,,,,,,,,,,,,,,,,,,,,,,,,,,,,,,,,,,,,,,,,,,,,,,,,,,,,,,,,,,,,,,,,,,,,,,,,,,,,,,,,,,,,,,,,,,,,,,,,,,,,,,,,,,,,,,,,,,,,,,,,,,,,,,,,,,,,,
1784901940,0,0.016,0.000,0.998,0.00,0.00,0.00,38.80,16.90,3.20,-0.11,-1.24,-1.78,1.000,-0.001,-0.011,-0.016,1,0.434,-0.130,0.908,10.20,-1.70,14.70,34.40,5.60,-26.10,-8.38,-25.91,-14.35,0.962,-0.099,-0.213,-0.138,,,,,,,,,,,,,,,,,,,,,,,,,,,,,,,,,,,,,,,,,,,,,,,,,,,,,,,,,,,,,,,,,,,,,,,,,,,,,,,,,,,,,,,,,,,,,,,,,,,,,,,,,,,,,,,,,,,,,,,,,,,,,,,,,,,,,,,,,,,,,,,,,,,,,,,,,,,,,,,,,,,,,,,,,,,,,,,,,,,,,,,,,,,,,,,,,,,,,,,,,,,,,,,,,,,,,,,,,,,,,,,,,,,,,,,,,,,,,,
1784901940,0,0.016,0.015,1.002,0.10,0.00,0.00,38.80,16.90,3.20,-0.11,-1.24,-1.78,1.000,-0.001,-0.011,-0.016,1,0.442,-0.134,0.904,11.50,-2.40,10.20,34.40,5.60,-26.10,-8.38,-25.91,-14.35,0.962,-0.099,-0.213,-0.138,,,,,,,,,,,,,,,,,,,,,,,,,,,,,,,,,,,,,,,,,,,,,,,,,,,,,,,,,,,,,,,,,,,,,,,,,,,,,,,,,,,,,,,,,,,,,,,,,,,,,,,,,,,,,,,,,,,,,,,,,,,,,,,,,,,,,,,,,,,,,,,,,,,,,,,,,,,,,,,,,,,,,,,,,,,,,,,,,,,,,,,,,,,,,,,,,,,,,,,,,,,,,,,,,,,,,,,,,,,,,,,,,,,,,,,,,,,,,,
1784901940,0,0.024,-0.020,1.002,0.10,0.00,0.00,38.80,16.90,3.20,-0.11,-1.24,-1.78,1.000,-0.001,-0.011,-0.016,1,0.438,-0.126,0.896,12.50,-3.10,5.70,34.40,5.50,-26.80,-8.34,-25.91,-14.21,0.962,-0.098,-0.213,-0.136,,,,,,,,,,,,,,,,,,,,,,,,,,,,,,,,,,,,,,,,,,,,,,,,,,,,,,,,,,,,,,,,,,,,,,,,,,,,,,,,,,,,,,,,,,,,,,,,,,,,,,,,,,,,,,,,,,,,,,,,,,,,,,,,,,,,,,,,,,,,,,,,,,,,,,,,,,,,,,,,,,,,,,,,,,,,,,,,,,,,,,,,,,,,,,,,,,,,,,,,,,,,,,,,,,,,,,,,,,,,,,,,,,,,,,,,,,,,,,
1784901940,0,0.016,0.003,0.998,0.00,0.00,0.00,38.80,16.90,3.20,-0.11,-1.24,-1.78,1.000,-0.001,-0.011,-0.016,1,0.454,-0.142,0.892,13.00,-3.70,1.60,34.40,5.50,-26.80,-8.34,-25.91,-14.21,0.962,-0.098,-0.213,-0.136,,,,,,,,,,,,,,,,,,,,,,,,,,,,,,,,,,,,,,,,,,,,,,,,,,,,,,,,,,,,,,,,,,,,,,,,,,,,,,,,,,,,,,,,,,,,,,,,,,,,,,,,,,,,,,,,,,,,,,,,,,,,,,,,,,,,,,,,,,,,,,,,,,,,,,,,,,,,,,,,,,,,,,,,,,,,,,,,,,,,,,,,,,,,,,,,,,,,,,,,,,,,,,,,,,,,,,,,,,,,,,,,,,,,,,,,,,,,,,
1784901940,0,0.020,0.003,0.998,-0.10,0.00,0.00,38.80,16.90,3.20,-0.11,-1.24,-1.78,1.000,-0.001,-0.011,-0.016,1,0.450,-0.170,0.884,13.10,-4.10,-1.60,34.40,5.50,-26.80,-8.34,-25.91,-14.21,0.962,-0.098,-0.213,-0.136,,,,,,,,,,,,,,,,,,,,,,,,,,,,,,,,,,,,,,,,,,,,,,,,,,,,,,,,,,,,,,,,,,,,,,,,,,,,,,,,,,,,,,,,,,,,,,,,,,,,,,,,,,,,,,,,,,,,,,,,,,,,,,,,,,,,,,,,,,,,,,,,,,,,,,,,,,,,,,,,,,,,,,,,,,,,,,,,,,,,,,,,,,,,,,,,,,,,,,,,,,,,,,,,,,,,,,,,,,,,,,,,,,,,,,,,,,,,,,
1784901940,0,0.016,0.000,0.998,-0.10,0.00,0.00,38.80,16.90,3.20,-0.11,-1.24,-1.78,1.000,-0.001,-0.011,-0.016,1,0.450,-0.166,0.896,13.50,-4.10,-4.00,34.40,5.50,-26.80,-8.34,-25.91,-14.21,0.962,-0.098,-0.213,-0.136,,,,,,,,,,,,,,,,,,,,,,,,,,,,,,,,,,,,,,,,,,,,,,,,,,,,,,,,,,,,,,,,,,,,,,,,,,,,,,,,,,,,,,,,,,,,,,,,,,,,,,,,,,,,,,,,,,,,,,,,,,,,,,,,,,,,,,,,,,,,,,,,,,,,,,,,,,,,,,,,,,,,,,,,,,,,,,,,,,,,,,,,,,,,,,,,,,,,,,,,,,,,,,,,,,,,,,,,,,,,,,,,,,,,,,,,,,,,,,
1784901940,0,0.020,0.007,1.002,-0.10,0.00,0.00,39.00,16.40,1.70,-0.11,-1.24,-1.78,1.000,-0.001,-0.011,-0.016,1,0.454,-0.158,0.912,14.10,-3.50,-5.20,34.00,5.40,-27.30,-8.19,-25.95,-14.23,0.963,-0.097,-0.214,-0.136,,,,,,,,,,,,,,,,,,,,,,,,,,,,,,,,,,,,,,,,,,,,,,,,,,,,,,,,,,,,,,,,,,,,,,,,,,,,,,,,,,,,,,,,,,,,,,,,,,,,,,,,,,,,,,,,,,,,,,,,,,,,,,,,,,,,,,,,,,,,,,,,,,,,,,,,,,,,,,,,,,,,,,,,,,,,,,,,,,,,,,,,,,,,,,,,,,,,,,,,,,,,,,,,,,,,,,,,,,,,,,,,,,,,,,,,,,,,,,
1784901940,0,0.020,-0.004,1.002,-0.10,0.00,0.00,39.00,16.40,1.70,-0.11,-1.24,-1.78,1.000,-0.001,-0.011,-0.016,1,0.438,-0.154,0.908,15.10,-2.40,-5.70,34.00,5.40,-27.30,-8.20,-25.95,-14.23,0.963,-0.097,-0.214,-0.136,,,,,,,,,,,,,,,,,,,,,,,,,,,,,,,,,,,,,,,,,,,,,,,,,,,,,,,,,,,,,,,,,,,,,,,,,,,,,,,,,,,,,,,,,,,,,,,,,,,,,,,,,,,,,,,,,,,,,,,,,,,,,,,,,,,,,,,,,,,,,,,,,,,,,,,,,,,,,,,,,,,,,,,,,,,,,,,,,,,,,,,,,,,,,,,,,,,,,,,,,,,,,,,,,,,,,,,,,,,,,,,,,,,,,,,,,,,,,,
1784901940,0,0.016,0.018,0.994,-0.10,0.00,-0.10,39.00,16.40,1.70,-0.11,-1.24,-1.78,1.000,-0.001,-0.011,-0.016,1,0.434,-0.142,0.904,16.50,-1.60,-6.30,34.00,5.40,-27.30,-8.20,-25.95,-14.23,0.963,-0.097,-0.214,-0.136,,,,,,,,,,,,,,,,,,,,,,,,,,,,,,,,,,,,,,,,,,,,,,,,,,,,,,,,,,,,,,,,,,,,,,,,,,,,,,,,,,,,,,,,,,,,,,,,,,,,,,,,,,,,,,,,,,,,,,,,,,,,,,,,,,,,,,,,,,,,,,,,,,,,,,,,,,,,,,,,,,,,,,,,,,,,,,,,,,,,,,,,,,,,,,,,,,,,,,,,,,,,,,,,,,,,,,,,,,,,,,,,,,,,,,,,,,,,,,
1784901940,0,0.024,-0.004,0.998,0.00,0.00,-0.10,39.00,16.40,1.70,-0.11,-1.24,-1.78,1.000,-0.001,-0.011,-0.016,1,0.438,-0.138,0.912,17.90,-1.60,-7.20,34.00,5.40,-27.30,-8.20,-25.95,-14.23,0.963,-0.097,-0.214,-0.136,,,,,,,,,,,,,,,,,,,,,,,,,,,,,,,,,,,,,,,,,,,,,,,,,,,,,,,,,,,,,,,,,,,,,,,,,,,,,,,,,,,,,,,,,,,,,,,,,,,,,,,,,,,,,,,,,,,,,,,,,,,,,,,,,,,,,,,,,,,,,,,,,,,,,,,,,,,,,,,,,,,,,,,,,,,,,,,,,,,,,,,,,,,,,,,,,,,,,,,,,,,,,,,,,,,,,,,,,,,,,,,,,,,,,,,,,,,,,,
1784901940,0,0.024,-0.008,1.006,0.00,0.00,-0.10,39.10,16.80,0.60,-0.11,-1.24,-1.78,1.000,-0.001,-0.011,-0.016,1,0.434,-0.130,0.908,19.00,-2.30,-8.50,34.20,5.40,-24.30,-7.99,-25.98,-14.31,0.963,-0.095,-0.214,-0.137,,,,,,,,,,,,,,,,,,,,,,,,,,,,,,,,,,,,,,,,,,,,,,,,,,,,,,,,,,,,,,,,,,,,,,,,,,,,,,,,,,,,,,,,,,,,,,,,,,,,,,,,,,,,,,,,,,,,,,,,,,,,,,,,,,,,,,,,,,,,,,,,,,,,,,,,,,,,,,,,,,,,,,,,,,,,,,,,,,,,,,,,,,,,,,,,,,,,,,,,,,,,,,,,,,,,,,,,,,,,,,,,,,,,,,,,,,,,,,
1784901940,0,0.020,0.000,0.998,0.00,0.00,0.00,39.10,16.80,0.60,-0.11,-1.24,-1.78,1.000,-0.001,-0.011,-0.016,1,0.423,-0.126,0.900,19.90,-3.50,-9.90,34.20,5.40,-24.30,-7.99,-25.98,-14.31,0.963,-0.095,-0.214,-0.137,,,,,,,,,,,,,,,,,,,,,,,,,,,,,,,,,,,,,,,,,,,,,,,,,,,,,,,,,,,,,,,,,,,,,,,,,,,,,,,,,,,,,,,,,,,,,,,,,,,,,,,,,,,,,,,,,,,,,,,,,,,,,,,,,,,,,,,,,,,,,,,,,,,,,,,,,,,,,,,,,,,,,,,,,,,,,,,,,,,,,,,,,,,,,,,,,,,,,,,,,,,,,,,,,,,,,,,,,,,,,,,,,,,,,,,,,,,,,,
1784901940,0,0.016,0.011,0.995,0.00,0.00,0.00,39.10,16.80,0.60,-0.11,-1.24,-1.78,1.000,-0.001,-0.011,-0.016,1,0.423,-0.130,0.896,20.40,-4.60,-11.10,34.20,5.40,-24.30,-7.99,-25.98,-14.31,0.963,-0.095,-0.214,-0.137,,,,,,,,,,,,,,,,,,,,,,,,,,,,,,,,,,,,,,,,,,,,,,,,,,,,,,,,,,,,,,,,,,,,,,,,,,,,,,,,,,,,,,,,,,,,,,,,,,,,,,,,,,,,,,,,,,,,,,,,,,,,,,,,,,,,,,,,,,,,,,,,,,,,,,,,,,,,,,,,,,,,,,,,,,,,,,,,,,,,,,,,,,,,,,,,,,,,,,,,,,,,,,,,,,,,,,,,,,,,,,,,,,,,,,,,,,,,,,
1784901940,0,0.012,0.034,1.006,-0.10,0.00,0.00,39.10,16.80,0.60,-0.11,-1.24,-1.78,1.000,-0.001,-0.011,-0.016,1,0.427,-0.126,0.892,20.80,-5.30,-11.80,34.20,5.40,-24.30,-7.99,-25.98,-14.31,0.963,-0.095,-0.214,-0.137,,,,,,,,,,,,,,,,,,,,,,,,,,,,,,,,,,,,,,,,,,,,,,,,,,,,,,,,,,,,,,,,,,,,,,,,,,,,,,,,,,,,,,,,,,,,,,,,,,,,,,,,,,,,,,,,,,,,,,,,,,,,,,,,,,,,,,,,,,,,,,,,,,,,,,,,,,,,,,,,,,,,,,,,,,,,,,,,,,,,,,,,,,,,,,,,,,,,,,,,,,,,,,,,,,,,,,,,,,,,,,,,,,,,,,,,,,,,,,
1784901940,0,0.020,0.000,1.002,-0.20,0.00,-0.20,38.80,16.70,0.00,-0.11,-1.24,-1.78,1.000,-0.001,-0.011,-0.016,1,0.435,-0.118,0.896,21.10,-5.60,-11.80,34.60,5.50,-24.10,-7.74,-26.04,-14.42,0.962,-0.093,-0.215,-0.137,,,,,,,,,,,,,,,,,,,,,,,,,,,,,,,,,,,,,,,,,,,,,,,,,,,,,,,,,,,,,,,,,,,,,,,,,,,,,,,,,,,,,,,,,,,,,,,,,,,,,,,,,,,,,,,,,,,,,,,,,,,,,,,,,,,,,,,,,,,,,,,,,,,,,,,,,,,,,,,,,,,,,,,,,,,,,,,,,,,,,,,,,,,,,,,,,,,,,,,,,,,,,,,,,,,,,,,,,,,,,,,,,,,,,,,,,,,,,,
1784901940,0,0.020,-0.004,1.002,-0.30,0.00,-0.70,38.80,16.70,0.00,-0.11,-1.24,-1.78,1.000,-0.001,-0.011,-0.016,1,0.430,-0.126,0.908,21.50,-5.70,-11.40,34.60,5.50,-24.10,-7.74,-26.04,-14.42,0.962,-0.093,-0.215,-0.137,,,,,,,,,,,,,,,,,,,,,,,,,,,,,,,,,,,,,,,,,,,,,,,,,,,,,,,,,,,,,,,,,,,,,,,,,,,,,,,,,,,,,,,,,,,,,,,,,,,,,,,,,,,,,,,,,,,,,,,,,,,,,,,,,,,,,,,,,,,,,,,,,,,,,,,,,,,,,,,,,,,,,,,,,,,,,,,,,,,,,,,,,,,,,,,,,,,,,,,,,,,,,,,,,,,,,,,,,,,,,,,,,,,,,,,,,,,,,,
1784901940,0,0.020,0.011,0.998,-0.40,-0.10,-1.40,38.80,16.70,0.00,-0.11,-1.24,-1.78,1.000,-0.001,-0.011,-0.016,1,0.415,-0.134,0.916,21.50,-5.90,-10.60,34.60,5.50,-24.10,-7.74,-26.04,-14.42,0.962,-0.093,-0.215,-0.137,,,,,,,,,,,,,,,,,,,,,,,,,,,,,,,,,,,,,,,,,,,,,,,,,,,,,,,,,,,,,,,,,,,,,,,,,,,,,,,,,,,,,,,,,,,,,,,,,,,,,,,,,,,,,,,,,,,,,,,,,,,,,,,,,,,,,,,,,,,,,,,,,,,,,,,,,,,,,,,,,,,,,,,,,,,,,,,,,,,,,,,,,,,,,,,,,,,,,,,,,,,,,,,,,,,,,,,,,,,,,,,,,,,,,,,,,,,,,,
1784901940,0,0.016,0.000,0.998,-0.40,-0.10,-2.10,38.80,16.70,0.00,-0.11,-1.24,-1.78,1.000,-0.001,-0.011,-0.016,1,0.422,-0.142,0.916,21.00,-6.00,-9.40,34.60,5.50,-24.10,-7.74,-26.04,-14.42,0.962,-0.093,-0.215,-0.137,,,,,,,,,,,,,,,,,,,,,,,,,,,,,,,,,,,,,,,,,,,,,,,,,,,,,,,,,,,,,,,,,,,,,,,,,,,,,,,,,,,,,,,,,,,,,,,,,,,,,,,,,,,,,,,,,,,,,,,,,,,,,,,,,,,,,,,,,,,,,,,,,,,,,,,,,,,,,,,,,,,,,,,,,,,,,,,,,,,,,,,,,,,,,,,,,,,,,,,,,,,,,,,,,,,,,,,,,,,,,,,,,,,,,,,,,,,,,,
1784901940,0,0.028,-0.016,0.998,-0.60,-0.10,-2.50,38.80,16.70,-1.60,-0.11,-1.24,-1.80,1.000,-0.001,-0.011,-0.016,1,0.450,-0.130,0.884,19.80,-6.20,-8.30,34.80,5.80,-24.30,-7.48,-26.11,-14.52,0.962,-0.092,-0.216,-0.137,,,,,,,,,,,,,,,,,,,,,,,,,,,,,,,,,,,,,,,,,,,,,,,,,,,,,,,,,,,,,,,,,,,,,,,,,,,,,,,,,,,,,,,,,,,,,,,,,,,,,,,,,,,,,,,,,,,,,,,,,,,,,,,,,,,,,,,,,,,,,,,,,,,,,,,,,,,,,,,,,,,,,,,,,,,,,,,,,,,,,,,,,,,,,,,,,,,,,,,,,,,,,,,,,,,,,,,,,,,,,,,,,,,,,,,,,,,,,,
1784901940,0,0.020,-0.012,1.002,-0.60,-0.20,-2.60,38.80,16.70,-1.60,-0.11,-1.24,-1.80,1.000,-0.001,-0.011,-0.016,1,0.458,-0.131,0.865,18.20,-6.40,-7.70,34.80,5.80,-24.30,-7.49,-26.11,-14.52,0.962,-0.092,-0.216,-0.137,,,,,,,,,,,,,,,,,,,,,,,,,,,,,,,,,,,,,,,,,,,,,,,,,,,,,,,,,,,,,,,,,,,,,,,,,,,,,,,,,,,,,,,,,,,,,,,,,,,,,,,,,,,,,,,,,,,,,,,,,,,,,,,,,,,,,,,,,,,,,,,,,,,,,,,,,,,,,,,,,,,,,,,,,,,,,,,,,,,,,,,,,,,,,,,,,,,,,,,,,,,,,,,,,,,,,,,,,,,,,,,,,,,,,,,,,,,,,,
1784901940,0,0.020,-0.004,1.002,-0.60,-0.20,-2.60,38.80,16.70,-1.60,-0.11,-1.24,-1.80,1.000,-0.001,-0.011,-0.016,1,0.463,-0.131,0.849,16.00,-6.70,-7.70,34.80,5.80,-24.30,-7.49,-26.11,-14.52,0.962,-0.092,-0.216,-0.137,,,,,,,,,,,,,,,,,,,,,,,,,,,,,,,,,,,,,,,,,,,,,,,,,,,,,,,,,,,,,,,,,,,,,,,,,,,,,,,,,,,,,,,,,,,,,,,,,,,,,,,,,,,,,,,,,,,,,,,,,,,,,,,,,,,,,,,,,,,,,,,,,,,,,,,,,,,,,,,,,,,,,,,,,,,,,,,,,,,,,,,,,,,,,,,,,,,,,,,,,,,,,,,,,,,,,,,,,,,,,,,,,,,,,,,,,,,,,,
1784901940,0,0.016,0.011,1.002,-0.50,-0.20,-2.30,38.80,16.70,-1.60,-0.11,-1.24,-1.80,1.000,-0.001,-0.011,-0.016,1,0.459,-0.142,0.846,13.70,-7.00,-8.30,34.80,5.80,-24.30,-7.49,-26.11,-14.52,0.962,-0.092,-0.216,-0.137,,,,,,,,,,,,,,,,,,,,,,,,,,,,,,,,,,,,,,,,,,,,,,,,,,,,,,,,,,,,,,,,,,,,,,,,,,,,,,,,,,,,,,,,,,,,,,,,,,,,,,,,,,,,,,,,,,,,,,,,,,,,,,,,,,,,,,,,,,,,,,,,,,,,,,,,,,,,,,,,,,,,,,,,,,,,,,,,,,,,,,,,,,,,,,,,,,,,,,,,,,,,,,,,,,,,,,,,,,,,,,,,,,,,,,,,,,,,,,
1784901940,0,0.016,0.003,0.998,-0.40,-0.10,-2.00,38.80,16.70,-1.60,-0.12,-1.24,-1.82,1.000,-0.001,-0.011,-0.016,1,0.467,-0.138,0.842,10.90,-7.10,-9.20,34.80,5.50,-24.40,-7.30,-26.19,-14.60,0.962,-0.090,-0.216,-0.138,,,,,,,,,,,,,,,,,,,,,,,,,,,,,,,,,,,,,,,,,,,,,,,,,,,,,,,,,,,,,,,,,,,,,,,,,,,,,,,,,,,,,,,,,,,,,,,,,,,,,,,,,,,,,,,,,,,,,,,,,,,,,,,,,,,,,,,,,,,,,,,,,,,,,,,,,,,,,,,,,,,,,,,,,,,,,,,,,,,,,,,,,,,,,,,,,,,,,,,,,,,,,,,,,,,,,,,,,,,,,,,,,,,,,,,,,,,,,,
1784901940,0,0.012,0.011,0.999,-0.30,-0.20,-1.80,38.80,16.70,-1.60,-0.12,-1.24,-1.82,1.000,-0.001,-0.011,-0.016,1,0.451,-0.126,0.853,7.80,-7.20,-10.10,34.80,5.50,-24.40,-7.31,-26.20,-14.60,0.962,-0.090,-0.216,-0.138,,,,,,,,,,,,,,,,,,,,,,,,,,,,,,,,,,,,,,,,,,,,,,,,,,,,,,,,,,,,,,,,,,,,,,,,,,,,,,,,,,,,,,,,,,,,,,,,,,,,,,,,,,,,,,,,,,,,,,,,,,,,,,,,,,,,,,,,,,,,,,,,,,,,,,,,,,,,,,,,,,,,,,,,,,,,,,,,,,,,,,,,,,,,,,,,,,,,,,,,,,,,,,,,,,,,,,,,,,,,,,,,,,,,,,,,,,,,,,
1784901940,0,0.016,0.011,1.002,-0.30,-0.30,-2.00,38.80,16.70,-1.60,-0.12,-1.24,-1.82,1.000,-0.001,-0.011,-0.016,1,0.451,-0.119,0.865,4.60,-7.20,-11.00,34.80,5.50,-24.40,-7.31,-26.20,-14.60,0.962,-0.090,-0.216,-0.138,,,,,,,,,,,,,,,,,,,,,,,,,,,,,,,,,,,,,,,,,,,,,,,,,,,,,,,,,,,,,,,,,,,,,,,,,,,,,,,,,,,,,,,,,,,,,,,,,,,,,,,,,,,,,,,,,,,,,,,,,,,,,,,,,,,,,,,,,,,,,,,,,,,,,,,,,,,,,,,,,,,,,,,,,,,,,,,,,,,,,,,,,,,,,,,,,,,,,,,,,,,,,,,,,,,,,,,,,,,,,,,,,,,,,,,,,,,,,,
1784901940,0,0.008,0.018,1.002,-0.30,-0.40,-2.40,38.80,16.70,-1.60,-0.12,-1.24,-1.82,1.000,-0.001,-0.011,-0.016,1,0.431,-0.083,0.873,1.80,-7.40,-11.80,34.80,5.50,-24.40,-7.31,-26.20,-14.60,0.962,-0.090,-0.216,-0.138,,,,,,,,,,,,,,,,,,,,,,,,,,,,,,,,,,,,,,,,,,,,,,,,,,,,,,,,,,,,,,,,,,,,,,,,,,,,,,,,,,,,,,,,,,,,,,,,,,,,,,,,,,,,,,,,,,,,,,,,,,,,,,,,,,,,,,,,,,,,,,,,,,,,,,,,,,,,,,,,,,,,,,,,,,,,,,,,,,,,,,,,,,,,,,,,,,,,,,,,,,,,,,,,,,,,,,,,,,,,,,,,,,,,,,,,,,,,,,
1784901940,0,0.012,0.015,1.002,-0.30,-0.30,-3.00,38.90,16.70,-1.50,-0.12,-1.25,-1.85,1.000,-0.001,-0.011,-0.016,1,0.431,-0.063,0.869,-0.40,-7.60,-12.70,34.70,5.40,-24.50,-7.22,-26.28,-14.72,0.962,-0.090,-0.217,-0.139,,,,,,,,,,,,,,,,,,,,,,,,,,,,,,,,,,,,,,,,,,,,,,,,,,,,,,,,,,,,,,,,,,,,,,,,,,,,,,,,,,,,,,,,,,,,,,,,,,,,,,,,,,,,,,,,,,,,,,,,,,,,,,,,,,,,,,,,,,,,,,,,,,,,,,,,,,,,,,,,,,,,,,,,,,,,,,,,,,,,,,,,,,,,,,,,,,,,,,,,,,,,,,,,,,,,,,,,,,,,,,,,,,,,,,,,,,,,,,
1784901940,0,0.012,0.018,0.998,-0.30,-0.10,-4.00,38.90,16.70,-1.50,-0.11,-1.24,-1.85,1.000,-0.001,-0.011,-0.016,1,0.427,-0.055,0.873,-2.10,-7.70,-13.20,34.70,5.40,-24.50,-7.22,-26.29,-14.72,0.962,-0.090,-0.217,-0.139,,,,,,,,,,,,,,,,,,,,,,,,,,,,,,,,,,,,,,,,,,,,,,,,,,,,,,,,,,,,,,,,,,,,,,,,,,,,,,,,,,,,,,,,,,,,,,,,,,,,,,,,,,,,,,,,,,,,,,,,,,,,,,,,,,,,,,,,,,,,,,,,,,,,,,,,,,,,,,,,,,,,,,,,,,,,,,,,,,,,,,,,,,,,,,,,,,,,,,,,,,,,,,,,,,,,,,,,,,,,,,,,,,,,,,,,,,,,,,
1784901940,0,0.024,-0.008,0.998,-0.40,0.10,-5.30,38.90,16.70,-1.50,-0.11,-1.24,-1.85,1.000,-0.001,-0.011,-0.016,1,0.423,-0.051,0.869,-3.10,-7.80,-13.20,34.70,5.40,-24.50,-7.22,-26.29,-14.72,0.962,-0.090,-0.217,-0.139,,,,,,,,,,,,,,,,,,,,,,,,,,,,,,,,,,,,,,,,,,,,,,,,,,,,,,,,,,,,,,,,,,,,,,,,,,,,,,,,,,,,,,,,,,,,,,,,,,,,,,,,,,,,,,,,,,,,,,,,,,,,,,,,,,,,,,,,,,,,,,,,,,,,,,,,,,,,,,,,,,,,,,,,,,,,,,,,,,,,,,,,,,,,,,,,,,,,,,,,,,,,,,,,,,,,,,,,,,,,,,,,,,,,,,,,,,,,,,
1784901940,0,0.008,0.022,1.002,-0.60,0.10,-6.70,38.90,16.70,-1.50,-0.11,-1.24,-1.85,1.000,-0.001,-0.011,-0.016,1,0.427,-0.043,0.865,-3.00,-7.90,-12.30,34.70,5.40,-24.50,-7.22,-26.29,-14.72,0.962,-0.090,-0.217,-0.139,,,,,,,,,,,,,,,,,,,,,,,,,,,,,,,,,,,,,,,,,,,,,,,,,,,,,,,,,,,,,,,,,,,,,,,,,,,,,,,,,,,,,,,,,,,,,,,,,,,,,,,,,,,,,,,,,,,,,,,,,,,,,,,,,,,,,,,,,,,,,,,,,,,,,,,,,,,,,,,,,,,,,,,,,,,,,,,,,,,,,,,,,,,,,,,,,,,,,,,,,,,,,,,,,,,,,,,,,,,,,,,,,,,,,,,,,,,,,,
1784901940,0,-0.019,0.093,0.999,-0.70,0.00,-8.00,38.80,17.10,-2.20,-0.12,-1.24,-1.91,1.000,-0.001,-0.011,-0.017,1,0.424,-0.028,0.857,-1.90,-8.10,-10.20,33.60,5.60,-24.90,-7.19,-26.38,-14.84,0.962,-0.090,-0.218,-0.140,,,,,,,,,,,,,,,,,,,,,,,,,,,,,,,,,,,,,,,,,,,,,,,,,,,,,,,,,,,,,,,,,,,,,,,,,,,,,,,,,,,,,,,,,,,,,,,,,,,,,,,,,,,,,,,,,,,,,,,,,,,,,,,,,,,,,,,,,,,,,,,,,,,,,,,,,,,,,,,,,,,,,,,,,,,,,,,,,,,,,,,,,,,,,,,,,,,,,,,,,,,,,,,,,,,,,,,,,,,,,,,,,,,,,,,,,,,,,,
1784901940,0,0.035,0.007,0.998,-0.70,0.00,-9.40,38.80,17.10,-2.20,-0.11,-1.24,-1.91,1.000,-0.001,-0.011,-0.017,1,0.443,-0.012,0.857,0.00,-8.30,-7.20,33.60,5.60,-24.90,-7.18,-26.38,-14.85,0.962,-0.090,-0.218,-0.140,,,,,,,,,,,,,,,,,,,,,,,,,,,,,,,,,,,,,,,,,,,,,,,,,,,,,,,,,,,,,,,,,,,,,,,,,,,,,,,,,,,,,,,,,,,,,,,,,,,,,,,,,,,,,,,,,,,,,,,,,,,,,,,,,,,,,,,,,,,,,,,,,,,,,,,,,,,,,,,,,,,,,,,,,,,,,,,,,,,,,,,,,,,,,,,,,,,,,,,,,,,,,,,,,,,,,,,,,,,,,,,,,,,,,,,,,,,,,,
1784901940,0,0.042,0.098,1.001,-0.80,-0.10,-11.60,38.80,17.10,-2.20,-0.11,-1.24,-1.91,1.000,-0.001,-0.011,-0.017,1,0.439,-0.016,0.865,2.60,-8.40,-3.20,33.60,5.60,-24.90,-7.18,-26.38,-14.85,0.962,-0.090,-0.218,-0.140,,,,,,,,,,,,,,,,,,,,,,,,,,,,,,,,,,,,,,,,,,,,,,,,,,,,,,,,,,,,,,,,,,,,,,,,,,,,,,,,,,,,,,,,,,,,,,,,,,,,,,,,,,,,,,,,,,,,,,,,,,,,,,,,,,,,,,,,,,,,,,,,,,,,,,,,,,,,,,,,,,,,,,,,,,,,,,,,,,,,,,,,,,,,,,,,,,,,,,,,,,,,,,,,,,,,,,,,,,,,,,,,,,,,,,,,,,,,,,
1784901940,0,0.058,0.046,0.989,-0.90,-0.10,-14.50,38.80,17.10,-2.20,-0.11,-1.24,-1.91,1.000,-0.001,-0.011,-0.017,1,0.486,-0.013,0.884,5.50,-8.80,1.00,33.60,5.60,-24.90,-7.18,-26.38,-14.85,0.962,-0.090,-0.218,-0.140,,,,,,,,,,,,,,,,,,,,,,,,,,,,,,,,,,,,,,,,,,,,,,,,,,,,,,,,,,,,,,,,,,,,,,,,,,,,,,,,,,,,,,,,,,,,,,,,,,,,,,,,,,,,,,,,,,,,,,,,,,,,,,,,,,,,,,,,,,,,,,,,,,,,,,,,,,,,,,,,,,,,,,,,,,,,,,,,,,,,,,,,,,,,,,,,,,,,,,,,,,,,,,,,,,,,,,,,,,,,,,,,,,,,,,,,,,,,,,
1784901940,0,0.055,-0.028,1.001,-0.90,-0.20,-17.80,38.60,17.20,-2.20,-0.12,-1.24,-2.04,1.000,-0.001,-0.011,-0.018,1,0.431,0.010,0.904,8.30,-9.30,5.60,35.00,5.90,-24.50,-7.14,-26.47,-14.84,0.962,-0.090,-0.219,-0.140,,,,,,,,,,,,,,,,,,,,,,,,,,,,,,,,,,,,,,,,,,,,,,,,,,,,,,,,,,,,,,,,,,,,,,,,,,,,,,,,,,,,,,,,,,,,,,,,,,,,,,,,,,,,,,,,,,,,,,,,,,,,,,,,,,,,,,,,,,,,,,,,,,,,,,,,,,,,,,,,,,,,,,,,,,,,,,,,,,,,,,,,,,,,,,,,,,,,,,,,,,,,,,,,,,,,,,,,,,,,,,,,,,,,,,,,,,,,,,
1784901940,0,0.033,-0.107,0.994,-1.00,-0.30,-20.50,38.60,17.20,-2.20,-0.11,-1.25,-2.04,1.000,-0.001,-0.011,-0.018,1,0.403,-0.004,0.916,10.50,-10.30,10.40,35.00,5.90,-24.50,-7.12,-26.47,-14.85,0.962,-0.090,-0.219,-0.140,,,,,,,,,,,,,,,,,,,,,,,,,,,,,,,,,,,,,,,,,,,,,,,,,,,,,,,,,,,,,,,,,,,,,,,,,,,,,,,,,,,,,,,,,,,,,,,,,,,,,,,,,,,,,,,,,,,,,,,,,,,,,,,,,,,,,,,,,,,,,,,,,,,,,,,,,,,,,,,,,,,,,,,,,,,,,,,,,,,,,,,,,,,,,,,,,,,,,,,,,,,,,,,,,,,,,,,,,,,,,,,,,,,,,,,,,,,,,,
1784901940,0,0.015,-0.189,1.003,-1.00,-0.30,-22.10,38.60,17.20,-2.20,-0.11,-1.25,-2.04,1.000,-0.001,-0.011,-0.018,1,0.402,-0.012,0.997,12.10,-11.80,15.40,35.00,5.90,-24.50,-7.12,-26.47,-14.85,0.962,-0.090,-0.219,-0.140,,,,,,,,,,,,,,,,,,,,,,,,,,,,,,,,,,,,,,,,,,,,,,,,,,,,,,,,,,,,,,,,,,,,,,,,,,,,,,,,,,,,,,,,,,,,,,,,,,,,,,,,,,,,,,,,,,,,,,,,,,,,,,,,,,,,,,,,,,,,,,,,,,,,,,,,,,,,,,,,,,,,,,,,,,,,,,,,,,,,,,,,,,,,,,,,,,,,,,,,,,,,,,,,,,,,,,,,,,,,,,,,,,,,,,,,,,,,,,
1784901940,0,-0.012,-0.186,1.000,-0.50,-0.20,-21.80,38.60,17.20,-2.20,-0.11,-1.25,-2.04,1.000,-0.001,-0.011,-0.018,1,0.386,-0.016,1.009,13.40,-14.20,20.10,35.00,5.90,-24.50,-7.12,-26.47,-14.85,0.962,-0.090,-0.219,-0.140,,,,,,,,,,,,,,,,,,,,,,,,,,,,,,,,,,,,,,,,,,,,,,,,,,,,,,,,,,,,,,,,,,,,,,,,,,,,,,,,,,,,,,,,,,,,,,,,,,,,,,,,,,,,,,,,,,,,,,,,,,,,,,,,,,,,,,,,,,,,,,,,,,,,,,,,,,,,,,,,,,,,,,,,,,,,,,,,,,,,,,,,,,,,,,,,,,,,,,,,,,,,,,,,,,,,,,,,,,,,,,,,,,,,,,,,,,,,,,
1784901940,0,0.016,0.034,1.010,0.30,-0.10,-18.40,38.60,17.00,-2.20,-0.11,-1.25,-2.25,1.000,-0.001,-0.011,-0.020,1,0.371,-0.027,0.978,15.50,-18.10,24.00,34.70,5.50,-24.80,-7.09,-26.58,-14.64,0.962,-0.089,-0.220,-0.138,,,,,,,,,,,,,,,,,,,,,,,,,,,,,,,,,,,,,,,,,,,,,,,,,,,,,,,,,,,,,,,,,,,,,,,,,,,,,,,,,,,,,,,,,,,,,,,,,,,,,,,,,,,,,,,,,,,,,,,,,,,,,,,,,,,,,,,,,,,,,,,,,,,,,,,,,,,,,,,,,,,,,,,,,,,,,,,,,,,,,,,,,,,,,,,,,,,,,,,,,,,,,,,,,,,,,,,,,,,,,,,,,,,,,,,,,,,,,,
1784901940,0,-0.027,0.050,0.953,1.30,0.10,-12.50,38.60,17.00,-2.20,-0.13,-1.25,-2.25,1.000,-0.001,-0.011,-0.020,1,0.412,-0.047,0.857,18.90,-22.60,27.10,34.70,5.50,-24.80,-7.08,-26.58,-14.64,0.962,-0.089,-0.220,-0.138,,,,,,,,,,,,,,,,,,,,,,,,,,,,,,,,,,,,,,,,,,,,,,,,,,,,,,,,,,,,,,,,,,,,,,,,,,,,,,,,,,,,,,,,,,,,,,,,,,,,,,,,,,,,,,,,,,,,,,,,,,,,,,,,,,,,,,,,,,,,,,,,,,,,,,,,,,,,,,,,,,,,,,,,,,,,,,,,,,,,,,,,,,,,,,,,,,,,,,,,,,,,,,,,,,,,,,,,,,,,,,,,,,,,,,,,,,,,,,
1784901940,0,0.049,-0.067,1.029,2.00,0.40,-5.70,38.60,17.00,-2.20,-0.13,-1.25,-2.25,1.000,-0.001,-0.011,-0.020,1,0.446,-0.013,0.923,23.40,-25.70,29.70,34.70,5.50,-24.80,-7.08,-26.58,-14.64,0.962,-0.089,-0.220,-0.138,,,,,,,,,,,,,,,,,,,,,,,,,,,,,,,,,,,,,,,,,,,,,,,,,,,,,,,,,,,,,,,,,,,,,,,,,,,,,,,,,,,,,,,,,,,,,,,,,,,,,,,,,,,,,,,,,,,,,,,,,,,,,,,,,,,,,,,,,,,,,,,,,,,,,,,,,,,,,,,,,,,,,,,,,,,,,,,,,,,,,,,,,,,,,,,,,,,,,,,,,,,,,,,,,,,,,,,,,,,,,,,,,,,,,,,,,,,,,,
1784901940,0,0.000,0.030,0.987,1.80,0.50,-0.40,38.60,17.00,-2.20,-0.13,-1.25,-2.25,1.000,-0.001,-0.011,-0.020,1,0.458,-0.001,0.927,27.60,-26.00,31.70,34.70,5.50,-24.80,-7.08,-26.58,-14.64,0.962,-0.089,-0.220,-0.138,,,,,,,,,,,,,,,,,,,,,,,,,,,,,,,,,,,,,,,,,,,,,,,,,,,,,,,,,,,,,,,,,,,,,,,,,,,,,,,,,,,,,,,,,,,,,,,,,,,,,,,,,,,,,,,,,,,,,,,,,,,,,,,,,,,,,,,,,,,,,,,,,,,,,,,,,,,,,,,,,,,,,,,,,,,,,,,,,,,,,,,,,,,,,,,,,,,,,,,,,,,,,,,,,,,,,,,,,,,,,,,,,,,,,,,,,,,,,,
1784901940,0,0.016,0.003,1.006,1.30,0.40,2.20,38.60,17.00,-2.20,-0.11,-1.25,-2.29,1.000,-0.001,-0.011,-0.020,1,0.443,-0.009,0.900,31.00,-23.60,33.10,33.60,5.30,-24.80,-6.99,-26.78,-14.27,0.962,-0.088,-0.222,-0.135,,,,,,,,,,,,,,,,,,,,,,,,,,,,,,,,,,,,,,,,,,,,,,,,,,,,,,,,,,,,,,,,,,,,,,,,,,,,,,,,,,,,,,,,,,,,,,,,,,,,,,,,,,,,,,,,,,,,,,,,,,,,,,,,,,,,,,,,,,,,,,,,,,,,,,,,,,,,,,,,,,,,,,,,,,,,,,,,,,,,,,,,,,,,,,,,,,,,,,,,,,,,,,,,,,,,,,,,,,,,,,,,,,,,,,,,,,,,,,
1784901940,0,0.008,0.014,1.003,0.60,0.30,2.90,38.60,17.00,-2.20,-0.11,-1.24,-2.29,1.000,-0.001,-0.011,-0.020,1,0.431,-0.012,0.885,33.30,-20.90,33.90,33.60,5.30,-24.80,-6.98,-26.78,-14.28,0.962,-0.088,-0.222,-0.135,,,,,,,,,,,,,,,,,,,,,,,,,,,,,,,,,,,,,,,,,,,,,,,,,,,,,,,,,,,,,,,,,,,,,,,,,,,,,,,,,,,,,,,,,,,,,,,,,,,,,,,,,,,,,,,,,,,,,,,,,,,,,,,,,,,,,,,,,,,,,,,,,,,,,,,,,,,,,,,,,,,,,,,,,,,,,,,,,,,,,,,,,,,,,,,,,,,,,,,,,,,,,,,,,,,,,,,,,,,,,,,,,,,,,,,,,,,,,,
1784901940,0,0.016,-0.008,0.991,0.10,0.10,2.30,38.60,17.00,-2.20,-0.11,-1.24,-2.29,1.000,-0.001,-0.011,-0.020,1,0.419,-0.020,0.920,34.20,-19.10,34.60,33.60,5.30,-24.80,-6.98,-26.78,-14.28,0.962,-0.088,-0.222,-0.135,,,,,,,,,,,,,,,,,,,,,,,,,,,,,,,,,,,,,,,,,,,,,,,,,,,,,,,,,,,,,,,,,,,,,,,,,,,,,,,,,,,,,,,,,,,,,,,,,,,,,,,,,,,,,,,,,,,,,,,,,,,,,,,,,,,,,,,,,,,,,,,,,,,,,,,,,,,,,,,,,,,,,,,,,,,,,,,,,,,,,,,,,,,,,,,,,,,,,,,,,,,,,,,,,,,,,,,,,,,,,,,,,,,,,,,,,,,,,,
1784901940,0,0.020,0.003,1.002,0.00,0.00,1.50,38.60,17.00,-2.20,-0.11,-1.24,-2.29,1.000,-0.001,-0.011,-0.020,1,0.399,-0.039,0.924,34.50,-18.30,35.30,33.60,5.30,-24.80,-6.98,-26.78,-14.28,0.962,-0.088,-0.222,-0.135,,,,,,,,,,,,,,,,,,,,,,,,,,,,,,,,,,,,,,,,,,,,,,,,,,,,,,,,,,,,,,,,,,,,,,,,,,,,,,,,,,,,,,,,,,,,,,,,,,,,,,,,,,,,,,,,,,,,,,,,,,,,,,,,,,,,,,,,,,,,,,,,,,,,,,,,,,,,,,,,,,,,,,,,,,,,,,,,,,,,,,,,,,,,,,,,,,,,,,,,,,,,,,,,,,,,,,,,,,,,,,,,,,,,,,,,,,,,,,
1784901940,0,0.016,0.000,0.998,-0.10,-0.10,0.70,38.90,17.10,-1.50,-0.11,-1.24,-2.27,1.000,-0.001,-0.011,-0.020,1,0.368,-0.035,0.920,35.70,-18.70,35.40,32.60,5.10,-24.70,-6.83,-26.93,-13.86,0.962,-0.086,-0.224,-0.131,,,,,,,,,,,,,,,,,,,,,,,,,,,,,,,,,,,,,,,,,,,,,,,,,,,,,,,,,,,,,,,,,,,,,,,,,,,,,,,,,,,,,,,,,,,,,,,,,,,,,,,,,,,,,,,,,,,,,,,,,,,,,,,,,,,,,,,,,,,,,,,,,,,,,,,,,,,,,,,,,,,,,,,,,,,,,,,,,,,,,,,,,,,,,,,,,,,,,,,,,,,,,,,,,,,,,,,,,,,,,,,,,,,,,,,,,,,,,,
1784901940,0,0.020,-0.004,0.994,0.00,0.00,0.30,38.90,17.10,-1.50,-0.11,-1.24,-2.27,1.000,-0.001,-0.011,-0.020,1,0.356,-0.066,0.908,38.80,-20.10,33.40,32.60,5.10,-24.70,-6.82,-26.93,-13.87,0.962,-0.085,-0.224,-0.131,,,,,,,,,,,,,,,,,,,,,,,,,,,,,,,,,,,,,,,,,,,,,,,,,,,,,,,,,,,,,,,,,,,,,,,,,,,,,,,,,,,,,,,,,,,,,,,,,,,,,,,,,,,,,,,,,,,,,,,,,,,,,,,,,,,,,,,,,,,,,,,,,,,,,,,,,,,,,,,,,,,,,,,,,,,,,,,,,,,,,,,,,,,,,,,,,,,,,,,,,,,,,,,,,,,,,,,,,,,,,,,,,,,,,,,,,,,,,,
1784901940,0,0.016,0.000,0.998,0.00,0.00,0.10,38.90,17.10,-1.50,-0.11,-1.24,-2.27,1.000,-0.001,-0.011,-0.020,1,0.337,-0.054,0.912,43.00,-22.30,28.60,32.60,5.10,-24.70,-6.82,-26.93,-13.87,0.962,-0.085,-0.224,-0.131,,,,,,,,,,,,,,,,,,,,,,,,,,,,,,,,,,,,,,,,,,,,,,,,,,,,,,,,,,,,,,,,,,,,,,,,,,,,,,,,,,,,,,,,,,,,,,,,,,,,,,,,,,,,,,,,,,,,,,,,,,,,,,,,,,,,,,,,,,,,,,,,,,,,,,,,,,,,,,,,,,,,,,,,,,,,,,,,,,,,,,,,,,,,,,,,,,,,,,,,,,,,,,,,,,,,,,,,,,,,,,,,,,,,,,,,,,,,,,
1784901940,0,0.020,-0.004,1.002,0.00,0.00,0.00,38.90,17.10,-1.50,-0.11,-1.24,-2.27,1.000,-0.001,-0.011,-0.020,1,0.341,-0.062,0.916,46.40,-24.40,21.20,32.60,5.10,-24.70,-6.82,-26.93,-13.87,0.962,-0.085,-0.224,-0.131,,,,,,,,,,,,,,,,,,,,,,,,,,,,,,,,,,,,,,,,,,,,,,,,,,,,,,,,,,,,,,,,,,,,,,,,,,,,,,,,,,,,,,,,,,,,,,,,,,,,,,,,,,,,,,,,,,,,,,,,,,,,,,,,,,,,,,,,,,,,,,,,,,,,,,,,,,,,,,,,,,,,,,,,,,,,,,,,,,,,,,,,,,,,,,,,,,,,,,,,,,,,,,,,,,,,,,,,,,,,,,,,,,,,,,,,,,,,,,
1784901940,0,0.008,0.003,0.999,0.00,0.00,0.00,38.60,16.50,-1.90,-0.11,-1.24,-2.27,1.000,-0.001,-0.011,-0.020,1,0.423,-0.040,0.927,47.30,-25.40,12.50,35.50,4.10,-24.80,-6.51,-27.13,-13.57,0.962,-0.083,-0.226,-0.128,,,,,,,,,,,,,,,,,,,,,,,,,,,,,,,,,,,,,,,,,,,,,,,,,,,,,,,,,,,,,,,,,,,,,,,,,,,,,,,,,,,,,,,,,,,,,,,,,,,,,,,,,,,,,,,,,,,,,,,,,,,,,,,,,,,,,,,,,,,,,,,,,,,,,,,,,,,,,,,,,,,,,,,,,,,,,,,,,,,,,,,,,,,,,,,,,,,,,,,,,,,,,,,,,,,,,,,,,,,,,,,,,,,,,,,,,,,,,,
1784901940,0,0.024,-0.012,1.010,-0.10,0.10,0.00,38.60,16.50,-1.90,-0.11,-1.24,-2.27,1.000,-0.001,-0.011,-0.020,1,0.458,-0.044,0.923,45.10,-25.00,4.50,35.50,4.10,-24.80,-6.51,-27.12,-13.57,0.962,-0.082,-0.226,-0.128,,,,,,,,,,,,,,,,,,,,,,,,,,,,,,,,,,,,,,,,,,,,,,,,,,,,,,,,,,,,,,,,,,,,,,,,,,,,,,,,,,,,,,,,,,,,,,,,,,,,,,,,,,,,,,,,,,,,,,,,,,,,,,,,,,,,,,,,,,,,,,,,,,,,,,,,,,,,,,,,,,,,,,,,,,,,,,,,,,,,,,,,,,,,,,,,,,,,,,,,,,,,,,,,,,,,,,,,,,,,,,,,,,,,,,,,,,,,,,
1784901940,0,0.020,0.011,0.998,-0.30,0.10,0.00,38.60,16.50,-1.90,-0.11,-1.24,-2.27,1.000,-0.001,-0.011,-0.020,1,0.458,-0.076,0.892,41.00,-23.40,-1.30,35.50,4.10,-24.80,-6.51,-27.12,-13.57,0.962,-0.082,-0.226,-0.128,,,,,,,,,,,,,,,,,,,,,,,,,,,,,,,,,,,,,,,,,,,,,,,,,,,,,,,,,,,,,,,,,,,,,,,,,,,,,,,,,,,,,,,,,,,,,,,,,,,,,,,,,,,,,,,,,,,,,,,,,,,,,,,,,,,,,,,,,,,,,,,,,,,,,,,,,,,,,,,,,,,,,,,,,,,,,,,,,,,,,,,,,,,,,,,,,,,,,,,,,,,,,,,,,,,,,,,,,,,,,,,,,,,,,,,,,,,,,,
1784901940,0,0.016,0.007,0.998,-0.30,0.00,0.00,38.60,16.50,-1.90,-0.11,-1.24,-2.27,1.000,-0.001,-0.011,-0.020,1,0.454,-0.095,0.884,36.80,-21.10,-4.50,35.50,4.10,-24.80,-6.51,-27.12,-13.57,0.962,-0.082,-0.226,-0.128,,,,,,,,,,,,,,,,,,,,,,,,,,,,,,,,,,,,,,,,,,,,,,,,,,,,,,,,,,,,,,,,,,,,,,,,,,,,,,,,,,,,,,,,,,,,,,,,,,,,,,,,,,,,,,,,,,,,,,,,,,,,,,,,,,,,,,,,,,,,,,,,,,,,,,,,,,,,,,,,,,,,,,,,,,,,,,,,,,,,,,,,,,,,,,,,,,,,,,,,,,,,,,,,,,,,,,,,,,,,,,,,,,,,,,,,,,,,,,
1784901940,0,0.016,-0.012,0.998,-0.40,0.00,0.10,38.60,15.90,-1.70,-0.11,-1.24,-2.27,1.000,-0.001,-0.011,-0.020,1,0.489,-0.143,0.911,33.80,-19.00,-5.20,32.60,5.30,-24.60,-6.12,-27.35,-13.56,0.962,-0.079,-0.228,-0.127,,,,,,,,,,,,,,,,,,,,,,,,,,,,,,,,,,,,,,,,,,,,,,,,,,,,,,,,,,,,,,,,,,,,,,,,,,,,,,,,,,,,,,,,,,,,,,,,,,,,,,,,,,,,,,,,,,,,,,,,,,,,,,,,,,,,,,,,,,,,,,,,,,,,,,,,,,,,,,,,,,,,,,,,,,,,,,,,,,,,,,,,,,,,,,,,,,,,,,,,,,,,,,,,,,,,,,,,,,,,,,,,,,,,,,,,,,,,,,
1784901940,0,0.004,0.038,1.003,-0.40,0.00,0.10,38.60,15.90,-1.70,-0.11,-1.24,-2.27,1.000,-0.001,-0.011,-0.020,1,0.493,-0.163,0.876,31.70,-17.20,-4.10,32.60,5.30,-24.60,-6.12,-27.35,-13.56,0.962,-0.079,-0.228,-0.127,,,,,,,,,,,,,,,,,,,,,,,,,,,,,,,,,,,,,,,,,,,,,,,,,,,,,,,,,,,,,,,,,,,,,,,,,,,,,,,,,,,,,,,,,,,,,,,,,,,,,,,,,,,,,,,,,,,,,,,,,,,,,,,,,,,,,,,,,,,,,,,,,,,,,,,,,,,,,,,,,,,,,,,,,,,,,,,,,,,,,,,,,,,,,,,,,,,,,,,,,,,,,,,,,,,,,,,,,,,,,,,,,,,,,,,,,,,,,,
1784901940,0,0.016,-0.016,0.995,-0.50,-0.10,0.00,38.60,15.90,-1.70,-0.11,-1.24,-2.27,1.000,-0.001,-0.011,-0.020,1,0.478,-0.154,0.869,29.90,-16.10,-2.50,32.60,5.30,-24.60,-6.12,-27.35,-13.56,0.962,-0.079,-0.228,-0.127,,,,,,,,,,,,,,,,,,,,,,,,,,,,,,,,,,,,,,,,,,,,,,,,,,,,,,,,,,,,,,,,,,,,,,,,,,,,,,,,,,,,,,,,,,,,,,,,,,,,,,,,,,,,,,,,,,,,,,,,,,,,,,,,,,,,,,,,,,,,,,,,,,,,,,,,,,,,,,,,,,,,,,,,,,,,,,,,,,,,,,,,,,,,,,,,,,,,,,,,,,,,,,,,,,,,,,,,,,,,,,,,,,,,,,,,,,,,,,
1784901940,0,0.016,0.011,0.998,-0.90,-0.10,0.00,38.60,15.90,-1.70,-0.11,-1.24,-2.27,1.000,-0.001,-0.011,-0.020,1,0.470,-0.162,0.873,28.40,-15.40,-1.30,32.60,5.30,-24.60,-6.12,-27.35,-13.56,0.962,-0.079,-0.228,-0.127,,,,,,,,,,,,,,,,,,,,,,,,,,,,,,,,,,,,,,,,,,,,,,,,,,,,,,,,,,,,,,,,,,,,,,,,,,,,,,,,,,,,,,,,,,,,,,,,,,,,,,,,,,,,,,,,,,,,,,,,,,,,,,,,,,,,,,,,,,,,,,,,,,,,,,,,,,,,,,,,,,,,,,,,,,,,,,,,,,,,,,,,,,,,,,,,,,,,,,,,,,,,,,,,,,,,,,,,,,,,,,,,,,,,,,,,,,,,,,
1784901940,0,0.000,0.014,1.003,-1.60,-0.40,-0.20,38.80,14.50,-1.90,-0.12,-1.24,-2.27,1.000,-0.001,-0.011,-0.020,1,0.485,-0.178,0.892,26.90,-15.20,-0.90,34.20,5.80,-24.00,-5.82,-27.51,-13.57,0.962,-0.077,-0.230,-0.127,,,,,,,,,,,,,,,,,,,,,,,,,,,,,,,,,,,,,,,,,,,,,,,,,,,,,,,,,,,,,,,,,,,,,,,,,,,,,,,,,,,,,,,,,,,,,,,,,,,,,,,,,,,,,,,,,,,,,,,,,,,,,,,,,,,,,,,,,,,,,,,,,,,,,,,,,,,,,,,,,,,,,,,,,,,,,,,,,,,,,,,,,,,,,,,,,,,,,,,,,,,,,,,,,,,,,,,,,,,,,,,,,,,,,,,,,,,,,,
1784901940,0,0.016,-0.028,1.002,-2.20,-0.60,-0.50,38.80,14.50,-1.90,-0.12,-1.24,-2.27,1.000,-0.001,-0.011,-0.020,1,0.497,-0.151,0.869,25.40,-15.60,-2.00,34.20,5.80,-24.00,-5.83,-27.51,-13.56,0.962,-0.077,-0.230,-0.127,,,,,,,,,,,,,,,,,,,,,,,,,,,,,,,,,,,,,,,,,,,,,,,,,,,,,,,,,,,,,,,,,,,,,,,,,,,,,,,,,,,,,,,,,,,,,,,,,,,,,,,,,,,,,,,,,,,,,,,,,,,,,,,,,,,,,,,,,,,,,,,,,,,,,,,,,,,,,,,,,,,,,,,,,,,,,,,,,,,,,,,,,,,,,,,,,,,,,,,,,,,,,,,,,,,,,,,,,,,,,,,,,,,,,,,,,,,,,,
1784901940,0,0.024,-0.016,0.998,-2.20,-0.80,-0.90,38.80,14.50,-1.90,-0.12,-1.24,-2.27,1.000,-0.001,-0.011,-0.020,1,0.509,-0.167,0.861,23.30,-16.30,-4.70,34.20,5.80,-24.00,-5.83,-27.51,-13.56,0.962,-0.077,-0.230,-0.127,,,,,,,,,,,,,,,,,,,,,,,,,,,,,,,,,,,,,,,,,,,,,,,,,,,,,,,,,,,,,,,,,,,,,,,,,,,,,,,,,,,,,,,,,,,,,,,,,,,,,,,,,,,,,,,,,,,,,,,,,,,,,,,,,,,,,,,,,,,,,,,,,,,,,,,,,,,,,,,,,,,,,,,,,,,,,,,,,,,,,,,,,,,,,,,,,,,,,,,,,,,,,,,,,,,,,,,,,,,,,,,,,,,,,,,,,,,,,,
1784901940,0,0.024,-0.008,0.998,-1.60,-0.80,-1.10,38.80,14.50,-1.90,-0.12,-1.24,-2.27,1.000,-0.001,-0.011,-0.020,1,0.525,-0.171,0.869,20.80,-17.10,-8.40,34.20,5.80,-24.00,-5.83,-27.51,-13.56,0.962,-0.077,-0.230,-0.127,,,,,,,,,,,,,,,,,,,,,,,,,,,,,,,,,,,,,,,,,,,,,,,,,,,,,,,,,,,,,,,,,,,,,,,,,,,,,,,,,,,,,,,,,,,,,,,,,,,,,,,,,,,,,,,,,,,,,,,,,,,,,,,,,,,,,,,,,,,,,,,,,,,,,,,,,,,,,,,,,,,,,,,,,,,,,,,,,,,,,,,,,,,,,,,,,,,,,,,,,,,,,,,,,,,,,,,,,,,,,,,,,,,,,,,,,,,,,,
1784901940,0,0.012,0.011,0.999,-0.60,-0.60,-0.90,38.80,14.50,-1.90,-0.14,-1.25,-2.28,1.000,-0.001,-0.011,-0.020,1,0.525,-0.183,0.876,17.60,-17.70,-11.60,35.00,5.80,-24.10,-5.59,-27.68,-13.62,0.962,-0.075,-0.232,-0.127,,,,,,,,,,,,,,,,,,,,,,,,,,,,,,,,,,,,,,,,,,,,,,,,,,,,,,,,,,,,,,,,,,,,,,,,,,,,,,,,,,,,,,,,,,,,,,,,,,,,,,,,,,,,,,,,,,,,,,,,,,,,,,,,,,,,,,,,,,,,,,,,,,,,,,,,,,,,,,,,,,,,,,,,,,,,,,,,,,,,,,,,,,,,,,,,,,,,,,,,,,,,,,,,,,,,,,,,,,,,,,,,,,,,,,,,,,,,,,
1784901940,0,0.020,-0.004,1.002,0.00,-0.30,-0.40,38.80,14.50,-1.90,-0.14,-1.25,-2.28,1.000,-0.001,-0.011,-0.020,1,0.517,-0.195,0.884,14.10,-18.40,-13.00,35.00,5.80,-24.10,-5.61,-27.69,-13.61,0.962,-0.075,-0.232,-0.127,,,,,,,,,,,,,,,,,,,,,,,,,,,,,,,,,,,,,,,,,,,,,,,,,,,,,,,,,,,,,,,,,,,,,,,,,,,,,,,,,,,,,,,,,,,,,,,,,,,,,,,,,,,,,,,,,,,,,,,,,,,,,,,,,,,,,,,,,,,,,,,,,,,,,,,,,,,,,,,,,,,,,,,,,,,,,,,,,,,,,,,,,,,,,,,,,,,,,,,,,,,,,,,,,,,,,,,,,,,,,,,,,,,,,,,,,,,,,,
1784901940,0,0.024,-0.012,1.002,0.10,-0.10,0.00,38.80,14.50,-1.90,-0.14,-1.25,-2.28,1.000,-0.001,-0.011,-0.020,1,0.517,-0.206,0.880,9.90,-19.00,-12.90,35.00,5.80,-24.10,-5.61,-27.69,-13.61,0.962,-0.075,-0.232,-0.127,,,,,,,,,,,,,,,,,,,,,,,,,,,,,,,,,,,,,,,,,,,,,,,,,,,,,,,,,,,,,,,,,,,,,,,,,,,,,,,,,,,,,,,,,,,,,,,,,,,,,,,,,,,,,,,,,,,,,,,,,,,,,,,,,,,,,,,,,,,,,,,,,,,,,,,,,,,,,,,,,,,,,,,,,,,,,,,,,,,,,,,,,,,,,,,,,,,,,,,,,,,,,,,,,,,,,,,,,,,,,,,,,,,,,,,,,,,,,,
1784901940,0,0.008,0.014,1.006,0.10,0.00,0.00,38.80,14.50,-1.90,-0.14,-1.25,-2.28,1.000,-0.001,-0.011,-0.020,1,0.536,-0.207,0.872,5.20,-19.50,-12.20,35.00,5.80,-24.10,-5.61,-27.69,-13.61,0.962,-0.075,-0.232,-0.127,,,,,,,,,,,,,,,,,,,,,,,,,,,,,,,,,,,,,,,,,,,,,,,,,,,,,,,,,,,,,,,,,,,,,,,,,,,,,,,,,,,,,,,,,,,,,,,,,,,,,,,,,,,,,,,,,,,,,,,,,,,,,,,,,,,,,,,,,,,,,,,,,,,,,,,,,,,,,,,,,,,,,,,,,,,,,,,,,,,,,,,,,,,,,,,,,,,,,,,,,,,,,,,,,,,,,,,,,,,,,,,,,,,,,,,,,,,,,,
1784901940,0,0.016,0.011,1.002,0.00,-0.10,0.00,38.90,14.10,-3.70,-0.14,-1.25,-2.28,1.000,-0.001,-0.011,-0.020,1,0.536,-0.214,0.857,0.90,-19.90,-12.20,34.80,5.50,-24.00,-5.47,-27.90,-13.73,0.961,-0.075,-0.233,-0.127,,,,,,,,,,,,,,,,,,,,,,,,,,,,,,,,,,,,,,,,,,,,,,,,,,,,,,,,,,,,,,,,,,,,,,,,,,,,,,,,,,,,,,,,,,,,,,,,,,,,,,,,,,,,,,,,,,,,,,,,,,,,,,,,,,,,,,,,,,,,,,,,,,,,,,,,,,,,,,,,,,,,,,,,,,,,,,,,,,,,,,,,,,,,,,,,,,,,,,,,,,,,,,,,,,,,,,,,,,,,,,,,,,,,,,,,,,,,,,
1784901940,0,0.024,0.000,0.998,-0.30,-0.20,0.00,38.90,14.10,-3.70,-0.14,-1.25,-2.28,1.000,-0.001,-0.011,-0.020,1,0.517,-0.222,0.849,-2.40,-20.00,-13.40,34.80,5.50,-24.00,-5.49,-27.90,-13.73,0.961,-0.075,-0.234,-0.127,,,,,,,,,,,,,,,,,,,,,,,,,,,,,,,,,,,,,,,,,,,,,,,,,,,,,,,,,,,,,,,,,,,,,,,,,,,,,,,,,,,,,,,,,,,,,,,,,,,,,,,,,,,,,,,,,,,,,,,,,,,,,,,,,,,,,,,,,,,,,,,,,,,,,,,,,,,,,,,,,,,,,,,,,,,,,,,,,,,,,,,,,,,,,,,,,,,,,,,,,,,,,,,,,,,,,,,,,,,,,,,,,,,,,,,,,,,,,,
1784901940,0,0.020,-0.008,1.002,-0.40,-0.40,0.00,38.90,14.10,-3.70,-0.14,-1.25,-2.28,1.000,-0.001,-0.011,-0.020,1,0.501,-0.202,0.873,-5.00,-20.00,-15.40,34.80,5.50,-24.00,-5.49,-27.90,-13.73,0.961,-0.075,-0.234,-0.127,,,,,,,,,,,,,,,,,,,,,,,,,,,,,,,,,,,,,,,,,,,,,,,,,,,,,,,,,,,,,,,,,,,,,,,,,,,,,,,,,,,,,,,,,,,,,,,,,,,,,,,,,,,,,,,,,,,,,,,,,,,,,,,,,,,,,,,,,,,,,,,,,,,,,,,,,,,,,,,,,,,,,,,,,,,,,,,,,,,,,,,,,,,,,,,,,,,,,,,,,,,,,,,,,,,,,,,,,,,,,,,,,,,,,,,,,,,,,,
1784901940,0,0.024,0.000,1.002,-0.40,-0.40,0.00,38.90,14.10,-3.70,-0.14,-1.25,-2.28,1.000,-0.001,-0.011,-0.020,1,0.505,-0.190,0.888,-7.10,-19.90,-17.30,34.80,5.50,-24.00,-5.49,-27.90,-13.73,0.961,-0.075,-0.234,-0.127,,,,,,,,,,,,,,,,,,,,,,,,,,,,,,,,,,,,,,,,,,,,,,,,,,,,,,,,,,,,,,,,,,,,,,,,,,,,,,,,,,,,,,,,,,,,,,,,,,,,,,,,,,,,,,,,,,,,,,,,,,,,,,,,,,,,,,,,,,,,,,,,,,,,,,,,,,,,,,,,,,,,,,,,,,,,,,,,,,,,,,,,,,,,,,,,,,,,,,,,,,,,,,,,,,,,,,,,,,,,,,,,,,,,,,,,,,,,,,
1784901940,0,0.012,0.011,1.002,-0.10,-0.40,0.00,39.20,13.60,-3.70,-0.14,-1.25,-2.28,1.000,-0.001,-0.011,-0.020,1,0.505,-0.186,0.869,-9.10,-19.90,-18.30,34.00,4.80,-24.10,-5.48,-28.12,-13.89,0.960,-0.075,-0.235,-0.129,,,,,,,,,,,,,,,,,,,,,,,,,,,,,,,,,,,,,,,,,,,,,,,,,,,,,,,,,,,,,,,,,,,,,,,,,,,,,,,,,,,,,,,,,,,,,,,,,,,,,,,,,,,,,,,,,,,,,,,,,,,,,,,,,,,,,,,,,,,,,,,,,,,,,,,,,,,,,,,,,,,,,,,,,,,,,,,,,,,,,,,,,,,,,,,,,,,,,,,,,,,,,,,,,,,,,,,,,,,,,,,,,,,,,,,,,,,,,,
1784901940,0,0.020,0.003,1.006,0.00,-0.20,0.00,39.20,13.60,-3.70,-0.14,-1.25,-2.28,1.000,-0.001,-0.011,-0.020,1,0.513,-0.179,0.849,-10.60,-19.90,-18.00,34.00,4.80,-24.10,-5.50,-28.12,-13.88,0.960,-0.075,-0.235,-0.129,,,,,,,,,,,,,,,,,,,,,,,,,,,,,,,,,,,,,,,,,,,,,,,,,,,,,,,,,,,,,,,,,,,,,,,,,,,,,,,,,,,,,,,,,,,,,,,,,,,,,,,,,,,,,,,,,,,,,,,,,,,,,,,,,,,,,,,,,,,,,,,,,,,,,,,,,,,,,,,,,,,,,,,,,,,,,,,,,,,,,,,,,,,,,,,,,,,,,,,,,,,,,,,,,,,,,,,,,,,,,,,,,,,,,,,,,,,,,,
1784901940,0,0.020,-0.012,1.002,0.10,-0.10,0.00,39.20,13.60,-3.70,-0.14,-1.25,-2.28,1.000,-0.001,-0.011,-0.020,1,0.506,-0.155,0.826,-11.20,-20.10,-16.90,34.00,4.80,-24.10,-5.50,-28.12,-13.88,0.960,-0.075,-0.235,-0.129,,,,,,,,,,,,,,,,,,,,,,,,,,,,,,,,,,,,,,,,,,,,,,,,,,,,,,,,,,,,,,,,,,,,,,,,,,,,,,,,,,,,,,,,,,,,,,,,,,,,,,,,,,,,,,,,,,,,,,,,,,,,,,,,,,,,,,,,,,,,,,,,,,,,,,,,,,,,,,,,,,,,,,,,,,,,,,,,,,,,,,,,,,,,,,,,,,,,,,,,,,,,,,,,,,,,,,,,,,,,,,,,,,,,,,,,,,,,,,
1784901940,0,0.012,0.003,0.999,0.00,0.00,0.00,39.20,13.60,-3.70,-0.14,-1.25,-2.28,1.000,-0.001,-0.011,-0.020,1,0.506,-0.143,0.806,-11.00,-19.90,-15.40,34.00,4.80,-24.10,-5.50,-28.12,-13.88,0.960,-0.075,-0.235,-0.129,,,,,,,,,,,,,,,,,,,,,,,,,,,,,,,,,,,,,,,,,,,,,,,,,,,,,,,,,,,,,,,,,,,,,,,,,,,,,,,,,,,,,,,,,,,,,,,,,,,,,,,,,,,,,,,,,,,,,,,,,,,,,,,,,,,,,,,,,,,,,,,,,,,,,,,,,,,,,,,,,,,,,,,,,,,,,,,,,,,,,,,,,,,,,,,,,,,,,,,,,,,,,,,,,,,,,,,,,,,,,,,,,,,,,,,,,,,,,,
1784901940,0,0.020,-0.016,1.002,-0.10,-0.10,0.00,38.70,14.50,-3.40,-0.14,-1.25,-2.28,1.000,-0.001,-0.011,-0.020,1,0.499,-0.127,0.803,-10.20,-19.30,-14.00,34.00,4.80,-24.10,-5.53,-28.33,-14.04,0.960,-0.076,-0.237,-0.130,,,,,,,,,,,,,,,,,,,,,,,,,,,,,,,,,,,,,,,,,,,,,,,,,,,,,,,,,,,,,,,,,,,,,,,,,,,,,,,,,,,,,,,,,,,,,,,,,,,,,,,,,,,,,,,,,,,,,,,,,,,,,,,,,,,,,,,,,,,,,,,,,,,,,,,,,,,,,,,,,,,,,,,,,,,,,,,,,,,,,,,,,,,,,,,,,,,,,,,,,,,,,,,,,,,,,,,,,,,,,,,,,,,,,,,,,,,,,,
1784901940,0,0.024,0.003,1.002,-0.40,-0.20,0.00,38.70,14.50,-3.40,-0.14,-1.25,-2.28,1.000,-0.001,-0.011,-0.020,1,0.487,-0.103,0.787,-9.10,-17.90,-12.80,34.00,4.80,-24.10,-5.54,-28.34,-14.03,0.960,-0.076,-0.237,-0.130,,,,,,,,,,,,,,,,,,,,,,,,,,,,,,,,,,,,,,,,,,,,,,,,,,,,,,,,,,,,,,,,,,,,,,,,,,,,,,,,,,,,,,,,,,,,,,,,,,,,,,,,,,,,,,,,,,,,,,,,,,,,,,,,,,,,,,,,,,,,,,,,,,,,,,,,,,,,,,,,,,,,,,,,,,,,,,,,,,,,,,,,,,,,,,,,,,,,,,,,,,,,,,,,,,,,,,,,,,,,,,,,,,,,,,,,,,,,,,
1784901940,0,0.024,0.000,1.002,-0.60,-0.30,0.00,38.70,14.50,-3.40,-0.14,-1.25,-2.28,1.000,-0.001,-0.011,-0.020,1,0.487,-0.091,0.791,-7.70,-16.00,-11.60,34.00,4.80,-24.10,-5.54,-28.34,-14.03,0.960,-0.076,-0.237,-0.130,,,,,,,,,,,,,,,,,,,,,,,,,,,,,,,,,,,,,,,,,,,,,,,,,,,,,,,,,,,,,,,,,,,,,,,,,,,,,,,,,,,,,,,,,,,,,,,,,,,,,,,,,,,,,,,,,,,,,,,,,,,,,,,,,,,,,,,,,,,,,,,,,,,,,,,,,,,,,,,,,,,,,,,,,,,,,,,,,,,,,,,,,,,,,,,,,,,,,,,,,,,,,,,,,,,,,,,,,,,,,,,,,,,,,,,,,,,,,,
1784901940,0,0.024,0.000,0.994,-0.80,-0.30,0.10,38.70,14.50,-3.40,-0.14,-1.25,-2.28,1.000,-0.001,-0.011,-0.020,1,0.475,-0.087,0.799,-6.10,-13.80,-10.10,34.00,4.80,-24.10,-5.54,-28.34,-14.03,0.960,-0.076,-0.237,-0.130,,,,,,,,,,,,,,,,,,,,,,,,,,,,,,,,,,,,,,,,,,,,,,,,,,,,,,,,,,,,,,,,,,,,,,,,,,,,,,,,,,,,,,,,,,,,,,,,,,,,,,,,,,,,,,,,,,,,,,,,,,,,,,,,,,,,,,,,,,,,,,,,,,,,,,,,,,,,,,,,,,,,,,,,,,,,,,,,,,,,,,,,,,,,,,,,,,,,,,,,,,,,,,,,,,,,,,,,,,,,,,,,,,,,,,,,,,,,,,
1784901940,0,0.024,0.003,1.002,-1.00,-0.30,0.20,38.80,15.10,-3.70,-0.15,-1.25,-2.28,1.000,-0.002,-0.011,-0.020,1,0.479,-0.084,0.803,-4.10,-11.40,-8.00,34.00,4.80,-24.10,-5.56,-28.50,-14.14,0.959,-0.077,-0.238,-0.131,,,,,,,,,,,,,,,,,,,,,,,,,,,,,,,,,,,,,,,,,,,,,,,,,,,,,,,,,,,,,,,,,,,,,,,,,,,,,,,,,,,,,,,,,,,,,,,,,,,,,,,,,,,,,,,,,,,,,,,,,,,,,,,,,,,,,,,,,,,,,,,,,,,,,,,,,,,,,,,,,,,,,,,,,,,,,,,,,,,,,,,,,,,,,,,,,,,,,,,,,,,,,,,,,,,,,,,,,,,,,,,,,,,,,,,,,,,,,,
1784901940,0,0.024,0.003,0.998,-1.10,-0.30,0.10,38.80,15.10,-3.70,-0.15,-1.25,-2.28,1.000,-0.001,-0.011,-0.020,1,0.479,-0.084,0.822,-1.70,-8.90,-5.60,34.00,4.80,-24.10,-5.56,-28.50,-14.14,0.959,-0.077,-0.238,-0.131,,,,,,,,,,,,,,,,,,,,,,,,,,,,,,,,,,,,,,,,,,,,,,,,,,,,,,,,,,,,,,,,,,,,,,,,,,,,,,,,,,,,,,,,,,,,,,,,,,,,,,,,,,,,,,,,,,,,,,,,,,,,,,,,,,,,,,,,,,,,,,,,,,,,,,,,,,,,,,,,,,,,,,,,,,,,,,,,,,,,,,,,,,,,,,,,,,,,,,,,,,,,,,,,,,,,,,,,,,,,,,,,,,,,,,,,,,,,,,
1784901940,0,0.024,-0.012,0.994,-1.00,-0.20,0.00,38.80,15.10,-3.70,-0.15,-1.25,-2.28,1.000,-0.001,-0.011,-0.020,1,0.475,-0.099,0.842,1.10,-6.60,-3.00,34.00,4.80,-24.10,-5.56,-28.50,-14.14,0.959,-0.077,-0.238,-0.131,,,,,,,,,,,,,,,,,,,,,,,,,,,,,,,,,,,,,,,,,,,,,,,,,,,,,,,,,,,,,,,,,,,,,,,,,,,,,,,,,,,,,,,,,,,,,,,,,,,,,,,,,,,,,,,,,,,,,,,,,,,,,,,,,,,,,,,,,,,,,,,,,,,,,,,,,,,,,,,,,,,,,,,,,,,,,,,,,,,,,,,,,,,,,,,,,,,,,,,,,,,,,,,,,,,,,,,,,,,,,,,,,,,,,,,,,,,,,,
1784901940,0,0.016,0.022,1.002,-0.90,-0.20,0.00,38.80,15.10,-3.70,-0.15,-1.25,-2.28,1.000,-0.001,-0.011,-0.020,1,0.470,-0.111,0.849,4.30,-4.40,-0.80,34.00,4.80,-24.10,-5.56,-28.50,-14.14,0.959,-0.077,-0.238,-0.131,,,,,,,,,,,,,,,,,,,,,,,,,,,,,,,,,,,,,,,,,,,,,,,,,,,,,,,,,,,,,,,,,,,,,,,,,,,,,,,,,,,,,,,,,,,,,,,,,,,,,,,,,,,,,,,,,,,,,,,,,,,,,,,,,,,,,,,,,,,,,,,,,,,,,,,,,,,,,,,,,,,,,,,,,,,,,,,,,,,,,,,,,,,,,,,,,,,,,,,,,,,,,,,,,,,,,,,,,,,,,,,,,,,,,,,,,,,,,,
1784901940,0,0.028,-0.044,0.998,-0.90,-0.30,0.00,38.80,15.10,-3.70,-0.16,-1.26,-2.28,1.000,-0.002,-0.011,-0.020,1,0.455,-0.119,0.869,7.90,-2.30,0.70,34.00,4.80,-24.10,-5.52,-28.56,-14.16,0.959,-0.077,-0.239,-0.131,,,,,,,,,,,,,,,,,,,,,,,,,,,,,,,,,,,,,,,,,,,,,,,,,,,,,,,,,,,,,,,,,,,,,,,,,,,,,,,,,,,,,,,,,,,,,,,,,,,,,,,,,,,,,,,,,,,,,,,,,,,,,,,,,,,,,,,,,,,,,,,,,,,,,,,,,,,,,,,,,,,,,,,,,,,,,,,,,,,,,,,,,,,,,,,,,,,,,,,,,,,,,,,,,,,,,,,,,,,,,,,,,,,,,,,,,,,,,,
1784901940,0,0.008,0.030,1.006,-1.10,-0.30,0.00,38.80,15.10,-3.70,-0.16,-1.26,-2.28,1.000,-0.002,-0.011,-0.020,1,0.462,-0.099,0.892,12.00,-0.10,1.30,34.00,4.80,-24.10,-5.52,-28.56,-14.15,0.959,-0.077,-0.239,-0.131,,,,,,,,,,,,,,,,,,,,,,,,,,,,,,,,,,,,,,,,,,,,,,,,,,,,,,,,,,,,,,,,,,,,,,,,,,,,,,,,,,,,,,,,,,,,,,,,,,,,,,,,,,,,,,,,,,,,,,,,,,,,,,,,,,,,,,,,,,,,,,,,,,,,,,,,,,,,,,,,,,,,,,,,,,,,,,,,,,,,,,,,,,,,,,,,,,,,,,,,,,,,,,,,,,,,,,,,,,,,,,,,,,,,,,,,,,,,,,
1784901940,0,0.020,-0.012,0.991,-0.90,-0.20,0.00,38.80,15.10,-3.70,-0.16,-1.26,-2.28,1.000,-0.002,-0.011,-0.020,1,0.454,-0.099,0.896,16.30,1.60,1.30,34.00,4.80,-24.10,-5.52,-28.56,-14.15,0.959,-0.077,-0.239,-0.131,,,,,,,,,,,,,,,,,,,,,,,,,,,,,,,,,,,,,,,,,,,,,,,,,,,,,,,,,,,,,,,,,,,,,,,,,,,,,,,,,,,,,,,,,,,,,,,,,,,,,,,,,,,,,,,,,,,,,,,,,,,,,,,,,,,,,,,,,,,,,,,,,,,,,,,,,,,,,,,,,,,,,,,,,,,,,,,,,,,,,,,,,,,,,,,,,,,,,,,,,,,,,,,,,,,,,,,,,,,,,,,,,,,,,,,,,,,,,,
1784901940,0,0.020,0.022,1.002,-0.60,0.00,0.10,38.80,15.10,-3.70,-0.16,-1.26,-2.28,1.000,-0.002,-0.011,-0.020,1,0.462,-0.107,0.888,20.80,2.90,1.30,34.00,4.80,-24.10,-5.52,-28.56,-14.15,0.959,-0.077,-0.239,-0.131,,,,,,,,,,,,,,,,,,,,,,,,,,,,,,,,,,,,,,,,,,,,,,,,,,,,,,,,,,,,,,,,,,,,,,,,,,,,,,,,,,,,,,,,,,,,,,,,,,,,,,,,,,,,,,,,,,,,,,,,,,,,,,,,,,,,,,,,,,,,,,,,,,,,,,,,,,,,,,,,,,,,,,,,,,,,,,,,,,,,,,,,,,,,,,,,,,,,,,,,,,,,,,,,,,,,,,,,,,,,,,,,,,,,,,,,,,,,,,
1784901940,0,0.015,0.078,0.998,-0.10,0.10,0.10,38.70,17.40,-1.30,-0.17,-1.26,-2.28,1.000,-0.002,-0.011,-0.020,1,0.466,-0.103,0.896,25.40,3.80,1.60,34.00,4.80,-24.10,-5.34,-28.54,-14.14,0.959,-0.075,-0.239,-0.131,,,,,,,,,,,,,,,,,,,,,,,,,,,,,,,,,,,,,,,,,,,,,,,,,,,,,,,,,,,,,,,,,,,,,,,,,,,,,,,,,,,,,,,,,,,,,,,,,,,,,,,,,,,,,,,,,,,,,,,,,,,,,,,,,,,,,,,,,,,,,,,,,,,,,,,,,,,,,,,,,,,,,,,,,,,,,,,,,,,,,,,,,,,,,,,,,,,,,,,,,,,,,,,,,,,,,,,,,,,,,,,,,,,,,,,,,,,,,,
1784901940,0,0.046,0.109,1.005,-0.10,0.20,0.00,38.70,17.40,-1.30,-0.16,-1.26,-2.28,1.000,-0.002,-0.011,-0.020,1,0.462,-0.088,0.919,30.00,4.50,2.60,34.00,4.80,-24.10,-5.34,-28.54,-14.14,0.959,-0.075,-0.239,-0.131,,,,,,,,,,,,,,,,,,,,,,,,,,,,,,,,,,,,,,,,,,,,,,,,,,,,,,,,,,,,,,,,,,,,,,,,,,,,,,,,,,,,,,,,,,,,,,,,,,,,,,,,,,,,,,,,,,,,,,,,,,,,,,,,,,,,,,,,,,,,,,,,,,,,,,,,,,,,,,,,,,,,,,,,,,,,,,,,,,,,,,,,,,,,,,,,,,,,,,,,,,,,,,,,,,,,,,,,,,,,,,,,,,,,,,,,,,,,,,
1784901940,0,0.034,0.137,0.997,-0.40,0.10,-1.00,38.70,17.40,-1.30,-0.16,-1.26,-2.28,1.000,-0.002,-0.011,-0.020,1,0.462,-0.092,0.919,34.20,5.20,4.10,34.00,4.80,-24.10,-5.34,-28.54,-14.14,0.959,-0.075,-0.239,-0.131,,,,,,,,,,,,,,,,,,,,,,,,,,,,,,,,,,,,,,,,,,,,,,,,,,,,,,,,,,,,,,,,,,,,,,,,,,,,,,,,,,,,,,,,,,,,,,,,,,,,,,,,,,,,,,,,,,,,,,,,,,,,,,,,,,,,,,,,,,,,,,,,,,,,,,,,,,,,,,,,,,,,,,,,,,,,,,,,,,,,,,,,,,,,,,,,,,,,,,,,,,,,,,,,,,,,,,,,,,,,,,,,,,,,,,,,,,,,,,
1784901940,0,0.050,0.105,1.001,-0.90,0.00,-3.50,38.70,17.40,-1.30,-0.16,-1.26,-2.28,1.000,-0.002,-0.011,-0.020,1,0.470,-0.103,0.880,37.70,5.80,5.60,34.00,4.80,-24.10,-5.34,-28.54,-14.14,0.959,-0.075,-0.239,-0.131,,,,,,,,,,,,,,,,,,,,,,,,,,,,,,,,,,,,,,,,,,,,,,,,,,,,,,,,,,,,,,,,,,,,,,,,,,,,,,,,,,,,,,,,,,,,,,,,,,,,,,,,,,,,,,,,,,,,,,,,,,,,,,,,,,,,,,,,,,,,,,,,,,,,,,,,,,,,,,,,,,,,,,,,,,,,,,,,,,,,,,,,,,,,,,,,,,,,,,,,,,,,,,,,,,,,,,,,,,,,,,,,,,,,,,,,,,,,,,
1784901940,0,0.044,-0.020,1.001,-1.30,-0.20,-7.80,38.80,18.50,-1.50,-0.16,-1.26,-2.31,1.000,-0.002,-0.011,-0.020,1,0.426,-0.110,0.931,40.80,6.50,7.10,33.70,5.40,-26.30,-5.01,-28.48,-14.09,0.960,-0.072,-0.239,-0.129,,,,,,,,,,,,,,,,,,,,,,,,,,,,,,,,,,,,,,,,,,,,,,,,,,,,,,,,,,,,,,,,,,,,,,,,,,,,,,,,,,,,,,,,,,,,,,,,,,,,,,,,,,,,,,,,,,,,,,,,,,,,,,,,,,,,,,,,,,,,,,,,,,,,,,,,,,,,,,,,,,,,,,,,,,,,,,,,,,,,,,,,,,,,,,,,,,,,,,,,,,,,,,,,,,,,,,,,,,,,,,,,,,,,,,,,,,,,,,
1784901940,0,0.039,-0.008,0.998,-1.70,-0.30,-13.40,38.80,18.50,-1.50,-0.14,-1.26,-2.31,1.000,-0.001,-0.011,-0.020,1,0.406,-0.118,0.947,43.70,7.10,8.50,33.70,5.40,-26.30,-5.01,-28.48,-14.09,0.960,-0.072,-0.239,-0.129,,,,,,,,,,,,,,,,,,,,,,,,,,,,,,,,,,,,,,,,,,,,,,,,,,,,,,,,,,,,,,,,,,,,,,,,,,,,,,,,,,,,,,,,,,,,,,,,,,,,,,,,,,,,,,,,,,,,,,,,,,,,,,,,,,,,,,,,,,,,,,,,,,,,,,,,,,,,,,,,,,,,,,,,,,,,,,,,,,,,,,,,,,,,,,,,,,,,,,,,,,,,,,,,,,,,,,,,,,,,,,,,,,,,,,,,,,,,,,
1784901940,0,0.031,0.011,0.998,-2.10,-0.40,-18.90,38.80,18.50,-1.50,-0.14,-1.26,-2.31,1.000,-0.001,-0.011,-0.020,1,0.407,-0.102,0.939,46.10,7.50,9.70,33.70,5.40,-26.30,-5.01,-28.48,-14.09,0.960,-0.072,-0.239,-0.129,,,,,,,,,,,,,,,,,,,,,,,,,,,,,,,,,,,,,,,,,,,,,,,,,,,,,,,,,,,,,,,,,,,,,,,,,,,,,,,,,,,,,,,,,,,,,,,,,,,,,,,,,,,,,,,,,,,,,,,,,,,,,,,,,,,,,,,,,,,,,,,,,,,,,,,,,,,,,,,,,,,,,,,,,,,,,,,,,,,,,,,,,,,,,,,,,,,,,,,,,,,,,,,,,,,,,,,,,,,,,,,,,,,,,,,,,,,,,,
1784901940,0,0.040,-0.063,1.002,-2.30,-0.40,-22.70,38.80,18.50,-1.50,-0.14,-1.26,-2.31,1.000,-0.001,-0.011,-0.020,1,0.419,-0.091,0.920,46.80,6.90,9.80,33.70,5.40,-26.30,-5.01,-28.48,-14.09,0.960,-0.072,-0.239,-0.129,,,,,,,,,,,,,,,,,,,,,,,,,,,,,,,,,,,,,,,,,,,,,,,,,,,,,,,,,,,,,,,,,,,,,,,,,,,,,,,,,,,,,,,,,,,,,,,,,,,,,,,,,,,,,,,,,,,,,,,,,,,,,,,,,,,,,,,,,,,,,,,,,,,,,,,,,,,,,,,,,,,,,,,,,,,,,,,,,,,,,,,,,,,,,,,,,,,,,,,,,,,,,,,,,,,,,,,,,,,,,,,,,,,,,,,,,,,,,,
1784901940,0,-0.017,-0.099,0.996,-2.40,-0.20,-23.90,38.60,19.60,-1.30,-0.16,-1.27,-2.51,1.000,-0.002,-0.011,-0.022,1,0.450,-0.099,0.888,45.00,5.00,8.80,33.60,5.30,-26.10,-4.60,-28.40,-13.99,0.960,-0.068,-0.239,-0.128,,,,,,,,,,,,,,,,,,,,,,,,,,,,,,,,,,,,,,,,,,,,,,,,,,,,,,,,,,,,,,,,,,,,,,,,,,,,,,,,,,,,,,,,,,,,,,,,,,,,,,,,,,,,,,,,,,,,,,,,,,,,,,,,,,,,,,,,,,,,,,,,,,,,,,,,,,,,,,,,,,,,,,,,,,,,,,,,,,,,,,,,,,,,,,,,,,,,,,,,,,,,,,,,,,,,,,,,,,,,,,,,,,,,,,,,,,,,,,
1784901940,0,-0.044,-0.095,1.005,-2.20,-0.10,-23.20,38.60,19.60,-1.30,-0.17,-1.27,-2.51,1.000,-0.002,-0.011,-0.022,1,0.458,-0.103,0.873,40.50,2.10,6.60,33.60,5.30,-26.10,-4.61,-28.40,-13.99,0.960,-0.069,-0.239,-0.128,,,,,,,,,,,,,,,,,,,,,,,,,,,,,,,,,,,,,,,,,,,,,,,,,,,,,,,,,,,,,,,,,,,,,,,,,,,,,,,,,,,,,,,,,,,,,,,,,,,,,,,,,,,,,,,,,,,,,,,,,,,,,,,,,,,,,,,,,,,,,,,,,,,,,,,,,,,,,,,,,,,,,,,,,,,,,,,,,,,,,,,,,,,,,,,,,,,,,,,,,,,,,,,,,,,,,,,,,,,,,,,,,,,,,,,,,,,,,,
1784901940,0,-0.025,-0.087,1.000,-1.80,0.00,-21.00,38.60,19.60,-1.30,-0.17,-1.27,-2.51,1.000,-0.002,-0.011,-0.022,1,0.458,-0.111,0.869,33.30,-1.10,3.30,33.60,5.30,-26.10,-4.61,-28.40,-13.99,0.960,-0.069,-0.239,-0.128,,,,,,,,,,,,,,,,,,,,,,,,,,,,,,,,,,,,,,,,,,,,,,,,,,,,,,,,,,,,,,,,,,,,,,,,,,,,,,,,,,,,,,,,,,,,,,,,,,,,,,,,,,,,,,,,,,,,,,,,,,,,,,,,,,,,,,,,,,,,,,,,,,,,,,,,,,,,,,,,,,,,,,,,,,,,,,,,,,,,,,,,,,,,,,,,,,,,,,,,,,,,,,,,,,,,,,,,,,,,,,,,,,,,,,,,,,,,,,
1784901940,0,-0.017,-0.079,1.004,-1.30,0.00,-17.80,38.60,19.60,-1.30,-0.17,-1.27,-2.51,1.000,-0.002,-0.011,-0.022,1,0.446,-0.126,0.884,24.10,-4.50,-0.50,33.60,5.30,-26.10,-4.61,-28.40,-13.99,0.960,-0.069,-0.239,-0.128,,,,,,,,,,,,,,,,,,,,,,,,,,,,,,,,,,,,,,,,,,,,,,,,,,,,,,,,,,,,,,,,,,,,,,,,,,,,,,,,,,,,,,,,,,,,,,,,,,,,,,,,,,,,,,,,,,,,,,,,,,,,,,,,,,,,,,,,,,,,,,,,,,,,,,,,,,,,,,,,,,,,,,,,,,,,,,,,,,,,,,,,,,,,,,,,,,,,,,,,,,,,,,,,,,,,,,,,,,,,,,,,,,,,,,,,,,,,,,
1784901940,0,0.001,-0.048,0.999,-0.60,0.00,-13.50,38.70,19.60,-1.10,-0.18,-1.27,-2.70,1.000,-0.002,-0.011,-0.024,1,0.442,-0.130,0.892,14.50,-7.40,-4.70,33.50,5.40,-26.40,-4.33,-28.42,-13.97,0.960,-0.066,-0.239,-0.127,,,,,,,,,,,,,,,,,,,,,,,,,,,,,,,,,,,,,,,,,,,,,,,,,,,,,,,,,,,,,,,,,,,,,,,,,,,,,,,,,,,,,,,,,,,,,,,,,,,,,,,,,,,,,,,,,,,,,,,,,,,,,,,,,,,,,,,,,,,,,,,,,,,,,,,,,,,,,,,,,,,,,,,,,,,,,,,,,,,,,,,,,,,,,,,,,,,,,,,,,,,,,,,,,,,,,,,,,,,,,,,,,,,,,,,,,,,,,,
1784901940,0,0.012,-0.012,0.999,0.00,0.10,-8.80,38.70,19.60,-1.10,-0.20,-1.26,-2.70,1.000,-0.002,-0.011,-0.024,1,0.431,-0.146,0.896,5.90,-9.90,-8.80,33.50,5.40,-26.40,-4.34,-28.42,-13.97,0.960,-0.066,-0.239,-0.127,,,,,,,,,,,,,,,,,,,,,,,,,,,,,,,,,,,,,,,,,,,,,,,,,,,,,,,,,,,,,,,,,,,,,,,,,,,,,,,,,,,,,,,,,,,,,,,,,,,,,,,,,,,,,,,,,,,,,,,,,,,,,,,,,,,,,,,,,,,,,,,,,,,,,,,,,,,,,,,,,,,,,,,,,,,,,,,,,,,,,,,,,,,,,,,,,,,,,,,,,,,,,,,,,,,,,,,,,,,,,,,,,,,,,,,,,,,,,,
1784901940,0,0.016,-0.008,0.998,0.60,0.10,-4.60,38.70,19.60,-1.10,-0.20,-1.26,-2.70,1.000,-0.002,-0.011,-0.024,1,0.419,-0.142,0.904,0.00,-11.60,-12.30,33.50,5.40,-26.40,-4.34,-28.42,-13.97,0.960,-0.066,-0.239,-0.127,,,,,,,,,,,,,,,,,,,,,,,,,,,,,,,,,,,,,,,,,,,,,,,,,,,,,,,,,,,,,,,,,,,,,,,,,,,,,,,,,,,,,,,,,,,,,,,,,,,,,,,,,,,,,,,,,,,,,,,,,,,,,,,,,,,,,,,,,,,,,,,,,,,,,,,,,,,,,,,,,,,,,,,,,,,,,,,,,,,,,,,,,,,,,,,,,,,,,,,,,,,,,,,,,,,,,,,,,,,,,,,,,,,,,,,,,,,,,,
1784901940,0,0.024,-0.004,1.002,1.40,0.10,-1.40,38.70,19.60,-1.10,-0.20,-1.26,-2.70,1.000,-0.002,-0.011,-0.024,1,0.407,-0.149,0.916,-2.30,-12.90,-14.60,33.50,5.40,-26.40,-4.34,-28.42,-13.97,0.960,-0.066,-0.239,-0.127,,,,,,,,,,,,,,,,,,,,,,,,,,,,,,,,,,,,,,,,,,,,,,,,,,,,,,,,,,,,,,,,,,,,,,,,,,,,,,,,,,,,,,,,,,,,,,,,,,,,,,,,,,,,,,,,,,,,,,,,,,,,,,,,,,,,,,,,,,,,,,,,,,,,,,,,,,,,,,,,,,,,,,,,,,,,,,,,,,,,,,,,,,,,,,,,,,,,,,,,,,,,,,,,,,,,,,,,,,,,,,,,,,,,,,,,,,,,,,
1784901940,0,0.016,0.000,1.002,1.90,0.20,0.20,38.70,19.60,-1.10,-0.19,-1.26,-2.73,1.000,-0.002,-0.011,-0.024,1,0.395,-0.145,0.931,-1.10,-13.80,-15.90,33.30,5.60,-25.40,-4.27,-28.55,-14.11,0.960,-0.066,-0.240,-0.128,,,,,,,,,,,,,,,,,,,,,,,,,,,,,,,,,,,,,,,,,,,,,,,,,,,,,,,,,,,,,,,,,,,,,,,,,,,,,,,,,,,,,,,,,,,,,,,,,,,,,,,,,,,,,,,,,,,,,,,,,,,,,,,,,,,,,,,,,,,,,,,,,,,,,,,,,,,,,,,,,,,,,,,,,,,,,,,,,,,,,,,,,,,,,,,,,,,,,,,,,,,,,,,,,,,,,,,,,,,,,,,,,,,,,,,,,,,,,,
1784901940,0,0.020,0.000,1.006,2.30,0.20,0.80,38.70,19.60,-1.10,-0.19,-1.26,-2.73,1.000,-0.002,-0.011,-0.024,1,0.403,-0.145,0.935,2.70,-14.40,-16.00,33.30,5.60,-25.40,-4.28,-28.54,-14.10,0.960,-0.066,-0.240,-0.128,,,,,,,,,,,,,,,,,,,,,,,,,,,,,,,,,,,,,,,,,,,,,,,,,,,,,,,,,,,,,,,,,,,,,,,,,,,,,,,,,,,,,,,,,,,,,,,,,,,,,,,,,,,,,,,,,,,,,,,,,,,,,,,,,,,,,,,,,,,,,,,,,,,,,,,,,,,,,,,,,,,,,,,,,,,,,,,,,,,,,,,,,,,,,,,,,,,,,,,,,,,,,,,,,,,,,,,,,,,,,,,,,,,,,,,,,,,,,,
1784901940,0,0.020,-0.012,1.002,2.30,0.20,0.80,38.70,19.60,-1.10,-0.19,-1.26,-2.73,1.000,-0.002,-0.011,-0.024,1,0.410,-0.165,0.947,8.10,-14.70,-15.20,33.30,5.60,-25.40,-4.28,-28.54,-14.10,0.960,-0.066,-0.240,-0.128,,,,,,,,,,,,,,,,,,,,,,,,,,,,,,,,,,,,,,,,,,,,,,,,,,,,,,,,,,,,,,,,,,,,,,,,,,,,,,,,,,,,,,,,,,,,,,,,,,,,,,,,,,,,,,,,,,,,,,,,,,,,,,,,,,,,,,,,,,,,,,,,,,,,,,,,,,,,,,,,,,,,,,,,,,,,,,,,,,,,,,,,,,,,,,,,,,,,,,,,,,,,,,,,,,,,,,,,,,,,,,,,,,,,,,,,,,,,,,
1784901940,0,0.024,-0.004,1.002,2.20,0.00,0.60,38.70,19.60,-1.10,-0.19,-1.26,-2.73,1.000,-0.002,-0.011,-0.024,1,0.422,-0.165,0.951,13.20,-14.20,-13.00,33.30,5.60,-25.40,-4.28,-28.54,-14.10,0.960,-0.066,-0.240,-0.128,,,,,,,,,,,,,,,,,,,,,,,,,,,,,,,,,,,,,,,,,,,,,,,,,,,,,,,,,,,,,,,,,,,,,,,,,,,,,,,,,,,,,,,,,,,,,,,,,,,,,,,,,,,,,,,,,,,,,,,,,,,,,,,,,,,,,,,,,,,,,,,,,,,,,,,,,,,,,,,,,,,,,,,,,,,,,,,,,,,,,,,,,,,,,,,,,,,,,,,,,,,,,,,,,,,,,,,,,,,,,,,,,,,,,,,,,,,,,,
1784901940,0,0.032,-0.036,1.002,2.00,0.00,0.30,38.60,17.60,-1.50,-0.16,-1.25,-2.73,1.000,-0.002,-0.011,-0.024,1,0.441,-0.158,0.954,16.40,-13.00,-9.60,33.30,5.60,-25.40,-4.11,-28.69,-14.24,0.960,-0.065,-0.241,-0.129,,,,,,,,,,,,,,,,,,,,,,,,,,,,,,,,,,,,,,,,,,,,,,,,,,,,,,,,,,,,,,,,,,,,,,,,,,,,,,,,,,,,,,,,,,,,,,,,,,,,,,,,,,,,,,,,,,,,,,,,,,,,,,,,,,,,,,,,,,,,,,,,,,,,,,,,,,,,,,,,,,,,,,,,,,,,,,,,,,,,,,,,,,,,,,,,,,,,,,,,,,,,,,,,,,,,,,,,,,,,,,,,,,,,,,,,,,,,,,
1784901940,0,0.004,-0.012,1.003,1.90,0.00,0.30,38.60,17.60,-1.50,-0.17,-1.25,-2.73,1.000,-0.002,-0.011,-0.024,1,0.441,-0.162,0.958,17.30,-10.80,-5.40,33.30,5.60,-25.40,-4.12,-28.68,-14.24,0.960,-0.065,-0.241,-0.129,,,,,,,,,,,,,,,,,,,,,,,,,,,,,,,,,,,,,,,,,,,,,,,,,,,,,,,,,,,,,,,,,,,,,,,,,,,,,,,,,,,,,,,,,,,,,,,,,,,,,,,,,,,,,,,,,,,,,,,,,,,,,,,,,,,,,,,,,,,,,,,,,,,,,,,,,,,,,,,,,,,,,,,,,,,,,,,,,,,,,,,,,,,,,,,,,,,,,,,,,,,,,,,,,,,,,,,,,,,,,,,,,,,,,,,,,,,,,,
1784901940,0,0.012,0.007,0.999,1.90,0.00,0.60,38.60,17.60,-1.50,-0.17,-1.25,-2.73,1.000,-0.002,-0.011,-0.024,1,0.457,-0.162,0.935,16.40,-8.10,-1.70,33.30,5.60,-25.40,-4.12,-28.68,-14.24,0.960,-0.065,-0.241,-0.129,,,,,,,,,,,,,,,,,,,,,,,,,,,,,,,,,,,,,,,,,,,,,,,,,,,,,,,,,,,,,,,,,,,,,,,,,,,,,,,,,,,,,,,,,,,,,,,,,,,,,,,,,,,,,,,,,,,,,,,,,,,,,,,,,,,,,,,,,,,,,,,,,,,,,,,,,,,,,,,,,,,,,,,,,,,,,,,,,,,,,,,,,,,,,,,,,,,,,,,,,,,,,,,,,,,,,,,,,,,,,,,,,,,,,,,,,,,,,,
1784901940,0,0.024,-0.016,1.006,1.80,0.00,0.90,38.60,17.60,-1.50,-0.17,-1.25,-2.73,1.000,-0.002,-0.011,-0.024,1,0.465,-0.162,0.923,14.30,-5.40,0.60,33.30,5.60,-25.40,-4.12,-28.68,-14.24,0.960,-0.065,-0.241,-0.129,,,,,,,,,,,,,,,,,,,,,,,,,,,,,,,,,,,,,,,,,,,,,,,,,,,,,,,,,,,,,,,,,,,,,,,,,,,,,,,,,,,,,,,,,,,,,,,,,,,,,,,,,,,,,,,,,,,,,,,,,,,,,,,,,,,,,,,,,,,,,,,,,,,,,,,,,,,,,,,,,,,,,,,,,,,,,,,,,,,,,,,,,,,,,,,,,,,,,,,,,,,,,,,,,,,,,,,,,,,,,,,,,,,,,,,,,,,,,,
1784901940,0,0.012,-0.032,1.003,1.70,0.00,1.00,38.60,17.60,-1.50,-0.15,-1.25,-2.72,1.000,-0.002,-0.011,-0.024,1,0.465,-0.174,0.927,11.60,-3.30,1.60,33.10,4.80,-23.00,-3.97,-28.75,-14.24,0.960,-0.064,-0.242,-0.129,,,,,,,,,,,,,,,,,,,,,,,,,,,,,,,,,,,,,,,,,,,,,,,,,,,,,,,,,,,,,,,,,,,,,,,,,,,,,,,,,,,,,,,,,,,,,,,,,,,,,,,,,,,,,,,,,,,,,,,,,,,,,,,,,,,,,,,,,,,,,,,,,,,,,,,,,,,,,,,,,,,,,,,,,,,,,,,,,,,,,,,,,,,,,,,,,,,,,,,,,,,,,,,,,,,,,,,,,,,,,,,,,,,,,,,,,,,,,,
1784901940,0,0.024,-0.036,1.002,1.60,0.00,0.70,38.60,17.60,-1.50,-0.15,-1.25,-2.72,1.000,-0.002,-0.011,-0.024,1,0.497,-0.167,0.896,8.40,-2.00,1.80,33.10,4.80,-23.00,-3.98,-28.75,-14.24,0.960,-0.064,-0.242,-0.129,,,,,,,,,,,,,,,,,,,,,,,,,,,,,,,,,,,,,,,,,,,,,,,,,,,,,,,,,,,,,,,,,,,,,,,,,,,,,,,,,,,,,,,,,,,,,,,,,,,,,,,,,,,,,,,,,,,,,,,,,,,,,,,,,,,,,,,,,,,,,,,,,,,,,,,,,,,,,,,,,,,,,,,,,,,,,,,,,,,,,,,,,,,,,,,,,,,,,,,,,,,,,,,,,,,,,,,,,,,,,,,,,,,,,,,,,,,,,,
1784901940,0,0.012,-0.032,1.003,1.60,0.10,0.20,38.60,17.60,-1.50,-0.15,-1.25,-2.72,1.000,-0.002,-0.011,-0.024,1,0.497,-0.167,0.884,4.80,-1.70,1.50,33.10,4.80,-23.00,-3.98,-28.75,-14.24,0.960,-0.064,-0.242,-0.129,,,,,,,,,,,,,,,,,,,,,,,,,,,,,,,,,,,,,,,,,,,,,,,,,,,,,,,,,,,,,,,,,,,,,,,,,,,,,,,,,,,,,,,,,,,,,,,,,,,,,,,,,,,,,,,,,,,,,,,,,,,,,,,,,,,,,,,,,,,,,,,,,,,,,,,,,,,,,,,,,,,,,,,,,,,,,,,,,,,,,,,,,,,,,,,,,,,,,,,,,,,,,,,,,,,,,,,,,,,,,,,,,,,,,,,,,,,,,,
1784901940,0,0.009,-0.055,1.007,1.70,0.10,-0.20,38.60,17.60,-1.50,-0.15,-1.25,-2.72,1.000,-0.002,-0.011,-0.024,1,0.482,-0.155,0.880,1.50,-2.60,0.70,33.10,4.80,-23.00,-3.98,-28.75,-14.24,0.960,-0.064,-0.242,-0.129,,,,,,,,,,,,,,,,,,,,,,,,,,,,,,,,,,,,,,,,,,,,,,,,,,,,,,,,,,,,,,,,,,,,,,,,,,,,,,,,,,,,,,,,,,,,,,,,,,,,,,,,,,,,,,,,,,,,,,,,,,,,,,,,,,,,,,,,,,,,,,,,,,,,,,,,,,,,,,,,,,,,,,,,,,,,,,,,,,,,,,,,,,,,,,,,,,,,,,,,,,,,,,,,,,,,,,,,,,,,,,,,,,,,,,,,,,,,,,
1784901940,0,0.051,0.015,0.997,1.80,0.10,-0.60,38.60,17.60,-1.50,-0.13,-1.25,-2.72,1.000,-0.001,-0.011,-0.024,1,0.474,-0.143,0.873,-1.00,-4.30,-0.20,33.10,4.80,-23.30,-3.96,-28.77,-14.22,0.960,-0.064,-0.242,-0.128,,,,,,,,,,,,,,,,,,,,,,,,,,,,,,,,,,,,,,,,,,,,,,,,,,,,,,,,,,,,,,,,,,,,,,,,,,,,,,,,,,,,,,,,,,,,,,,,,,,,,,,,,,,,,,,,,,,,,,,,,,,,,,,,,,,,,,,,,,,,,,,,,,,,,,,,,,,,,,,,,,,,,,,,,,,,,,,,,,,,,,,,,,,,,,,,,,,,,,,,,,,,,,,,,,,,,,,,,,,,,,,,,,,,,,,,,,,,,,
1784901940,0,0.041,0.176,1.001,1.90,0.10,-1.30,38.60,17.60,-1.50,-0.14,-1.25,-2.72,1.000,-0.001,-0.011,-0.024,1,0.462,-0.107,0.881,-3.20,-6.00,-1.30,33.10,4.80,-23.30,-3.97,-28.77,-14.22,0.960,-0.064,-0.242,-0.128,,,,,,,,,,,,,,,,,,,,,,,,,,,,,,,,,,,,,,,,,,,,,,,,,,,,,,,,,,,,,,,,,,,,,,,,,,,,,,,,,,,,,,,,,,,,,,,,,,,,,,,,,,,,,,,,,,,,,,,,,,,,,,,,,,,,,,,,,,,,,,,,,,,,,,,,,,,,,,,,,,,,,,,,,,,,,,,,,,,,,,,,,,,,,,,,,,,,,,,,,,,,,,,,,,,,,,,,,,,,,,,,,,,,,,,,,,,,,,
1784901940,0,0.015,0.042,0.998,1.50,0.10,-2.20,38.60,17.60,-1.50,-0.14,-1.25,-2.72,1.000,-0.001,-0.011,-0.024,1,0.454,-0.099,0.877,-5.50,-7.00,-2.30,33.10,4.80,-23.30,-3.97,-28.77,-14.22,0.960,-0.064,-0.242,-0.128,,,,,,,,,,,,,,,,,,,,,,,,,,,,,,,,,,,,,,,,,,,,,,,,,,,,,,,,,,,,,,,,,,,,,,,,,,,,,,,,,,,,,,,,,,,,,,,,,,,,,,,,,,,,,,,,,,,,,,,,,,,,,,,,,,,,,,,,,,,,,,,,,,,,,,,,,,,,,,,,,,,,,,,,,,,,,,,,,,,,,,,,,,,,,,,,,,,,,,,,,,,,,,,,,,,,,,,,,,,,,,,,,,,,,,,,,,,,,,
1784901940,0,0.024,-0.008,1.002,0.90,0.10,-2.50,38.60,17.60,-1.50,-0.14,-1.25,-2.72,1.000,-0.001,-0.011,-0.024,1,0.447,-0.091,0.873,-8.30,-7.00,-3.20,33.10,4.80,-23.30,-3.97,-28.77,-14.22,0.960,-0.064,-0.242,-0.128,,,,,,,,,,,,,,,,,,,,,,,,,,,,,,,,,,,,,,,,,,,,,,,,,,,,,,,,,,,,,,,,,,,,,,,,,,,,,,,,,,,,,,,,,,,,,,,,,,,,,,,,,,,,,,,,,,,,,,,,,,,,,,,,,,,,,,,,,,,,,,,,,,,,,,,,,,,,,,,,,,,,,,,,,,,,,,,,,,,,,,,,,,,,,,,,,,,,,,,,,,,,,,,,,,,,,,,,,,,,,,,,,,,,,,,,,,,,,,
1784901940,0,0.020,0.003,0.994,0.10,0.10,-1.70,38.60,17.60,-1.50,-0.13,-1.25,-2.74,1.000,-0.001,-0.011,-0.024,1,0.443,-0.087,0.861,-11.50,-6.10,-3.90,32.70,4.50,-25.50,-4.03,-28.84,-14.24,0.959,-0.065,-0.243,-0.129,,,,,,,,,,,,,,,,,,,,,,,,,,,,,,,,,,,,,,,,,,,,,,,,,,,,,,,,,,,,,,,,,,,,,,,,,,,,,,,,,,,,,,,,,,,,,,,,,,,,,,,,,,,,,,,,,,,,,,,,,,,,,,,,,,,,,,,,,,,,,,,,,,,,,,,,,,,,,,,,,,,,,,,,,,,,,,,,,,,,,,,,,,,,,,,,,,,,,,,,,,,,,,,,,,,,,,,,,,,,,,,,,,,,,,,,,,,,,,
1784901940,0,0.020,0.003,1.006,-0.20,0.20,-0.50,38.60,17.60,-1.50,-0.11,-1.25,-2.74,1.000,-0.001,-0.011,-0.024,1,0.428,-0.087,0.854,-14.80,-4.70,-4.40,32.70,4.50,-25.50,-4.03,-28.84,-14.24,0.959,-0.065,-0.243,-0.129,,,,,,,,,,,,,,,,,,,,,,,,,,,,,,,,,,,,,,,,,,,,,,,,,,,,,,,,,,,,,,,,,,,,,,,,,,,,,,,,,,,,,,,,,,,,,,,,,,,,,,,,,,,,,,,,,,,,,,,,,,,,,,,,,,,,,,,,,,,,,,,,,,,,,,,,,,,,,,,,,,,,,,,,,,,,,,,,,,,,,,,,,,,,,,,,,,,,,,,,,,,,,,,,,,,,,,,,,,,,,,,,,,,,,,,,,,,,,,
1784901940,0,0.024,0.003,1.006,-0.40,0.20,0.40,38.60,17.60,-1.50,-0.11,-1.25,-2.74,1.000,-0.001,-0.011,-0.024,1,0.431,-0.095,0.853,-17.50,-3.40,-4.60,32.70,4.50,-25.50,-4.03,-28.84,-14.24,0.959,-0.065,-0.243,-0.129,,,,,,,,,,,,,,,,,,,,,,,,,,,,,,,,,,,,,,,,,,,,,,,,,,,,,,,,,,,,,,,,,,,,,,,,,,,,,,,,,,,,,,,,,,,,,,,,,,,,,,,,,,,,,,,,,,,,,,,,,,,,,,,,,,,,,,,,,,,,,,,,,,,,,,,,,,,,,,,,,,,,,,,,,,,,,,,,,,,,,,,,,,,,,,,,,,,,,,,,,,,,,,,,,,,,,,,,,,,,,,,,,,,,,,,,,,,,,,
1784901940,0,0.020,-0.004,0.994,-0.50,0.10,1.00,38.60,17.60,-1.50,-0.11,-1.25,-2.74,1.000,-0.001,-0.011,-0.024,1,0.432,-0.095,0.842,-19.00,-2.70,-4.40,32.70,4.50,-25.50,-4.03,-28.84,-14.24,0.959,-0.065,-0.243,-0.129,,,,,,,,,,,,,,,,,,,,,,,,,,,,,,,,,,,,,,,,,,,,,,,,,,,,,,,,,,,,,,,,,,,,,,,,,,,,,,,,,,,,,,,,,,,,,,,,,,,,,,,,,,,,,,,,,,,,,,,,,,,,,,,,,,,,,,,,,,,,,,,,,,,,,,,,,,,,,,,,,,,,,,,,,,,,,,,,,,,,,,,,,,,,,,,,,,,,,,,,,,,,,,,,,,,,,,,,,,,,,,,,,,,,,,,,,,,,,,
1784901940,0,0.012,0.003,1.002,-0.50,0.10,1.20,38.60,17.60,-1.50,-0.12,-1.25,-2.73,1.000,-0.001,-0.011,-0.024,1,0.448,-0.071,0.815,-19.60,-3.00,-3.80,32.90,4.50,-27.70,-4.19,-28.88,-14.29,0.959,-0.066,-0.243,-0.129,,,,,,,,,,,,,,,,,,,,,,,,,,,,,,,,,,,,,,,,,,,,,,,,,,,,,,,,,,,,,,,,,,,,,,,,,,,,,,,,,,,,,,,,,,,,,,,,,,,,,,,,,,,,,,,,,,,,,,,,,,,,,,,,,,,,,,,,,,,,,,,,,,,,,,,,,,,,,,,,,,,,,,,,,,,,,,,,,,,,,,,,,,,,,,,,,,,,,,,,,,,,,,,,,,,,,,,,,,,,,,,,,,,,,,,,,,,,,,
1784901940,0,0.016,-0.004,0.998,-0.50,0.10,1.10,38.60,17.60,-1.50,-0.12,-1.25,-2.73,1.000,-0.001,-0.011,-0.024,1,0.444,-0.063,0.815,-19.70,-4.30,-3.20,32.90,4.50,-27.70,-4.19,-28.88,-14.29,0.959,-0.066,-0.243,-0.129,,,,,,,,,,,,,,,,,,,,,,,,,,,,,,,,,,,,,,,,,,,,,,,,,,,,,,,,,,,,,,,,,,,,,,,,,,,,,,,,,,,,,,,,,,,,,,,,,,,,,,,,,,,,,,,,,,,,,,,,,,,,,,,,,,,,,,,,,,,,,,,,,,,,,,,,,,,,,,,,,,,,,,,,,,,,,,,,,,,,,,,,,,,,,,,,,,,,,,,,,,,,,,,,,,,,,,,,,,,,,,,,,,,,,,,,,,,,,,
1784901940,0,0.020,0.000,1.002,-0.40,0.10,0.90,38.60,17.60,-1.50,-0.12,-1.25,-2.73,1.000,-0.001,-0.011,-0.024,1,0.448,-0.044,0.787,-19.80,-5.80,-3.00,32.90,4.50,-27.70,-4.19,-28.88,-14.29,0.959,-0.066,-0.243,-0.129,,,,,,,,,,,,,,,,,,,,,,,,,,,,,,,,,,,,,,,,,,,,,,,,,,,,,,,,,,,,,,,,,,,,,,,,,,,,,,,,,,,,,,,,,,,,,,,,,,,,,,,,,,,,,,,,,,,,,,,,,,,,,,,,,,,,,,,,,,,,,,,,,,,,,,,,,,,,,,,,,,,,,,,,,,,,,,,,,,,,,,,,,,,,,,,,,,,,,,,,,,,,,,,,,,,,,,,,,,,,,,,,,,,,,,,,,,,,,,
1784901940,0,0.020,0.000,0.998,-0.30,0.10,0.80,38.60,17.60,-1.50,-0.12,-1.25,-2.73,1.000,-0.001,-0.011,-0.024,1,0.453,-0.051,0.764,-20.00,-7.10,-3.50,32.90,4.50,-27.70,-4.19,-28.88,-14.29,0.959,-0.066,-0.243,-0.129,,,,,,,,,,,,,,,,,,,,,,,,,,,,,,,,,,,,,,,,,,,,,,,,,,,,,,,,,,,,,,,,,,,,,,,,,,,,,,,,,,,,,,,,,,,,,,,,,,,,,,,,,,,,,,,,,,,,,,,,,,,,,,,,,,,,,,,,,,,,,,,,,,,,,,,,,,,,,,,,,,,,,,,,,,,,,,,,,,,,,,,,,,,,,,,,,,,,,,,,,,,,,,,,,,,,,,,,,,,,,,,,,,,,,,,,,,,,,,
1784901940,0,0.020,0.000,0.998,-0.30,0.20,0.70,39.60,14.80,-1.40,-0.12,-1.25,-2.72,1.000,-0.001,-0.011,-0.024,1,0.441,-0.016,0.772,-20.30,-8.10,-4.30,32.90,4.50,-27.70,-4.37,-28.94,-14.32,0.959,-0.068,-0.243,-0.130,,,,,,,,,,,,,,,,,,,,,,,,,,,,,,,,,,,,,,,,,,,,,,,,,,,,,,,,,,,,,,,,,,,,,,,,,,,,,,,,,,,,,,,,,,,,,,,,,,,,,,,,,,,,,,,,,,,,,,,,,,,,,,,,,,,,,,,,,,,,,,,,,,,,,,,,,,,,,,,,,,,,,,,,,,,,,,,,,,,,,,,,,,,,,,,,,,,,,,,,,,,,,,,,,,,,,,,,,,,,,,,,,,,,,,,,,,,,,,
1784901940,0,0.016,-0.004,0.998,-0.30,0.20,0.60,39.60,14.80,-1.40,-0.12,-1.25,-2.72,1.000,-0.001,-0.011,-0.024,1,0.444,-0.008,0.795,-20.60,-9.20,-5.00,32.90,4.50,-27.70,-4.37,-28.94,-14.32,0.959,-0.068,-0.243,-0.130,,,,,,,,,,,,,,,,,,,,,,,,,,,,,,,,,,,,,,,,,,,,,,,,,,,,,,,,,,,,,,,,,,,,,,,,,,,,,,,,,,,,,,,,,,,,,,,,,,,,,,,,,,,,,,,,,,,,,,,,,,,,,,,,,,,,,,,,,,,,,,,,,,,,,,,,,,,,,,,,,,,,,,,,,,,,,,,,,,,,,,,,,,,,,,,,,,,,,,,,,,,,,,,,,,,,,,,,,,,,,,,,,,,,,,,,,,,,,,
1784901940,0,0.024,0.000,1.006,-0.30,0.10,0.40,39.60,14.80,-1.40,-0.12,-1.25,-2.72,1.000,-0.001,-0.011,-0.024,1,0.436,-0.008,0.807,-21.10,-10.50,-5.20,32.90,4.50,-27.70,-4.37,-28.94,-14.32,0.959,-0.068,-0.243,-0.130,,,,,,,,,,,,,,,,,,,,,,,,,,,,,,,,,,,,,,,,,,,,,,,,,,,,,,,,,,,,,,,,,,,,,,,,,,,,,,,,,,,,,,,,,,,,,,,,,,,,,,,,,,,,,,,,,,,,,,,,,,,,,,,,,,,,,,,,,,,,,,,,,,,,,,,,,,,,,,,,,,,,,,,,,,,,,,,,,,,,,,,,,,,,,,,,,,,,,,,,,,,,,,,,,,,,,,,,,,,,,,,,,,,,,,,,,,,,,,
1784901940,0,0.024,0.000,1.002,-0.30,0.00,0.40,39.60,14.80,-1.40,-0.12,-1.25,-2.72,1.000,-0.001,-0.011,-0.024,1,0.428,-0.004,0.815,-21.70,-12.00,-5.30,32.90,4.50,-27.70,-4.37,-28.94,-14.32,0.959,-0.068,-0.243,-0.130,,,,,,,,,,,,,,,,,,,,,,,,,,,,,,,,,,,,,,,,,,,,,,,,,,,,,,,,,,,,,,,,,,,,,,,,,,,,,,,,,,,,,,,,,,,,,,,,,,,,,,,,,,,,,,,,,,,,,,,,,,,,,,,,,,,,,,,,,,,,,,,,,,,,,,,,,,,,,,,,,,,,,,,,,,,,,,,,,,,,,,,,,,,,,,,,,,,,,,,,,,,,,,,,,,,,,,,,,,,,,,,,,,,,,,,,,,,,,,
1784901940,0,0.020,0.000,0.994,-0.30,0.00,0.40,39.60,14.80,-1.40,-0.12,-1.24,-2.72,1.000,-0.001,-0.011,-0.024,1,0.416,-0.012,0.865,-22.30,-13.30,-5.50,32.70,5.20,-25.90,-4.56,-29.06,-14.37,0.958,-0.070,-0.244,-0.131,,,,,,,,,,,,,,,,,,,,,,,,,,,,,,,,,,,,,,,,,,,,,,,,,,,,,,,,,,,,,,,,,,,,,,,,,,,,,,,,,,,,,,,,,,,,,,,,,,,,,,,,,,,,,,,,,,,,,,,,,,,,,,,,,,,,,,,,,,,,,,,,,,,,,,,,,,,,,,,,,,,,,,,,,,,,,,,,,,,,,,,,,,,,,,,,,,,,,,,,,,,,,,,,,,,,,,,,,,,,,,,,,,,,,,,,,,,,,,
1784901940,0,0.024,0.003,0.998,-0.30,-0.10,0.50,39.60,14.80,-1.40,-0.12,-1.24,-2.72,1.000,-0.001,-0.011,-0.024,1,0.416,-0.016,0.881,-23.30,-14.40,-5.80,32.70,5.20,-25.90,-4.56,-29.06,-14.37,0.958,-0.070,-0.244,-0.131,,,,,,,,,,,,,,,,,,,,,,,,,,,,,,,,,,,,,,,,,,,,,,,,,,,,,,,,,,,,,,,,,,,,,,,,,,,,,,,,,,,,,,,,,,,,,,,,,,,,,,,,,,,,,,,,,,,,,,,,,,,,,,,,,,,,,,,,,,,,,,,,,,,,,,,,,,,,,,,,,,,,,,,,,,,,,,,,,,,,,,,,,,,,,,,,,,,,,,,,,,,,,,,,,,,,,,,,,,,,,,,,,,,,,,,,,,,,,,
1784901940,0,0.020,0.003,0.998,-0.20,-0.10,0.60,39.60,14.80,-1.40,-0.12,-1.24,-2.72,1.000,-0.001,-0.011,-0.024,1,0.411,-0.020,0.892,-24.70,-15.20,-6.20,32.70,5.20,-25.90,-4.56,-29.06,-14.37,0.958,-0.070,-0.244,-0.131,,,,,,,,,,,,,,,,,,,,,,,,,,,,,,,,,,,,,,,,,,,,,,,,,,,,,,,,,,,,,,,,,,,,,,,,,,,,,,,,,,,,,,,,,,,,,,,,,,,,,,,,,,,,,,,,,,,,,,,,,,,,,,,,,,,,,,,,,,,,,,,,,,,,,,,,,,,,,,,,,,,,,,,,,,,,,,,,,,,,,,,,,,,,,,,,,,,,,,,,,,,,,,,,,,,,,,,,,,,,,,,,,,,,,,,,,,,,,,
1784901940,0,0.020,0.000,0.998,-0.10,-0.10,0.60,39.60,14.80,-1.40,-0.12,-1.24,-2.72,1.000,-0.001,-0.011,-0.024,1,0.423,-0.028,0.900,-26.40,-15.60,-6.90,32.70,5.20,-25.90,-4.56,-29.06,-14.37,0.958,-0.070,-0.244,-0.131,,,,,,,,,,,,,,,,,,,,,,,,,,,,,,,,,,,,,,,,,,,,,,,,,,,,,,,,,,,,,,,,,,,,,,,,,,,,,,,,,,,,,,,,,,,,,,,,,,,,,,,,,,,,,,,,,,,,,,,,,,,,,,,,,,,,,,,,,,,,,,,,,,,,,,,,,,,,,,,,,,,,,,,,,,,,,,,,,,,,,,,,,,,,,,,,,,,,,,,,,,,,,,,,,,,,,,,,,,,,,,,,,,,,,,,,,,,,,,
1784901940,0,0.020,-0.004,0.998,0.00,-0.10,0.40,39.60,14.80,-1.40,-0.13,-1.25,-2.71,1.000,-0.001,-0.011,-0.024,1,0.427,-0.036,0.900,-27.90,-15.80,-8.00,32.90,5.20,-25.40,-4.79,-29.22,-14.44,0.958,-0.072,-0.245,-0.132,,,,,,,,,,,,,,,,,,,,,,,,,,,,,,,,,,,,,,,,,,,,,,,,,,,,,,,,,,,,,,,,,,,,,,,,,,,,,,,,,,,,,,,,,,,,,,,,,,,,,,,,,,,,,,,,,,,,,,,,,,,,,,,,,,,,,,,,,,,,,,,,,,,,,,,,,,,,,,,,,,,,,,,,,,,,,,,,,,,,,,,,,,,,,,,,,,,,,,,,,,,,,,,,,,,,,,,,,,,,,,,,,,,,,,,,,,,,,,
1784901940,0,0.024,-0.004,1.006,0.00,-0.10,0.30,39.60,14.80,-1.40,-0.13,-1.25,-2.71,1.000,-0.001,-0.011,-0.024,1,0.435,-0.036,0.900,-28.80,-16.10,-9.10,32.90,5.20,-25.40,-4.78,-29.21,-14.44,0.958,-0.072,-0.245,-0.132,,,,,,,,,,,,,,,,,,,,,,,,,,,,,,,,,,,,,,,,,,,,,,,,,,,,,,,,,,,,,,,,,,,,,,,,,,,,,,,,,,,,,,,,,,,,,,,,,,,,,,,,,,,,,,,,,,,,,,,,,,,,,,,,,,,,,,,,,,,,,,,,,,,,,,,,,,,,,,,,,,,,,,,,,,,,,,,,,,,,,,,,,,,,,,,,,,,,,,,,,,,,,,,,,,,,,,,,,,,,,,,,,,,,,,,,,,,,,,
1784901940,0,0.020,0.003,0.998,0.00,0.00,0.20,39.60,14.80,-1.40,-0.13,-1.25,-2.71,1.000,-0.001,-0.011,-0.024,1,0.439,-0.040,0.904,-29.40,-16.10,-10.10,32.90,5.20,-25.40,-4.78,-29.21,-14.44,0.958,-0.072,-0.245,-0.132,,,,,,,,,,,,,,,,,,,,,,,,,,,,,,,,,,,,,,,,,,,,,,,,,,,,,,,,,,,,,,,,,,,,,,,,,,,,,,,,,,,,,,,,,,,,,,,,,,,,,,,,,,,,,,,,,,,,,,,,,,,,,,,,,,,,,,,,,,,,,,,,,,,,,,,,,,,,,,,,,,,,,,,,,,,,,,,,,,,,,,,,,,,,,,,,,,,,,,,,,,,,,,,,,,,,,,,,,,,,,,,,,,,,,,,,,,,,,,
1784901940,0,0.024,-0.004,1.002,-0.10,0.00,0.20,39.60,14.80,-1.40,-0.13,-1.25,-2.71,1.000,-0.001,-0.011,-0.024,1,0.462,-0.040,0.892,-29.90,-15.80,-11.00,32.90,5.20,-25.40,-4.78,-29.21,-14.44,0.958,-0.072,-0.245,-0.132,,,,,,,,,,,,,,,,,,,,,,,,,,,,,,,,,,,,,,,,,,,,,,,,,,,,,,,,,,,,,,,,,,,,,,,,,,,,,,,,,,,,,,,,,,,,,,,,,,,,,,,,,,,,,,,,,,,,,,,,,,,,,,,,,,,,,,,,,,,,,,,,,,,,,,,,,,,,,,,,,,,,,,,,,,,,,,,,,,,,,,,,,,,,,,,,,,,,,,,,,,,,,,,,,,,,,,,,,,,,,,,,,,,,,,,,,,,,,,
1784901940,0,0.020,0.003,0.998,-0.10,0.00,0.20,39.60,14.80,-1.40,-0.13,-1.25,-2.71,1.000,-0.001,-0.011,-0.024,1,0.474,-0.044,0.888,-30.50,-15.40,-12.00,31.90,5.60,-25.80,-5.03,-29.38,-14.55,0.957,-0.074,-0.246,-0.133,,,,,,,,,,,,,,,,,,,,,,,,,,,,,,,,,,,,,,,,,,,,,,,,,,,,,,,,,,,,,,,,,,,,,,,,,,,,,,,,,,,,,,,,,,,,,,,,,,,,,,,,,,,,,,,,,,,,,,,,,,,,,,,,,,,,,,,,,,,,,,,,,,,,,,,,,,,,,,,,,,,,,,,,,,,,,,,,,,,,,,,,,,,,,,,,,,,,,,,,,,,,,,,,,,,,,,,,,,,,,,,,,,,,,,,,,,,,,,
1784901940,0,0.020,-0.004,0.998,-0.20,0.00,0.20,39.60,14.80,-1.40,-0.13,-1.25,-2.71,1.000,-0.001,-0.011,-0.024,1,0.490,-0.049,0.888,-31.50,-15.00,-13.20,31.90,5.60,-25.80,-5.02,-29.38,-14.55,0.957,-0.074,-0.246,-0.133,,,,,,,,,,,,,,,,,,,,,,,,,,,,,,,,,,,,,,,,,,,,,,,,,,,,,,,,,,,,,,,,,,,,,,,,,,,,,,,,,,,,,,,,,,,,,,,,,,,,,,,,,,,,,,,,,,,,,,,,,,,,,,,,,,,,,,,,,,,,,,,,,,,,,,,,,,,,,,,,,,,,,,,,,,,,,,,,,,,,,,,,,,,,,,,,,,,,,,,,,,,,,,,,,,,,,,,,,,,,,,,,,,,,,,,,,,,,,,
1784901940,0,0.020,0.000,1.006,-0.30,0.00,0.10,39.60,14.80,-1.40,-0.13,-1.25,-2.71,1.000,-0.001,-0.011,-0.024,1,0.501,-0.057,0.900,-33.20,-15.00,-14.70,31.90,5.60,-25.80,-5.02,-29.38,-14.55,0.957,-0.074,-0.246,-0.133,,,,,,,,,,,,,,,,,,,,,,,,,,,,,,,,,,,,,,,,,,,,,,,,,,,,,,,,,,,,,,,,,,,,,,,,,,,,,,,,,,,,,,,,,,,,,,,,,,,,,,,,,,,,,,,,,,,,,,,,,,,,,,,,,,,,,,,,,,,,,,,,,,,,,,,,,,,,,,,,,,,,,,,,,,,,,,,,,,,,,,,,,,,,,,,,,,,,,,,,,,,,,,,,,,,,,,,,,,,,,,,,,,,,,,,,,,,,,,
1784901940,0,0.020,-0.004,0.994,-0.30,0.00,0.10,39.60,14.80,-1.40,-0.13,-1.25,-2.71,1.000,-0.001,-0.011,-0.024,1,0.513,-0.053,0.904,-36.00,-14.50,-16.20,31.90,5.60,-25.80,-5.02,-29.38,-14.55,0.957,-0.074,-0.246,-0.133,,,,,,,,,,,,,,,,,,,,,,,,,,,,,,,,,,,,,,,,,,,,,,,,,,,,,,,,,,,,,,,,,,,,,,,,,,,,,,,,,,,,,,,,,,,,,,,,,,,,,,,,,,,,,,,,,,,,,,,,,,,,,,,,,,,,,,,,,,,,,,,,,,,,,,,,,,,,,,,,,,,,,,,,,,,,,,,,,,,,,,,,,,,,,,,,,,,,,,,,,,,,,,,,,,,,,,,,,,,,,,,,,,,,,,,,,,,,,,
1784901940,0,0.020,0.000,0.998,-0.30,-0.10,0.10,39.60,14.80,-1.40,-0.13,-1.25,-2.71,1.000,-0.001,-0.011,-0.024,1,0.532,-0.073,0.900,-39.70,-13.40,-17.80,32.10,6.10,-25.90,-5.29,-29.54,-14.71,0.956,-0.077,-0.247,-0.135,,,,,,,,,,,,,,,,,,,,,,,,,,,,,,,,,,,,,,,,,,,,,,,,,,,,,,,,,,,,,,,,,,,,,,,,,,,,,,,,,,,,,,,,,,,,,,,,,,,,,,,,,,,,,,,,,,,,,,,,,,,,,,,,,,,,,,,,,,,,,,,,,,,,,,,,,,,,,,,,,,,,,,,,,,,,,,,,,,,,,,,,,,,,,,,,,,,,,,,,,,,,,,,,,,,,,,,,,,,,,,,,,,,,,,,,,,,,,,
1784901940,0,0.024,0.000,0.994,-0.30,-0.10,0.10,39.60,14.80,-1.40,-0.13,-1.25,-2.71,1.000,-0.001,-0.011,-0.024,1,0.528,-0.093,0.896,-43.90,-11.90,-19.20,32.10,6.10,-25.90,-5.29,-29.54,-14.71,0.956,-0.077,-0.247,-0.135,,,,,,,,,,,,,,,,,,,,,,,,,,,,,,,,,,,,,,,,,,,,,,,,,,,,,,,,,,,,,,,,,,,,,,,,,,,,,,,,,,,,,,,,,,,,,,,,,,,,,,,,,,,,,,,,,,,,,,,,,,,,,,,,,,,,,,,,,,,,,,,,,,,,,,,,,,,,,,,,,,,,,,,,,,,,,,,,,,,,,,,,,,,,,,,,,,,,,,,,,,,,,,,,,,,,,,,,,,,,,,,,,,,,,,,,,,,,,,
1784901940,0,0.024,-0.004,0.994,-0.30,-0.20,0.10,39.60,14.80,-1.40,-0.13,-1.25,-2.71,1.000,-0.001,-0.011,-0.024,1,0.536,-0.105,0.892,-47.90,-10.70,-20.10,32.10,6.10,-25.90,-5.29,-29.54,-14.71,0.956,-0.077,-0.247,-0.135,,,,,,,,,,,,,,,,,,,,,,,,,,,,,,,,,,,,,,,,,,,,,,,,,,,,,,,,,,,,,,,,,,,,,,,,,,,,,,,,,,,,,,,,,,,,,,,,,,,,,,,,,,,,,,,,,,,,,,,,,,,,,,,,,,,,,,,,,,,,,,,,,,,,,,,,,,,,,,,,,,,,,,,,,,,,,,,,,,,,,,,,,,,,,,,,,,,,,,,,,,,,,,,,,,,,,,,,,,,,,,,,,,,,,,,,,,,,,,
1784901940,0,0.020,-0.004,0.998,-0.40,-0.10,0.20,39.60,14.80,-1.40,-0.13,-1.25,-2.71,1.000,-0.001,-0.011,-0.024,1,0.548,-0.089,0.888,-51.40,-10.00,-20.40,32.10,6.10,-25.90,-5.29,-29.54,-14.71,0.956,-0.077,-0.247,-0.135,,,,,,,,,,,,,,,,,,,,,,,,,,,,,,,,,,,,,,,,,,,,,,,,,,,,,,,,,,,,,,,,,,,,,,,,,,,,,,,,,,,,,,,,,,,,,,,,,,,,,,,,,,,,,,,,,,,,,,,,,,,,,,,,,,,,,,,,,,,,,,,,,,,,,,,,,,,,,,,,,,,,,,,,,,,,,,,,,,,,,,,,,,,,,,,,,,,,,,,,,,,,,,,,,,,,,,,,,,,,,,,,,,,,,,,,,,,,,,
1784901940,0,0.020,0.000,1.006,-0.40,-0.10,0.20,40.30,16.70,-1.40,-0.13,-1.25,-2.71,1.000,-0.001,-0.011,-0.024,1,0.563,-0.109,0.911,-54.00,-10.40,-20.50,32.10,6.10,-25.90,-5.68,-29.66,-14.93,0.956,-0.081,-0.247,-0.138,,,,,,,,,,,,,,,,,,,,,,,,,,,,,,,,,,,,,,,,,,,,,,,,,,,,,,,,,,,,,,,,,,,,,,,,,,,,,,,,,,,,,,,,,,,,,,,,,,,,,,,,,,,,,,,,,,,,,,,,,,,,,,,,,,,,,,,,,,,,,,,,,,,,,,,,,,,,,,,,,,,,,,,,,,,,,,,,,,,,,,,,,,,,,,,,,,,,,,,,,,,,,,,,,,,,,,,,,,,,,,,,,,,,,,,,,,,,,,
1784901940,0,0.024,0.000,0.998,-0.30,-0.10,0.10,40.30,16.70,-1.40,-0.13,-1.25,-2.71,1.000,-0.001,-0.011,-0.024,1,0.560,-0.140,0.884,-56.00,-11.90,-21.20,32.10,6.10,-25.90,-5.68,-29.67,-14.93,0.956,-0.081,-0.247,-0.138,,,,,,,,,,,,,,,,,,,,,,,,,,,,,,,,,,,,,,,,,,,,,,,,,,,,,,,,,,,,,,,,,,,,,,,,,,,,,,,,,,,,,,,,,,,,,,,,,,,,,,,,,,,,,,,,,,,,,,,,,,,,,,,,,,,,,,,,,,,,,,,,,,,,,,,,,,,,,,,,,,,,,,,,,,,,,,,,,,,,,,,,,,,,,,,,,,,,,,,,,,,,,,,,,,,,,,,,,,,,,,,,,,,,,,,,,,,,,,
1784901940,0,0.020,-0.004,1.002,-0.20,-0.10,0.10,40.30,16.70,-1.40,-0.13,-1.25,-2.71,1.000,-0.001,-0.011,-0.024,1,0.563,-0.144,0.892,-58.40,-14.10,-22.60,32.10,6.10,-25.90,-5.68,-29.67,-14.93,0.956,-0.081,-0.247,-0.138,,,,,,,,,,,,,,,,,,,,,,,,,,,,,,,,,,,,,,,,,,,,,,,,,,,,,,,,,,,,,,,,,,,,,,,,,,,,,,,,,,,,,,,,,,,,,,,,,,,,,,,,,,,,,,,,,,,,,,,,,,,,,,,,,,,,,,,,,,,,,,,,,,,,,,,,,,,,,,,,,,,,,,,,,,,,,,,,,,,,,,,,,,,,,,,,,,,,,,,,,,,,,,,,,,,,,,,,,,,,,,,,,,,,,,,,,,,,,,
1784901940,0,0.020,-0.004,1.002,-0.10,-0.10,0.00,40.30,16.70,-1.40,-0.13,-1.25,-2.71,1.000,-0.001,-0.011,-0.024,1,0.556,-0.132,0.888,-61.70,-16.50,-24.50,32.10,6.10,-25.90,-5.68,-29.67,-14.93,0.956,-0.081,-0.247,-0.138,,,,,,,,,,,,,,,,,,,,,,,,,,,,,,,,,,,,,,,,,,,,,,,,,,,,,,,,,,,,,,,,,,,,,,,,,,,,,,,,,,,,,,,,,,,,,,,,,,,,,,,,,,,,,,,,,,,,,,,,,,,,,,,,,,,,,,,,,,,,,,,,,,,,,,,,,,,,,,,,,,,,,,,,,,,,,,,,,,,,,,,,,,,,,,,,,,,,,,,,,,,,,,,,,,,,,,,,,,,,,,,,,,,,,,,,,,,,,,
1784901940,0,0.020,0.000,0.998,0.00,0.00,0.00,40.30,16.70,-1.40,-0.14,-1.25,-2.71,1.000,-0.001,-0.011,-0.024,1,0.560,-0.144,0.892,-66.00,-18.50,-26.60,32.70,6.20,-26.10,-6.16,-29.84,-15.18,0.955,-0.085,-0.248,-0.141,,,,,,,,,,,,,,,,,,,,,,,,,,,,,,,,,,,,,,,,,,,,,,,,,,,,,,,,,,,,,,,,,,,,,,,,,,,,,,,,,,,,,,,,,,,,,,,,,,,,,,,,,,,,,,,,,,,,,,,,,,,,,,,,,,,,,,,,,,,,,,,,,,,,,,,,,,,,,,,,,,,,,,,,,,,,,,,,,,,,,,,,,,,,,,,,,,,,,,,,,,,,,,,,,,,,,,,,,,,,,,,,,,,,,,,,,,,,,,
1784901940,0,0.016,-0.004,1.002,0.00,0.10,0.00,40.30,16.70,-1.40,-0.14,-1.25,-2.71,1.000,-0.001,-0.011,-0.024,1,0.544,-0.152,0.907,-71.00,-19.90,-29.20,32.70,6.20,-26.10,-6.16,-29.84,-15.18,0.955,-0.085,-0.248,-0.141,,,,,,,,,,,,,,,,,,,,,,,,,,,,,,,,,,,,,,,,,,,,,,,,,,,,,,,,,,,,,,,,,,,,,,,,,,,,,,,,,,,,,,,,,,,,,,,,,,,,,,,,,,,,,,,,,,,,,,,,,,,,,,,,,,,,,,,,,,,,,,,,,,,,,,,,,,,,,,,,,,,,,,,,,,,,,,,,,,,,,,,,,,,,,,,,,,,,,,,,,,,,,,,,,,,,,,,,,,,,,,,,,,,,,,,,,,,,,,
1784901940,0,0.020,0.000,1.002,0.00,0.10,0.00,40.30,16.70,-1.40,-0.14,-1.25,-2.71,1.000,-0.001,-0.011,-0.024,1,0.489,-0.147,0.908,-76.30,-21.00,-32.20,32.70,6.20,-26.10,-6.16,-29.84,-15.18,0.955,-0.085,-0.248,-0.141,,,,,,,,,,,,,,,,,,,,,,,,,,,,,,,,,,,,,,,,,,,,,,,,,,,,,,,,,,,,,,,,,,,,,,,,,,,,,,,,,,,,,,,,,,,,,,,,,,,,,,,,,,,,,,,,,,,,,,,,,,,,,,,,,,,,,,,,,,,,,,,,,,,,,,,,,,,,,,,,,,,,,,,,,,,,,,,,,,,,,,,,,,,,,,,,,,,,,,,,,,,,,,,,,,,,,,,,,,,,,,,,,,,,,,,,,,,,,,
1784901940,0,0.020,0.000,0.994,0.00,0.20,0.00,40.30,16.70,-1.40,-0.14,-1.25,-2.71,1.000,-0.001,-0.011,-0.024,1,0.454,-0.134,0.873,-81.60,-21.90,-36.10,32.70,6.20,-26.10,-6.16,-29.84,-15.18,0.955,-0.085,-0.248,-0.141,,,,,,,,,,,,,,,,,,,,,,,,,,,,,,,,,,,,,,,,,,,,,,,,,,,,,,,,,,,,,,,,,,,,,,,,,,,,,,,,,,,,,,,,,,,,,,,,,,,,,,,,,,,,,,,,,,,,,,,,,,,,,,,,,,,,,,,,,,,,,,,,,,,,,,,,,,,,,,,,,,,,,,,,,,,,,,,,,,,,,,,,,,,,,,,,,,,,,,,,,,,,,,,,,,,,,,,,,,,,,,,,,,,,,,,,,,,,,,
1784901940,0,0.024,-0.004,0.998,0.00,0.10,0.00,38.80,18.50,-1.20,-0.14,-1.25,-2.71,1.000,-0.001,-0.011,-0.024,1,0.505,-0.135,0.884,-86.40,-22.90,-40.90,32.40,7.50,-25.70,-6.77,-30.10,-15.55,0.953,-0.092,-0.249,-0.146,,,,,,,,,,,,,,,,,,,,,,,,,,,,,,,,,,,,,,,,,,,,,,,,,,,,,,,,,,,,,,,,,,,,,,,,,,,,,,,,,,,,,,,,,,,,,,,,,,,,,,,,,,,,,,,,,,,,,,,,,,,,,,,,,,,,,,,,,,,,,,,,,,,,,,,,,,,,,,,,,,,,,,,,,,,,,,,,,,,,,,,,,,,,,,,,,,,,,,,,,,,,,,,,,,,,,,,,,,,,,,,,,,,,,,,,,,,,,,
1784901940,0,0.020,0.000,1.002,0.00,0.00,0.00,38.80,18.50,-1.20,-0.14,-1.25,-2.71,1.000,-0.001,-0.011,-0.024,1,0.494,-0.119,0.849,-90.50,-24.10,-46.70,32.40,7.50,-25.70,-6.77,-30.10,-15.55,0.953,-0.092,-0.249,-0.146,,,,,,,,,,,,,,,,,,,,,,,,,,,,,,,,,,,,,,,,,,,,,,,,,,,,,,,,,,,,,,,,,,,,,,,,,,,,,,,,,,,,,,,,,,,,,,,,,,,,,,,,,,,,,,,,,,,,,,,,,,,,,,,,,,,,,,,,,,,,,,,,,,,,,,,,,,,,,,,,,,,,,,,,,,,,,,,,,,,,,,,,,,,,,,,,,,,,,,,,,,,,,,,,,,,,,,,,,,,,,,,,,,,,,,,,,,,,,,
1784901940,0,0.020,0.000,1.002,0.00,0.10,0.00,38.80,18.50,-1.20,-0.14,-1.25,-2.71,1.000,-0.001,-0.011,-0.024,1,0.525,-0.136,0.837,-93.80,-25.70,-52.90,32.40,7.50,-25.70,-6.77,-30.10,-15.55,0.953,-0.092,-0.249,-0.146,,,,,,,,,,,,,,,,,,,,,,,,,,,,,,,,,,,,,,,,,,,,,,,,,,,,,,,,,,,,,,,,,,,,,,,,,,,,,,,,,,,,,,,,,,,,,,,,,,,,,,,,,,,,,,,,,,,,,,,,,,,,,,,,,,,,,,,,,,,,,,,,,,,,,,,,,,,,,,,,,,,,,,,,,,,,,,,,,,,,,,,,,,,,,,,,,,,,,,,,,,,,,,,,,,,,,,,,,,,,,,,,,,,,,,,,,,,,,,
1784901940,0,0.024,0.000,1.002,0.00,0.10,0.00,38.80,18.50,-1.20,-0.14,-1.25,-2.71,1.000,-0.001,-0.011,-0.024,1,0.557,-0.152,0.829,-96.80,-27.30,-59.00,32.40,7.50,-25.70,-6.77,-30.10,-15.55,0.953,-0.092,-0.249,-0.146,,,,,,,,,,,,,,,,,,,,,,,,,,,,,,,,,,,,,,,,,,,,,,,,,,,,,,,,,,,,,,,,,,,,,,,,,,,,,,,,,,,,,,,,,,,,,,,,,,,,,,,,,,,,,,,,,,,,,,,,,,,,,,,,,,,,,,,,,,,,,,,,,,,,,,,,,,,,,,,,,,,,,,,,,,,,,,,,,,,,,,,,,,,,,,,,,,,,,,,,,,,,,,,,,,,,,,,,,,,,,,,,,,,,,,,,,,,,,,
1784901940,0,0.020,-0.004,1.002,0.00,0.10,0.00,39.30,18.20,-1.10,-0.14,-1.25,-2.71,1.000,-0.001,-0.011,-0.024,1,0.561,-0.168,0.791,-99.70,-28.70,-64.70,32.00,7.90,-26.20,-7.42,-30.43,-16.15,0.951,-0.099,-0.251,-0.152,,,,,,,,,,,,,,,,,,,,,,,,,,,,,,,,,,,,,,,,,,,,,,,,,,,,,,,,,,,,,,,,,,,,,,,,,,,,,,,,,,,,,,,,,,,,,,,,,,,,,,,,,,,,,,,,,,,,,,,,,,,,,,,,,,,,,,,,,,,,,,,,,,,,,,,,,,,,,,,,,,,,,,,,,,,,,,,,,,,,,,,,,,,,,,,,,,,,,,,,,,,,,,,,,,,,,,,,,,,,,,,,,,,,,,,,,,,,,,
1784901940,0,0.020,-0.004,1.002,0.00,0.10,0.00,39.30,18.20,-1.10,-0.14,-1.25,-2.71,1.000,-0.001,-0.011,-0.024,1,0.561,-0.171,0.783,-102.30,-29.50,-69.70,32.00,7.90,-26.20,-7.42,-30.43,-16.15,0.951,-0.099,-0.251,-0.152,,,,,,,,,,,,,,,,,,,,,,,,,,,,,,,,,,,,,,,,,,,,,,,,,,,,,,,,,,,,,,,,,,,,,,,,,,,,,,,,,,,,,,,,,,,,,,,,,,,,,,,,,,,,,,,,,,,,,,,,,,,,,,,,,,,,,,,,,,,,,,,,,,,,,,,,,,,,,,,,,,,,,,,,,,,,,,,,,,,,,,,,,,,,,,,,,,,,,,,,,,,,,,,,,,,,,,,,,,,,,,,,,,,,,,,,,,,,,,
1784901940,0,0.020,0.000,0.994,-0.10,0.00,0.00,39.30,18.20,-1.10,-0.14,-1.25,-2.71,1.000,-0.001,-0.011,-0.024,1,0.557,-0.171,0.783,-104.00,-29.20,-73.60,32.00,7.90,-26.20,-7.42,-30.43,-16.15,0.951,-0.099,-0.251,-0.152,,,,,,,,,,,,,,,,,,,,,,,,,,,,,,,,,,,,,,,,,,,,,,,,,,,,,,,,,,,,,,,,,,,,,,,,,,,,,,,,,,,,,,,,,,,,,,,,,,,,,,,,,,,,,,,,,,,,,,,,,,,,,,,,,,,,,,,,,,,,,,,,,,,,,,,,,,,,,,,,,,,,,,,,,,,,,,,,,,,,,,,,,,,,,,,,,,,,,,,,,,,,,,,,,,,,,,,,,,,,,,,,,,,,,,,,,,,,,,
1784901940,0,0.020,0.000,1.002,-0.10,0.00,0.00,39.30,18.20,-1.10,-0.14,-1.25,-2.71,1.000,-0.001,-0.011,-0.024,1,0.550,-0.155,0.771,-103.80,-28.10,-76.10,32.00,7.90,-26.20,-7.42,-30.43,-16.15,0.951,-0.099,-0.251,-0.152,,,,,,,,,,,,,,,,,,,,,,,,,,,,,,,,,,,,,,,,,,,,,,,,,,,,,,,,,,,,,,,,,,,,,,,,,,,,,,,,,,,,,,,,,,,,,,,,,,,,,,,,,,,,,,,,,,,,,,,,,,,,,,,,,,,,,,,,,,,,,,,,,,,,,,,,,,,,,,,,,,,,,,,,,,,,,,,,,,,,,,,,,,,,,,,,,,,,,,,,,,,,,,,,,,,,,,,,,,,,,,,,,,,,,,,,,,,,,,
1784901940,0,0.020,0.000,1.002,0.00,0.00,0.00,40.00,18.00,-1.50,-0.14,-1.24,-2.71,1.000,-0.001,-0.011,-0.024,1,0.546,-0.148,0.783,-101.30,-26.50,-76.70,31.10,8.90,-25.80,-8.04,-30.81,-16.96,0.948,-0.106,-0.252,-0.160,,,,,,,,,,,,,,,,,,,,,,,,,,,,,,,,,,,,,,,,,,,,,,,,,,,,,,,,,,,,,,,,,,,,,,,,,,,,,,,,,,,,,,,,,,,,,,,,,,,,,,,,,,,,,,,,,,,,,,,,,,,,,,,,,,,,,,,,,,,,,,,,,,,,,,,,,,,,,,,,,,,,,,,,,,,,,,,,,,,,,,,,,,,,,,,,,,,,,,,,,,,,,,,,,,,,,,,,,,,,,,,,,,,,,,,,,,,,,,
1784901940,0,0.020,0.000,1.002,-0.10,0.00,0.00,40.00,18.00,-1.50,-0.14,-1.24,-2.71,1.000,-0.001,-0.011,-0.024,1,0.549,-0.124,0.798,-96.70,-24.90,-75.40,31.10,8.90,-25.80,-8.05,-30.82,-16.95,0.948,-0.106,-0.252,-0.160,,,,,,,,,,,,,,,,,,,,,,,,,,,,,,,,,,,,,,,,,,,,,,,,,,,,,,,,,,,,,,,,,,,,,,,,,,,,,,,,,,,,,,,,,,,,,,,,,,,,,,,,,,,,,,,,,,,,,,,,,,,,,,,,,,,,,,,,,,,,,,,,,,,,,,,,,,,,,,,,,,,,,,,,,,,,,,,,,,,,,,,,,,,,,,,,,,,,,,,,,,,,,,,,,,,,,,,,,,,,,,,,,,,,,,,,,,,,,,
1784901940,0,0.024,0.000,1.002,-0.10,0.00,0.00,40.00,18.00,-1.50,-0.14,-1.24,-2.71,1.000,-0.001,-0.011,-0.024,1,0.550,-0.140,0.760,-89.80,-24.30,-71.70,31.10,8.90,-25.80,-8.05,-30.82,-16.95,0.948,-0.106,-0.252,-0.160,,,,,,,,,,,,,,,,,,,,,,,,,,,,,,,,,,,,,,,,,,,,,,,,,,,,,,,,,,,,,,,,,,,,,,,,,,,,,,,,,,,,,,,,,,,,,,,,,,,,,,,,,,,,,,,,,,,,,,,,,,,,,,,,,,,,,,,,,,,,,,,,,,,,,,,,,,,,,,,,,,,,,,,,,,,,,,,,,,,,,,,,,,,,,,,,,,,,,,,,,,,,,,,,,,,,,,,,,,,,,,,,,,,,,,,,,,,,,,
1784901940,0,0.024,-0.004,1.002,-0.10,-0.10,0.00,40.00,18.00,-1.50,-0.14,-1.24,-2.71,1.000,-0.001,-0.011,-0.024,1,0.547,-0.136,0.732,-80.90,-24.60,-65.90,31.10,8.90,-25.80,-8.05,-30.82,-16.95,0.948,-0.106,-0.252,-0.160,,,,,,,,,,,,,,,,,,,,,,,,,,,,,,,,,,,,,,,,,,,,,,,,,,,,,,,,,,,,,,,,,,,,,,,,,,,,,,,,,,,,,,,,,,,,,,,,,,,,,,,,,,,,,,,,,,,,,,,,,,,,,,,,,,,,,,,,,,,,,,,,,,,,,,,,,,,,,,,,,,,,,,,,,,,,,,,,,,,,,,,,,,,,,,,,,,,,,,,,,,,,,,,,,,,,,,,,,,,,,,,,,,,,,,,,,,,,,,
1784901940,0,0.020,0.000,0.998,0.00,0.00,0.00,38.90,17.50,-1.30,-0.14,-1.24,-2.71,1.000,-0.001,-0.011,-0.024,1,0.535,-0.124,0.748,-71.00,-25.20,-58.60,31.10,8.90,-25.80,-8.51,-31.16,-17.70,0.946,-0.112,-0.254,-0.167,,,,,,,,,,,,,,,,,,,,,,,,,,,,,,,,,,,,,,,,,,,,,,,,,,,,,,,,,,,,,,,,,,,,,,,,,,,,,,,,,,,,,,,,,,,,,,,,,,,,,,,,,,,,,,,,,,,,,,,,,,,,,,,,,,,,,,,,,,,,,,,,,,,,,,,,,,,,,,,,,,,,,,,,,,,,,,,,,,,,,,,,,,,,,,,,,,,,,,,,,,,,,,,,,,,,,,,,,,,,,,,,,,,,,,,,,,,,,,
1784901940,0,0.020,0.000,0.998,0.00,0.00,0.00,38.90,17.50,-1.30,-0.14,-1.25,-2.71,1.000,-0.001,-0.011,-0.024,1,0.515,-0.112,0.760,-61.40,-24.60,-50.70,31.10,8.90,-25.80,-8.51,-31.17,-17.70,0.946,-0.112,-0.254,-0.167,,,,,,,,,,,,,,,,,,,,,,,,,,,,,,,,,,,,,,,,,,,,,,,,,,,,,,,,,,,,,,,,,,,,,,,,,,,,,,,,,,,,,,,,,,,,,,,,,,,,,,,,,,,,,,,,,,,,,,,,,,,,,,,,,,,,,,,,,,,,,,,,,,,,,,,,,,,,,,,,,,,,,,,,,,,,,,,,,,,,,,,,,,,,,,,,,,,,,,,,,,,,,,,,,,,,,,,,,,,,,,,,,,,,,,,,,,,,,,
1784901940,0,0.024,-0.004,1.002,0.00,0.00,0.00,38.90,17.50,-1.30,-0.14,-1.25,-2.71,1.000,-0.001,-0.011,-0.024,1,0.515,-0.108,0.768,-61.40,-24.60,-50.70,31.10,8.90,-25.80,-8.51,-31.17,-17.70,0.946,-0.112,-0.254,-0.167,,,,,,,,,,,,,,,,,,,,,,,,,,,,,,,,,,,,,,,,,,,,,,,,,,,,,,,,,,,,,,,,,,,,,,,,,,,,,,,,,,,,,,,,,,,,,,,,,,,,,,,,,,,,,,,,,,,,,,,,,,,,,,,,,,,,,,,,,,,,,,,,,,,,,,,,,,,,,,,,,,,,,,,,,,,,,,,,,,,,,,,,,,,,,,,,,,,,,,,,,,,,,,,,,,,,,,,,,,,,,,,,,,,,,,,,,,,,,,
1784901940,0,0.024,-0.004,0.998,0.00,0.00,0.00,38.90,17.50,-1.30,-0.14,-1.25,-2.71,1.000,-0.001,-0.011,-0.024,1,0.495,-0.080,0.764,-53.10,-22.90,-43.20,31.10,8.90,-25.80,-8.51,-31.17,-17.70,0.946,-0.112,-0.254,-0.167,,,,,,,,,,,,,,,,,,,,,,,,,,,,,,,,,,,,,,,,,,,,,,,,,,,,,,,,,,,,,,,,,,,,,,,,,,,,,,,,,,,,,,,,,,,,,,,,,,,,,,,,,,,,,,,,,,,,,,,,,,,,,,,,,,,,,,,,,,,,,,,,,,,,,,,,,,,,,,,,,,,,,,,,,,,,,,,,,,,,,,,,,,,,,,,,,,,,,,,,,,,,,,,,,,,,,,,,,,,,,,,,,,,,,,,,,,,,,,
1784901940,0,0.020,0.000,1.002,0.00,0.00,0.10,38.90,17.30,-0.80,-0.14,-1.24,-2.71,1.000,-0.001,-0.011,-0.024,1,0.484,-0.080,0.760,-46.40,-21.00,-37.00,27.80,10.40,-26.40,-8.82,-31.47,-18.18,0.944,-0.116,-0.255,-0.172,,,,,,,,,,,,,,,,,,,,,,,,,,,,,,,,,,,,,,,,,,,,,,,,,,,,,,,,,,,,,,,,,,,,,,,,,,,,,,,,,,,,,,,,,,,,,,,,,,,,,,,,,,,,,,,,,,,,,,,,,,,,,,,,,,,,,,,,,,,,,,,,,,,,,,,,,,,,,,,,,,,,,,,,,,,,,,,,,,,,,,,,,,,,,,,,,,,,,,,,,,,,,,,,,,,,,,,,,,,,,,,,,,,,,,,,,,,,,,
1784901940,0,0.024,0.000,1.002,0.00,0.00,0.10,38.90,17.30,-0.80,-0.14,-1.25,-2.71,1.000,-0.001,-0.011,-0.024,1,0.480,-0.076,0.760,-36.30,-20.20,-29.60,27.80,10.40,-26.40,-8.81,-31.47,-18.18,0.944,-0.116,-0.255,-0.172,,,,,,,,,,,,,,,,,,,,,,,,,,,,,,,,,,,,,,,,,,,,,,,,,,,,,,,,,,,,,,,,,,,,,,,,,,,,,,,,,,,,,,,,,,,,,,,,,,,,,,,,,,,,,,,,,,,,,,,,,,,,,,,,,,,,,,,,,,,,,,,,,,,,,,,,,,,,,,,,,,,,,,,,,,,,,,,,,,,,,,,,,,,,,,,,,,,,,,,,,,,,,,,,,,,,,,,,,,,,,,,,,,,,,,,,,,,,,,
1784901940,0,0.024,0.000,0.998,0.00,0.10,0.10,38.90,17.30,-0.80,-0.14,-1.25,-2.71,1.000,-0.001,-0.011,-0.024,1,0.480,-0.079,0.772,-36.30,-20.20,-29.60,27.80,10.40,-26.40,-8.81,-31.47,-18.18,0.944,-0.116,-0.255,-0.172,,,,,,,,,,,,,,,,,,,,,,,,,,,,,,,,,,,,,,,,,,,,,,,,,,,,,,,,,,,,,,,,,,,,,,,,,,,,,,,,,,,,,,,,,,,,,,,,,,,,,,,,,,,,,,,,,,,,,,,,,,,,,,,,,,,,,,,,,,,,,,,,,,,,,,,,,,,,,,,,,,,,,,,,,,,,,,,,,,,,,,,,,,,,,,,,,,,,,,,,,,,,,,,,,,,,,,,,,,,,,,,,,,,,,,,,,,,,,,
1784901940,0,0.020,0.000,1.002,0.00,0.10,0.10,38.90,17.30,-0.80,-0.14,-1.25,-2.71,1.000,-0.001,-0.011,-0.024,1,0.495,-0.076,0.783,-31.70,-21.00,-28.50,27.80,10.40,-26.40,-8.81,-31.47,-18.18,0.944,-0.116,-0.255,-0.172,,,,,,,,,,,,,,,,,,,,,,,,,,,,,,,,,,,,,,,,,,,,,,,,,,,,,,,,,,,,,,,,,,,,,,,,,,,,,,,,,,,,,,,,,,,,,,,,,,,,,,,,,,,,,,,,,,,,,,,,,,,,,,,,,,,,,,,,,,,,,,,,,,,,,,,,,,,,,,,,,,,,,,,,,,,,,,,,,,,,,,,,,,,,,,,,,,,,,,,,,,,,,,,,,,,,,,,,,,,,,,,,,,,,,,,,,,,,,,
1784901940,0,0.020,0.000,0.998,0.00,0.00,0.10,39.20,17.60,-1.40,-0.14,-1.24,-2.71,1.000,-0.001,-0.011,-0.024,1,0.491,-0.080,0.787,-27.00,-22.10,-28.30,28.30,10.40,-26.50,-8.99,-31.72,-18.48,0.943,-0.118,-0.257,-0.175,,,,,,,,,,,,,,,,,,,,,,,,,,,,,,,,,,,,,,,,,,,,,,,,,,,,,,,,,,,,,,,,,,,,,,,,,,,,,,,,,,,,,,,,,,,,,,,,,,,,,,,,,,,,,,,,,,,,,,,,,,,,,,,,,,,,,,,,,,,,,,,,,,,,,,,,,,,,,,,,,,,,,,,,,,,,,,,,,,,,,,,,,,,,,,,,,,,,,,,,,,,,,,,,,,,,,,,,,,,,,,,,,,,,,,,,,,,,,,
1784901940,0,0.024,0.000,0.998,0.00,0.00,0.10,39.20,17.60,-1.40,-0.14,-1.24,-2.71,1.000,-0.001,-0.011,-0.024,1,0.467,-0.079,0.811,-18.50,-24.70,-26.80,28.30,10.40,-26.50,-8.98,-31.72,-18.48,0.943,-0.118,-0.257,-0.175,,,,,,,,,,,,,,,,,,,,,,,,,,,,,,,,,,,,,,,,,,,,,,,,,,,,,,,,,,,,,,,,,,,,,,,,,,,,,,,,,,,,,,,,,,,,,,,,,,,,,,,,,,,,,,,,,,,,,,,,,,,,,,,,,,,,,,,,,,,,,,,,,,,,,,,,,,,,,,,,,,,,,,,,,,,,,,,,,,,,,,,,,,,,,,,,,,,,,,,,,,,,,,,,,,,,,,,,,,,,,,,,,,,,,,,,,,,,,,
1784901940,0,0.024,0.000,0.994,0.00,0.00,0.00,39.20,17.60,-1.40,-0.14,-1.24,-2.71,1.000,-0.001,-0.011,-0.024,1,0.455,-0.075,0.838,-18.50,-24.70,-26.80,28.30,10.40,-26.50,-8.98,-31.72,-18.48,0.943,-0.118,-0.257,-0.175,,,,,,,,,,,,,,,,,,,,,,,,,,,,,,,,,,,,,,,,,,,,,,,,,,,,,,,,,,,,,,,,,,,,,,,,,,,,,,,,,,,,,,,,,,,,,,,,,,,,,,,,,,,,,,,,,,,,,,,,,,,,,,,,,,,,,,,,,,,,,,,,,,,,,,,,,,,,,,,,,,,,,,,,,,,,,,,,,,,,,,,,,,,,,,,,,,,,,,,,,,,,,,,,,,,,,,,,,,,,,,,,,,,,,,,,,,,,,,
1784901940,0,0.020,0.000,0.998,0.00,0.00,-0.10,39.20,17.60,-1.40,-0.14,-1.24,-2.71,1.000,-0.001,-0.011,-0.024,1,0.451,-0.071,0.842,-15.30,-25.70,-24.40,28.30,10.40,-26.50,-8.98,-31.72,-18.48,0.943,-0.118,-0.257,-0.175,,,,,,,,,,,,,,,,,,,,,,,,,,,,,,,,,,,,,,,,,,,,,,,,,,,,,,,,,,,,,,,,,,,,,,,,,,,,,,,,,,,,,,,,,,,,,,,,,,,,,,,,,,,,,,,,,,,,,,,,,,,,,,,,,,,,,,,,,,,,,,,,,,,,,,,,,,,,,,,,,,,,,,,,,,,,,,,,,,,,,,,,,,,,,,,,,,,,,,,,,,,,,,,,,,,,,,,,,,,,,,,,,,,,,,,,,,,,,,
1784901940,0,0.024,0.000,1.002,0.00,0.00,-0.10,39.40,17.50,-0.90,-0.14,-1.24,-2.71,1.000,-0.001,-0.011,-0.024,1,0.467,-0.056,0.834,-12.60,-26.10,-21.30,29.40,10.80,-26.70,-9.02,-32.01,-18.73,0.942,-0.119,-0.259,-0.177,,,,,,,,,,,,,,,,,,,,,,,,,,,,,,,,,,,,,,,,,,,,,,,,,,,,,,,,,,,,,,,,,,,,,,,,,,,,,,,,,,,,,,,,,,,,,,,,,,,,,,,,,,,,,,,,,,,,,,,,,,,,,,,,,,,,,,,,,,,,,,,,,,,,,,,,,,,,,,,,,,,,,,,,,,,,,,,,,,,,,,,,,,,,,,,,,,,,,,,,,,,,,,,,,,,,,,,,,,,,,,,,,,,,,,,,,,,,,,
1784901940,0,0.024,-0.004,1.002,0.00,0.00,-0.10,39.40,17.50,-0.90,-0.14,-1.24,-2.71,1.000,-0.001,-0.011,-0.024,1,0.502,-0.057,0.826,-8.10,-26.00,-18.20,29.40,10.80,-26.70,-9.01,-32.01,-18.73,0.942,-0.119,-0.259,-0.177,,,,,,,,,,,,,,,,,,,,,,,,,,,,,,,,,,,,,,,,,,,,,,,,,,,,,,,,,,,,,,,,,,,,,,,,,,,,,,,,,,,,,,,,,,,,,,,,,,,,,,,,,,,,,,,,,,,,,,,,,,,,,,,,,,,,,,,,,,,,,,,,,,,,,,,,,,,,,,,,,,,,,,,,,,,,,,,,,,,,,,,,,,,,,,,,,,,,,,,,,,,,,,,,,,,,,,,,,,,,,,,,,,,,,,,,,,,,,,
1784901940,0,0.020,0.000,1.002,0.00,0.00,0.00,39.40,17.50,-0.90,-0.14,-1.24,-2.71,1.000,-0.001,-0.011,-0.024,1,0.526,-0.061,0.818,-8.10,-26.00,-18.20,29.40,10.80,-26.70,-9.01,-32.01,-18.73,0.942,-0.119,-0.259,-0.177,,,,,,,,,,,,,,,,,,,,,,,,,,,,,,,,,,,,,,,,,,,,,,,,,,,,,,,,,,,,,,,,,,,,,,,,,,,,,,,,,,,,,,,,,,,,,,,,,,,,,,,,,,,,,,,,,,,,,,,,,,,,,,,,,,,,,,,,,,,,,,,,,,,,,,,,,,,,,,,,,,,,,,,,,,,,,,,,,,,,,,,,,,,,,,,,,,,,,,,,,,,,,,,,,,,,,,,,,,,,,,,,,,,,,,,,,,,,,,
1784901940,0,0.020,0.000,0.998,0.00,0.10,0.00,39.40,17.50,-0.90,-0.14,-1.24,-2.71,1.000,-0.001,-0.011,-0.024,1,0.542,-0.069,0.810,-6.80,-25.90,-19.20,29.40,10.80,-26.70,-9.01,-32.01,-18.73,0.942,-0.119,-0.259,-0.177,,,,,,,,,,,,,,,,,,,,,,,,,,,,,,,,,,,,,,,,,,,,,,,,,,,,,,,,,,,,,,,,,,,,,,,,,,,,,,,,,,,,,,,,,,,,,,,,,,,,,,,,,,,,,,,,,,,,,,,,,,,,,,,,,,,,,,,,,,,,,,,,,,,,,,,,,,,,,,,,,,,,,,,,,,,,,,,,,,,,,,,,,,,,,,,,,,,,,,,,,,,,,,,,,,,,,,,,,,,,,,,,,,,,,,,,,,,,,,
1784901940,0,0.024,-0.004,1.002,0.00,0.10,0.00,38.80,17.30,-0.70,-0.14,-1.24,-2.71,1.000,-0.001,-0.011,-0.024,1,0.550,-0.081,0.798,-6.60,-25.70,-21.80,30.10,10.90,-27.00,-8.99,-32.29,-18.91,0.941,-0.120,-0.261,-0.179,,,,,,,,,,,,,,,,,,,,,,,,,,,,,,,,,,,,,,,,,,,,,,,,,,,,,,,,,,,,,,,,,,,,,,,,,,,,,,,,,,,,,,,,,,,,,,,,,,,,,,,,,,,,,,,,,,,,,,,,,,,,,,,,,,,,,,,,,,,,,,,,,,,,,,,,,,,,,,,,,,,,,,,,,,,,,,,,,,,,,,,,,,,,,,,,,,,,,,,,,,,,,,,,,,,,,,,,,,,,,,,,,,,,,,,,,,,,,,
1784901940,0,0.020,-0.004,0.998,0.00,0.20,0.00,38.80,17.30,-0.70,-0.14,-1.24,-2.71,1.000,-0.001,-0.011,-0.024,1,0.613,-0.134,0.950,-8.00,-22.80,-30.20,30.10,10.90,-27.00,-8.98,-32.29,-18.91,0.941,-0.120,-0.261,-0.179,,,,,,,,,,,,,,,,,,,,,,,,,,,,,,,,,,,,,,,,,,,,,,,,,,,,,,,,,,,,,,,,,,,,,,,,,,,,,,,,,,,,,,,,,,,,,,,,,,,,,,,,,,,,,,,,,,,,,,,,,,,,,,,,,,,,,,,,,,,,,,,,,,,,,,,,,,,,,,,,,,,,,,,,,,,,,,,,,,,,,,,,,,,,,,,,,,,,,,,,,,,,,,,,,,,,,,,,,,,,,,,,,,,,,,,,,,,,,,
1784901940,0,0.020,-0.004,0.998,0.00,0.10,0.10,38.80,17.30,-0.70,-0.14,-1.24,-2.71,1.000,-0.001,-0.011,-0.024,1,0.501,-0.171,0.853,-8.00,-22.80,-30.20,30.10,10.90,-27.00,-8.98,-32.29,-18.91,0.941,-0.120,-0.261,-0.179,,,,,,,,,,,,,,,,,,,,,,,,,,,,,,,,,,,,,,,,,,,,,,,,,,,,,,,,,,,,,,,,,,,,,,,,,,,,,,,,,,,,,,,,,,,,,,,,,,,,,,,,,,,,,,,,,,,,,,,,,,,,,,,,,,,,,,,,,,,,,,,,,,,,,,,,,,,,,,,,,,,,,,,,,,,,,,,,,,,,,,,,,,,,,,,,,,,,,,,,,,,,,,,,,,,,,,,,,,,,,,,,,,,,,,,,,,,,,,
1784901940,0,0.020,0.000,0.998,0.00,0.10,0.10,38.80,17.30,-0.70,-0.14,-1.24,-2.71,1.000,-0.001,-0.011,-0.024,1,0.487,-0.158,0.795,-4.60,-18.90,-35.40,30.10,10.90,-27.00,-8.98,-32.29,-18.91,0.941,-0.120,-0.261,-0.179,,,,,,,,,,,,,,,,,,,,,,,,,,,,,,,,,,,,,,,,,,,,,,,,,,,,,,,,,,,,,,,,,,,,,,,,,,,,,,,,,,,,,,,,,,,,,,,,,,,,,,,,,,,,,,,,,,,,,,,,,,,,,,,,,,,,,,,,,,,,,,,,,,,,,,,,,,,,,,,,,,,,,,,,,,,,,,,,,,,,,,,,,,,,,,,,,,,,,,,,,,,,,,,,,,,,,,,,,,,,,,,,,,,,,,,,,,,,,,
1784901940,0,0.020,0.000,0.998,-0.10,0.10,0.10,37.40,17.40,-1.60,-0.14,-1.24,-2.70,1.000,-0.001,-0.011,-0.024,1,0.490,-0.143,0.830,4.50,-13.40,-39.40,29.20,10.50,-27.70,-8.83,-32.54,-19.27,0.940,-0.120,-0.263,-0.181,,,,,,,,,,,,,,,,,,,,,,,,,,,,,,,,,,,,,,,,,,,,,,,,,,,,,,,,,,,,,,,,,,,,,,,,,,,,,,,,,,,,,,,,,,,,,,,,,,,,,,,,,,,,,,,,,,,,,,,,,,,,,,,,,,,,,,,,,,,,,,,,,,,,,,,,,,,,,,,,,,,,,,,,,,,,,,,,,,,,,,,,,,,,,,,,,,,,,,,,,,,,,,,,,,,,,,,,,,,,,,,,,,,,,,,,,,,,,,
1784901940,0,0.020,-0.004,1.002,-0.10,0.00,0.00,37.40,17.40,-1.60,-0.14,-1.24,-2.70,1.000,-0.001,-0.011,-0.024,1,0.541,-0.097,0.841,30.30,-4.30,-38.10,29.20,10.50,-27.70,-8.83,-32.54,-19.27,0.940,-0.120,-0.263,-0.181,,,,,,,,,,,,,,,,,,,,,,,,,,,,,,,,,,,,,,,,,,,,,,,,,,,,,,,,,,,,,,,,,,,,,,,,,,,,,,,,,,,,,,,,,,,,,,,,,,,,,,,,,,,,,,,,,,,,,,,,,,,,,,,,,,,,,,,,,,,,,,,,,,,,,,,,,,,,,,,,,,,,,,,,,,,,,,,,,,,,,,,,,,,,,,,,,,,,,,,,,,,,,,,,,,,,,,,,,,,,,,,,,,,,,,,,,,,,,,
1784901940,0,0.020,0.000,1.002,0.00,0.00,0.00,37.40,17.40,-1.60,-0.14,-1.24,-2.70,1.000,-0.001,-0.011,-0.024,1,0.529,-0.077,0.865,30.30,-4.30,-38.10,29.20,10.50,-27.70,-8.83,-32.54,-19.27,0.940,-0.120,-0.263,-0.181,,,,,,,,,,,,,,,,,,,,,,,,,,,,,,,,,,,,,,,,,,,,,,,,,,,,,,,,,,,,,,,,,,,,,,,,,,,,,,,,,,,,,,,,,,,,,,,,,,,,,,,,,,,,,,,,,,,,,,,,,,,,,,,,,,,,,,,,,,,,,,,,,,,,,,,,,,,,,,,,,,,,,,,,,,,,,,,,,,,,,,,,,,,,,,,,,,,,,,,,,,,,,,,,,,,,,,,,,,,,,,,,,,,,,,,,,,,,,,
1784901940,0,0.020,-0.004,0.998,0.00,-0.10,0.00,37.40,17.40,-1.60,-0.14,-1.24,-2.70,1.000,-0.001,-0.011,-0.024,1,0.537,-0.073,0.857,38.30,-3.30,-34.40,29.20,10.50,-27.70,-8.83,-32.54,-19.27,0.940,-0.120,-0.263,-0.181,,,,,,,,,,,,,,,,,,,,,,,,,,,,,,,,,,,,,,,,,,,,,,,,,,,,,,,,,,,,,,,,,,,,,,,,,,,,,,,,,,,,,,,,,,,,,,,,,,,,,,,,,,,,,,,,,,,,,,,,,,,,,,,,,,,,,,,,,,,,,,,,,,,,,,,,,,,,,,,,,,,,,,,,,,,,,,,,,,,,,,,,,,,,,,,,,,,,,,,,,,,,,,,,,,,,,,,,,,,,,,,,,,,,,,,,,,,,,,
1784901940,0,0.020,0.000,0.998,0.00,-0.20,-0.10,40.30,17.90,-1.10,-0.14,-1.24,-2.71,1.000,-0.001,-0.011,-0.024,1,0.525,-0.089,0.869,41.40,-4.10,-31.60,28.70,10.70,-27.80,-8.26,-32.63,-19.68,0.940,-0.116,-0.264,-0.184,,,,,,,,,,,,,,,,,,,,,,,,,,,,,,,,,,,,,,,,,,,,,,,,,,,,,,,,,,,,,,,,,,,,,,,,,,,,,,,,,,,,,,,,,,,,,,,,,,,,,,,,,,,,,,,,,,,,,,,,,,,,,,,,,,,,,,,,,,,,,,,,,,,,,,,,,,,,,,,,,,,,,,,,,,,,,,,,,,,,,,,,,,,,,,,,,,,,,,,,,,,,,,,,,,,,,,,,,,,,,,,,,,,,,,,,,,,,,,
1784901940,0,0.024,-0.004,0.998,0.00,-0.30,-0.20,40.30,17.90,-1.10,-0.14,-1.24,-2.71,1.000,-0.001,-0.011,-0.024,1,0.509,-0.120,0.888,39.00,-8.20,-30.90,28.70,10.70,-27.80,-8.25,-32.63,-19.69,0.940,-0.116,-0.264,-0.184,,,,,,,,,,,,,,,,,,,,,,,,,,,,,,,,,,,,,,,,,,,,,,,,,,,,,,,,,,,,,,,,,,,,,,,,,,,,,,,,,,,,,,,,,,,,,,,,,,,,,,,,,,,,,,,,,,,,,,,,,,,,,,,,,,,,,,,,,,,,,,,,,,,,,,,,,,,,,,,,,,,,,,,,,,,,,,,,,,,,,,,,,,,,,,,,,,,,,,,,,,,,,,,,,,,,,,,,,,,,,,,,,,,,,,,,,,,,,,
1784901940,0,0.020,-0.004,1.006,0.00,-0.10,-0.20,40.30,17.90,-1.10,-0.14,-1.24,-2.71,1.000,-0.001,-0.011,-0.024,1,0.505,-0.124,0.907,39.00,-8.20,-30.90,28.70,10.70,-27.80,-8.25,-32.63,-19.69,0.940,-0.116,-0.264,-0.184,,,,,,,,,,,,,,,,,,,,,,,,,,,,,,,,,,,,,,,,,,,,,,,,,,,,,,,,,,,,,,,,,,,,,,,,,,,,,,,,,,,,,,,,,,,,,,,,,,,,,,,,,,,,,,,,,,,,,,,,,,,,,,,,,,,,,,,,,,,,,,,,,,,,,,,,,,,,,,,,,,,,,,,,,,,,,,,,,,,,,,,,,,,,,,,,,,,,,,,,,,,,,,,,,,,,,,,,,,,,,,,,,,,,,,,,,,,,,,
1784901940,0,0.020,0.000,0.998,0.00,0.00,-0.10,40.30,17.90,-1.10,-0.14,-1.24,-2.71,1.000,-0.001,-0.011,-0.024,1,0.505,-0.124,0.900,36.60,-10.40,-31.70,28.70,10.70,-27.80,-8.25,-32.63,-19.69,0.940,-0.116,-0.264,-0.184,,,,,,,,,,,,,,,,,,,,,,,,,,,,,,,,,,,,,,,,,,,,,,,,,,,,,,,,,,,,,,,,,,,,,,,,,,,,,,,,,,,,,,,,,,,,,,,,,,,,,,,,,,,,,,,,,,,,,,,,,,,,,,,,,,,,,,,,,,,,,,,,,,,,,,,,,,,,,,,,,,,,,,,,,,,,,,,,,,,,,,,,,,,,,,,,,,,,,,,,,,,,,,,,,,,,,,,,,,,,,,,,,,,,,,,,,,,,,,
1784901940,0,0.024,-0.004,1.002,0.00,0.00,0.00,40.70,17.70,-1.30,-0.14,-1.24,-2.71,1.000,-0.001,-0.011,-0.024,1,0.509,-0.116,0.872,34.50,-12.40,-32.00,29.00,9.90,-27.30,-7.69,-32.77,-20.04,0.939,-0.112,-0.266,-0.185,,,,,,,,,,,,,,,,,,,,,,,,,,,,,,,,,,,,,,,,,,,,,,,,,,,,,,,,,,,,,,,,,,,,,,,,,,,,,,,,,,,,,,,,,,,,,,,,,,,,,,,,,,,,,,,,,,,,,,,,,,,,,,,,,,,,,,,,,,,,,,,,,,,,,,,,,,,,,,,,,,,,,,,,,,,,,,,,,,,,,,,,,,,,,,,,,,,,,,,,,,,,,,,,,,,,,,,,,,,,,,,,,,,,,,,,,,,,,,
1784901940,0,0.020,0.000,1.002,0.00,0.00,0.00,40.70,17.70,-1.30,-0.14,-1.24,-2.71,1.000,-0.001,-0.011,-0.024,1,0.529,-0.116,0.861,32.40,-16.50,-29.20,29.00,9.90,-27.30,-7.69,-32.77,-20.04,0.939,-0.112,-0.266,-0.185,,,,,,,,,,,,,,,,,,,,,,,,,,,,,,,,,,,,,,,,,,,,,,,,,,,,,,,,,,,,,,,,,,,,,,,,,,,,,,,,,,,,,,,,,,,,,,,,,,,,,,,,,,,,,,,,,,,,,,,,,,,,,,,,,,,,,,,,,,,,,,,,,,,,,,,,,,,,,,,,,,,,,,,,,,,,,,,,,,,,,,,,,,,,,,,,,,,,,,,,,,,,,,,,,,,,,,,,,,,,,,,,,,,,,,,,,,,,,,
1784901940,0,0.024,-0.004,1.002,0.00,0.00,0.00,40.70,17.70,-1.30,-0.14,-1.24,-2.71,1.000,-0.001,-0.011,-0.024,1,0.548,-0.109,0.868,32.40,-16.50,-29.20,29.00,9.90,-27.30,-7.69,-32.77,-20.04,0.939,-0.112,-0.266,-0.185,,,,,,,,,,,,,,,,,,,,,,,,,,,,,,,,,,,,,,,,,,,,,,,,,,,,,,,,,,,,,,,,,,,,,,,,,,,,,,,,,,,,,,,,,,,,,,,,,,,,,,,,,,,,,,,,,,,,,,,,,,,,,,,,,,,,,,,,,,,,,,,,,,,,,,,,,,,,,,,,,,,,,,,,,,,,,,,,,,,,,,,,,,,,,,,,,,,,,,,,,,,,,,,,,,,,,,,,,,,,,,,,,,,,,,,,,,,,,,
1784901940,0,0.024,0.000,0.998,0.00,0.00,0.00,40.70,17.70,-1.30,-0.14,-1.24,-2.71,1.000,-0.001,-0.011,-0.024,1,0.548,-0.121,0.876,30.80,-18.90,-26.40,29.00,9.90,-27.30,-7.69,-32.77,-20.04,0.939,-0.112,-0.266,-0.185,,,,,,,,,,,,,,,,,,,,,,,,,,,,,,,,,,,,,,,,,,,,,,,,,,,,,,,,,,,,,,,,,,,,,,,,,,,,,,,,,,,,,,,,,,,,,,,,,,,,,,,,,,,,,,,,,,,,,,,,,,,,,,,,,,,,,,,,,,,,,,,,,,,,,,,,,,,,,,,,,,,,,,,,,,,,,,,,,,,,,,,,,,,,,,,,,,,,,,,,,,,,,,,,,,,,,,,,,,,,,,,,,,,,,,,,,,,,,,
1784901940,0,0.020,-0.004,1.002,0.00,-0.10,0.00,40.70,18.00,-1.50,-0.14,-1.24,-2.71,1.000,-0.001,-0.011,-0.024,1,0.548,-0.144,0.857,28.40,-21.50,-23.40,28.50,8.70,-28.10,-7.22,-32.99,-20.33,0.939,-0.109,-0.268,-0.186,,,,,,,,,,,,,,,,,,,,,,,,,,,,,,,,,,,,,,,,,,,,,,,,,,,,,,,,,,,,,,,,,,,,,,,,,,,,,,,,,,,,,,,,,,,,,,,,,,,,,,,,,,,,,,,,,,,,,,,,,,,,,,,,,,,,,,,,,,,,,,,,,,,,,,,,,,,,,,,,,,,,,,,,,,,,,,,,,,,,,,,,,,,,,,,,,,,,,,,,,,,,,,,,,,,,,,,,,,,,,,,,,,,,,,,,,,,,,,
1784901940,0,0.024,0.000,1.002,0.00,0.00,0.00,40.70,18.00,-1.50,-0.14,-1.24,-2.71,1.000,-0.001,-0.011,-0.024,1,0.552,-0.144,0.845,21.20,-25.30,-19.70,28.50,8.70,-28.10,-7.22,-32.99,-20.33,0.939,-0.109,-0.268,-0.186,,,,,,,,,,,,,,,,,,,,,,,,,,,,,,,,,,,,,,,,,,,,,,,,,,,,,,,,,,,,,,,,,,,,,,,,,,,,,,,,,,,,,,,,,,,,,,,,,,,,,,,,,,,,,,,,,,,,,,,,,,,,,,,,,,,,,,,,,,,,,,,,,,,,,,,,,,,,,,,,,,,,,,,,,,,,,,,,,,,,,,,,,,,,,,,,,,,,,,,,,,,,,,,,,,,,,,,,,,,,,,,,,,,,,,,,,,,,,,
1784901940,0,0.024,0.000,0.998,0.00,0.00,0.00,40.70,18.00,-1.50,-0.14,-1.24,-2.71,1.000,-0.001,-0.011,-0.024,1,0.556,-0.156,0.837,21.20,-25.30,-19.70,28.50,8.70,-28.10,-7.22,-32.99,-20.33,0.939,-0.109,-0.268,-0.186,,,,,,,,,,,,,,,,,,,,,,,,,,,,,,,,,,,,,,,,,,,,,,,,,,,,,,,,,,,,,,,,,,,,,,,,,,,,,,,,,,,,,,,,,,,,,,,,,,,,,,,,,,,,,,,,,,,,,,,,,,,,,,,,,,,,,,,,,,,,,,,,,,,,,,,,,,,,,,,,,,,,,,,,,,,,,,,,,,,,,,,,,,,,,,,,,,,,,,,,,,,,,,,,,,,,,,,,,,,,,,,,,,,,,,,,,,,,,,
1784901940,0,0.024,-0.004,1.002,0.00,0.00,0.00,40.70,18.00,-1.50,-0.14,-1.24,-2.71,1.000,-0.001,-0.011,-0.024,1,0.560,-0.164,0.829,17.00,-26.10,-19.10,28.50,8.70,-28.10,-7.22,-32.99,-20.33,0.939,-0.109,-0.268,-0.186,,,,,,,,,,,,,,,,,,,,,,,,,,,,,,,,,,,,,,,,,,,,,,,,,,,,,,,,,,,,,,,,,,,,,,,,,,,,,,,,,,,,,,,,,,,,,,,,,,,,,,,,,,,,,,,,,,,,,,,,,,,,,,,,,,,,,,,,,,,,,,,,,,,,,,,,,,,,,,,,,,,,,,,,,,,,,,,,,,,,,,,,,,,,,,,,,,,,,,,,,,,,,,,,,,,,,,,,,,,,,,,,,,,,,,,,,,,,,,
1784901940,0,0.020,-0.004,0.994,0.00,0.00,0.00,40.40,18.00,-1.10,-0.14,-1.25,-2.71,1.000,-0.001,-0.011,-0.024,1,0.569,-0.148,0.818,12.90,-26.20,-18.40,28.30,8.40,-28.20,-6.94,-33.26,-20.52,0.938,-0.108,-0.271,-0.187,,,,,,,,,,,,,,,,,,,,,,,,,,,,,,,,,,,,,,,,,,,,,,,,,,,,,,,,,,,,,,,,,,,,,,,,,,,,,,,,,,,,,,,,,,,,,,,,,,,,,,,,,,,,,,,,,,,,,,,,,,,,,,,,,,,,,,,,,,,,,,,,,,,,,,,,,,,,,,,,,,,,,,,,,,,,,,,,,,,,,,,,,,,,,,,,,,,,,,,,,,,,,,,,,,,,,,,,,,,,,,,,,,,,,,,,,,,,,,
1784901940,0,0.020,-0.004,0.998,0.00,-0.10,0.00,40.40,18.00,-1.10,-0.14,-1.25,-2.71,1.000,-0.001,-0.011,-0.024,1,0.580,-0.137,0.833,6.70,-25.30,-13.90,28.30,8.40,-28.20,-6.95,-33.27,-20.52,0.938,-0.108,-0.271,-0.187,,,,,,,,,,,,,,,,,,,,,,,,,,,,,,,,,,,,,,,,,,,,,,,,,,,,,,,,,,,,,,,,,,,,,,,,,,,,,,,,,,,,,,,,,,,,,,,,,,,,,,,,,,,,,,,,,,,,,,,,,,,,,,,,,,,,,,,,,,,,,,,,,,,,,,,,,,,,,,,,,,,,,,,,,,,,,,,,,,,,,,,,,,,,,,,,,,,,,,,,,,,,,,,,,,,,,,,,,,,,,,,,,,,,,,,,,,,,,,
1784901940,0,0.020,0.000,0.998,0.00,-0.10,0.00,40.40,18.00,-1.10,-0.14,-1.25,-2.71,1.000,-0.001,-0.011,-0.024,1,0.572,-0.156,0.833,6.70,-25.30,-13.90,28.30,8.40,-28.20,-6.95,-33.27,-20.52,0.938,-0.108,-0.271,-0.187,,,,,,,,,,,,,,,,,,,,,,,,,,,,,,,,,,,,,,,,,,,,,,,,,,,,,,,,,,,,,,,,,,,,,,,,,,,,,,,,,,,,,,,,,,,,,,,,,,,,,,,,,,,,,,,,,,,,,,,,,,,,,,,,,,,,,,,,,,,,,,,,,,,,,,,,,,,,,,,,,,,,,,,,,,,,,,,,,,,,,,,,,,,,,,,,,,,,,,,,,,,,,,,,,,,,,,,,,,,,,,,,,,,,,,,,,,,,,,
1784901940,0,0.020,0.000,0.998,0.00,-0.20,0.00,40.40,18.00,-1.10,-0.14,-1.25,-2.71,1.000,-0.001,-0.011,-0.024,1,0.600,-0.188,0.818,5.40,-25.40,-10.70,28.30,8.40,-28.20,-6.95,-33.27,-20.52,0.938,-0.108,-0.271,-0.187,,,,,,,,,,,,,,,,,,,,,,,,,,,,,,,,,,,,,,,,,,,,,,,,,,,,,,,,,,,,,,,,,,,,,,,,,,,,,,,,,,,,,,,,,,,,,,,,,,,,,,,,,,,,,,,,,,,,,,,,,,,,,,,,,,,,,,,,,,,,,,,,,,,,,,,,,,,,,,,,,,,,,,,,,,,,,,,,,,,,,,,,,,,,,,,,,,,,,,,,,,,,,,,,,,,,,,,,,,,,,,,,,,,,,,,,,,,,,,
1784901940,0,0.020,-0.004,1.002,0.00,-0.10,0.00,37.40,17.50,-1.30,-0.14,-1.25,-2.71,1.000,-0.001,-0.011,-0.024,1,0.615,-0.192,0.806,4.90,-26.30,-7.70,28.00,11.90,-26.40,-6.83,-33.53,-20.62,0.937,-0.108,-0.273,-0.188,,,,,,,,,,,,,,,,,,,,,,,,,,,,,,,,,,,,,,,,,,,,,,,,,,,,,,,,,,,,,,,,,,,,,,,,,,,,,,,,,,,,,,,,,,,,,,,,,,,,,,,,,,,,,,,,,,,,,,,,,,,,,,,,,,,,,,,,,,,,,,,,,,,,,,,,,,,,,,,,,,,,,,,,,,,,,,,,,,,,,,,,,,,,,,,,,,,,,,,,,,,,,,,,,,,,,,,,,,,,,,,,,,,,,,,,,,,,,,
1784901940,0,0.024,0.000,0.998,0.00,-0.10,-0.10,37.40,17.50,-1.30,-0.14,-1.25,-2.71,1.000,-0.001,-0.011,-0.024,1,0.635,-0.212,0.802,3.80,-29.70,-1.70,28.00,11.90,-26.40,-6.85,-33.54,-20.60,0.937,-0.108,-0.273,-0.188,,,,,,,,,,,,,,,,,,,,,,,,,,,,,,,,,,,,,,,,,,,,,,,,,,,,,,,,,,,,,,,,,,,,,,,,,,,,,,,,,,,,,,,,,,,,,,,,,,,,,,,,,,,,,,,,,,,,,,,,,,,,,,,,,,,,,,,,,,,,,,,,,,,,,,,,,,,,,,,,,,,,,,,,,,,,,,,,,,,,,,,,,,,,,,,,,,,,,,,,,,,,,,,,,,,,,,,,,,,,,,,,,,,,,,,,,,,,,,
1784901940,0,0.020,0.000,1.006,0.00,0.00,0.00,37.40,17.50,-1.30,-0.14,-1.25,-2.71,1.000,-0.001,-0.011,-0.024,1,0.647,-0.228,0.755,3.80,-29.70,-1.70,28.00,11.90,-26.40,-6.85,-33.54,-20.60,0.937,-0.108,-0.273,-0.188,,,,,,,,,,,,,,,,,,,,,,,,,,,,,,,,,,,,,,,,,,,,,,,,,,,,,,,,,,,,,,,,,,,,,,,,,,,,,,,,,,,,,,,,,,,,,,,,,,,,,,,,,,,,,,,,,,,,,,,,,,,,,,,,,,,,,,,,,,,,,,,,,,,,,,,,,,,,,,,,,,,,,,,,,,,,,,,,,,,,,,,,,,,,,,,,,,,,,,,,,,,,,,,,,,,,,,,,,,,,,,,,,,,,,,,,,,,,,,
1784901940,0,0.020,0.003,0.998,0.00,0.10,0.00,37.40,17.50,-1.30,-0.14,-1.25,-2.71,1.000,-0.001,-0.011,-0.024,1,0.624,-0.086,0.759,1.70,-30.90,2.40,28.00,11.90,-26.40,-6.85,-33.54,-20.60,0.937,-0.108,-0.273,-0.188,,,,,,,,,,,,,,,,,,,,,,,,,,,,,,,,,,,,,,,,,,,,,,,,,,,,,,,,,,,,,,,,,,,,,,,,,,,,,,,,,,,,,,,,,,,,,,,,,,,,,,,,,,,,,,,,,,,,,,,,,,,,,,,,,,,,,,,,,,,,,,,,,,,,,,,,,,,,,,,,,,,,,,,,,,,,,,,,,,,,,,,,,,,,,,,,,,,,,,,,,,,,,,,,,,,,,,,,,,,,,,,,,,,,,,,,,,,,,,
1784901940,0,0.020,0.000,0.998,0.00,0.00,0.00,40.40,17.50,-1.50,-0.14,-1.25,-2.71,1.000,-0.001,-0.011,-0.024,1,0.561,-0.101,0.787,-1.30,-30.70,7.60,27.90,10.90,-31.00,-6.87,-33.84,-20.54,0.937,-0.108,-0.276,-0.187,,,,,,,,,,,,,,,,,,,,,,,,,,,,,,,,,,,,,,,,,,,,,,,,,,,,,,,,,,,,,,,,,,,,,,,,,,,,,,,,,,,,,,,,,,,,,,,,,,,,,,,,,,,,,,,,,,,,,,,,,,,,,,,,,,,,,,,,,,,,,,,,,,,,,,,,,,,,,,,,,,,,,,,,,,,,,,,,,,,,,,,,,,,,,,,,,,,,,,,,,,,,,,,,,,,,,,,,,,,,,,,,,,,,,,,,,,,,,,
1784901940,0,0.020,-0.004,1.002,0.00,0.00,0.00,40.40,17.50,-1.50,-0.14,-1.25,-2.71,1.000,-0.001,-0.011,-0.024,1,0.539,-0.128,0.736,-5.10,-25.80,13.10,27.90,10.90,-31.00,-6.88,-33.86,-20.53,0.937,-0.108,-0.276,-0.187,,,,,,,,,,,,,,,,,,,,,,,,,,,,,,,,,,,,,,,,,,,,,,,,,,,,,,,,,,,,,,,,,,,,,,,,,,,,,,,,,,,,,,,,,,,,,,,,,,,,,,,,,,,,,,,,,,,,,,,,,,,,,,,,,,,,,,,,,,,,,,,,,,,,,,,,,,,,,,,,,,,,,,,,,,,,,,,,,,,,,,,,,,,,,,,,,,,,,,,,,,,,,,,,,,,,,,,,,,,,,,,,,,,,,,,,,,,,,,
1784901940,0,0.024,0.000,0.998,0.00,0.00,0.10,40.40,17.50,-1.50,-0.14,-1.25,-2.71,1.000,-0.001,-0.011,-0.024,1,0.639,-0.157,0.798,-5.10,-25.80,13.10,27.90,10.90,-31.00,-6.88,-33.86,-20.53,0.937,-0.108,-0.276,-0.187,,,,,,,,,,,,,,,,,,,,,,,,,,,,,,,,,,,,,,,,,,,,,,,,,,,,,,,,,,,,,,,,,,,,,,,,,,,,,,,,,,,,,,,,,,,,,,,,,,,,,,,,,,,,,,,,,,,,,,,,,,,,,,,,,,,,,,,,,,,,,,,,,,,,,,,,,,,,,,,,,,,,,,,,,,,,,,,,,,,,,,,,,,,,,,,,,,,,,,,,,,,,,,,,,,,,,,,,,,,,,,,,,,,,,,,,,,,,,,
1784901940,0,0.024,0.000,1.002,-0.10,0.00,0.10,40.40,17.50,-1.50,-0.14,-1.25,-2.71,1.000,-0.001,-0.011,-0.024,1,0.664,-0.161,0.685,-5.20,-22.40,9.10,27.90,10.90,-31.00,-6.88,-33.86,-20.53,0.937,-0.108,-0.276,-0.187,,,,,,,,,,,,,,,,,,,,,,,,,,,,,,,,,,,,,,,,,,,,,,,,,,,,,,,,,,,,,,,,,,,,,,,,,,,,,,,,,,,,,,,,,,,,,,,,,,,,,,,,,,,,,,,,,,,,,,,,,,,,,,,,,,,,,,,,,,,,,,,,,,,,,,,,,,,,,,,,,,,,,,,,,,,,,,,,,,,,,,,,,,,,,,,,,,,,,,,,,,,,,,,,,,,,,,,,,,,,,,,,,,,,,,,,,,,,,,
1784901940,0,0.024,0.003,1.006,0.00,0.00,0.10,40.50,17.60,-1.40,-0.14,-1.25,-2.71,1.000,-0.001,-0.011,-0.024,1,0.696,-0.127,0.677,-5.40,-18.70,1.00,27.60,11.80,-31.10,-7.02,-34.08,-20.39,0.936,-0.109,-0.277,-0.187,,,,,,,,,,,,,,,,,,,,,,,,,,,,,,,,,,,,,,,,,,,,,,,,,,,,,,,,,,,,,,,,,,,,,,,,,,,,,,,,,,,,,,,,,,,,,,,,,,,,,,,,,,,,,,,,,,,,,,,,,,,,,,,,,,,,,,,,,,,,,,,,,,,,,,,,,,,,,,,,,,,,,,,,,,,,,,,,,,,,,,,,,,,,,,,,,,,,,,,,,,,,,,,,,,,,,,,,,,,,,,,,,,,,,,,,,,,,,,
1784901940,0,0.020,0.000,1.002,0.00,0.00,0.00,40.50,17.60,-1.40,-0.14,-1.25,-2.71,1.000,-0.001,-0.011,-0.024,1,0.658,-0.134,0.868,-5.40,-8.20,-14.20,27.60,11.80,-31.10,-7.03,-34.09,-20.38,0.936,-0.109,-0.278,-0.187,,,,,,,,,,,,,,,,,,,,,,,,,,,,,,,,,,,,,,,,,,,,,,,,,,,,,,,,,,,,,,,,,,,,,,,,,,,,,,,,,,,,,,,,,,,,,,,,,,,,,,,,,,,,,,,,,,,,,,,,,,,,,,,,,,,,,,,,,,,,,,,,,,,,,,,,,,,,,,,,,,,,,,,,,,,,,,,,,,,,,,,,,,,,,,,,,,,,,,,,,,,,,,,,,,,,,,,,,,,,,,,,,,,,,,,,,,,,,,
1784901940,0,0.024,-0.004,0.998,0.00,0.00,0.00,40.50,17.60,-1.40,-0.14,-1.25,-2.71,1.000,-0.001,-0.011,-0.024,1,0.658,-0.134,0.825,-5.40,-8.20,-14.20,27.60,11.80,-31.10,-7.03,-34.09,-20.38,0.936,-0.109,-0.278,-0.187,,,,,,,,,,,,,,,,,,,,,,,,,,,,,,,,,,,,,,,,,,,,,,,,,,,,,,,,,,,,,,,,,,,,,,,,,,,,,,,,,,,,,,,,,,,,,,,,,,,,,,,,,,,,,,,,,,,,,,,,,,,,,,,,,,,,,,,,,,,,,,,,,,,,,,,,,,,,,,,,,,,,,,,,,,,,,,,,,,,,,,,,,,,,,,,,,,,,,,,,,,,,,,,,,,,,,,,,,,,,,,,,,,,,,,,,,,,,,,
1784901940,0,0.020,0.000,0.998,0.00,0.00,0.00,40.50,17.60,-1.40,-0.14,-1.25,-2.71,1.000,-0.001,-0.011,-0.024,1,0.635,-0.122,0.833,-5.70,-2.50,-16.10,27.60,11.80,-31.10,-7.03,-34.09,-20.38,0.936,-0.109,-0.278,-0.187,,,,,,,,,,,,,,,,,,,,,,,,,,,,,,,,,,,,,,,,,,,,,,,,,,,,,,,,,,,,,,,,,,,,,,,,,,,,,,,,,,,,,,,,,,,,,,,,,,,,,,,,,,,,,,,,,,,,,,,,,,,,,,,,,,,,,,,,,,,,,,,,,,,,,,,,,,,,,,,,,,,,,,,,,,,,,,,,,,,,,,,,,,,,,,,,,,,,,,,,,,,,,,,,,,,,,,,,,,,,,,,,,,,,,,,,,,,,,,
1784901940,0,0.024,0.003,1.002,0.00,0.00,0.00,40.50,17.60,-1.30,-0.14,-1.25,-2.71,1.000,-0.001,-0.011,-0.024,1,0.624,-0.102,0.779,-6.10,1.90,-14.50,27.50,11.70,-31.70,-6.99,-34.15,-20.56,0.936,-0.110,-0.278,-0.188,,,,,,,,,,,,,,,,,,,,,,,,,,,,,,,,,,,,,,,,,,,,,,,,,,,,,,,,,,,,,,,,,,,,,,,,,,,,,,,,,,,,,,,,,,,,,,,,,,,,,,,,,,,,,,,,,,,,,,,,,,,,,,,,,,,,,,,,,,,,,,,,,,,,,,,,,,,,,,,,,,,,,,,,,,,,,,,,,,,,,,,,,,,,,,,,,,,,,,,,,,,,,,,,,,,,,,,,,,,,,,,,,,,,,,,,,,,,,,
1784901940,0,0.024,-0.004,1.002,0.00,0.00,0.00,40.50,17.60,-1.30,-0.14,-1.25,-2.71,1.000,-0.001,-0.011,-0.024,1,0.536,-0.077,0.880,0.40,7.70,-8.00,27.50,11.70,-31.70,-6.99,-34.16,-20.55,0.936,-0.110,-0.278,-0.188,,,,,,,,,,,,,,,,,,,,,,,,,,,,,,,,,,,,,,,,,,,,,,,,,,,,,,,,,,,,,,,,,,,,,,,,,,,,,,,,,,,,,,,,,,,,,,,,,,,,,,,,,,,,,,,,,,,,,,,,,,,,,,,,,,,,,,,,,,,,,,,,,,,,,,,,,,,,,,,,,,,,,,,,,,,,,,,,,,,,,,,,,,,,,,,,,,,,,,,,,,,,,,,,,,,,,,,,,,,,,,,,,,,,,,,,,,,,,,
1784901940,0,0.024,0.000,0.998,0.00,0.00,-0.10,40.50,17.60,-1.30,-0.14,-1.25,-2.71,1.000,-0.001,-0.011,-0.024,1,0.580,-0.039,0.841,0.40,7.70,-8.00,27.50,11.70,-31.70,-6.99,-34.16,-20.55,0.936,-0.110,-0.278,-0.188,,,,,,,,,,,,,,,,,,,,,,,,,,,,,,,,,,,,,,,,,,,,,,,,,,,,,,,,,,,,,,,,,,,,,,,,,,,,,,,,,,,,,,,,,,,,,,,,,,,,,,,,,,,,,,,,,,,,,,,,,,,,,,,,,,,,,,,,,,,,,,,,,,,,,,,,,,,,,,,,,,,,,,,,,,,,,,,,,,,,,,,,,,,,,,,,,,,,,,,,,,,,,,,,,,,,,,,,,,,,,,,,,,,,,,,,,,,,,,
1784901940,0,0.020,0.000,1.002,0.00,0.00,0.00,40.50,17.60,-1.30,-0.14,-1.25,-2.71,1.000,-0.001,-0.011,-0.024,1,0.588,-0.007,0.837,7.80,8.70,-6.10,27.50,11.70,-31.70,-6.99,-34.16,-20.55,0.936,-0.110,-0.278,-0.188,,,,,,,,,,,,,,,,,,,,,,,,,,,,,,,,,,,,,,,,,,,,,,,,,,,,,,,,,,,,,,,,,,,,,,,,,,,,,,,,,,,,,,,,,,,,,,,,,,,,,,,,,,,,,,,,,,,,,,,,,,,,,,,,,,,,,,,,,,,,,,,,,,,,,,,,,,,,,,,,,,,,,,,,,,,,,,,,,,,,,,,,,,,,,,,,,,,,,,,,,,,,,,,,,,,,,,,,,,,,,,,,,,,,,,,,,,,,,,
1784901940,0,0.024,-0.004,0.998,0.00,0.00,0.00,40.40,17.40,-1.20,-0.14,-1.25,-2.71,1.000,-0.001,-0.011,-0.024,1,0.565,0.039,0.857,14.90,7.50,-6.30,27.20,11.80,-31.40,-6.88,-34.09,-20.65,0.936,-0.109,-0.278,-0.188,,,,,,,,,,,,,,,,,,,,,,,,,,,,,,,,,,,,,,,,,,,,,,,,,,,,,,,,,,,,,,,,,,,,,,,,,,,,,,,,,,,,,,,,,,,,,,,,,,,,,,,,,,,,,,,,,,,,,,,,,,,,,,,,,,,,,,,,,,,,,,,,,,,,,,,,,,,,,,,,,,,,,,,,,,,,,,,,,,,,,,,,,,,,,,,,,,,,,,,,,,,,,,,,,,,,,,,,,,,,,,,,,,,,,,,,,,,,,,
1784901940,0,0.024,0.000,0.998,0.00,0.00,0.10,40.40,17.40,-1.20,-0.14,-1.25,-2.71,1.000,-0.001,-0.011,-0.024,1,0.554,0.036,0.798,23.70,1.40,-10.30,27.20,11.80,-31.40,-6.87,-34.09,-20.66,0.936,-0.109,-0.278,-0.188,,,,,,,,,,,,,,,,,,,,,,,,,,,,,,,,,,,,,,,,,,,,,,,,,,,,,,,,,,,,,,,,,,,,,,,,,,,,,,,,,,,,,,,,,,,,,,,,,,,,,,,,,,,,,,,,,,,,,,,,,,,,,,,,,,,,,,,,,,,,,,,,,,,,,,,,,,,,,,,,,,,,,,,,,,,,,,,,,,,,,,,,,,,,,,,,,,,,,,,,,,,,,,,,,,,,,,,,,,,,,,,,,,,,,,,,,,,,,,
1784901940,0,0.024,-0.004,0.994,0.00,-0.10,0.00,40.40,17.40,-1.20,-0.14,-1.25,-2.71,1.000,-0.001,-0.011,-0.024,1,0.542,0.060,0.791,23.70,1.40,-10.30,27.20,11.80,-31.40,-6.87,-34.09,-20.66,0.936,-0.109,-0.278,-0.188,,,,,,,,,,,,,,,,,,,,,,,,,,,,,,,,,,,,,,,,,,,,,,,,,,,,,,,,,,,,,,,,,,,,,,,,,,,,,,,,,,,,,,,,,,,,,,,,,,,,,,,,,,,,,,,,,,,,,,,,,,,,,,,,,,,,,,,,,,,,,,,,,,,,,,,,,,,,,,,,,,,,,,,,,,,,,,,,,,,,,,,,,,,,,,,,,,,,,,,,,,,,,,,,,,,,,,,,,,,,,,,,,,,,,,,,,,,,,,
1784901940,0,0.020,-0.004,1.002,0.00,-0.10,0.00,40.40,17.40,-1.20,-0.14,-1.25,-2.71,1.000,-0.001,-0.011,-0.024,1,0.527,0.091,0.791,26.50,-1.30,-12.80,27.20,11.80,-31.40,-6.87,-34.09,-20.66,0.936,-0.109,-0.278,-0.188,,,,,,,,,,,,,,,,,,,,,,,,,,,,,,,,,,,,,,,,,,,,,,,,,,,,,,,,,,,,,,,,,,,,,,,,,,,,,,,,,,,,,,,,,,,,,,,,,,,,,,,,,,,,,,,,,,,,,,,,,,,,,,,,,,,,,,,,,,,,,,,,,,,,,,,,,,,,,,,,,,,,,,,,,,,,,,,,,,,,,,,,,,,,,,,,,,,,,,,,,,,,,,,,,,,,,,,,,,,,,,,,,,,,,,,,,,,,,,
1784901940,0,0.028,0.000,1.002,0.00,-0.10,-0.10,39.30,17.30,-1.70,-0.14,-1.25,-2.71,1.000,-0.001,-0.011,-0.024,1,0.479,0.088,0.834,29.40,-3.50,-15.60,27.20,10.70,-30.60,-6.52,-34.11,-20.80,0.936,-0.106,-0.278,-0.189,,,,,,,,,,,,,,,,,,,,,,,,,,,,,,,,,,,,,,,,,,,,,,,,,,,,,,,,,,,,,,,,,,,,,,,,,,,,,,,,,,,,,,,,,,,,,,,,,,,,,,,,,,,,,,,,,,,,,,,,,,,,,,,,,,,,,,,,,,,,,,,,,,,,,,,,,,,,,,,,,,,,,,,,,,,,,,,,,,,,,,,,,,,,,,,,,,,,,,,,,,,,,,,,,,,,,,,,,,,,,,,,,,,,,,,,,,,,,,
1784901940,0,0.020,-0.004,1.002,0.00,-0.10,-0.10,39.30,17.30,-1.70,-0.14,-1.25,-2.71,1.000,-0.001,-0.011,-0.024,1,0.548,0.123,0.713,34.40,-5.00,-22.10,27.20,10.70,-30.60,-6.51,-34.11,-20.81,0.936,-0.106,-0.278,-0.189,,,,,,,,,,,,,,,,,,,,,,,,,,,,,,,,,,,,,,,,,,,,,,,,,,,,,,,,,,,,,,,,,,,,,,,,,,,,,,,,,,,,,,,,,,,,,,,,,,,,,,,,,,,,,,,,,,,,,,,,,,,,,,,,,,,,,,,,,,,,,,,,,,,,,,,,,,,,,,,,,,,,,,,,,,,,,,,,,,,,,,,,,,,,,,,,,,,,,,,,,,,,,,,,,,,,,,,,,,,,,,,,,,,,,,,,,,,,,,
1784901940,0,0.020,0.000,1.002,0.10,-0.10,-0.10,39.30,17.30,-1.70,-0.14,-1.25,-2.71,1.000,-0.001,-0.011,-0.024,1,0.551,0.150,0.725,34.40,-5.00,-22.10,27.20,10.70,-30.60,-6.51,-34.11,-20.81,0.936,-0.106,-0.278,-0.189,,,,,,,,,,,,,,,,,,,,,,,,,,,,,,,,,,,,,,,,,,,,,,,,,,,,,,,,,,,,,,,,,,,,,,,,,,,,,,,,,,,,,,,,,,,,,,,,,,,,,,,,,,,,,,,,,,,,,,,,,,,,,,,,,,,,,,,,,,,,,,,,,,,,,,,,,,,,,,,,,,,,,,,,,,,,,,,,,,,,,,,,,,,,,,,,,,,,,,,,,,,,,,,,,,,,,,,,,,,,,,,,,,,,,,,,,,,,,,
1784901940,0,0.020,-0.004,0.998,0.10,-0.10,-0.10,39.30,17.30,-1.70,-0.14,-1.25,-2.71,1.000,-0.001,-0.011,-0.024,1,0.552,0.127,0.713,35.50,-3.20,-25.10,27.20,10.70,-30.60,-6.51,-34.11,-20.81,0.936,-0.106,-0.278,-0.189,,,,,,,,,,,,,,,,,,,,,,,,,,,,,,,,,,,,,,,,,,,,,,,,,,,,,,,,,,,,,,,,,,,,,,,,,,,,,,,,,,,,,,,,,,,,,,,,,,,,,,,,,,,,,,,,,,,,,,,,,,,,,,,,,,,,,,,,,,,,,,,,,,,,,,,,,,,,,,,,,,,,,,,,,,,,,,,,,,,,,,,,,,,,,,,,,,,,,,,,,,,,,,,,,,,,,,,,,,,,,,,,,,,,,,,,,,,,,,
1784901940,0,0.020,0.000,0.998,0.10,-0.10,0.00,39.30,17.60,-1.10,-0.14,-1.25,-2.71,1.000,-0.001,-0.011,-0.024,1,0.567,0.130,0.721,36.40,1.20,-27.70,26.90,10.80,-27.20,-5.99,-34.16,-21.10,0.936,-0.103,-0.279,-0.190,,,,,,,,,,,,,,,,,,,,,,,,,,,,,,,,,,,,,,,,,,,,,,,,,,,,,,,,,,,,,,,,,,,,,,,,,,,,,,,,,,,,,,,,,,,,,,,,,,,,,,,,,,,,,,,,,,,,,,,,,,,,,,,,,,,,,,,,,,,,,,,,,,,,,,,,,,,,,,,,,,,,,,,,,,,,,,,,,,,,,,,,,,,,,,,,,,,,,,,,,,,,,,,,,,,,,,,,,,,,,,,,,,,,,,,,,,,,,,
1784901940,0,0.020,0.000,0.998,0.00,0.00,0.00,39.30,17.60,-1.10,-0.14,-1.25,-2.71,1.000,-0.001,-0.011,-0.024,1,0.536,0.099,0.717,39.20,17.40,-33.80,26.90,10.80,-27.20,-5.97,-34.17,-21.11,0.936,-0.103,-0.279,-0.190,,,,,,,,,,,,,,,,,,,,,,,,,,,,,,,,,,,,,,,,,,,,,,,,,,,,,,,,,,,,,,,,,,,,,,,,,,,,,,,,,,,,,,,,,,,,,,,,,,,,,,,,,,,,,,,,,,,,,,,,,,,,,,,,,,,,,,,,,,,,,,,,,,,,,,,,,,,,,,,,,,,,,,,,,,,,,,,,,,,,,,,,,,,,,,,,,,,,,,,,,,,,,,,,,,,,,,,,,,,,,,,,,,,,,,,,,,,,,,
1784901940,0,0.024,-0.004,0.998,0.00,0.00,0.10,39.30,17.60,-1.10,-0.14,-1.25,-2.71,1.000,-0.001,-0.011,-0.024,1,0.512,0.053,0.736,39.20,17.40,-33.80,26.90,10.80,-27.20,-5.97,-34.17,-21.11,0.936,-0.103,-0.279,-0.190,,,,,,,,,,,,,,,,,,,,,,,,,,,,,,,,,,,,,,,,,,,,,,,,,,,,,,,,,,,,,,,,,,,,,,,,,,,,,,,,,,,,,,,,,,,,,,,,,,,,,,,,,,,,,,,,,,,,,,,,,,,,,,,,,,,,,,,,,,,,,,,,,,,,,,,,,,,,,,,,,,,,,,,,,,,,,,,,,,,,,,,,,,,,,,,,,,,,,,,,,,,,,,,,,,,,,,,,,,,,,,,,,,,,,,,,,,,,,,
1784901940,0,0.024,0.000,0.994,0.00,0.00,0.10,39.30,17.60,-1.10,-0.14,-1.25,-2.71,1.000,-0.001,-0.011,-0.024,1,0.523,0.037,0.756,40.90,26.40,-37.60,26.90,10.80,-27.20,-5.97,-34.17,-21.11,0.936,-0.103,-0.279,-0.190,,,,,,,,,,,,,,,,,,,,,,,,,,,,,,,,,,,,,,,,,,,,,,,,,,,,,,,,,,,,,,,,,,,,,,,,,,,,,,,,,,,,,,,,,,,,,,,,,,,,,,,,,,,,,,,,,,,,,,,,,,,,,,,,,,,,,,,,,,,,,,,,,,,,,,,,,,,,,,,,,,,,,,,,,,,,,,,,,,,,,,,,,,,,,,,,,,,,,,,,,,,,,,,,,,,,,,,,,,,,,,,,,,,,,,,,,,,,,,
1784901940,0,0.020,0.000,0.994,0.00,0.00,0.10,39.40,17.40,-1.30,-0.14,-1.25,-2.71,1.000,-0.001,-0.011,-0.024,1,0.573,-0.003,0.837,43.40,34.40,-40.70,26.80,11.20,-26.50,-5.31,-33.97,-21.58,0.936,-0.098,-0.278,-0.192,,,,,,,,,,,,,,,,,,,,,,,,,,,,,,,,,,,,,,,,,,,,,,,,,,,,,,,,,,,,,,,,,,,,,,,,,,,,,,,,,,,,,,,,,,,,,,,,,,,,,,,,,,,,,,,,,,,,,,,,,,,,,,,,,,,,,,,,,,,,,,,,,,,,,,,,,,,,,,,,,,,,,,,,,,,,,,,,,,,,,,,,,,,,,,,,,,,,,,,,,,,,,,,,,,,,,,,,,,,,,,,,,,,,,,,,,,,,,,
1784901940,0,0.020,-0.004,1.002,0.10,0.00,0.00,39.40,17.40,-1.30,-0.14,-1.25,-2.71,1.000,-0.001,-0.011,-0.024,1,0.537,-0.026,0.833,50.40,45.60,-44.40,26.80,11.20,-26.50,-5.30,-33.97,-21.58,0.936,-0.098,-0.278,-0.192,,,,,,,,,,,,,,,,,,,,,,,,,,,,,,,,,,,,,,,,,,,,,,,,,,,,,,,,,,,,,,,,,,,,,,,,,,,,,,,,,,,,,,,,,,,,,,,,,,,,,,,,,,,,,,,,,,,,,,,,,,,,,,,,,,,,,,,,,,,,,,,,,,,,,,,,,,,,,,,,,,,,,,,,,,,,,,,,,,,,,,,,,,,,,,,,,,,,,,,,,,,,,,,,,,,,,,,,,,,,,,,,,,,,,,,,,,,,,,
1784901940,0,0.020,0.000,1.002,0.00,0.00,0.00,39.40,17.40,-1.30,-0.14,-1.25,-2.71,1.000,-0.001,-0.011,-0.024,1,0.494,-0.041,0.880,50.40,45.60,-44.40,26.80,11.20,-26.50,-5.30,-33.97,-21.58,0.936,-0.098,-0.278,-0.192,,,,,,,,,,,,,,,,,,,,,,,,,,,,,,,,,,,,,,,,,,,,,,,,,,,,,,,,,,,,,,,,,,,,,,,,,,,,,,,,,,,,,,,,,,,,,,,,,,,,,,,,,,,,,,,,,,,,,,,,,,,,,,,,,,,,,,,,,,,,,,,,,,,,,,,,,,,,,,,,,,,,,,,,,,,,,,,,,,,,,,,,,,,,,,,,,,,,,,,,,,,,,,,,,,,,,,,,,,,,,,,,,,,,,,,,,,,,,,
1784901940,0,0.024,0.000,1.002,0.10,-0.10,0.00,39.40,17.40,-1.30,-0.14,-1.25,-2.71,1.000,-0.001,-0.011,-0.024,1,0.513,-0.041,0.915,52.90,48.40,-45.90,26.80,11.20,-26.50,-5.30,-33.97,-21.58,0.936,-0.098,-0.278,-0.192,,,,,,,,,,,,,,,,,,,,,,,,,,,,,,,,,,,,,,,,,,,,,,,,,,,,,,,,,,,,,,,,,,,,,,,,,,,,,,,,,,,,,,,,,,,,,,,,,,,,,,,,,,,,,,,,,,,,,,,,,,,,,,,,,,,,,,,,,,,,,,,,,,,,,,,,,,,,,,,,,,,,,,,,,,,,,,,,,,,,,,,,,,,,,,,,,,,,,,,,,,,,,,,,,,,,,,,,,,,,,,,,,,,,,,,,,,,,,,
1784901940,0,0.020,0.003,1.002,0.00,-0.10,0.00,39.60,17.60,-1.10,-0.14,-1.25,-2.71,1.000,-0.001,-0.011,-0.024,1,0.516,-0.026,0.939,53.10,48.60,-47.70,27.60,10.70,-28.60,-4.45,-33.54,-22.18,0.937,-0.092,-0.276,-0.195,,,,,,,,,,,,,,,,,,,,,,,,,,,,,,,,,,,,,,,,,,,,,,,,,,,,,,,,,,,,,,,,,,,,,,,,,,,,,,,,,,,,,,,,,,,,,,,,,,,,,,,,,,,,,,,,,,,,,,,,,,,,,,,,,,,,,,,,,,,,,,,,,,,,,,,,,,,,,,,,,,,,,,,,,,,,,,,,,,,,,,,,,,,,,,,,,,,,,,,,,,,,,,,,,,,,,,,,,,,,,,,,,,,,,,,,,,,,,,
1784901940,0,0.020,0.000,1.002,0.00,-0.20,0.00,39.60,17.60,-1.10,-0.14,-1.25,-2.71,1.000,-0.001,-0.011,-0.024,1,0.504,0.012,0.993,51.50,46.30,-50.10,27.60,10.70,-28.60,-4.45,-33.53,-22.18,0.937,-0.092,-0.276,-0.195,,,,,,,,,,,,,,,,,,,,,,,,,,,,,,,,,,,,,,,,,,,,,,,,,,,,,,,,,,,,,,,,,,,,,,,,,,,,,,,,,,,,,,,,,,,,,,,,,,,,,,,,,,,,,,,,,,,,,,,,,,,,,,,,,,,,,,,,,,,,,,,,,,,,,,,,,,,,,,,,,,,,,,,,,,,,,,,,,,,,,,,,,,,,,,,,,,,,,,,,,,,,,,,,,,,,,,,,,,,,,,,,,,,,,,,,,,,,,,
1784901940,0,0.020,-0.004,0.998,0.00,-0.20,0.00,39.60,17.60,-1.10,-0.14,-1.25,-2.71,1.000,-0.001,-0.011,-0.024,1,0.449,-0.013,1.017,48.70,41.60,-52.30,27.60,10.70,-28.60,-4.45,-33.53,-22.18,0.937,-0.092,-0.276,-0.195,,,,,,,,,,,,,,,,,,,,,,,,,,,,,,,,,,,,,,,,,,,,,,,,,,,,,,,,,,,,,,,,,,,,,,,,,,,,,,,,,,,,,,,,,,,,,,,,,,,,,,,,,,,,,,,,,,,,,,,,,,,,,,,,,,,,,,,,,,,,,,,,,,,,,,,,,,,,,,,,,,,,,,,,,,,,,,,,,,,,,,,,,,,,,,,,,,,,,,,,,,,,,,,,,,,,,,,,,,,,,,,,,,,,,,,,,,,,,,
1784901940,0,0.020,-0.004,0.998,0.00,-0.10,0.00,39.60,17.60,-1.10,-0.14,-1.25,-2.71,1.000,-0.001,-0.011,-0.024,1,0.476,-0.002,0.985,45.80,35.10,-53.60,27.60,10.70,-28.60,-4.45,-33.53,-22.18,0.937,-0.092,-0.276,-0.195,,,,,,,,,,,,,,,,,,,,,,,,,,,,,,,,,,,,,,,,,,,,,,,,,,,,,,,,,,,,,,,,,,,,,,,,,,,,,,,,,,,,,,,,,,,,,,,,,,,,,,,,,,,,,,,,,,,,,,,,,,,,,,,,,,,,,,,,,,,,,,,,,,,,,,,,,,,,,,,,,,,,,,,,,,,,,,,,,,,,,,,,,,,,,,,,,,,,,,,,,,,,,,,,,,,,,,,,,,,,,,,,,,,,,,,,,,,,,,
1784901940,0,0.024,-0.004,1.006,0.00,0.00,0.00,39.40,17.60,-0.40,-0.14,-1.26,-2.71,1.000,-0.001,-0.011,-0.024,1,0.457,0.002,1.001,42.60,26.50,-53.80,27.20,10.50,-30.60,-3.61,-33.20,-22.84,0.937,-0.086,-0.274,-0.198,,,,,,,,,,,,,,,,,,,,,,,,,,,,,,,,,,,,,,,,,,,,,,,,,,,,,,,,,,,,,,,,,,,,,,,,,,,,,,,,,,,,,,,,,,,,,,,,,,,,,,,,,,,,,,,,,,,,,,,,,,,,,,,,,,,,,,,,,,,,,,,,,,,,,,,,,,,,,,,,,,,,,,,,,,,,,,,,,,,,,,,,,,,,,,,,,,,,,,,,,,,,,,,,,,,,,,,,,,,,,,,,,,,,,,,,,,,,,,
1784901940,0,0.024,0.000,0.994,0.00,0.00,0.00,39.40,17.60,-0.40,-0.14,-1.26,-2.71,1.000,-0.001,-0.011,-0.024,1,0.465,-0.002,0.989,39.00,16.40,-52.90,27.20,10.50,-30.60,-3.61,-33.20,-22.84,0.937,-0.086,-0.274,-0.198,,,,,,,,,,,,,,,,,,,,,,,,,,,,,,,,,,,,,,,,,,,,,,,,,,,,,,,,,,,,,,,,,,,,,,,,,,,,,,,,,,,,,,,,,,,,,,,,,,,,,,,,,,,,,,,,,,,,,,,,,,,,,,,,,,,,,,,,,,,,,,,,,,,,,,,,,,,,,,,,,,,,,,,,,,,,,,,,,,,,,,,,,,,,,,,,,,,,,,,,,,,,,,,,,,,,,,,,,,,,,,,,,,,,,,,,,,,,,,
1784901940,0,0.024,0.000,1.002,0.00,0.00,0.00,39.40,17.60,-0.40,-0.14,-1.26,-2.71,1.000,-0.001,-0.011,-0.024,1,0.489,-0.002,0.950,35.30,5.40,-51.40,27.20,10.50,-30.60,-3.61,-33.20,-22.84,0.937,-0.086,-0.274,-0.198,,,,,,,,,,,,,,,,,,,,,,,,,,,,,,,,,,,,,,,,,,,,,,,,,,,,,,,,,,,,,,,,,,,,,,,,,,,,,,,,,,,,,,,,,,,,,,,,,,,,,,,,,,,,,,,,,,,,,,,,,,,,,,,,,,,,,,,,,,,,,,,,,,,,,,,,,,,,,,,,,,,,,,,,,,,,,,,,,,,,,,,,,,,,,,,,,,,,,,,,,,,,,,,,,,,,,,,,,,,,,,,,,,,,,,,,,,,,,,
1784901940,0,0.024,-0.004,0.998,0.00,0.00,0.00,39.40,17.60,-0.40,-0.14,-1.26,-2.71,1.000,-0.001,-0.011,-0.024,1,0.529,-0.010,0.896,31.60,-5.10,-49.70,27.20,10.50,-30.60,-3.61,-33.20,-22.84,0.937,-0.086,-0.274,-0.198,,,,,,,,,,,,,,,,,,,,,,,,,,,,,,,,,,,,,,,,,,,,,,,,,,,,,,,,,,,,,,,,,,,,,,,,,,,,,,,,,,,,,,,,,,,,,,,,,,,,,,,,,,,,,,,,,,,,,,,,,,,,,,,,,,,,,,,,,,,,,,,,,,,,,,,,,,,,,,,,,,,,,,,,,,,,,,,,,,,,,,,,,,,,,,,,,,,,,,,,,,,,,,,,,,,,,,,,,,,,,,,,,,,,,,,,,,,,,,
1784901940,0,0.024,0.000,1.002,0.00,0.00,0.00,39.00,17.30,-2.90,-0.14,-1.25,-2.71,1.000,-0.001,-0.011,-0.024,1,0.553,-0.007,0.837,27.90,-14.60,-48.30,26.90,10.70,-30.60,-2.95,-33.22,-23.44,0.936,-0.082,-0.275,-0.202,,,,,,,,,,,,,,,,,,,,,,,,,,,,,,,,,,,,,,,,,,,,,,,,,,,,,,,,,,,,,,,,,,,,,,,,,,,,,,,,,,,,,,,,,,,,,,,,,,,,,,,,,,,,,,,,,,,,,,,,,,,,,,,,,,,,,,,,,,,,,,,,,,,,,,,,,,,,,,,,,,,,,,,,,,,,,,,,,,,,,,,,,,,,,,,,,,,,,,,,,,,,,,,,,,,,,,,,,,,,,,,,,,,,,,,,,,,,,,
1784901940,0,0.020,-0.004,1.002,0.00,0.00,0.00,39.00,17.30,-2.90,-0.14,-1.26,-2.71,1.000,-0.001,-0.011,-0.024,1,0.565,-0.007,0.806,24.50,-22.20,-46.90,26.90,10.70,-30.60,-2.94,-33.22,-23.44,0.936,-0.082,-0.275,-0.202,,,,,,,,,,,,,,,,,,,,,,,,,,,,,,,,,,,,,,,,,,,,,,,,,,,,,,,,,,,,,,,,,,,,,,,,,,,,,,,,,,,,,,,,,,,,,,,,,,,,,,,,,,,,,,,,,,,,,,,,,,,,,,,,,,,,,,,,,,,,,,,,,,,,,,,,,,,,,,,,,,,,,,,,,,,,,,,,,,,,,,,,,,,,,,,,,,,,,,,,,,,,,,,,,,,,,,,,,,,,,,,,,,,,,,,,,,,,,,
1784901940,0,0.020,-0.004,1.002,0.00,0.00,0.00,39.00,17.30,-2.90,-0.14,-1.26,-2.71,1.000,-0.001,-0.011,-0.024,1,0.597,-0.031,0.775,22.10,-27.30,-45.20,26.90,10.70,-30.60,-2.94,-33.22,-23.44,0.936,-0.082,-0.275,-0.202,,,,,,,,,,,,,,,,,,,,,,,,,,,,,,,,,,,,,,,,,,,,,,,,,,,,,,,,,,,,,,,,,,,,,,,,,,,,,,,,,,,,,,,,,,,,,,,,,,,,,,,,,,,,,,,,,,,,,,,,,,,,,,,,,,,,,,,,,,,,,,,,,,,,,,,,,,,,,,,,,,,,,,,,,,,,,,,,,,,,,,,,,,,,,,,,,,,,,,,,,,,,,,,,,,,,,,,,,,,,,,,,,,,,,,,,,,,,,,
1784901940,0,0.024,-0.004,1.002,-0.10,0.00,0.00,39.00,17.30,-2.90,-0.14,-1.26,-2.71,1.000,-0.001,-0.011,-0.024,1,0.613,-0.031,0.767,21.20,-29.30,-42.90,26.90,10.70,-30.60,-2.94,-33.22,-23.44,0.936,-0.082,-0.275,-0.202,,,,,,,,,,,,,,,,,,,,,,,,,,,,,,,,,,,,,,,,,,,,,,,,,,,,,,,,,,,,,,,,,,,,,,,,,,,,,,,,,,,,,,,,,,,,,,,,,,,,,,,,,,,,,,,,,,,,,,,,,,,,,,,,,,,,,,,,,,,,,,,,,,,,,,,,,,,,,,,,,,,,,,,,,,,,,,,,,,,,,,,,,,,,,,,,,,,,,,,,,,,,,,,,,,,,,,,,,,,,,,,,,,,,,,,,,,,,,,
1784901940,0,0.024,0.000,1.002,0.00,0.10,0.00,39.20,17.40,0.80,-0.14,-1.25,-2.71,1.000,-0.001,-0.011,-0.024,1,0.620,-0.043,0.767,21.70,-28.40,-40.00,26.40,10.50,-31.00,-2.44,-33.51,-23.95,0.935,-0.080,-0.278,-0.205,,,,,,,,,,,,,,,,,,,,,,,,,,,,,,,,,,,,,,,,,,,,,,,,,,,,,,,,,,,,,,,,,,,,,,,,,,,,,,,,,,,,,,,,,,,,,,,,,,,,,,,,,,,,,,,,,,,,,,,,,,,,,,,,,,,,,,,,,,,,,,,,,,,,,,,,,,,,,,,,,,,,,,,,,,,,,,,,,,,,,,,,,,,,,,,,,,,,,,,,,,,,,,,,,,,,,,,,,,,,,,,,,,,,,,,,,,,,,,
1784901940,0,0.024,0.000,0.998,0.00,0.10,0.00,39.20,17.40,0.80,-0.14,-1.25,-2.71,1.000,-0.001,-0.011,-0.024,1,0.604,-0.070,0.794,22.60,-25.50,-36.80,26.40,10.50,-31.00,-2.44,-33.51,-23.95,0.935,-0.080,-0.278,-0.205,,,,,,,,,,,,,,,,,,,,,,,,,,,,,,,,,,,,,,,,,,,,,,,,,,,,,,,,,,,,,,,,,,,,,,,,,,,,,,,,,,,,,,,,,,,,,,,,,,,,,,,,,,,,,,,,,,,,,,,,,,,,,,,,,,,,,,,,,,,,,,,,,,,,,,,,,,,,,,,,,,,,,,,,,,,,,,,,,,,,,,,,,,,,,,,,,,,,,,,,,,,,,,,,,,,,,,,,,,,,,,,,,,,,,,,,,,,,,,
1784901940,0,0.024,-0.004,0.998,0.00,0.00,-0.10,39.20,17.40,0.80,-0.14,-1.25,-2.71,1.000,-0.001,-0.011,-0.024,1,0.612,-0.086,0.786,23.00,-21.70,-33.50,26.40,10.50,-31.00,-2.44,-33.51,-23.95,0.935,-0.080,-0.278,-0.205,,,,,,,,,,,,,,,,,,,,,,,,,,,,,,,,,,,,,,,,,,,,,,,,,,,,,,,,,,,,,,,,,,,,,,,,,,,,,,,,,,,,,,,,,,,,,,,,,,,,,,,,,,,,,,,,,,,,,,,,,,,,,,,,,,,,,,,,,,,,,,,,,,,,,,,,,,,,,,,,,,,,,,,,,,,,,,,,,,,,,,,,,,,,,,,,,,,,,,,,,,,,,,,,,,,,,,,,,,,,,,,,,,,,,,,,,,,,,,
1784901940,0,0.024,-0.004,0.998,0.00,0.00,0.00,39.20,17.40,0.80,-0.14,-1.25,-2.71,1.000,-0.001,-0.011,-0.024,1,0.616,-0.082,0.798,22.40,-17.90,-30.60,26.40,10.50,-31.00,-2.44,-33.51,-23.95,0.935,-0.080,-0.278,-0.205,,,,,,,,,,,,,,,,,,,,,,,,,,,,,,,,,,,,,,,,,,,,,,,,,,,,,,,,,,,,,,,,,,,,,,,,,,,,,,,,,,,,,,,,,,,,,,,,,,,,,,,,,,,,,,,,,,,,,,,,,,,,,,,,,,,,,,,,,,,,,,,,,,,,,,,,,,,,,,,,,,,,,,,,,,,,,,,,,,,,,,,,,,,,,,,,,,,,,,,,,,,,,,,,,,,,,,,,,,,,,,,,,,,,,,,,,,,,,,
1784901940,0,0.024,0.000,0.998,0.00,-0.10,-0.10,38.80,17.60,2.20,-0.14,-1.25,-2.71,1.000,-0.001,-0.011,-0.024,1,0.616,-0.082,0.806,20.40,-14.70,-28.30,26.30,10.40,-30.80,-2.01,-33.72,-24.33,0.934,-0.078,-0.280,-0.207,,,,,,,,,,,,,,,,,,,,,,,,,,,,,,,,,,,,,,,,,,,,,,,,,,,,,,,,,,,,,,,,,,,,,,,,,,,,,,,,,,,,,,,,,,,,,,,,,,,,,,,,,,,,,,,,,,,,,,,,,,,,,,,,,,,,,,,,,,,,,,,,,,,,,,,,,,,,,,,,,,,,,,,,,,,,,,,,,,,,,,,,,,,,,,,,,,,,,,,,,,,,,,,,,,,,,,,,,,,,,,,,,,,,,,,,,,,,,,
1784901940,0,0.024,0.000,0.998,0.00,-0.10,0.00,38.80,17.60,2.20,-0.14,-1.26,-2.71,1.000,-0.001,-0.011,-0.024,1,0.600,-0.066,0.821,17.20,-12.40,-26.90,26.30,10.40,-30.80,-2.01,-33.73,-24.33,0.934,-0.078,-0.280,-0.207,,,,,,,,,,,,,,,,,,,,,,,,,,,,,,,,,,,,,,,,,,,,,,,,,,,,,,,,,,,,,,,,,,,,,,,,,,,,,,,,,,,,,,,,,,,,,,,,,,,,,,,,,,,,,,,,,,,,,,,,,,,,,,,,,,,,,,,,,,,,,,,,,,,,,,,,,,,,,,,,,,,,,,,,,,,,,,,,,,,,,,,,,,,,,,,,,,,,,,,,,,,,,,,,,,,,,,,,,,,,,,,,,,,,,,,,,,,,,,
1784901940,0,0.024,-0.004,0.998,0.00,0.00,0.00,38.80,17.60,2.20,-0.14,-1.26,-2.71,1.000,-0.001,-0.011,-0.024,1,0.592,-0.070,0.822,12.90,-11.30,-26.10,26.30,10.40,-30.80,-2.01,-33.73,-24.33,0.934,-0.078,-0.280,-0.207,,,,,,,,,,,,,,,,,,,,,,,,,,,,,,,,,,,,,,,,,,,,,,,,,,,,,,,,,,,,,,,,,,,,,,,,,,,,,,,,,,,,,,,,,,,,,,,,,,,,,,,,,,,,,,,,,,,,,,,,,,,,,,,,,,,,,,,,,,,,,,,,,,,,,,,,,,,,,,,,,,,,,,,,,,,,,,,,,,,,,,,,,,,,,,,,,,,,,,,,,,,,,,,,,,,,,,,,,,,,,,,,,,,,,,,,,,,,,,
1784901940,0,0.020,0.000,0.998,0.00,0.00,0.00,38.80,17.60,2.20,-0.14,-1.26,-2.71,1.000,-0.001,-0.011,-0.024,1,0.577,-0.070,0.822,8.10,-11.10,-25.00,26.30,10.40,-30.80,-2.01,-33.73,-24.33,0.934,-0.078,-0.280,-0.207,,,,,,,,,,,,,,,,,,,,,,,,,,,,,,,,,,,,,,,,,,,,,,,,,,,,,,,,,,,,,,,,,,,,,,,,,,,,,,,,,,,,,,,,,,,,,,,,,,,,,,,,,,,,,,,,,,,,,,,,,,,,,,,,,,,,,,,,,,,,,,,,,,,,,,,,,,,,,,,,,,,,,,,,,,,,,,,,,,,,,,,,,,,,,,,,,,,,,,,,,,,,,,,,,,,,,,,,,,,,,,,,,,,,,,,,,,,,,,
1784901940,0,0.020,-0.004,0.998,0.00,0.00,0.10,39.00,17.70,3.10,-0.14,-1.26,-2.71,1.000,-0.001,-0.011,-0.024,1,0.565,-0.070,0.818,3.50,-11.30,-23.10,26.40,10.70,-31.40,-1.74,-33.85,-24.63,0.934,-0.076,-0.281,-0.208,,,,,,,,,,,,,,,,,,,,,,,,,,,,,,,,,,,,,,,,,,,,,,,,,,,,,,,,,,,,,,,,,,,,,,,,,,,,,,,,,,,,,,,,,,,,,,,,,,,,,,,,,,,,,,,,,,,,,,,,,,,,,,,,,,,,,,,,,,,,,,,,,,,,,,,,,,,,,,,,,,,,,,,,,,,,,,,,,,,,,,,,,,,,,,,,,,,,,,,,,,,,,,,,,,,,,,,,,,,,,,,,,,,,,,,,,,,,,,
1784901940,0,0.020,-0.004,1.002,0.00,0.00,0.10,39.00,17.70,3.10,-0.14,-1.26,-2.71,1.000,-0.001,-0.011,-0.024,1,0.581,-0.062,0.794,-0.30,-11.60,-20.10,26.40,10.70,-31.40,-1.74,-33.85,-24.63,0.934,-0.076,-0.281,-0.208,,,,,,,,,,,,,,,,,,,,,,,,,,,,,,,,,,,,,,,,,,,,,,,,,,,,,,,,,,,,,,,,,,,,,,,,,,,,,,,,,,,,,,,,,,,,,,,,,,,,,,,,,,,,,,,,,,,,,,,,,,,,,,,,,,,,,,,,,,,,,,,,,,,,,,,,,,,,,,,,,,,,,,,,,,,,,,,,,,,,,,,,,,,,,,,,,,,,,,,,,,,,,,,,,,,,,,,,,,,,,,,,,,,,,,,,,,,,,,
1784901940,0,0.024,0.000,0.998,0.00,0.00,0.00,39.00,17.70,3.10,-0.14,-1.26,-2.71,1.000,-0.001,-0.011,-0.024,1,0.585,-0.062,0.775,-3.00,-12.00,-16.50,26.40,10.70,-31.40,-1.74,-33.85,-24.63,0.934,-0.076,-0.281,-0.208,,,,,,,,,,,,,,,,,,,,,,,,,,,,,,,,,,,,,,,,,,,,,,,,,,,,,,,,,,,,,,,,,,,,,,,,,,,,,,,,,,,,,,,,,,,,,,,,,,,,,,,,,,,,,,,,,,,,,,,,,,,,,,,,,,,,,,,,,,,,,,,,,,,,,,,,,,,,,,,,,,,,,,,,,,,,,,,,,,,,,,,,,,,,,,,,,,,,,,,,,,,,,,,,,,,,,,,,,,,,,,,,,,,,,,,,,,,,,,
1784901940,0,0.024,0.000,1.002,0.00,0.00,0.00,39.00,17.70,3.10,-0.14,-1.26,-2.71,1.000,-0.001,-0.011,-0.024,1,0.593,-0.054,0.787,-4.60,-12.30,-13.00,26.40,10.70,-31.40,-1.74,-33.85,-24.63,0.934,-0.076,-0.281,-0.208,,,,,,,,,,,,,,,,,,,,,,,,,,,,,,,,,,,,,,,,,,,,,,,,,,,,,,,,,,,,,,,,,,,,,,,,,,,,,,,,,,,,,,,,,,,,,,,,,,,,,,,,,,,,,,,,,,,,,,,,,,,,,,,,,,,,,,,,,,,,,,,,,,,,,,,,,,,,,,,,,,,,,,,,,,,,,,,,,,,,,,,,,,,,,,,,,,,,,,,,,,,,,,,,,,,,,,,,,,,,,,,,,,,,,,,,,,,,,,
1784901940,0,0.024,-0.004,0.998,0.00,0.00,0.10,39.10,17.50,3.30,-0.14,-1.26,-2.71,1.000,-0.001,-0.011,-0.024,1,0.613,-0.082,0.751,-5.70,-12.50,-10.40,26.00,11.00,-30.60,-1.68,-33.98,-24.80,0.933,-0.076,-0.282,-0.210,,,,,,,,,,,,,,,,,,,,,,,,,,,,,,,,,,,,,,,,,,,,,,,,,,,,,,,,,,,,,,,,,,,,,,,,,,,,,,,,,,,,,,,,,,,,,,,,,,,,,,,,,,,,,,,,,,,,,,,,,,,,,,,,,,,,,,,,,,,,,,,,,,,,,,,,,,,,,,,,,,,,,,,,,,,,,,,,,,,,,,,,,,,,,,,,,,,,,,,,,,,,,,,,,,,,,,,,,,,,,,,,,,,,,,,,,,,,,,
1784901940,0,0.024,0.000,0.998,0.00,0.10,0.30,39.10,17.50,3.30,-0.14,-1.26,-2.71,1.000,-0.001,-0.011,-0.024,1,0.629,-0.090,0.728,-7.00,-12.30,-9.10,26.00,11.00,-30.60,-1.68,-33.98,-24.80,0.933,-0.076,-0.282,-0.210,,,,,,,,,,,,,,,,,,,,,,,,,,,,,,,,,,,,,,,,,,,,,,,,,,,,,,,,,,,,,,,,,,,,,,,,,,,,,,,,,,,,,,,,,,,,,,,,,,,,,,,,,,,,,,,,,,,,,,,,,,,,,,,,,,,,,,,,,,,,,,,,,,,,,,,,,,,,,,,,,,,,,,,,,,,,,,,,,,,,,,,,,,,,,,,,,,,,,,,,,,,,,,,,,,,,,,,,,,,,,,,,,,,,,,,,,,,,,,
1784901940,0,0.020,0.003,0.994,0.00,0.20,0.10,39.10,17.50,3.30,-0.14,-1.26,-2.71,1.000,-0.001,-0.011,-0.024,1,0.633,-0.086,0.724,-8.50,-11.40,-9.00,26.00,11.00,-30.60,-1.68,-33.98,-24.80,0.933,-0.076,-0.282,-0.210,,,,,,,,,,,,,,,,,,,,,,,,,,,,,,,,,,,,,,,,,,,,,,,,,,,,,,,,,,,,,,,,,,,,,,,,,,,,,,,,,,,,,,,,,,,,,,,,,,,,,,,,,,,,,,,,,,,,,,,,,,,,,,,,,,,,,,,,,,,,,,,,,,,,,,,,,,,,,,,,,,,,,,,,,,,,,,,,,,,,,,,,,,,,,,,,,,,,,,,,,,,,,,,,,,,,,,,,,,,,,,,,,,,,,,,,,,,,,,
1784901940,0,0.020,0.000,0.998,0.00,0.20,0.00,39.10,17.50,3.30,-0.14,-1.26,-2.71,1.000,-0.001,-0.011,-0.024,1,0.633,-0.090,0.724,-9.90,-9.40,-9.60,26.00,11.00,-30.60,-1.68,-33.98,-24.80,0.933,-0.076,-0.282,-0.210,,,,,,,,,,,,,,,,,,,,,,,,,,,,,,,,,,,,,,,,,,,,,,,,,,,,,,,,,,,,,,,,,,,,,,,,,,,,,,,,,,,,,,,,,,,,,,,,,,,,,,,,,,,,,,,,,,,,,,,,,,,,,,,,,,,,,,,,,,,,,,,,,,,,,,,,,,,,,,,,,,,,,,,,,,,,,,,,,,,,,,,,,,,,,,,,,,,,,,,,,,,,,,,,,,,,,,,,,,,,,,,,,,,,,,,,,,,,,,
1784901940,0,0.020,0.000,1.006,0.00,0.10,0.00,39.20,17.50,-4.90,-0.14,-1.25,-2.71,1.000,-0.001,-0.011,-0.024,1,0.696,-0.068,0.669,-10.30,-6.40,-10.40,24.60,11.10,-30.80,-1.71,-34.09,-24.91,0.933,-0.077,-0.283,-0.210,,,,,,,,,,,,,,,,,,,,,,,,,,,,,,,,,,,,,,,,,,,,,,,,,,,,,,,,,,,,,,,,,,,,,,,,,,,,,,,,,,,,,,,,,,,,,,,,,,,,,,,,,,,,,,,,,,,,,,,,,,,,,,,,,,,,,,,,,,,,,,,,,,,,,,,,,,,,,,,,,,,,,,,,,,,,,,,,,,,,,,,,,,,,,,,,,,,,,,,,,,,,,,,,,,,,,,,,,,,,,,,,,,,,,,,,,,,,,,
1784901940,0,0.020,-0.004,0.998,0.00,0.10,0.00,39.20,17.50,-4.90,-0.14,-1.25,-2.71,1.000,-0.001,-0.011,-0.024,1,0.731,-0.057,0.677,-9.10,-2.10,-11.00,24.60,11.10,-30.80,-1.72,-34.10,-24.91,0.932,-0.077,-0.283,-0.210,,,,,,,,,,,,,,,,,,,,,,,,,,,,,,,,,,,,,,,,,,,,,,,,,,,,,,,,,,,,,,,,,,,,,,,,,,,,,,,,,,,,,,,,,,,,,,,,,,,,,,,,,,,,,,,,,,,,,,,,,,,,,,,,,,,,,,,,,,,,,,,,,,,,,,,,,,,,,,,,,,,,,,,,,,,,,,,,,,,,,,,,,,,,,,,,,,,,,,,,,,,,,,,,,,,,,,,,,,,,,,,,,,,,,,,,,,,,,,
1784901940,0,0.024,0.000,1.002,0.00,0.00,0.00,39.20,17.50,-4.90,-0.14,-1.25,-2.71,1.000,-0.001,-0.011,-0.024,1,0.759,-0.045,0.665,-6.20,3.60,-10.60,24.60,11.10,-30.80,-1.72,-34.10,-24.91,0.932,-0.077,-0.283,-0.210,,,,,,,,,,,,,,,,,,,,,,,,,,,,,,,,,,,,,,,,,,,,,,,,,,,,,,,,,,,,,,,,,,,,,,,,,,,,,,,,,,,,,,,,,,,,,,,,,,,,,,,,,,,,,,,,,,,,,,,,,,,,,,,,,,,,,,,,,,,,,,,,,,,,,,,,,,,,,,,,,,,,,,,,,,,,,,,,,,,,,,,,,,,,,,,,,,,,,,,,,,,,,,,,,,,,,,,,,,,,,,,,,,,,,,,,,,,,,,
1784901940,0,0.020,0.000,0.998,-0.10,0.10,0.00,39.20,17.50,-4.90,-0.14,-1.25,-2.71,1.000,-0.001,-0.011,-0.024,1,0.787,-0.018,0.618,-1.90,11.30,-9.20,24.60,11.10,-30.80,-1.72,-34.10,-24.91,0.932,-0.077,-0.283,-0.210,,,,,,,,,,,,,,,,,,,,,,,,,,,,,,,,,,,,,,,,,,,,,,,,,,,,,,,,,,,,,,,,,,,,,,,,,,,,,,,,,,,,,,,,,,,,,,,,,,,,,,,,,,,,,,,,,,,,,,,,,,,,,,,,,,,,,,,,,,,,,,,,,,,,,,,,,,,,,,,,,,,,,,,,,,,,,,,,,,,,,,,,,,,,,,,,,,,,,,,,,,,,,,,,,,,,,,,,,,,,,,,,,,,,,,,,,,,,,,
1784901940,0,0.020,-0.004,0.998,0.00,0.10,0.00,38.70,17.60,-0.20,-0.14,-1.25,-2.71,1.000,-0.001,-0.011,-0.024,1,0.946,0.082,0.217,2.90,21.50,-6.90,27.30,11.20,-31.40,-1.69,-34.02,-25.03,0.933,-0.077,-0.282,-0.211,,,,,,,,,,,,,,,,,,,,,,,,,,,,,,,,,,,,,,,,,,,,,,,,,,,,,,,,,,,,,,,,,,,,,,,,,,,,,,,,,,,,,,,,,,,,,,,,,,,,,,,,,,,,,,,,,,,,,,,,,,,,,,,,,,,,,,,,,,,,,,,,,,,,,,,,,,,,,,,,,,,,,,,,,,,,,,,,,,,,,,,,,,,,,,,,,,,,,,,,,,,,,,,,,,,,,,,,,,,,,,,,,,,,,,,,,,,,,,
1784901940,0,0.020,-0.004,1.006,0.00,0.10,0.10,38.70,17.60,-0.20,-0.14,-1.25,-2.71,1.000,-0.001,-0.011,-0.024,1,0.899,0.094,0.221,7.30,37.50,-4.80,27.30,11.20,-31.40,-1.69,-34.07,-25.03,0.932,-0.077,-0.283,-0.211,,,,,,,,,,,,,,,,,,,,,,,,,,,,,,,,,,,,,,,,,,,,,,,,,,,,,,,,,,,,,,,,,,,,,,,,,,,,,,,,,,,,,,,,,,,,,,,,,,,,,,,,,,,,,,,,,,,,,,,,,,,,,,,,,,,,,,,,,,,,,,,,,,,,,,,,,,,,,,,,,,,,,,,,,,,,,,,,,,,,,,,,,,,,,,,,,,,,,,,,,,,,,,,,,,,,,,,,,,,,,,,,,,,,,,,,,,,,,,
1784901940,0,0.024,-0.004,0.998,0.00,0.10,0.00,38.70,17.60,-0.20,-0.14,-1.25,-2.71,1.000,-0.001,-0.011,-0.024,1,0.789,0.045,0.300,11.20,64.10,-4.50,27.30,11.20,-31.40,-1.69,-34.07,-25.03,0.932,-0.077,-0.283,-0.211,,,,,,,,,,,,,,,,,,,,,,,,,,,,,,,,,,,,,,,,,,,,,,,,,,,,,,,,,,,,,,,,,,,,,,,,,,,,,,,,,,,,,,,,,,,,,,,,,,,,,,,,,,,,,,,,,,,,,,,,,,,,,,,,,,,,,,,,,,,,,,,,,,,,,,,,,,,,,,,,,,,,,,,,,,,,,,,,,,,,,,,,,,,,,,,,,,,,,,,,,,,,,,,,,,,,,,,,,,,,,,,,,,,,,,,,,,,,,,
1784901940,0,0.020,0.000,0.998,-0.10,0.10,0.00,38.70,17.60,-0.20,-0.14,-1.25,-2.71,1.000,-0.001,-0.011,-0.024,1,0.595,0.025,0.452,17.10,102.00,-6.70,27.30,11.20,-31.40,-1.69,-34.07,-25.03,0.932,-0.077,-0.283,-0.211,,,,,,,,,,,,,,,,,,,,,,,,,,,,,,,,,,,,,,,,,,,,,,,,,,,,,,,,,,,,,,,,,,,,,,,,,,,,,,,,,,,,,,,,,,,,,,,,,,,,,,,,,,,,,,,,,,,,,,,,,,,,,,,,,,,,,,,,,,,,,,,,,,,,,,,,,,,,,,,,,,,,,,,,,,,,,,,,,,,,,,,,,,,,,,,,,,,,,,,,,,,,,,,,,,,,,,,,,,,,,,,,,,,,,,,,,,,,,,
1784901940,0,0.024,-0.004,1.006,-0.10,0.00,0.00,39.20,17.40,-1.70,-0.14,-1.25,-2.71,1.000,-0.001,-0.011,-0.024,1,0.578,0.017,0.522,28.10,146.10,-10.50,28.20,10.80,-31.40,-1.47,-33.20,-25.14,0.934,-0.074,-0.276,-0.212,,,,,,,,,,,,,,,,,,,,,,,,,,,,,,,,,,,,,,,,,,,,,,,,,,,,,,,,,,,,,,,,,,,,,,,,,,,,,,,,,,,,,,,,,,,,,,,,,,,,,,,,,,,,,,,,,,,,,,,,,,,,,,,,,,,,,,,,,,,,,,,,,,,,,,,,,,,,,,,,,,,,,,,,,,,,,,,,,,,,,,,,,,,,,,,,,,,,,,,,,,,,,,,,,,,,,,,,,,,,,,,,,,,,,,,,,,,,,,
1784901940,0,0.024,-0.004,0.994,-0.10,0.00,0.00,39.20,17.40,-1.70,-0.14,-1.25,-2.71,1.000,-0.001,-0.011,-0.024,1,0.574,0.021,0.546,44.50,187.00,-14.40,28.20,10.80,-31.40,-1.47,-33.20,-25.14,0.934,-0.074,-0.276,-0.212,,,,,,,,,,,,,,,,,,,,,,,,,,,,,,,,,,,,,,,,,,,,,,,,,,,,,,,,,,,,,,,,,,,,,,,,,,,,,,,,,,,,,,,,,,,,,,,,,,,,,,,,,,,,,,,,,,,,,,,,,,,,,,,,,,,,,,,,,,,,,,,,,,,,,,,,,,,,,,,,,,,,,,,,,,,,,,,,,,,,,,,,,,,,,,,,,,,,,,,,,,,,,,,,,,,,,,,,,,,,,,,,,,,,,,,,,,,,,,
1784901940,0,0.024,-0.004,1.002,-0.10,0.00,0.00,39.20,17.40,-1.70,-0.14,-1.25,-2.71,1.000,-0.001,-0.011,-0.024,1,0.557,0.013,0.612,63.10,218.60,-17.70,28.20,10.80,-31.40,-1.47,-33.20,-25.14,0.934,-0.074,-0.276,-0.212,,,,,,,,,,,,,,,,,,,,,,,,,,,,,,,,,,,,,,,,,,,,,,,,,,,,,,,,,,,,,,,,,,,,,,,,,,,,,,,,,,,,,,,,,,,,,,,,,,,,,,,,,,,,,,,,,,,,,,,,,,,,,,,,,,,,,,,,,,,,,,,,,,,,,,,,,,,,,,,,,,,,,,,,,,,,,,,,,,,,,,,,,,,,,,,,,,,,,,,,,,,,,,,,,,,,,,,,,,,,,,,,,,,,,,,,,,,,,,
1784901940,0,0.020,-0.004,0.998,0.00,0.00,0.10,39.20,17.40,-1.70,-0.14,-1.25,-2.71,1.000,-0.001,-0.011,-0.024,1,0.547,0.044,0.744,80.40,241.20,-20.70,28.20,10.80,-31.40,-1.47,-33.20,-25.14,0.934,-0.074,-0.276,-0.212,,,,,,,,,,,,,,,,,,,,,,,,,,,,,,,,,,,,,,,,,,,,,,,,,,,,,,,,,,,,,,,,,,,,,,,,,,,,,,,,,,,,,,,,,,,,,,,,,,,,,,,,,,,,,,,,,,,,,,,,,,,,,,,,,,,,,,,,,,,,,,,,,,,,,,,,,,,,,,,,,,,,,,,,,,,,,,,,,,,,,,,,,,,,,,,,,,,,,,,,,,,,,,,,,,,,,,,,,,,,,,,,,,,,,,,,,,,,,,
1784901940,0,0.024,0.000,1.002,0.00,0.00,0.10,39.30,17.50,-3.10,-0.14,-1.25,-2.70,1.000,-0.001,-0.011,-0.024,1,0.519,0.037,0.752,94.50,258.30,-23.50,30.40,9.80,-31.10,-0.62,-30.94,-25.41,0.940,-0.064,-0.259,-0.213,,,,,,,,,,,,,,,,,,,,,,,,,,,,,,,,,,,,,,,,,,,,,,,,,,,,,,,,,,,,,,,,,,,,,,,,,,,,,,,,,,,,,,,,,,,,,,,,,,,,,,,,,,,,,,,,,,,,,,,,,,,,,,,,,,,,,,,,,,,,,,,,,,,,,,,,,,,,,,,,,,,,,,,,,,,,,,,,,,,,,,,,,,,,,,,,,,,,,,,,,,,,,,,,,,,,,,,,,,,,,,,,,,,,,,,,,,,,,,
1784901940,0,0.020,-0.004,1.002,0.00,0.00,0.10,39.30,17.50,-3.10,-0.14,-1.25,-2.70,1.000,-0.001,-0.011,-0.024,1,0.507,0.009,0.771,104.50,272.70,-26.10,30.40,9.80,-31.10,-0.62,-30.94,-25.41,0.940,-0.064,-0.259,-0.213,,,,,,,,,,,,,,,,,,,,,,,,,,,,,,,,,,,,,,,,,,,,,,,,,,,,,,,,,,,,,,,,,,,,,,,,,,,,,,,,,,,,,,,,,,,,,,,,,,,,,,,,,,,,,,,,,,,,,,,,,,,,,,,,,,,,,,,,,,,,,,,,,,,,,,,,,,,,,,,,,,,,,,,,,,,,,,,,,,,,,,,,,,,,,,,,,,,,,,,,,,,,,,,,,,,,,,,,,,,,,,,,,,,,,,,,,,,,,,
1784901940,0,0.020,0.000,0.998,0.00,0.00,0.00,39.30,17.50,-3.10,-0.14,-1.25,-2.70,1.000,-0.001,-0.011,-0.024,1,0.538,-0.030,0.806,109.70,285.20,-28.10,30.40,9.80,-31.10,-0.62,-30.94,-25.41,0.940,-0.064,-0.259,-0.213,,,,,,,,,,,,,,,,,,,,,,,,,,,,,,,,,,,,,,,,,,,,,,,,,,,,,,,,,,,,,,,,,,,,,,,,,,,,,,,,,,,,,,,,,,,,,,,,,,,,,,,,,,,,,,,,,,,,,,,,,,,,,,,,,,,,,,,,,,,,,,,,,,,,,,,,,,,,,,,,,,,,,,,,,,,,,,,,,,,,,,,,,,,,,,,,,,,,,,,,,,,,,,,,,,,,,,,,,,,,,,,,,,,,,,,,,,,,,,
1784901940,0,0.024,-0.004,0.998,0.00,0.00,0.10,39.30,17.50,-3.10,-0.14,-1.25,-2.70,1.000,-0.001,-0.011,-0.024,1,0.548,0.004,0.899,109.70,295.20,-29.50,30.40,9.80,-31.10,-0.62,-30.94,-25.41,0.940,-0.064,-0.259,-0.213,,,,,,,,,,,,,,,,,,,,,,,,,,,,,,,,,,,,,,,,,,,,,,,,,,,,,,,,,,,,,,,,,,,,,,,,,,,,,,,,,,,,,,,,,,,,,,,,,,,,,,,,,,,,,,,,,,,,,,,,,,,,,,,,,,,,,,,,,,,,,,,,,,,,,,,,,,,,,,,,,,,,,,,,,,,,,,,,,,,,,,,,,,,,,,,,,,,,,,,,,,,,,,,,,,,,,,,,,,,,,,,,,,,,,,,,,,,,,,
1784901940,0,0.020,-0.004,0.998,0.00,0.00,0.00,39.20,17.40,-4.20,-0.14,-1.25,-2.70,1.000,-0.001,-0.011,-0.024,1,0.517,-0.030,0.876,106.60,302.70,-30.00,32.30,8.90,-30.70,0.62,-28.05,-25.74,0.946,-0.049,-0.237,-0.215,,,,,,,,,,,,,,,,,,,,,,,,,,,,,,,,,,,,,,,,,,,,,,,,,,,,,,,,,,,,,,,,,,,,,,,,,,,,,,,,,,,,,,,,,,,,,,,,,,,,,,,,,,,,,,,,,,,,,,,,,,,,,,,,,,,,,,,,,,,,,,,,,,,,,,,,,,,,,,,,,,,,,,,,,,,,,,,,,,,,,,,,,,,,,,,,,,,,,,,,,,,,,,,,,,,,,,,,,,,,,,,,,,,,,,,,,,,,,,
1784901940,0,0.020,-0.004,1.002,0.00,0.10,0.00,39.20,17.40,-4.20,-0.14,-1.25,-2.70,1.000,-0.001,-0.011,-0.024,1,0.497,-0.065,0.908,102.30,308.10,-29.10,32.30,8.90,-30.70,0.62,-28.06,-25.74,0.946,-0.049,-0.237,-0.215,,,,,,,,,,,,,,,,,,,,,,,,,,,,,,,,,,,,,,,,,,,,,,,,,,,,,,,,,,,,,,,,,,,,,,,,,,,,,,,,,,,,,,,,,,,,,,,,,,,,,,,,,,,,,,,,,,,,,,,,,,,,,,,,,,,,,,,,,,,,,,,,,,,,,,,,,,,,,,,,,,,,,,,,,,,,,,,,,,,,,,,,,,,,,,,,,,,,,,,,,,,,,,,,,,,,,,,,,,,,,,,,,,,,,,,,,,,,,,
1784901940,0,0.020,-0.004,0.998,0.00,0.10,0.00,39.20,17.40,-4.20,-0.14,-1.25,-2.70,1.000,-0.001,-0.011,-0.024,1,0.518,-0.050,1.067,98.80,312.20,-26.90,32.30,8.90,-30.70,0.62,-28.06,-25.74,0.946,-0.049,-0.237,-0.215,,,,,,,,,,,,,,,,,,,,,,,,,,,,,,,,,,,,,,,,,,,,,,,,,,,,,,,,,,,,,,,,,,,,,,,,,,,,,,,,,,,,,,,,,,,,,,,,,,,,,,,,,,,,,,,,,,,,,,,,,,,,,,,,,,,,,,,,,,,,,,,,,,,,,,,,,,,,,,,,,,,,,,,,,,,,,,,,,,,,,,,,,,,,,,,,,,,,,,,,,,,,,,,,,,,,,,,,,,,,,,,,,,,,,,,,,,,,,,
1784901940,0,0.020,-0.004,1.002,0.00,0.10,0.00,39.20,17.40,-4.20,-0.14,-1.25,-2.70,1.000,-0.001,-0.011,-0.024,1,0.494,-0.097,1.098,96.80,314.80,-23.50,32.30,8.90,-30.70,0.62,-28.06,-25.74,0.946,-0.049,-0.237,-0.215,,,,,,,,,,,,,,,,,,,,,,,,,,,,,,,,,,,,,,,,,,,,,,,,,,,,,,,,,,,,,,,,,,,,,,,,,,,,,,,,,,,,,,,,,,,,,,,,,,,,,,,,,,,,,,,,,,,,,,,,,,,,,,,,,,,,,,,,,,,,,,,,,,,,,,,,,,,,,,,,,,,,,,,,,,,,,,,,,,,,,,,,,,,,,,,,,,,,,,,,,,,,,,,,,,,,,,,,,,,,,,,,,,,,,,,,,,,,,,
1784901940,0,0.020,-0.004,0.998,-0.10,0.00,0.00,39.10,17.20,-1.70,-0.14,-1.25,-2.70,1.000,-0.002,-0.011,-0.024,1,0.530,-0.074,1.055,95.70,316.20,-18.90,34.50,7.50,-30.40,1.70,-24.92,-25.94,0.952,-0.034,-0.213,-0.216,,,,,,,,,,,,,,,,,,,,,,,,,,,,,,,,,,,,,,,,,,,,,,,,,,,,,,,,,,,,,,,,,,,,,,,,,,,,,,,,,,,,,,,,,,,,,,,,,,,,,,,,,,,,,,,,,,,,,,,,,,,,,,,,,,,,,,,,,,,,,,,,,,,,,,,,,,,,,,,,,,,,,,,,,,,,,,,,,,,,,,,,,,,,,,,,,,,,,,,,,,,,,,,,,,,,,,,,,,,,,,,,,,,,,,,,,,,,,,
1784901940,0,0.020,0.000,1.006,0.00,0.10,0.00,39.10,17.20,-1.70,-0.14,-1.25,-2.70,1.000,-0.002,-0.011,-0.024,1,0.525,-0.090,1.098,93.40,315.30,-11.90,34.50,7.50,-30.40,1.70,-24.92,-25.94,0.952,-0.034,-0.213,-0.216,,,,,,,,,,,,,,,,,,,,,,,,,,,,,,,,,,,,,,,,,,,,,,,,,,,,,,,,,,,,,,,,,,,,,,,,,,,,,,,,,,,,,,,,,,,,,,,,,,,,,,,,,,,,,,,,,,,,,,,,,,,,,,,,,,,,,,,,,,,,,,,,,,,,,,,,,,,,,,,,,,,,,,,,,,,,,,,,,,,,,,,,,,,,,,,,,,,,,,,,,,,,,,,,,,,,,,,,,,,,,,,,,,,,,,,,,,,,,,
1784901940,0,0.020,-0.004,0.994,0.00,0.10,0.00,39.10,17.20,-1.70,-0.14,-1.25,-2.70,1.000,-0.002,-0.011,-0.024,1,0.544,-0.102,1.160,88.30,310.80,-1.70,34.50,7.50,-30.40,1.70,-24.92,-25.94,0.952,-0.034,-0.213,-0.216,,,,,,,,,,,,,,,,,,,,,,,,,,,,,,,,,,,,,,,,,,,,,,,,,,,,,,,,,,,,,,,,,,,,,,,,,,,,,,,,,,,,,,,,,,,,,,,,,,,,,,,,,,,,,,,,,,,,,,,,,,,,,,,,,,,,,,,,,,,,,,,,,,,,,,,,,,,,,,,,,,,,,,,,,,,,,,,,,,,,,,,,,,,,,,,,,,,,,,,,,,,,,,,,,,,,,,,,,,,,,,,,,,,,,,,,,,,,,,
1784901940,0,0.024,0.000,0.998,0.00,0.10,0.00,39.10,17.20,-1.70,-0.14,-1.25,-2.70,1.000,-0.002,-0.011,-0.024,1,0.534,-0.126,1.242,81.00,301.30,11.30,34.50,7.50,-30.40,1.70,-24.92,-25.94,0.952,-0.034,-0.213,-0.216,,,,,,,,,,,,,,,,,,,,,,,,,,,,,,,,,,,,,,,,,,,,,,,,,,,,,,,,,,,,,,,,,,,,,,,,,,,,,,,,,,,,,,,,,,,,,,,,,,,,,,,,,,,,,,,,,,,,,,,,,,,,,,,,,,,,,,,,,,,,,,,,,,,,,,,,,,,,,,,,,,,,,,,,,,,,,,,,,,,,,,,,,,,,,,,,,,,,,,,,,,,,,,,,,,,,,,,,,,,,,,,,,,,,,,,,,,,,,,
1784901940,0,0.020,-0.004,1.002,0.10,0.10,0.00,38.90,17.90,-1.00,-0.14,-1.25,-2.70,1.000,-0.002,-0.011,-0.024,1,0.514,-0.165,1.265,73.30,287.50,25.10,33.00,6.70,-30.10,2.46,-21.89,-25.76,0.958,-0.022,-0.190,-0.215,,,,,,,,,,,,,,,,,,,,,,,,,,,,,,,,,,,,,,,,,,,,,,,,,,,,,,,,,,,,,,,,,,,,,,,,,,,,,,,,,,,,,,,,,,,,,,,,,,,,,,,,,,,,,,,,,,,,,,,,,,,,,,,,,,,,,,,,,,,,,,,,,,,,,,,,,,,,,,,,,,,,,,,,,,,,,,,,,,,,,,,,,,,,,,,,,,,,,,,,,,,,,,,,,,,,,,,,,,,,,,,,,,,,,,,,,,,,,,
1784901940,0,0.024,0.000,1.002,0.00,0.00,-0.10,38.90,17.90,-1.00,-0.14,-1.25,-2.70,1.000,-0.002,-0.011,-0.024,1,0.463,-0.199,1.300,66.80,271.10,36.80,33.00,6.70,-30.10,2.46,-21.89,-25.76,0.958,-0.022,-0.190,-0.215,,,,,,,,,,,,,,,,,,,,,,,,,,,,,,,,,,,,,,,,,,,,,,,,,,,,,,,,,,,,,,,,,,,,,,,,,,,,,,,,,,,,,,,,,,,,,,,,,,,,,,,,,,,,,,,,,,,,,,,,,,,,,,,,,,,,,,,,,,,,,,,,,,,,,,,,,,,,,,,,,,,,,,,,,,,,,,,,,,,,,,,,,,,,,,,,,,,,,,,,,,,,,,,,,,,,,,,,,,,,,,,,,,,,,,,,,,,,,,
1784901940,0,0.020,-0.004,1.002,0.00,0.00,-0.10,38.90,17.90,-1.00,-0.14,-1.25,-2.70,1.000,-0.002,-0.011,-0.024,1,0.432,-0.234,1.277,62.30,254.10,44.40,33.00,6.70,-30.10,2.46,-21.89,-25.76,0.958,-0.022,-0.190,-0.215,,,,,,,,,,,,,,,,,,,,,,,,,,,,,,,,,,,,,,,,,,,,,,,,,,,,,,,,,,,,,,,,,,,,,,,,,,,,,,,,,,,,,,,,,,,,,,,,,,,,,,,,,,,,,,,,,,,,,,,,,,,,,,,,,,,,,,,,,,,,,,,,,,,,,,,,,,,,,,,,,,,,,,,,,,,,,,,,,,,,,,,,,,,,,,,,,,,,,,,,,,,,,,,,,,,,,,,,,,,,,,,,,,,,,,,,,,,,,,
1784901940,0,0.024,0.000,0.994,0.00,0.00,0.00,38.90,17.90,-1.00,-0.14,-1.25,-2.70,1.000,-0.002,-0.011,-0.024,1,0.404,-0.210,1.304,59.70,238.30,46.90,33.00,6.70,-30.10,2.46,-21.89,-25.76,0.958,-0.022,-0.190,-0.215,,,,,,,,,,,,,,,,,,,,,,,,,,,,,,,,,,,,,,,,,,,,,,,,,,,,,,,,,,,,,,,,,,,,,,,,,,,,,,,,,,,,,,,,,,,,,,,,,,,,,,,,,,,,,,,,,,,,,,,,,,,,,,,,,,,,,,,,,,,,,,,,,,,,,,,,,,,,,,,,,,,,,,,,,,,,,,,,,,,,,,,,,,,,,,,,,,,,,,,,,,,,,,,,,,,,,,,,,,,,,,,,,,,,,,,,,,,,,,
1784901940,0,0.020,0.000,1.002,0.00,0.00,0.00,39.00,17.90,-1.40,-0.14,-1.25,-2.70,1.000,-0.002,-0.011,-0.024,1,0.389,-0.178,1.305,57.60,225.10,44.50,34.60,5.10,-29.90,2.87,-19.44,-25.17,0.963,-0.013,-0.170,-0.211,,,,,,,,,,,,,,,,,,,,,,,,,,,,,,,,,,,,,,,,,,,,,,,,,,,,,,,,,,,,,,,,,,,,,,,,,,,,,,,,,,,,,,,,,,,,,,,,,,,,,,,,,,,,,,,,,,,,,,,,,,,,,,,,,,,,,,,,,,,,,,,,,,,,,,,,,,,,,,,,,,,,,,,,,,,,,,,,,,,,,,,,,,,,,,,,,,,,,,,,,,,,,,,,,,,,,,,,,,,,,,,,,,,,,,,,,,,,,,
1784901940,0,0.024,0.000,0.998,0.00,-0.10,0.00,39.00,17.90,-1.40,-0.14,-1.25,-2.70,1.000,-0.002,-0.011,-0.024,1,0.385,-0.111,1.270,54.20,215.00,38.30,34.60,5.10,-29.90,2.87,-19.44,-25.17,0.963,-0.013,-0.170,-0.211,,,,,,,,,,,,,,,,,,,,,,,,,,,,,,,,,,,,,,,,,,,,,,,,,,,,,,,,,,,,,,,,,,,,,,,,,,,,,,,,,,,,,,,,,,,,,,,,,,,,,,,,,,,,,,,,,,,,,,,,,,,,,,,,,,,,,,,,,,,,,,,,,,,,,,,,,,,,,,,,,,,,,,,,,,,,,,,,,,,,,,,,,,,,,,,,,,,,,,,,,,,,,,,,,,,,,,,,,,,,,,,,,,,,,,,,,,,,,,
1784901940,0,0.016,-0.004,0.998,0.00,-0.10,0.00,39.00,17.90,-1.40,-0.14,-1.25,-2.70,1.000,-0.002,-0.011,-0.024,1,0.390,-0.084,1.262,47.80,207.30,29.60,34.60,5.10,-29.90,2.87,-19.44,-25.17,0.963,-0.013,-0.170,-0.211,,,,,,,,,,,,,,,,,,,,,,,,,,,,,,,,,,,,,,,,,,,,,,,,,,,,,,,,,,,,,,,,,,,,,,,,,,,,,,,,,,,,,,,,,,,,,,,,,,,,,,,,,,,,,,,,,,,,,,,,,,,,,,,,,,,,,,,,,,,,,,,,,,,,,,,,,,,,,,,,,,,,,,,,,,,,,,,,,,,,,,,,,,,,,,,,,,,,,,,,,,,,,,,,,,,,,,,,,,,,,,,,,,,,,,,,,,,,,,
1784901940,0,0.020,0.000,0.998,0.00,-0.10,0.00,39.00,17.90,-1.40,-0.14,-1.25,-2.70,1.000,-0.002,-0.011,-0.024,1,0.386,-0.068,1.250,36.90,200.90,20.10,34.60,5.10,-29.90,2.87,-19.44,-25.17,0.963,-0.013,-0.170,-0.211,,,,,,,,,,,,,,,,,,,,,,,,,,,,,,,,,,,,,,,,,,,,,,,,,,,,,,,,,,,,,,,,,,,,,,,,,,,,,,,,,,,,,,,,,,,,,,,,,,,,,,,,,,,,,,,,,,,,,,,,,,,,,,,,,,,,,,,,,,,,,,,,,,,,,,,,,,,,,,,,,,,,,,,,,,,,,,,,,,,,,,,,,,,,,,,,,,,,,,,,,,,,,,,,,,,,,,,,,,,,,,,,,,,,,,,,,,,,,,
1784901940,0,0.020,0.000,1.010,0.00,0.00,0.00,38.80,17.90,-1.60,-0.14,-1.25,-2.70,1.000,-0.002,-0.011,-0.024,1,0.343,-0.055,1.231,21.60,195.00,10.30,37.00,5.10,-30.20,3.16,-17.41,-24.80,0.966,-0.006,-0.154,-0.208,,,,,,,,,,,,,,,,,,,,,,,,,,,,,,,,,,,,,,,,,,,,,,,,,,,,,,,,,,,,,,,,,,,,,,,,,,,,,,,,,,,,,,,,,,,,,,,,,,,,,,,,,,,,,,,,,,,,,,,,,,,,,,,,,,,,,,,,,,,,,,,,,,,,,,,,,,,,,,,,,,,,,,,,,,,,,,,,,,,,,,,,,,,,,,,,,,,,,,,,,,,,,,,,,,,,,,,,,,,,,,,,,,,,,,,,,,,,,,
1784901940,0,0.020,-0.004,0.994,0.00,0.10,0.00,38.80,17.90,-1.60,-0.14,-1.25,-2.70,1.000,-0.002,-0.011,-0.024,1,0.320,-0.031,1.200,3.70,189.20,0.90,37.00,5.10,-30.20,3.16,-17.41,-24.80,0.966,-0.006,-0.154,-0.208,,,,,,,,,,,,,,,,,,,,,,,,,,,,,,,,,,,,,,,,,,,,,,,,,,,,,,,,,,,,,,,,,,,,,,,,,,,,,,,,,,,,,,,,,,,,,,,,,,,,,,,,,,,,,,,,,,,,,,,,,,,,,,,,,,,,,,,,,,,,,,,,,,,,,,,,,,,,,,,,,,,,,,,,,,,,,,,,,,,,,,,,,,,,,,,,,,,,,,,,,,,,,,,,,,,,,,,,,,,,,,,,,,,,,,,,,,,,,,
1784901940,0,0.024,0.000,0.994,0.00,0.10,0.00,38.80,17.90,-1.60,-0.14,-1.25,-2.70,1.000,-0.002,-0.011,-0.024,1,0.282,0.004,1.192,-13.80,183.00,-7.20,37.00,5.10,-30.20,3.16,-17.41,-24.80,0.966,-0.006,-0.154,-0.208,,,,,,,,,,,,,,,,,,,,,,,,,,,,,,,,,,,,,,,,,,,,,,,,,,,,,,,,,,,,,,,,,,,,,,,,,,,,,,,,,,,,,,,,,,,,,,,,,,,,,,,,,,,,,,,,,,,,,,,,,,,,,,,,,,,,,,,,,,,,,,,,,,,,,,,,,,,,,,,,,,,,,,,,,,,,,,,,,,,,,,,,,,,,,,,,,,,,,,,,,,,,,,,,,,,,,,,,,,,,,,,,,,,,,,,,,,,,,,
1784901940,0,0.024,-0.004,0.998,0.00,0.00,0.00,38.80,17.90,-1.60,-0.14,-1.25,-2.70,1.000,-0.002,-0.011,-0.024,1,0.250,0.032,1.196,-29.10,176.30,-12.90,37.00,5.10,-30.20,3.16,-17.41,-24.80,0.966,-0.006,-0.154,-0.208,,,,,,,,,,,,,,,,,,,,,,,,,,,,,,,,,,,,,,,,,,,,,,,,,,,,,,,,,,,,,,,,,,,,,,,,,,,,,,,,,,,,,,,,,,,,,,,,,,,,,,,,,,,,,,,,,,,,,,,,,,,,,,,,,,,,,,,,,,,,,,,,,,,,,,,,,,,,,,,,,,,,,,,,,,,,,,,,,,,,,,,,,,,,,,,,,,,,,,,,,,,,,,,,,,,,,,,,,,,,,,,,,,,,,,,,,,,,,,
1784901940,0,0.024,0.000,0.998,0.00,0.00,0.00,39.00,17.40,-1.30,-0.14,-1.25,-2.70,1.000,-0.002,-0.011,-0.024,1,0.212,0.339,1.212,-40.90,169.00,-15.20,39.70,5.20,-31.20,2.95,-15.61,-24.79,0.968,-0.004,-0.138,-0.209,,,,,,,,,,,,,,,,,,,,,,,,,,,,,,,,,,,,,,,,,,,,,,,,,,,,,,,,,,,,,,,,,,,,,,,,,,,,,,,,,,,,,,,,,,,,,,,,,,,,,,,,,,,,,,,,,,,,,,,,,,,,,,,,,,,,,,,,,,,,,,,,,,,,,,,,,,,,,,,,,,,,,,,,,,,,,,,,,,,,,,,,,,,,,,,,,,,,,,,,,,,,,,,,,,,,,,,,,,,,,,,,,,,,,,,,,,,,,,
1784901940,0,0.024,-0.004,0.998,0.10,0.00,0.10,39.00,17.40,-1.30,-0.14,-1.25,-2.70,1.000,-0.002,-0.011,-0.024,1,0.194,0.352,1.135,-49.50,160.80,-14.00,39.70,5.20,-31.20,2.95,-15.61,-24.79,0.968,-0.004,-0.138,-0.209,,,,,,,,,,,,,,,,,,,,,,,,,,,,,,,,,,,,,,,,,,,,,,,,,,,,,,,,,,,,,,,,,,,,,,,,,,,,,,,,,,,,,,,,,,,,,,,,,,,,,,,,,,,,,,,,,,,,,,,,,,,,,,,,,,,,,,,,,,,,,,,,,,,,,,,,,,,,,,,,,,,,,,,,,,,,,,,,,,,,,,,,,,,,,,,,,,,,,,,,,,,,,,,,,,,,,,,,,,,,,,,,,,,,,,,,,,,,,,
1784901940,0,0.020,0.000,0.998,0.10,0.00,0.10,39.00,17.40,-1.30,-0.14,-1.25,-2.70,1.000,-0.002,-0.011,-0.024,1,0.171,0.337,1.096,-56.60,150.90,-8.50,39.70,5.20,-31.20,2.95,-15.61,-24.79,0.968,-0.004,-0.138,-0.209,,,,,,,,,,,,,,,,,,,,,,,,,,,,,,,,,,,,,,,,,,,,,,,,,,,,,,,,,,,,,,,,,,,,,,,,,,,,,,,,,,,,,,,,,,,,,,,,,,,,,,,,,,,,,,,,,,,,,,,,,,,,,,,,,,,,,,,,,,,,,,,,,,,,,,,,,,,,,,,,,,,,,,,,,,,,,,,,,,,,,,,,,,,,,,,,,,,,,,,,,,,,,,,,,,,,,,,,,,,,,,,,,,,,,,,,,,,,,,
1784901940,0,0.020,-0.004,1.002,0.00,0.00,0.10,39.00,17.40,-1.30,-0.14,-1.25,-2.70,1.000,-0.002,-0.011,-0.024,1,0.128,0.314,1.073,-63.00,138.90,2.40,39.70,5.20,-31.20,2.95,-15.61,-24.79,0.968,-0.004,-0.138,-0.209,,,,,,,,,,,,,,,,,,,,,,,,,,,,,,,,,,,,,,,,,,,,,,,,,,,,,,,,,,,,,,,,,,,,,,,,,,,,,,,,,,,,,,,,,,,,,,,,,,,,,,,,,,,,,,,,,,,,,,,,,,,,,,,,,,,,,,,,,,,,,,,,,,,,,,,,,,,,,,,,,,,,,,,,,,,,,,,,,,,,,,,,,,,,,,,,,,,,,,,,,,,,,,,,,,,,,,,,,,,,,,,,,,,,,,,,,,,,,,
1784901940,0,0.024,0.000,0.998,0.00,0.10,0.10,39.20,17.70,0.60,-0.14,-1.25,-2.70,1.000,-0.002,-0.011,-0.024,1,0.130,0.252,0.972,-67.60,124.60,18.00,40.60,4.90,-32.30,2.35,-14.18,-24.73,0.970,-0.007,-0.125,-0.210,,,,,,,,,,,,,,,,,,,,,,,,,,,,,,,,,,,,,,,,,,,,,,,,,,,,,,,,,,,,,,,,,,,,,,,,,,,,,,,,,,,,,,,,,,,,,,,,,,,,,,,,,,,,,,,,,,,,,,,,,,,,,,,,,,,,,,,,,,,,,,,,,,,,,,,,,,,,,,,,,,,,,,,,,,,,,,,,,,,,,,,,,,,,,,,,,,,,,,,,,,,,,,,,,,,,,,,,,,,,,,,,,,,,,,,,,,,,,,
1784901940,0,0.028,0.003,0.998,0.00,0.10,0.00,39.20,17.70,0.60,-0.14,-1.25,-2.70,1.000,-0.002,-0.011,-0.024,1,0.111,0.260,0.929,-68.40,108.20,34.90,40.60,4.90,-32.30,2.35,-14.18,-24.73,0.970,-0.007,-0.125,-0.210,,,,,,,,,,,,,,,,,,,,,,,,,,,,,,,,,,,,,,,,,,,,,,,,,,,,,,,,,,,,,,,,,,,,,,,,,,,,,,,,,,,,,,,,,,,,,,,,,,,,,,,,,,,,,,,,,,,,,,,,,,,,,,,,,,,,,,,,,,,,,,,,,,,,,,,,,,,,,,,,,,,,,,,,,,,,,,,,,,,,,,,,,,,,,,,,,,,,,,,,,,,,,,,,,,,,,,,,,,,,,,,,,,,,,,,,,,,,,,
1784901940,0,0.020,0.000,0.998,0.00,0.10,0.00,39.20,17.70,0.60,-0.14,-1.25,-2.70,1.000,-0.002,-0.011,-0.024,1,0.115,0.268,0.902,-64.60,90.00,48.50,40.60,4.90,-32.30,2.35,-14.18,-24.73,0.970,-0.007,-0.125,-0.210,,,,,,,,,,,,,,,,,,,,,,,,,,,,,,,,,,,,,,,,,,,,,,,,,,,,,,,,,,,,,,,,,,,,,,,,,,,,,,,,,,,,,,,,,,,,,,,,,,,,,,,,,,,,,,,,,,,,,,,,,,,,,,,,,,,,,,,,,,,,,,,,,,,,,,,,,,,,,,,,,,,,,,,,,,,,,,,,,,,,,,,,,,,,,,,,,,,,,,,,,,,,,,,,,,,,,,,,,,,,,,,,,,,,,,,,,,,,,,
1784901940,0,0.024,0.000,1.002,0.00,0.00,0.00,39.20,17.70,0.60,-0.14,-1.25,-2.70,1.000,-0.002,-0.011,-0.024,1,0.153,0.256,0.773,-57.50,70.30,56.40,40.60,4.90,-32.30,2.35,-14.18,-24.73,0.970,-0.007,-0.125,-0.210,,,,,,,,,,,,,,,,,,,,,,,,,,,,,,,,,,,,,,,,,,,,,,,,,,,,,,,,,,,,,,,,,,,,,,,,,,,,,,,,,,,,,,,,,,,,,,,,,,,,,,,,,,,,,,,,,,,,,,,,,,,,,,,,,,,,,,,,,,,,,,,,,,,,,,,,,,,,,,,,,,,,,,,,,,,,,,,,,,,,,,,,,,,,,,,,,,,,,,,,,,,,,,,,,,,,,,,,,,,,,,,,,,,,,,,,,,,,,,
1784901940,0,0.024,-0.004,0.998,0.00,0.00,0.00,39.30,16.10,-3.20,-0.14,-1.25,-2.70,1.000,-0.002,-0.011,-0.024,1,0.185,0.259,0.734,-49.20,50.30,58.90,40.90,5.70,-33.60,1.62,-13.40,-24.19,0.971,-0.011,-0.117,-0.206,,,,,,,,,,,,,,,,,,,,,,,,,,,,,,,,,,,,,,,,,,,,,,,,,,,,,,,,,,,,,,,,,,,,,,,,,,,,,,,,,,,,,,,,,,,,,,,,,,,,,,,,,,,,,,,,,,,,,,,,,,,,,,,,,,,,,,,,,,,,,,,,,,,,,,,,,,,,,,,,,,,,,,,,,,,,,,,,,,,,,,,,,,,,,,,,,,,,,,,,,,,,,,,,,,,,,,,,,,,,,,,,,,,,,,,,,,,,,,
1784901940,0,0.020,-0.004,0.998,0.00,0.00,-0.10,39.30,16.10,-3.20,-0.14,-1.25,-2.70,1.000,-0.002,-0.011,-0.024,1,0.193,0.251,0.719,-41.30,32.30,58.00,40.90,5.70,-33.60,1.62,-13.40,-24.19,0.971,-0.011,-0.117,-0.206,,,,,,,,,,,,,,,,,,,,,,,,,,,,,,,,,,,,,,,,,,,,,,,,,,,,,,,,,,,,,,,,,,,,,,,,,,,,,,,,,,,,,,,,,,,,,,,,,,,,,,,,,,,,,,,,,,,,,,,,,,,,,,,,,,,,,,,,,,,,,,,,,,,,,,,,,,,,,,,,,,,,,,,,,,,,,,,,,,,,,,,,,,,,,,,,,,,,,,,,,,,,,,,,,,,,,,,,,,,,,,,,,,,,,,,,,,,,,,
1784901940,0,0.020,-0.004,1.002,0.00,0.00,-0.10,39.30,16.10,-3.20,-0.14,-1.25,-2.70,1.000,-0.002,-0.011,-0.024,1,0.217,0.310,0.641,-34.50,19.30,56.70,40.90,5.70,-33.60,1.62,-13.40,-24.19,0.971,-0.011,-0.117,-0.206,,,,,,,,,,,,,,,,,,,,,,,,,,,,,,,,,,,,,,,,,,,,,,,,,,,,,,,,,,,,,,,,,,,,,,,,,,,,,,,,,,,,,,,,,,,,,,,,,,,,,,,,,,,,,,,,,,,,,,,,,,,,,,,,,,,,,,,,,,,,,,,,,,,,,,,,,,,,,,,,,,,,,,,,,,,,,,,,,,,,,,,,,,,,,,,,,,,,,,,,,,,,,,,,,,,,,,,,,,,,,,,,,,,,,,,,,,,,,,
1784901940,0,0.016,-0.004,0.998,0.00,0.00,-0.10,39.30,16.10,-3.20,-0.14,-1.25,-2.70,1.000,-0.002,-0.011,-0.024,1,0.188,0.243,0.758,-28.10,13.00,56.60,40.90,5.70,-33.60,1.62,-13.40,-24.19,0.971,-0.011,-0.117,-0.206,,,,,,,,,,,,,,,,,,,,,,,,,,,,,,,,,,,,,,,,,,,,,,,,,,,,,,,,,,,,,,,,,,,,,,,,,,,,,,,,,,,,,,,,,,,,,,,,,,,,,,,,,,,,,,,,,,,,,,,,,,,,,,,,,,,,,,,,,,,,,,,,,,,,,,,,,,,,,,,,,,,,,,,,,,,,,,,,,,,,,,,,,,,,,,,,,,,,,,,,,,,,,,,,,,,,,,,,,,,,,,,,,,,,,,,,,,,,,,
1784901940,0,0.020,0.000,0.998,-0.10,0.00,0.00,39.60,14.70,-3.50,-0.14,-1.25,-2.70,1.000,-0.002,-0.011,-0.024,1,0.215,0.172,0.754,-19.70,13.80,59.20,41.10,5.30,-34.80,1.17,-13.21,-23.59,0.973,-0.014,-0.115,-0.202,,,,,,,,,,,,,,,,,,,,,,,,,,,,,,,,,,,,,,,,,,,,,,,,,,,,,,,,,,,,,,,,,,,,,,,,,,,,,,,,,,,,,,,,,,,,,,,,,,,,,,,,,,,,,,,,,,,,,,,,,,,,,,,,,,,,,,,,,,,,,,,,,,,,,,,,,,,,,,,,,,,,,,,,,,,,,,,,,,,,,,,,,,,,,,,,,,,,,,,,,,,,,,,,,,,,,,,,,,,,,,,,,,,,,,,,,,,,,,
1784901940,0,0.024,0.000,0.998,0.00,0.00,0.00,39.60,14.70,-3.50,-0.14,-1.25,-2.70,1.000,-0.002,-0.011,-0.024,1,0.270,0.155,0.746,-8.40,18.50,64.40,41.10,5.30,-34.80,1.17,-13.21,-23.59,0.973,-0.014,-0.115,-0.202,,,,,,,,,,,,,,,,,,,,,,,,,,,,,,,,,,,,,,,,,,,,,,,,,,,,,,,,,,,,,,,,,,,,,,,,,,,,,,,,,,,,,,,,,,,,,,,,,,,,,,,,,,,,,,,,,,,,,,,,,,,,,,,,,,,,,,,,,,,,,,,,,,,,,,,,,,,,,,,,,,,,,,,,,,,,,,,,,,,,,,,,,,,,,,,,,,,,,,,,,,,,,,,,,,,,,,,,,,,,,,,,,,,,,,,,,,,,,,
1784901940,0,0.020,0.000,0.998,0.00,0.00,0.00,39.60,14.70,-3.50,-0.14,-1.25,-2.70,1.000,-0.002,-0.011,-0.024,1,0.344,0.178,0.757,4.60,22.80,71.20,41.10,5.30,-34.80,1.17,-13.21,-23.59,0.973,-0.014,-0.115,-0.202,,,,,,,,,,,,,,,,,,,,,,,,,,,,,,,,,,,,,,,,,,,,,,,,,,,,,,,,,,,,,,,,,,,,,,,,,,,,,,,,,,,,,,,,,,,,,,,,,,,,,,,,,,,,,,,,,,,,,,,,,,,,,,,,,,,,,,,,,,,,,,,,,,,,,,,,,,,,,,,,,,,,,,,,,,,,,,,,,,,,,,,,,,,,,,,,,,,,,,,,,,,,,,,,,,,,,,,,,,,,,,,,,,,,,,,,,,,,,,
1784901940,0,0.020,0.000,1.002,0.00,0.00,-0.10,39.60,14.70,-3.50,-0.14,-1.25,-2.70,1.000,-0.002,-0.011,-0.024,1,0.331,0.158,0.807,17.00,24.30,78.00,41.10,5.30,-34.80,1.17,-13.21,-23.59,0.973,-0.014,-0.115,-0.202,,,,,,,,,,,,,,,,,,,,,,,,,,,,,,,,,,,,,,,,,,,,,,,,,,,,,,,,,,,,,,,,,,,,,,,,,,,,,,,,,,,,,,,,,,,,,,,,,,,,,,,,,,,,,,,,,,,,,,,,,,,,,,,,,,,,,,,,,,,,,,,,,,,,,,,,,,,,,,,,,,,,,,,,,,,,,,,,,,,,,,,,,,,,,,,,,,,,,,,,,,,,,,,,,,,,,,,,,,,,,,,,,,,,,,,,,,,,,,
1784901940,0,0.020,0.000,1.002,0.00,0.00,-0.10,39.50,13.30,-3.50,-0.14,-1.25,-2.71,1.000,-0.002,-0.011,-0.024,1,0.311,0.139,0.858,28.10,24.50,84.60,40.70,3.40,-35.90,1.10,-13.00,-22.82,0.974,-0.013,-0.113,-0.195,,,,,,,,,,,,,,,,,,,,,,,,,,,,,,,,,,,,,,,,,,,,,,,,,,,,,,,,,,,,,,,,,,,,,,,,,,,,,,,,,,,,,,,,,,,,,,,,,,,,,,,,,,,,,,,,,,,,,,,,,,,,,,,,,,,,,,,,,,,,,,,,,,,,,,,,,,,,,,,,,,,,,,,,,,,,,,,,,,,,,,,,,,,,,,,,,,,,,,,,,,,,,,,,,,,,,,,,,,,,,,,,,,,,,,,,,,,,,,
1784901940,0,0.020,-0.004,0.998,-0.10,0.00,-0.10,39.50,13.30,-3.50,-0.14,-1.25,-2.71,1.000,-0.002,-0.011,-0.024,1,0.303,0.127,0.893,37.60,25.80,91.90,40.70,3.40,-35.90,1.10,-13.00,-22.82,0.974,-0.013,-0.113,-0.195,,,,,,,,,,,,,,,,,,,,,,,,,,,,,,,,,,,,,,,,,,,,,,,,,,,,,,,,,,,,,,,,,,,,,,,,,,,,,,,,,,,,,,,,,,,,,,,,,,,,,,,,,,,,,,,,,,,,,,,,,,,,,,,,,,,,,,,,,,,,,,,,,,,,,,,,,,,,,,,,,,,,,,,,,,,,,,,,,,,,,,,,,,,,,,,,,,,,,,,,,,,,,,,,,,,,,,,,,,,,,,,,,,,,,,,,,,,,,,
1784901940,0,0.024,-0.004,0.998,-0.10,0.00,-0.10,39.50,13.30,-3.50,-0.14,-1.25,-2.71,1.000,-0.002,-0.011,-0.024,1,0.299,0.119,0.901,45.50,28.20,100.60,40.70,3.40,-35.90,1.10,-13.00,-22.82,0.974,-0.013,-0.113,-0.195,,,,,,,,,,,,,,,,,,,,,,,,,,,,,,,,,,,,,,,,,,,,,,,,,,,,,,,,,,,,,,,,,,,,,,,,,,,,,,,,,,,,,,,,,,,,,,,,,,,,,,,,,,,,,,,,,,,,,,,,,,,,,,,,,,,,,,,,,,,,,,,,,,,,,,,,,,,,,,,,,,,,,,,,,,,,,,,,,,,,,,,,,,,,,,,,,,,,,,,,,,,,,,,,,,,,,,,,,,,,,,,,,,,,,,,,,,,,,,
1784901940,0,0.024,0.000,0.998,-0.10,0.00,-0.10,39.50,13.30,-3.50,-0.14,-1.25,-2.71,1.000,-0.002,-0.011,-0.024,1,0.290,0.111,0.924,51.20,30.30,110.20,40.70,3.40,-35.90,1.10,-13.00,-22.82,0.974,-0.013,-0.113,-0.195,,,,,,,,,,,,,,,,,,,,,,,,,,,,,,,,,,,,,,,,,,,,,,,,,,,,,,,,,,,,,,,,,,,,,,,,,,,,,,,,,,,,,,,,,,,,,,,,,,,,,,,,,,,,,,,,,,,,,,,,,,,,,,,,,,,,,,,,,,,,,,,,,,,,,,,,,,,,,,,,,,,,,,,,,,,,,,,,,,,,,,,,,,,,,,,,,,,,,,,,,,,,,,,,,,,,,,,,,,,,,,,,,,,,,,,,,,,,,,
1784901940,0,0.024,0.000,1.002,0.00,0.10,0.00,39.40,12.30,-3.10,-0.14,-1.25,-2.71,1.000,-0.002,-0.011,-0.024,1,0.271,0.092,0.936,54.70,30.70,119.80,41.40,1.00,-37.10,1.33,-12.74,-21.73,0.976,-0.010,-0.111,-0.186,,,,,,,,,,,,,,,,,,,,,,,,,,,,,,,,,,,,,,,,,,,,,,,,,,,,,,,,,,,,,,,,,,,,,,,,,,,,,,,,,,,,,,,,,,,,,,,,,,,,,,,,,,,,,,,,,,,,,,,,,,,,,,,,,,,,,,,,,,,,,,,,,,,,,,,,,,,,,,,,,,,,,,,,,,,,,,,,,,,,,,,,,,,,,,,,,,,,,,,,,,,,,,,,,,,,,,,,,,,,,,,,,,,,,,,,,,,,,,
1784901940,0,0.024,-0.004,0.994,0.00,0.00,0.10,39.40,12.30,-3.10,-0.14,-1.25,-2.71,1.000,-0.002,-0.011,-0.024,1,0.270,0.072,0.952,56.10,29.70,128.20,41.40,1.00,-37.10,1.33,-12.74,-21.73,0.976,-0.010,-0.111,-0.186,,,,,,,,,,,,,,,,,,,,,,,,,,,,,,,,,,,,,,,,,,,,,,,,,,,,,,,,,,,,,,,,,,,,,,,,,,,,,,,,,,,,,,,,,,,,,,,,,,,,,,,,,,,,,,,,,,,,,,,,,,,,,,,,,,,,,,,,,,,,,,,,,,,,,,,,,,,,,,,,,,,,,,,,,,,,,,,,,,,,,,,,,,,,,,,,,,,,,,,,,,,,,,,,,,,,,,,,,,,,,,,,,,,,,,,,,,,,,,
1784901940,0,0.020,0.000,0.998,0.00,0.00,0.10,39.40,12.30,-3.10,-0.14,-1.25,-2.71,1.000,-0.002,-0.011,-0.024,1,0.250,0.084,0.967,55.50,27.70,134.20,41.40,1.00,-37.10,1.33,-12.74,-21.73,0.976,-0.010,-0.111,-0.186,,,,,,,,,,,,,,,,,,,,,,,,,,,,,,,,,,,,,,,,,,,,,,,,,,,,,,,,,,,,,,,,,,,,,,,,,,,,,,,,,,,,,,,,,,,,,,,,,,,,,,,,,,,,,,,,,,,,,,,,,,,,,,,,,,,,,,,,,,,,,,,,,,,,,,,,,,,,,,,,,,,,,,,,,,,,,,,,,,,,,,,,,,,,,,,,,,,,,,,,,,,,,,,,,,,,,,,,,,,,,,,,,,,,,,,,,,,,,,
1784901940,0,0.024,-0.004,1.002,0.10,0.00,0.00,39.40,12.30,-3.10,-0.14,-1.25,-2.71,1.000,-0.002,-0.011,-0.024,1,0.238,0.065,0.991,52.30,25.00,137.30,41.40,1.00,-37.10,1.33,-12.74,-21.73,0.976,-0.010,-0.111,-0.186,,,,,,,,,,,,,,,,,,,,,,,,,,,,,,,,,,,,,,,,,,,,,,,,,,,,,,,,,,,,,,,,,,,,,,,,,,,,,,,,,,,,,,,,,,,,,,,,,,,,,,,,,,,,,,,,,,,,,,,,,,,,,,,,,,,,,,,,,,,,,,,,,,,,,,,,,,,,,,,,,,,,,,,,,,,,,,,,,,,,,,,,,,,,,,,,,,,,,,,,,,,,,,,,,,,,,,,,,,,,,,,,,,,,,,,,,,,,,,
1784901940,0,0.020,-0.008,1.002,0.00,0.00,0.00,39.30,20.70,0.20,-0.14,-1.25,-2.71,1.000,-0.002,-0.011,-0.024,1,0.234,0.057,1.002,46.60,21.90,137.40,41.10,3.70,-37.00,1.55,-12.51,-20.35,0.979,-0.006,-0.110,-0.174,,,,,,,,,,,,,,,,,,,,,,,,,,,,,,,,,,,,,,,,,,,,,,,,,,,,,,,,,,,,,,,,,,,,,,,,,,,,,,,,,,,,,,,,,,,,,,,,,,,,,,,,,,,,,,,,,,,,,,,,,,,,,,,,,,,,,,,,,,,,,,,,,,,,,,,,,,,,,,,,,,,,,,,,,,,,,,,,,,,,,,,,,,,,,,,,,,,,,,,,,,,,,,,,,,,,,,,,,,,,,,,,,,,,,,,,,,,,,,
1784901940,0,0.020,0.000,0.998,0.00,-0.10,0.00,39.30,20.70,0.20,-0.15,-1.25,-2.71,1.000,-0.002,-0.011,-0.024,1,0.207,0.046,1.018,38.80,18.60,135.30,41.10,3.70,-37.00,1.55,-12.51,-20.35,0.979,-0.006,-0.110,-0.174,,,,,,,,,,,,,,,,,,,,,,,,,,,,,,,,,,,,,,,,,,,,,,,,,,,,,,,,,,,,,,,,,,,,,,,,,,,,,,,,,,,,,,,,,,,,,,,,,,,,,,,,,,,,,,,,,,,,,,,,,,,,,,,,,,,,,,,,,,,,,,,,,,,,,,,,,,,,,,,,,,,,,,,,,,,,,,,,,,,,,,,,,,,,,,,,,,,,,,,,,,,,,,,,,,,,,,,,,,,,,,,,,,,,,,,,,,,,,,
1784901940,0,0.020,0.000,1.006,0.00,-0.10,0.00,39.30,20.70,0.20,-0.15,-1.25,-2.71,1.000,-0.002,-0.011,-0.024,1,0.171,0.038,1.041,29.70,15.40,132.00,41.10,3.70,-37.00,1.55,-12.51,-20.35,0.979,-0.006,-0.110,-0.174,,,,,,,,,,,,,,,,,,,,,,,,,,,,,,,,,,,,,,,,,,,,,,,,,,,,,,,,,,,,,,,,,,,,,,,,,,,,,,,,,,,,,,,,,,,,,,,,,,,,,,,,,,,,,,,,,,,,,,,,,,,,,,,,,,,,,,,,,,,,,,,,,,,,,,,,,,,,,,,,,,,,,,,,,,,,,,,,,,,,,,,,,,,,,,,,,,,,,,,,,,,,,,,,,,,,,,,,,,,,,,,,,,,,,,,,,,,,,,
1784901940,0,0.024,-0.004,1.002,-0.10,0.00,0.00,39.30,20.70,0.20,-0.15,-1.25,-2.71,1.000,-0.002,-0.011,-0.024,1,0.143,0.031,1.053,20.50,12.40,127.90,41.10,3.70,-37.00,1.55,-12.51,-20.35,0.979,-0.006,-0.110,-0.174,,,,,,,,,,,,,,,,,,,,,,,,,,,,,,,,,,,,,,,,,,,,,,,,,,,,,,,,,,,,,,,,,,,,,,,,,,,,,,,,,,,,,,,,,,,,,,,,,,,,,,,,,,,,,,,,,,,,,,,,,,,,,,,,,,,,,,,,,,,,,,,,,,,,,,,,,,,,,,,,,,,,,,,,,,,,,,,,,,,,,,,,,,,,,,,,,,,,,,,,,,,,,,,,,,,,,,,,,,,,,,,,,,,,,,,,,,,,,,
1784901940,0,0.020,0.000,0.998,-0.10,0.00,0.00,39.10,15.30,-3.30,-0.15,-1.25,-2.71,1.000,-0.002,-0.011,-0.024,1,0.120,0.028,1.057,12.10,9.70,123.30,41.40,1.00,-42.30,1.52,-12.40,-19.02,0.981,-0.005,-0.109,-0.163,,,,,,,,,,,,,,,,,,,,,,,,,,,,,,,,,,,,,,,,,,,,,,,,,,,,,,,,,,,,,,,,,,,,,,,,,,,,,,,,,,,,,,,,,,,,,,,,,,,,,,,,,,,,,,,,,,,,,,,,,,,,,,,,,,,,,,,,,,,,,,,,,,,,,,,,,,,,,,,,,,,,,,,,,,,,,,,,,,,,,,,,,,,,,,,,,,,,,,,,,,,,,,,,,,,,,,,,,,,,,,,,,,,,,,,,,,,,,,
1784901940,0,0.020,-0.004,0.998,-0.10,0.00,0.00,39.10,15.30,-3.30,-0.15,-1.25,-2.71,1.000,-0.002,-0.011,-0.024,1,0.065,0.025,1.069,4.90,7.50,118.00,41.40,1.00,-42.30,1.52,-12.40,-19.02,0.981,-0.005,-0.109,-0.163,,,,,,,,,,,,,,,,,,,,,,,,,,,,,,,,,,,,,,,,,,,,,,,,,,,,,,,,,,,,,,,,,,,,,,,,,,,,,,,,,,,,,,,,,,,,,,,,,,,,,,,,,,,,,,,,,,,,,,,,,,,,,,,,,,,,,,,,,,,,,,,,,,,,,,,,,,,,,,,,,,,,,,,,,,,,,,,,,,,,,,,,,,,,,,,,,,,,,,,,,,,,,,,,,,,,,,,,,,,,,,,,,,,,,,,,,,,,,,
1784901940,0,0.020,-0.004,0.998,0.00,0.00,-0.10,39.10,15.30,-3.30,-0.15,-1.25,-2.71,1.000,-0.002,-0.011,-0.024,1,0.053,0.029,1.069,-0.50,5.90,112.10,41.40,1.00,-42.30,1.52,-12.40,-19.02,0.981,-0.005,-0.109,-0.163,,,,,,,,,,,,,,,,,,,,,,,,,,,,,,,,,,,,,,,,,,,,,,,,,,,,,,,,,,,,,,,,,,,,,,,,,,,,,,,,,,,,,,,,,,,,,,,,,,,,,,,,,,,,,,,,,,,,,,,,,,,,,,,,,,,,,,,,,,,,,,,,,,,,,,,,,,,,,,,,,,,,,,,,,,,,,,,,,,,,,,,,,,,,,,,,,,,,,,,,,,,,,,,,,,,,,,,,,,,,,,,,,,,,,,,,,,,,,,
1784901940,0,0.024,0.000,1.002,0.00,0.00,-0.10,39.10,15.30,-3.30,-0.15,-1.25,-2.71,1.000,-0.002,-0.011,-0.024,1,0.038,0.033,1.054,-3.90,5.10,106.00,41.40,1.00,-42.30,1.52,-12.40,-19.02,0.981,-0.005,-0.109,-0.163,,,,,,,,,,,,,,,,,,,,,,,,,,,,,,,,,,,,,,,,,,,,,,,,,,,,,,,,,,,,,,,,,,,,,,,,,,,,,,,,,,,,,,,,,,,,,,,,,,,,,,,,,,,,,,,,,,,,,,,,,,,,,,,,,,,,,,,,,,,,,,,,,,,,,,,,,,,,,,,,,,,,,,,,,,,,,,,,,,,,,,,,,,,,,,,,,,,,,,,,,,,,,,,,,,,,,,,,,,,,,,,,,,,,,,,,,,,,,,
1784901940,0,0.020,0.000,0.998,0.00,0.00,0.00,39.20,16.00,-3.10,-0.15,-1.25,-2.71,1.000,-0.002,-0.011,-0.024,1,0.078,0.052,0.995,-5.60,5.20,100.00,40.90,1.80,-43.20,1.27,-12.37,-17.90,0.982,-0.006,-0.108,-0.153,,,,,,,,,,,,,,,,,,,,,,,,,,,,,,,,,,,,,,,,,,,,,,,,,,,,,,,,,,,,,,,,,,,,,,,,,,,,,,,,,,,,,,,,,,,,,,,,,,,,,,,,,,,,,,,,,,,,,,,,,,,,,,,,,,,,,,,,,,,,,,,,,,,,,,,,,,,,,,,,,,,,,,,,,,,,,,,,,,,,,,,,,,,,,,,,,,,,,,,,,,,,,,,,,,,,,,,,,,,,,,,,,,,,,,,,,,,,,,
1784901940,0,0.020,0.000,0.998,0.00,0.00,0.00,39.20,16.00,-3.10,-0.15,-1.25,-2.71,1.000,-0.002,-0.011,-0.024,1,0.050,0.076,1.019,-5.80,6.50,94.50,40.90,1.80,-43.20,1.27,-12.37,-17.90,0.982,-0.006,-0.108,-0.153,,,,,,,,,,,,,,,,,,,,,,,,,,,,,,,,,,,,,,,,,,,,,,,,,,,,,,,,,,,,,,,,,,,,,,,,,,,,,,,,,,,,,,,,,,,,,,,,,,,,,,,,,,,,,,,,,,,,,,,,,,,,,,,,,,,,,,,,,,,,,,,,,,,,,,,,,,,,,,,,,,,,,,,,,,,,,,,,,,,,,,,,,,,,,,,,,,,,,,,,,,,,,,,,,,,,,,,,,,,,,,,,,,,,,,,,,,,,,,
1784901940,0,0.020,-0.004,0.998,0.00,0.00,0.00,39.20,16.00,-3.10,-0.15,-1.25,-2.71,1.000,-0.002,-0.011,-0.024,1,0.015,0.104,1.042,-4.90,9.30,90.20,40.90,1.80,-43.20,1.27,-12.37,-17.90,0.982,-0.006,-0.108,-0.153,,,,,,,,,,,,,,,,,,,,,,,,,,,,,,,,,,,,,,,,,,,,,,,,,,,,,,,,,,,,,,,,,,,,,,,,,,,,,,,,,,,,,,,,,,,,,,,,,,,,,,,,,,,,,,,,,,,,,,,,,,,,,,,,,,,,,,,,,,,,,,,,,,,,,,,,,,,,,,,,,,,,,,,,,,,,,,,,,,,,,,,,,,,,,,,,,,,,,,,,,,,,,,,,,,,,,,,,,,,,,,,,,,,,,,,,,,,,,,
1784901940,0,0.020,-0.004,0.998,0.00,0.00,0.00,39.20,16.00,-3.10,-0.15,-1.25,-2.71,1.000,-0.002,-0.011,-0.024,1,0.035,0.088,1.003,-3.80,12.90,87.30,40.90,1.80,-43.20,1.27,-12.37,-17.90,0.982,-0.006,-0.108,-0.153,,,,,,,,,,,,,,,,,,,,,,,,,,,,,,,,,,,,,,,,,,,,,,,,,,,,,,,,,,,,,,,,,,,,,,,,,,,,,,,,,,,,,,,,,,,,,,,,,,,,,,,,,,,,,,,,,,,,,,,,,,,,,,,,,,,,,,,,,,,,,,,,,,,,,,,,,,,,,,,,,,,,,,,,,,,,,,,,,,,,,,,,,,,,,,,,,,,,,,,,,,,,,,,,,,,,,,,,,,,,,,,,,,,,,,,,,,,,,,
1784901940,0,0.020,0.000,1.002,0.00,0.00,0.00,39.50,17.20,-3.70,-0.15,-1.25,-2.71,1.000,-0.002,-0.011,-0.024,1,0.063,0.057,0.949,-3.90,15.90,85.40,40.90,1.60,-44.90,1.02,-12.28,-16.98,0.983,-0.007,-0.107,-0.146,,,,,,,,,,,,,,,,,,,,,,,,,,,,,,,,,,,,,,,,,,,,,,,,,,,,,,,,,,,,,,,,,,,,,,,,,,,,,,,,,,,,,,,,,,,,,,,,,,,,,,,,,,,,,,,,,,,,,,,,,,,,,,,,,,,,,,,,,,,,,,,,,,,,,,,,,,,,,,,,,,,,,,,,,,,,,,,,,,,,,,,,,,,,,,,,,,,,,,,,,,,,,,,,,,,,,,,,,,,,,,,,,,,,,,,,,,,,,,
1784901940,0,0.020,0.000,0.994,0.00,0.10,0.10,39.50,17.20,-3.70,-0.15,-1.25,-2.71,1.000,-0.002,-0.011,-0.024,1,0.075,0.064,0.933,-6.30,17.40,83.80,40.90,1.60,-44.90,1.02,-12.28,-16.98,0.983,-0.007,-0.107,-0.146,,,,,,,,,,,,,,,,,,,,,,,,,,,,,,,,,,,,,,,,,,,,,,,,,,,,,,,,,,,,,,,,,,,,,,,,,,,,,,,,,,,,,,,,,,,,,,,,,,,,,,,,,,,,,,,,,,,,,,,,,,,,,,,,,,,,,,,,,,,,,,,,,,,,,,,,,,,,,,,,,,,,,,,,,,,,,,,,,,,,,,,,,,,,,,,,,,,,,,,,,,,,,,,,,,,,,,,,,,,,,,,,,,,,,,,,,,,,,,
1784901940,0,0.020,0.000,1.002,0.00,0.10,0.10,39.50,17.20,-3.70,-0.15,-1.25,-2.71,1.000,-0.002,-0.011,-0.024,1,0.107,0.068,0.910,-10.30,18.00,81.90,40.90,1.60,-44.90,1.02,-12.28,-16.98,0.983,-0.007,-0.107,-0.146,,,,,,,,,,,,,,,,,,,,,,,,,,,,,,,,,,,,,,,,,,,,,,,,,,,,,,,,,,,,,,,,,,,,,,,,,,,,,,,,,,,,,,,,,,,,,,,,,,,,,,,,,,,,,,,,,,,,,,,,,,,,,,,,,,,,,,,,,,,,,,,,,,,,,,,,,,,,,,,,,,,,,,,,,,,,,,,,,,,,,,,,,,,,,,,,,,,,,,,,,,,,,,,,,,,,,,,,,,,,,,,,,,,,,,,,,,,,,,
1784901940,0,0.020,-0.004,1.002,0.00,0.10,0.00,39.50,17.20,-3.70,-0.15,-1.25,-2.71,1.000,-0.002,-0.011,-0.024,1,0.115,0.095,0.863,-14.60,18.60,79.50,40.90,1.60,-44.90,1.02,-12.28,-16.98,0.983,-0.007,-0.107,-0.146,,,,,,,,,,,,,,,,,,,,,,,,,,,,,,,,,,,,,,,,,,,,,,,,,,,,,,,,,,,,,,,,,,,,,,,,,,,,,,,,,,,,,,,,,,,,,,,,,,,,,,,,,,,,,,,,,,,,,,,,,,,,,,,,,,,,,,,,,,,,,,,,,,,,,,,,,,,,,,,,,,,,,,,,,,,,,,,,,,,,,,,,,,,,,,,,,,,,,,,,,,,,,,,,,,,,,,,,,,,,,,,,,,,,,,,,,,,,,,
1784901940,0,0.024,0.000,0.998,0.00,0.10,0.00,39.30,18.60,-3.40,-0.15,-1.25,-2.71,1.000,-0.002,-0.011,-0.024,1,0.108,0.084,0.851,-18.50,19.00,76.90,40.90,1.70,-45.40,0.72,-12.11,-16.15,0.985,-0.009,-0.105,-0.139,,,,,,,,,,,,,,,,,,,,,,,,,,,,,,,,,,,,,,,,,,,,,,,,,,,,,,,,,,,,,,,,,,,,,,,,,,,,,,,,,,,,,,,,,,,,,,,,,,,,,,,,,,,,,,,,,,,,,,,,,,,,,,,,,,,,,,,,,,,,,,,,,,,,,,,,,,,,,,,,,,,,,,,,,,,,,,,,,,,,,,,,,,,,,,,,,,,,,,,,,,,,,,,,,,,,,,,,,,,,,,,,,,,,,,,,,,,,,,
1784901940,0,0.020,0.000,1.002,0.00,-0.10,-0.10,39.30,18.60,-3.40,-0.15,-1.25,-2.71,1.000,-0.002,-0.011,-0.024,1,0.116,0.084,0.832,-21.60,18.90,74.30,40.90,1.70,-45.40,0.72,-12.11,-16.15,0.985,-0.009,-0.105,-0.139,,,,,,,,,,,,,,,,,,,,,,,,,,,,,,,,,,,,,,,,,,,,,,,,,,,,,,,,,,,,,,,,,,,,,,,,,,,,,,,,,,,,,,,,,,,,,,,,,,,,,,,,,,,,,,,,,,,,,,,,,,,,,,,,,,,,,,,,,,,,,,,,,,,,,,,,,,,,,,,,,,,,,,,,,,,,,,,,,,,,,,,,,,,,,,,,,,,,,,,,,,,,,,,,,,,,,,,,,,,,,,,,,,,,,,,,,,,,,,
1784901940,0,0.020,-0.004,1.002,0.00,-0.20,0.00,39.30,18.60,-3.40,-0.15,-1.25,-2.71,1.000,-0.002,-0.011,-0.024,1,0.132,0.095,0.828,-24.40,18.20,71.50,40.90,1.70,-45.40,0.72,-12.11,-16.15,0.985,-0.009,-0.105,-0.139,,,,,,,,,,,,,,,,,,,,,,,,,,,,,,,,,,,,,,,,,,,,,,,,,,,,,,,,,,,,,,,,,,,,,,,,,,,,,,,,,,,,,,,,,,,,,,,,,,,,,,,,,,,,,,,,,,,,,,,,,,,,,,,,,,,,,,,,,,,,,,,,,,,,,,,,,,,,,,,,,,,,,,,,,,,,,,,,,,,,,,,,,,,,,,,,,,,,,,,,,,,,,,,,,,,,,,,,,,,,,,,,,,,,,,,,,,,,,,
1784901940,0,0.020,-0.004,0.998,-0.10,-0.20,0.00,39.30,18.60,-3.40,-0.15,-1.25,-2.71,1.000,-0.002,-0.011,-0.024,1,0.164,0.095,0.789,-27.30,17.70,68.90,40.90,1.70,-45.40,0.72,-12.11,-16.15,0.985,-0.009,-0.105,-0.139,,,,,,,,,,,,,,,,,,,,,,,,,,,,,,,,,,,,,,,,,,,,,,,,,,,,,,,,,,,,,,,,,,,,,,,,,,,,,,,,,,,,,,,,,,,,,,,,,,,,,,,,,,,,,,,,,,,,,,,,,,,,,,,,,,,,,,,,,,,,,,,,,,,,,,,,,,,,,,,,,,,,,,,,,,,,,,,,,,,,,,,,,,,,,,,,,,,,,,,,,,,,,,,,,,,,,,,,,,,,,,,,,,,,,,,,,,,,,,
1784901940,0,0.020,-0.004,1.002,-0.10,-0.20,-0.10,39.40,17.80,-1.60,-0.15,-1.25,-2.71,1.000,-0.002,-0.011,-0.024,1,0.176,0.094,0.765,-30.60,17.50,66.80,41.00,0.00,-45.00,0.31,-11.93,-15.43,0.986,-0.011,-0.103,-0.133,,,,,,,,,,,,,,,,,,,,,,,,,,,,,,,,,,,,,,,,,,,,,,,,,,,,,,,,,,,,,,,,,,,,,,,,,,,,,,,,,,,,,,,,,,,,,,,,,,,,,,,,,,,,,,,,,,,,,,,,,,,,,,,,,,,,,,,,,,,,,,,,,,,,,,,,,,,,,,,,,,,,,,,,,,,,,,,,,,,,,,,,,,,,,,,,,,,,,,,,,,,,,,,,,,,,,,,,,,,,,,,,,,,,,,,,,,,,,,
1784901940,0,0.024,-0.004,1.002,-0.10,-0.10,-0.10,39.40,17.80,-1.60,-0.15,-1.25,-2.71,1.000,-0.002,-0.011,-0.024,1,0.184,0.090,0.746,-33.70,17.30,66.00,41.00,0.00,-45.00,0.31,-11.93,-15.43,0.986,-0.011,-0.103,-0.133,,,,,,,,,,,,,,,,,,,,,,,,,,,,,,,,,,,,,,,,,,,,,,,,,,,,,,,,,,,,,,,,,,,,,,,,,,,,,,,,,,,,,,,,,,,,,,,,,,,,,,,,,,,,,,,,,,,,,,,,,,,,,,,,,,,,,,,,,,,,,,,,,,,,,,,,,,,,,,,,,,,,,,,,,,,,,,,,,,,,,,,,,,,,,,,,,,,,,,,,,,,,,,,,,,,,,,,,,,,,,,,,,,,,,,,,,,,,,,
1784901940,0,0.024,-0.004,0.998,0.00,-0.10,0.00,39.40,17.80,-1.60,-0.15,-1.25,-2.71,1.000,-0.002,-0.011,-0.024,1,0.196,0.078,0.738,-36.20,16.70,66.80,41.00,0.00,-45.00,0.31,-11.93,-15.43,0.986,-0.011,-0.103,-0.133,,,,,,,,,,,,,,,,,,,,,,,,,,,,,,,,,,,,,,,,,,,,,,,,,,,,,,,,,,,,,,,,,,,,,,,,,,,,,,,,,,,,,,,,,,,,,,,,,,,,,,,,,,,,,,,,,,,,,,,,,,,,,,,,,,,,,,,,,,,,,,,,,,,,,,,,,,,,,,,,,,,,,,,,,,,,,,,,,,,,,,,,,,,,,,,,,,,,,,,,,,,,,,,,,,,,,,,,,,,,,,,,,,,,,,,,,,,,,,
1784901940,0,0.020,0.000,0.998,0.00,-0.10,0.00,39.40,17.80,-1.60,-0.15,-1.25,-2.71,1.000,-0.002,-0.011,-0.024,1,0.235,0.050,0.703,-37.60,15.30,69.10,41.00,0.00,-45.00,0.31,-11.93,-15.43,0.986,-0.011,-0.103,-0.133,,,,,,,,,,,,,,,,,,,,,,,,,,,,,,,,,,,,,,,,,,,,,,,,,,,,,,,,,,,,,,,,,,,,,,,,,,,,,,,,,,,,,,,,,,,,,,,,,,,,,,,,,,,,,,,,,,,,,,,,,,,,,,,,,,,,,,,,,,,,,,,,,,,,,,,,,,,,,,,,,,,,,,,,,,,,,,,,,,,,,,,,,,,,,,,,,,,,,,,,,,,,,,,,,,,,,,,,,,,,,,,,,,,,,,,,,,,,,,
1784901940,0,0.020,-0.004,0.994,0.00,0.00,0.00,39.70,18.00,-1.10,-0.15,-1.25,-2.71,1.000,-0.002,-0.011,-0.024,1,0.271,0.050,0.687,-38.10,13.40,72.60,41.40,-1.00,-43.10,-0.20,-11.77,-14.73,0.986,-0.015,-0.102,-0.128,,,,,,,,,,,,,,,,,,,,,,,,,,,,,,,,,,,,,,,,,,,,,,,,,,,,,,,,,,,,,,,,,,,,,,,,,,,,,,,,,,,,,,,,,,,,,,,,,,,,,,,,,,,,,,,,,,,,,,,,,,,,,,,,,,,,,,,,,,,,,,,,,,,,,,,,,,,,,,,,,,,,,,,,,,,,,,,,,,,,,,,,,,,,,,,,,,,,,,,,,,,,,,,,,,,,,,,,,,,,,,,,,,,,,,,,,,,,,,
1784901940,0,0.020,0.000,1.002,0.00,0.00,0.00,39.70,18.00,-1.10,-0.15,-1.25,-2.71,1.000,-0.002,-0.011,-0.024,1,0.306,0.033,0.672,-37.90,11.40,77.30,41.40,-1.00,-43.10,-0.20,-11.77,-14.73,0.986,-0.015,-0.102,-0.128,,,,,,,,,,,,,,,,,,,,,,,,,,,,,,,,,,,,,,,,,,,,,,,,,,,,,,,,,,,,,,,,,,,,,,,,,,,,,,,,,,,,,,,,,,,,,,,,,,,,,,,,,,,,,,,,,,,,,,,,,,,,,,,,,,,,,,,,,,,,,,,,,,,,,,,,,,,,,,,,,,,,,,,,,,,,,,,,,,,,,,,,,,,,,,,,,,,,,,,,,,,,,,,,,,,,,,,,,,,,,,,,,,,,,,,,,,,,,,
1784901940,0,0.020,0.000,0.998,0.00,0.10,0.00,39.70,18.00,-1.10,-0.15,-1.25,-2.71,1.000,-0.002,-0.011,-0.024,1,0.341,0.013,0.660,-37.80,9.50,83.10,41.40,-1.00,-43.10,-0.20,-11.77,-14.73,0.986,-0.015,-0.102,-0.128,,,,,,,,,,,,,,,,,,,,,,,,,,,,,,,,,,,,,,,,,,,,,,,,,,,,,,,,,,,,,,,,,,,,,,,,,,,,,,,,,,,,,,,,,,,,,,,,,,,,,,,,,,,,,,,,,,,,,,,,,,,,,,,,,,,,,,,,,,,,,,,,,,,,,,,,,,,,,,,,,,,,,,,,,,,,,,,,,,,,,,,,,,,,,,,,,,,,,,,,,,,,,,,,,,,,,,,,,,,,,,,,,,,,,,,,,,,,,,
1784901940,0,0.020,-0.004,0.998,0.00,0.20,0.00,39.70,18.00,-1.10,-0.15,-1.25,-2.71,1.000,-0.002,-0.011,-0.024,1,0.341,-0.002,0.652,-37.90,7.70,90.10,41.40,-1.00,-43.10,-0.20,-11.77,-14.73,0.986,-0.015,-0.102,-0.128,,,,,,,,,,,,,,,,,,,,,,,,,,,,,,,,,,,,,,,,,,,,,,,,,,,,,,,,,,,,,,,,,,,,,,,,,,,,,,,,,,,,,,,,,,,,,,,,,,,,,,,,,,,,,,,,,,,,,,,,,,,,,,,,,,,,,,,,,,,,,,,,,,,,,,,,,,,,,,,,,,,,,,,,,,,,,,,,,,,,,,,,,,,,,,,,,,,,,,,,,,,,,,,,,,,,,,,,,,,,,,,,,,,,,,,,,,,,,,
1784901940,0,0.024,0.000,1.002,0.00,0.30,0.00,39.80,18.10,-1.40,-0.15,-1.25,-2.71,1.000,-0.002,-0.011,-0.024,1,0.341,-0.014,0.671,-38.60,6.30,98.00,41.50,-1.90,-42.20,-0.76,-11.68,-13.84,0.987,-0.019,-0.100,-0.121,,,,,,,,,,,,,,,,,,,,,,,,,,,,,,,,,,,,,,,,,,,,,,,,,,,,,,,,,,,,,,,,,,,,,,,,,,,,,,,,,,,,,,,,,,,,,,,,,,,,,,,,,,,,,,,,,,,,,,,,,,,,,,,,,,,,,,,,,,,,,,,,,,,,,,,,,,,,,,,,,,,,,,,,,,,,,,,,,,,,,,,,,,,,,,,,,,,,,,,,,,,,,,,,,,,,,,,,,,,,,,,,,,,,,,,,,,,,,,
1784901940,0,0.024,0.000,0.998,0.00,0.20,0.00,39.80,18.10,-1.40,-0.15,-1.25,-2.71,1.000,-0.002,-0.011,-0.024,1,0.356,-0.014,0.679,-39.90,5.30,106.80,41.50,-1.90,-42.20,-0.76,-11.68,-13.84,0.987,-0.019,-0.100,-0.121,,,,,,,,,,,,,,,,,,,,,,,,,,,,,,,,,,,,,,,,,,,,,,,,,,,,,,,,,,,,,,,,,,,,,,,,,,,,,,,,,,,,,,,,,,,,,,,,,,,,,,,,,,,,,,,,,,,,,,,,,,,,,,,,,,,,,,,,,,,,,,,,,,,,,,,,,,,,,,,,,,,,,,,,,,,,,,,,,,,,,,,,,,,,,,,,,,,,,,,,,,,,,,,,,,,,,,,,,,,,,,,,,,,,,,,,,,,,,,
1784901940,0,0.028,0.000,1.002,0.00,0.00,0.00,39.80,18.10,-1.40,-0.15,-1.25,-2.71,1.000,-0.002,-0.011,-0.024,1,0.375,-0.065,0.714,-41.70,4.00,115.60,41.50,-1.90,-42.20,-0.76,-11.68,-13.84,0.987,-0.019,-0.100,-0.121,,,,,,,,,,,,,,,,,,,,,,,,,,,,,,,,,,,,,,,,,,,,,,,,,,,,,,,,,,,,,,,,,,,,,,,,,,,,,,,,,,,,,,,,,,,,,,,,,,,,,,,,,,,,,,,,,,,,,,,,,,,,,,,,,,,,,,,,,,,,,,,,,,,,,,,,,,,,,,,,,,,,,,,,,,,,,,,,,,,,,,,,,,,,,,,,,,,,,,,,,,,,,,,,,,,,,,,,,,,,,,,,,,,,,,,,,,,,,,
1784901941,0,0.024,0.000,1.002,0.00,0.00,0.00,39.80,18.10,-1.40,-0.15,-1.25,-2.71,1.000,-0.002,-0.011,-0.024,1,0.363,-0.097,0.733,-43.50,1.60,123.50,41.50,-1.90,-42.20,-0.76,-11.68,-13.84,0.987,-0.019,-0.100,-0.121,,,,,,,,,,,,,,,,,,,,,,,,,,,,,,,,,,,,,,,,,,,,,,,,,,,,,,,,,,,,,,,,,,,,,,,,,,,,,,,,,,,,,,,,,,,,,,,,,,,,,,,,,,,,,,,,,,,,,,,,,,,,,,,,,,,,,,,,,,,,,,,,,,,,,,,,,,,,,,,,,,,,,,,,,,,,,,,,,,,,,,,,,,,,,,,,,,,,,,,,,,,,,,,,,,,,,,,,,,,,,,,,,,,,,,,,,,,,,,
1784901941,0,0.020,-0.004,0.994,0.00,0.00,0.10,39.50,17.80,-1.40,-0.15,-1.25,-2.71,1.000,-0.002,-0.011,-0.024,1,0.367,-0.124,0.726,-44.20,-2.70,129.70,42.00,-3.80,-44.10,-1.43,-11.64,-12.63,0.989,-0.023,-0.099,-0.111,,,,,,,,,,,,,,,,,,,,,,,,,,,,,,,,,,,,,,,,,,,,,,,,,,,,,,,,,,,,,,,,,,,,,,,,,,,,,,,,,,,,,,,,,,,,,,,,,,,,,,,,,,,,,,,,,,,,,,,,,,,,,,,,,,,,,,,,,,,,,,,,,,,,,,,,,,,,,,,,,,,,,,,,,,,,,,,,,,,,,,,,,,,,,,,,,,,,,,,,,,,,,,,,,,,,,,,,,,,,,,,,,,,,,,,,,,,,,,
1784901941,0,0.024,-0.004,0.998,0.00,0.00,0.10,39.50,17.80,-1.40,-0.15,-1.25,-2.71,1.000,-0.002,-0.011,-0.024,1,0.362,-0.179,0.792,-42.30,-9.20,133.30,42.00,-3.80,-44.10,-1.43,-11.64,-12.63,0.989,-0.023,-0.099,-0.111,,,,,,,,,,,,,,,,,,,,,,,,,,,,,,,,,,,,,,,,,,,,,,,,,,,,,,,,,,,,,,,,,,,,,,,,,,,,,,,,,,,,,,,,,,,,,,,,,,,,,,,,,,,,,,,,,,,,,,,,,,,,,,,,,,,,,,,,,,,,,,,,,,,,,,,,,,,,,,,,,,,,,,,,,,,,,,,,,,,,,,,,,,,,,,,,,,,,,,,,,,,,,,,,,,,,,,,,,,,,,,,,,,,,,,,,,,,,,,
1784901941,0,0.020,-0.004,1.002,0.00,0.10,0.10,39.50,17.80,-1.40,-0.15,-1.25,-2.71,1.000,-0.002,-0.011,-0.024,1,0.310,-0.183,0.842,-36.30,-17.60,134.30,42.00,-3.80,-44.10,-1.43,-11.64,-12.63,0.989,-0.023,-0.099,-0.111,,,,,,,,,,,,,,,,,,,,,,,,,,,,,,,,,,,,,,,,,,,,,,,,,,,,,,,,,,,,,,,,,,,,,,,,,,,,,,,,,,,,,,,,,,,,,,,,,,,,,,,,,,,,,,,,,,,,,,,,,,,,,,,,,,,,,,,,,,,,,,,,,,,,,,,,,,,,,,,,,,,,,,,,,,,,,,,,,,,,,,,,,,,,,,,,,,,,,,,,,,,,,,,,,,,,,,,,,,,,,,,,,,,,,,,,,,,,,,
1784901941,0,0.020,0.000,1.002,0.00,0.00,0.10,39.50,17.80,-1.40,-0.15,-1.25,-2.71,1.000,-0.002,-0.011,-0.024,1,0.247,-0.162,0.874,-26.20,-27.40,132.50,42.00,-3.80,-44.10,-1.43,-11.64,-12.63,0.989,-0.023,-0.099,-0.111,,,,,,,,,,,,,,,,,,,,,,,,,,,,,,,,,,,,,,,,,,,,,,,,,,,,,,,,,,,,,,,,,,,,,,,,,,,,,,,,,,,,,,,,,,,,,,,,,,,,,,,,,,,,,,,,,,,,,,,,,,,,,,,,,,,,,,,,,,,,,,,,,,,,,,,,,,,,,,,,,,,,,,,,,,,,,,,,,,,,,,,,,,,,,,,,,,,,,,,,,,,,,,,,,,,,,,,,,,,,,,,,,,,,,,,,,,,,,,
1784901941,0,0.020,0.000,0.998,0.10,0.00,0.00,39.40,18.00,-1.10,-0.15,-1.25,-2.70,1.000,-0.002,-0.011,-0.024,1,0.209,-0.133,0.862,-12.80,-38.30,127.70,42.20,-6.10,-46.70,-2.00,-11.83,-11.27,0.990,-0.027,-0.101,-0.099,,,,,,,,,,,,,,,,,,,,,,,,,,,,,,,,,,,,,,,,,,,,,,,,,,,,,,,,,,,,,,,,,,,,,,,,,,,,,,,,,,,,,,,,,,,,,,,,,,,,,,,,,,,,,,,,,,,,,,,,,,,,,,,,,,,,,,,,,,,,,,,,,,,,,,,,,,,,,,,,,,,,,,,,,,,,,,,,,,,,,,,,,,,,,,,,,,,,,,,,,,,,,,,,,,,,,,,,,,,,,,,,,,,,,,,,,,,,,,
1784901941,0,0.016,0.000,0.998,0.00,-0.10,-0.10,39.40,18.00,-1.10,-0.15,-1.25,-2.70,1.000,-0.002,-0.011,-0.024,1,0.122,-0.061,0.886,1.50,-49.90,119.60,42.20,-6.10,-46.70,-2.01,-11.84,-11.27,0.990,-0.027,-0.101,-0.099,,,,,,,,,,,,,,,,,,,,,,,,,,,,,,,,,,,,,,,,,,,,,,,,,,,,,,,,,,,,,,,,,,,,,,,,,,,,,,,,,,,,,,,,,,,,,,,,,,,,,,,,,,,,,,,,,,,,,,,,,,,,,,,,,,,,,,,,,,,,,,,,,,,,,,,,,,,,,,,,,,,,,,,,,,,,,,,,,,,,,,,,,,,,,,,,,,,,,,,,,,,,,,,,,,,,,,,,,,,,,,,,,,,,,,,,,,,,,,
1784901941,0,0.020,0.000,0.998,0.00,-0.10,-0.10,39.40,18.00,-1.10,-0.15,-1.25,-2.70,1.000,-0.002,-0.011,-0.024,1,0.099,-0.033,0.894,13.80,-61.20,108.50,42.20,-6.10,-46.70,-2.01,-11.84,-11.27,0.990,-0.027,-0.101,-0.099,,,,,,,,,,,,,,,,,,,,,,,,,,,,,,,,,,,,,,,,,,,,,,,,,,,,,,,,,,,,,,,,,,,,,,,,,,,,,,,,,,,,,,,,,,,,,,,,,,,,,,,,,,,,,,,,,,,,,,,,,,,,,,,,,,,,,,,,,,,,,,,,,,,,,,,,,,,,,,,,,,,,,,,,,,,,,,,,,,,,,,,,,,,,,,,,,,,,,,,,,,,,,,,,,,,,,,,,,,,,,,,,,,,,,,,,,,,,,,
1784901941,0,0.020,0.000,0.998,0.00,-0.10,-0.10,39.40,18.00,-1.10,-0.15,-1.25,-2.70,1.000,-0.002,-0.011,-0.024,1,0.063,0.002,0.922,21.50,-71.10,95.40,42.20,-6.10,-46.70,-2.01,-11.84,-11.27,0.990,-0.027,-0.101,-0.099,,,,,,,,,,,,,,,,,,,,,,,,,,,,,,,,,,,,,,,,,,,,,,,,,,,,,,,,,,,,,,,,,,,,,,,,,,,,,,,,,,,,,,,,,,,,,,,,,,,,,,,,,,,,,,,,,,,,,,,,,,,,,,,,,,,,,,,,,,,,,,,,,,,,,,,,,,,,,,,,,,,,,,,,,,,,,,,,,,,,,,,,,,,,,,,,,,,,,,,,,,,,,,,,,,,,,,,,,,,,,,,,,,,,,,,,,,,,,,
1784901941,0,0.024,0.000,1.002,0.00,-0.10,0.00,39.10,16.10,-1.30,-0.15,-1.25,-2.71,1.000,-0.002,-0.011,-0.024,1,0.055,0.017,0.937,23.40,-79.10,82.00,41.50,-8.90,-51.60,-2.08,-12.45,-10.21,0.990,-0.028,-0.106,-0.090,,,,,,,,,,,,,,,,,,,,,,,,,,,,,,,,,,,,,,,,,,,,,,,,,,,,,,,,,,,,,,,,,,,,,,,,,,,,,,,,,,,,,,,,,,,,,,,,,,,,,,,,,,,,,,,,,,,,,,,,,,,,,,,,,,,,,,,,,,,,,,,,,,,,,,,,,,,,,,,,,,,,,,,,,,,,,,,,,,,,,,,,,,,,,,,,,,,,,,,,,,,,,,,,,,,,,,,,,,,,,,,,,,,,,,,,,,,,,,
1784901941,0,0.024,-0.004,0.998,0.10,0.00,0.00,39.10,16.10,-1.30,-0.14,-1.25,-2.71,1.000,-0.002,-0.011,-0.024,1,0.043,0.025,0.964,20.10,-85.00,69.70,41.50,-8.90,-51.60,-2.08,-12.45,-10.21,0.990,-0.028,-0.106,-0.090,,,,,,,,,,,,,,,,,,,,,,,,,,,,,,,,,,,,,,,,,,,,,,,,,,,,,,,,,,,,,,,,,,,,,,,,,,,,,,,,,,,,,,,,,,,,,,,,,,,,,,,,,,,,,,,,,,,,,,,,,,,,,,,,,,,,,,,,,,,,,,,,,,,,,,,,,,,,,,,,,,,,,,,,,,,,,,,,,,,,,,,,,,,,,,,,,,,,,,,,,,,,,,,,,,,,,,,,,,,,,,,,,,,,,,,,,,,,,,
1784901941,0,0.020,-0.004,0.998,0.10,0.00,0.00,39.10,16.10,-1.30,-0.14,-1.25,-2.71,1.000,-0.002,-0.011,-0.024,1,0.043,0.025,0.984,13.50,-89.20,59.80,41.50,-8.90,-51.60,-2.08,-12.45,-10.21,0.990,-0.028,-0.106,-0.090,,,,,,,,,,,,,,,,,,,,,,,,,,,,,,,,,,,,,,,,,,,,,,,,,,,,,,,,,,,,,,,,,,,,,,,,,,,,,,,,,,,,,,,,,,,,,,,,,,,,,,,,,,,,,,,,,,,,,,,,,,,,,,,,,,,,,,,,,,,,,,,,,,,,,,,,,,,,,,,,,,,,,,,,,,,,,,,,,,,,,,,,,,,,,,,,,,,,,,,,,,,,,,,,,,,,,,,,,,,,,,,,,,,,,,,,,,,,,,
1784901941,0,0.024,-0.004,0.998,0.00,0.00,0.00,39.10,16.10,-1.30,-0.14,-1.25,-2.71,1.000,-0.002,-0.011,-0.024,1,0.043,0.017,1.007,6.10,-91.60,52.80,41.50,-8.90,-51.60,-2.08,-12.45,-10.21,0.990,-0.028,-0.106,-0.090,,,,,,,,,,,,,,,,,,,,,,,,,,,,,,,,,,,,,,,,,,,,,,,,,,,,,,,,,,,,,,,,,,,,,,,,,,,,,,,,,,,,,,,,,,,,,,,,,,,,,,,,,,,,,,,,,,,,,,,,,,,,,,,,,,,,,,,,,,,,,,,,,,,,,,,,,,,,,,,,,,,,,,,,,,,,,,,,,,,,,,,,,,,,,,,,,,,,,,,,,,,,,,,,,,,,,,,,,,,,,,,,,,,,,,,,,,,,,,
1784901941,0,0.020,-0.004,0.998,0.00,0.00,0.10,39.00,18.30,-1.10,-0.14,-1.25,-2.71,1.000,-0.002,-0.011,-0.024,1,0.030,-0.001,1.042,0.00,-92.10,48.70,41.20,-10.90,-53.30,-2.12,-13.32,-9.58,0.989,-0.028,-0.114,-0.085,,,,,,,,,,,,,,,,,,,,,,,,,,,,,,,,,,,,,,,,,,,,,,,,,,,,,,,,,,,,,,,,,,,,,,,,,,,,,,,,,,,,,,,,,,,,,,,,,,,,,,,,,,,,,,,,,,,,,,,,,,,,,,,,,,,,,,,,,,,,,,,,,,,,,,,,,,,,,,,,,,,,,,,,,,,,,,,,,,,,,,,,,,,,,,,,,,,,,,,,,,,,,,,,,,,,,,,,,,,,,,,,,,,,,,,,,,,,,,
1784901941,0,0.024,-0.004,1.002,0.00,0.00,0.00,39.00,18.30,-1.10,-0.14,-1.25,-2.71,1.000,-0.002,-0.011,-0.024,1,0.014,0.002,1.058,-3.70,-90.90,47.10,41.20,-10.90,-53.30,-2.12,-13.32,-9.58,0.989,-0.028,-0.114,-0.085,,,,,,,,,,,,,,,,,,,,,,,,,,,,,,,,,,,,,,,,,,,,,,,,,,,,,,,,,,,,,,,,,,,,,,,,,,,,,,,,,,,,,,,,,,,,,,,,,,,,,,,,,,,,,,,,,,,,,,,,,,,,,,,,,,,,,,,,,,,,,,,,,,,,,,,,,,,,,,,,,,,,,,,,,,,,,,,,,,,,,,,,,,,,,,,,,,,,,,,,,,,,,,,,,,,,,,,,,,,,,,,,,,,,,,,,,,,,,,
1784901941,0,0.020,0.000,0.998,0.00,-0.10,0.00,39.00,18.30,-1.10,-0.14,-1.25,-2.71,1.000,-0.002,-0.011,-0.024,1,-0.001,-0.001,1.085,-4.50,-87.80,47.20,41.20,-10.90,-53.30,-2.12,-13.32,-9.58,0.989,-0.028,-0.114,-0.085,,,,,,,,,,,,,,,,,,,,,,,,,,,,,,,,,,,,,,,,,,,,,,,,,,,,,,,,,,,,,,,,,,,,,,,,,,,,,,,,,,,,,,,,,,,,,,,,,,,,,,,,,,,,,,,,,,,,,,,,,,,,,,,,,,,,,,,,,,,,,,,,,,,,,,,,,,,,,,,,,,,,,,,,,,,,,,,,,,,,,,,,,,,,,,,,,,,,,,,,,,,,,,,,,,,,,,,,,,,,,,,,,,,,,,,,,,,,,,
1784901941,0,0.024,-0.004,0.998,-0.10,-0.20,0.00,39.00,18.30,-1.10,-0.14,-1.25,-2.71,1.000,-0.002,-0.011,-0.024,1,0.116,-0.022,1.046,-2.50,-83.20,48.30,41.20,-10.90,-53.30,-2.12,-13.32,-9.58,0.989,-0.028,-0.114,-0.085,,,,,,,,,,,,,,,,,,,,,,,,,,,,,,,,,,,,,,,,,,,,,,,,,,,,,,,,,,,,,,,,,,,,,,,,,,,,,,,,,,,,,,,,,,,,,,,,,,,,,,,,,,,,,,,,,,,,,,,,,,,,,,,,,,,,,,,,,,,,,,,,,,,,,,,,,,,,,,,,,,,,,,,,,,,,,,,,,,,,,,,,,,,,,,,,,,,,,,,,,,,,,,,,,,,,,,,,,,,,,,,,,,,,,,,,,,,,,,
1784901941,0,0.024,0.003,0.998,-0.10,-0.20,-0.10,38.70,18.20,-1.20,-0.15,-1.25,-2.71,1.000,-0.002,-0.011,-0.024,1,0.010,0.026,1.101,1.50,-77.30,50.30,40.80,-13.20,-55.20,-2.27,-14.15,-9.05,0.989,-0.029,-0.121,-0.081,,,,,,,,,,,,,,,,,,,,,,,,,,,,,,,,,,,,,,,,,,,,,,,,,,,,,,,,,,,,,,,,,,,,,,,,,,,,,,,,,,,,,,,,,,,,,,,,,,,,,,,,,,,,,,,,,,,,,,,,,,,,,,,,,,,,,,,,,,,,,,,,,,,,,,,,,,,,,,,,,,,,,,,,,,,,,,,,,,,,,,,,,,,,,,,,,,,,,,,,,,,,,,,,,,,,,,,,,,,,,,,,,,,,,,,,,,,,,,
1784901941,0,0.020,0.000,0.998,-0.10,-0.30,-0.10,38.70,18.20,-1.20,-0.15,-1.25,-2.71,1.000,-0.002,-0.011,-0.024,1,-0.079,0.047,1.105,7.30,-70.70,53.70,40.80,-13.20,-55.20,-2.27,-14.15,-9.05,0.989,-0.029,-0.121,-0.081,,,,,,,,,,,,,,,,,,,,,,,,,,,,,,,,,,,,,,,,,,,,,,,,,,,,,,,,,,,,,,,,,,,,,,,,,,,,,,,,,,,,,,,,,,,,,,,,,,,,,,,,,,,,,,,,,,,,,,,,,,,,,,,,,,,,,,,,,,,,,,,,,,,,,,,,,,,,,,,,,,,,,,,,,,,,,,,,,,,,,,,,,,,,,,,,,,,,,,,,,,,,,,,,,,,,,,,,,,,,,,,,,,,,,,,,,,,,,,
1784901941,0,0.020,-0.004,1.002,0.00,-0.10,0.00,38.70,18.20,-1.20,-0.15,-1.25,-2.71,1.000,-0.002,-0.011,-0.024,1,-0.149,0.080,1.117,13.70,-63.80,58.30,40.80,-13.20,-55.20,-2.27,-14.15,-9.05,0.989,-0.029,-0.121,-0.081,,,,,,,,,,,,,,,,,,,,,,,,,,,,,,,,,,,,,,,,,,,,,,,,,,,,,,,,,,,,,,,,,,,,,,,,,,,,,,,,,,,,,,,,,,,,,,,,,,,,,,,,,,,,,,,,,,,,,,,,,,,,,,,,,,,,,,,,,,,,,,,,,,,,,,,,,,,,,,,,,,,,,,,,,,,,,,,,,,,,,,,,,,,,,,,,,,,,,,,,,,,,,,,,,,,,,,,,,,,,,,,,,,,,,,,,,,,,,,
1784901941,0,0.020,0.000,0.998,0.00,0.00,0.10,38.70,18.20,-1.20,-0.15,-1.25,-2.71,1.000,-0.002,-0.011,-0.024,1,-0.184,0.128,1.109,19.60,-56.40,62.60,40.80,-13.20,-55.20,-2.27,-14.15,-9.05,0.989,-0.029,-0.121,-0.081,,,,,,,,,,,,,,,,,,,,,,,,,,,,,,,,,,,,,,,,,,,,,,,,,,,,,,,,,,,,,,,,,,,,,,,,,,,,,,,,,,,,,,,,,,,,,,,,,,,,,,,,,,,,,,,,,,,,,,,,,,,,,,,,,,,,,,,,,,,,,,,,,,,,,,,,,,,,,,,,,,,,,,,,,,,,,,,,,,,,,,,,,,,,,,,,,,,,,,,,,,,,,,,,,,,,,,,,,,,,,,,,,,,,,,,,,,,,,,
1784901941,0,0.020,0.000,1.002,0.00,0.10,0.10,37.50,18.70,-1.50,-0.15,-1.25,-2.71,1.000,-0.002,-0.011,-0.024,1,-0.117,0.138,1.078,23.90,-48.20,63.80,40.70,-16.80,-57.40,-2.27,-14.73,-8.41,0.989,-0.029,-0.126,-0.075,,,,,,,,,,,,,,,,,,,,,,,,,,,,,,,,,,,,,,,,,,,,,,,,,,,,,,,,,,,,,,,,,,,,,,,,,,,,,,,,,,,,,,,,,,,,,,,,,,,,,,,,,,,,,,,,,,,,,,,,,,,,,,,,,,,,,,,,,,,,,,,,,,,,,,,,,,,,,,,,,,,,,,,,,,,,,,,,,,,,,,,,,,,,,,,,,,,,,,,,,,,,,,,,,,,,,,,,,,,,,,,,,,,,,,,,,,,,,,
1784901941,0,0.024,0.000,1.002,0.00,0.10,0.00,37.50,18.70,-1.50,-0.15,-1.25,-2.71,1.000,-0.002,-0.011,-0.024,1,-0.062,0.133,1.039,25.90,-39.50,60.20,40.70,-16.80,-57.40,-2.27,-14.73,-8.41,0.989,-0.029,-0.126,-0.075,,,,,,,,,,,,,,,,,,,,,,,,,,,,,,,,,,,,,,,,,,,,,,,,,,,,,,,,,,,,,,,,,,,,,,,,,,,,,,,,,,,,,,,,,,,,,,,,,,,,,,,,,,,,,,,,,,,,,,,,,,,,,,,,,,,,,,,,,,,,,,,,,,,,,,,,,,,,,,,,,,,,,,,,,,,,,,,,,,,,,,,,,,,,,,,,,,,,,,,,,,,,,,,,,,,,,,,,,,,,,,,,,,,,,,,,,,,,,,
1784901941,0,0.020,-0.004,1.002,0.00,0.10,0.00,37.50,18.70,-1.50,-0.15,-1.25,-2.71,1.000,-0.002,-0.011,-0.024,1,0.004,0.124,0.988,25.60,-31.70,52.80,40.70,-16.80,-57.40,-2.27,-14.73,-8.41,0.989,-0.029,-0.126,-0.075,,,,,,,,,,,,,,,,,,,,,,,,,,,,,,,,,,,,,,,,,,,,,,,,,,,,,,,,,,,,,,,,,,,,,,,,,,,,,,,,,,,,,,,,,,,,,,,,,,,,,,,,,,,,,,,,,,,,,,,,,,,,,,,,,,,,,,,,,,,,,,,,,,,,,,,,,,,,,,,,,,,,,,,,,,,,,,,,,,,,,,,,,,,,,,,,,,,,,,,,,,,,,,,,,,,,,,,,,,,,,,,,,,,,,,,,,,,,,,
1784901941,0,0.020,0.000,1.002,0.00,0.00,0.00,37.50,18.70,-1.50,-0.15,-1.25,-2.71,1.000,-0.002,-0.011,-0.024,1,0.111,0.103,0.914,23.00,-26.20,43.30,40.70,-16.80,-57.40,-2.27,-14.73,-8.41,0.989,-0.029,-0.126,-0.075,,,,,,,,,,,,,,,,,,,,,,,,,,,,,,,,,,,,,,,,,,,,,,,,,,,,,,,,,,,,,,,,,,,,,,,,,,,,,,,,,,,,,,,,,,,,,,,,,,,,,,,,,,,,,,,,,,,,,,,,,,,,,,,,,,,,,,,,,,,,,,,,,,,,,,,,,,,,,,,,,,,,,,,,,,,,,,,,,,,,,,,,,,,,,,,,,,,,,,,,,,,,,,,,,,,,,,,,,,,,,,,,,,,,,,,,,,,,,,
1784901941,0,0.024,0.000,1.002,0.00,0.00,0.00,36.20,18.30,-1.20,-0.15,-1.25,-2.71,1.000,-0.002,-0.011,-0.024,1,0.146,0.094,0.890,19.10,-23.40,33.20,40.20,-19.60,-57.60,-2.16,-15.01,-7.91,0.989,-0.028,-0.129,-0.071,,,,,,,,,,,,,,,,,,,,,,,,,,,,,,,,,,,,,,,,,,,,,,,,,,,,,,,,,,,,,,,,,,,,,,,,,,,,,,,,,,,,,,,,,,,,,,,,,,,,,,,,,,,,,,,,,,,,,,,,,,,,,,,,,,,,,,,,,,,,,,,,,,,,,,,,,,,,,,,,,,,,,,,,,,,,,,,,,,,,,,,,,,,,,,,,,,,,,,,,,,,,,,,,,,,,,,,,,,,,,,,,,,,,,,,,,,,,,,
1784901941,0,0.020,0.000,0.998,0.00,-0.10,0.00,36.20,18.30,-1.20,-0.15,-1.25,-2.71,1.000,-0.002,-0.011,-0.024,1,0.174,0.078,0.878,14.50,-22.40,24.20,40.20,-19.60,-57.60,-2.15,-15.00,-7.91,0.989,-0.028,-0.129,-0.071,,,,,,,,,,,,,,,,,,,,,,,,,,,,,,,,,,,,,,,,,,,,,,,,,,,,,,,,,,,,,,,,,,,,,,,,,,,,,,,,,,,,,,,,,,,,,,,,,,,,,,,,,,,,,,,,,,,,,,,,,,,,,,,,,,,,,,,,,,,,,,,,,,,,,,,,,,,,,,,,,,,,,,,,,,,,,,,,,,,,,,,,,,,,,,,,,,,,,,,,,,,,,,,,,,,,,,,,,,,,,,,,,,,,,,,,,,,,,,
1784901941,0,0.020,0.000,1.002,-0.10,-0.10,0.00,36.20,18.30,-1.20,-0.15,-1.25,-2.71,1.000,-0.002,-0.011,-0.024,1,0.201,0.070,0.866,10.00,-21.80,16.90,40.20,-19.60,-57.60,-2.15,-15.00,-7.91,0.989,-0.028,-0.129,-0.071,,,,,,,,,,,,,,,,,,,,,,,,,,,,,,,,,,,,,,,,,,,,,,,,,,,,,,,,,,,,,,,,,,,,,,,,,,,,,,,,,,,,,,,,,,,,,,,,,,,,,,,,,,,,,,,,,,,,,,,,,,,,,,,,,,,,,,,,,,,,,,,,,,,,,,,,,,,,,,,,,,,,,,,,,,,,,,,,,,,,,,,,,,,,,,,,,,,,,,,,,,,,,,,,,,,,,,,,,,,,,,,,,,,,,,,,,,,,,,
1784901941,0,0.024,-0.004,0.998,0.00,-0.20,0.00,36.20,18.30,-1.20,-0.15,-1.25,-2.71,1.000,-0.002,-0.011,-0.024,1,0.268,0.045,0.839,6.50,-20.80,12.30,40.20,-19.60,-57.60,-2.15,-15.00,-7.91,0.989,-0.028,-0.129,-0.071,,,,,,,,,,,,,,,,,,,,,,,,,,,,,,,,,,,,,,,,,,,,,,,,,,,,,,,,,,,,,,,,,,,,,,,,,,,,,,,,,,,,,,,,,,,,,,,,,,,,,,,,,,,,,,,,,,,,,,,,,,,,,,,,,,,,,,,,,,,,,,,,,,,,,,,,,,,,,,,,,,,,,,,,,,,,,,,,,,,,,,,,,,,,,,,,,,,,,,,,,,,,,,,,,,,,,,,,,,,,,,,,,,,,,,,,,,,,,,
1784901941,0,0.024,-0.004,0.998,0.00,-0.30,0.00,41.50,14.60,-1.20,-0.15,-1.25,-2.71,1.000,-0.002,-0.011,-0.024,1,0.311,0.036,0.827,4.30,-19.50,10.30,39.20,-22.50,-58.00,-2.11,-15.21,-7.74,0.989,-0.027,-0.131,-0.069,,,,,,,,,,,,,,,,,,,,,,,,,,,,,,,,,,,,,,,,,,,,,,,,,,,,,,,,,,,,,,,,,,,,,,,,,,,,,,,,,,,,,,,,,,,,,,,,,,,,,,,,,,,,,,,,,,,,,,,,,,,,,,,,,,,,,,,,,,,,,,,,,,,,,,,,,,,,,,,,,,,,,,,,,,,,,,,,,,,,,,,,,,,,,,,,,,,,,,,,,,,,,,,,,,,,,,,,,,,,,,,,,,,,,,,,,,,,,,
1784901941,0,0.016,0.003,0.995,0.00,-0.30,0.00,41.50,14.60,-1.20,-0.15,-1.25,-2.71,1.000,-0.002,-0.011,-0.024,1,0.343,0.024,0.807,3.80,-17.80,10.60,39.20,-22.50,-58.00,-2.11,-15.21,-7.74,0.989,-0.027,-0.131,-0.069,,,,,,,,,,,,,,,,,,,,,,,,,,,,,,,,,,,,,,,,,,,,,,,,,,,,,,,,,,,,,,,,,,,,,,,,,,,,,,,,,,,,,,,,,,,,,,,,,,,,,,,,,,,,,,,,,,,,,,,,,,,,,,,,,,,,,,,,,,,,,,,,,,,,,,,,,,,,,,,,,,,,,,,,,,,,,,,,,,,,,,,,,,,,,,,,,,,,,,,,,,,,,,,,,,,,,,,,,,,,,,,,,,,,,,,,,,,,,,
1784901941,0,0.024,-0.004,0.998,0.00,-0.30,0.00,41.50,14.60,-1.20,-0.15,-1.25,-2.71,1.000,-0.002,-0.011,-0.024,1,0.320,0.040,0.769,5.00,-16.60,12.70,39.20,-22.50,-58.00,-2.11,-15.21,-7.74,0.989,-0.027,-0.131,-0.069,,,,,,,,,,,,,,,,,,,,,,,,,,,,,,,,,,,,,,,,,,,,,,,,,,,,,,,,,,,,,,,,,,,,,,,,,,,,,,,,,,,,,,,,,,,,,,,,,,,,,,,,,,,,,,,,,,,,,,,,,,,,,,,,,,,,,,,,,,,,,,,,,,,,,,,,,,,,,,,,,,,,,,,,,,,,,,,,,,,,,,,,,,,,,,,,,,,,,,,,,,,,,,,,,,,,,,,,,,,,,,,,,,,,,,,,,,,,,,
1784901941,0,0.020,-0.004,0.998,0.00,-0.20,0.00,41.50,14.60,-1.20,-0.15,-1.25,-2.71,1.000,-0.002,-0.011,-0.024,1,0.185,0.150,0.680,7.50,-16.10,15.70,39.20,-22.50,-58.00,-2.11,-15.21,-7.74,0.989,-0.027,-0.131,-0.069,,,,,,,,,,,,,,,,,,,,,,,,,,,,,,,,,,,,,,,,,,,,,,,,,,,,,,,,,,,,,,,,,,,,,,,,,,,,,,,,,,,,,,,,,,,,,,,,,,,,,,,,,,,,,,,,,,,,,,,,,,,,,,,,,,,,,,,,,,,,,,,,,,,,,,,,,,,,,,,,,,,,,,,,,,,,,,,,,,,,,,,,,,,,,,,,,,,,,,,,,,,,,,,,,,,,,,,,,,,,,,,,,,,,,,,,,,,,,,
1784901941,0,0.024,-0.004,1.002,0.00,0.00,0.00,36.60,19.50,-1.20,-0.15,-1.25,-2.71,1.000,-0.002,-0.011,-0.024,1,0.297,0.108,0.769,10.20,-16.30,19.20,42.20,-25.20,-57.90,-2.09,-15.37,-7.58,0.989,-0.027,-0.132,-0.068,,,,,,,,,,,,,,,,,,,,,,,,,,,,,,,,,,,,,,,,,,,,,,,,,,,,,,,,,,,,,,,,,,,,,,,,,,,,,,,,,,,,,,,,,,,,,,,,,,,,,,,,,,,,,,,,,,,,,,,,,,,,,,,,,,,,,,,,,,,,,,,,,,,,,,,,,,,,,,,,,,,,,,,,,,,,,,,,,,,,,,,,,,,,,,,,,,,,,,,,,,,,,,,,,,,,,,,,,,,,,,,,,,,,,,,,,,,,,,
1784901941,0,0.020,0.000,0.998,0.00,0.00,0.00,36.60,19.50,-1.20,-0.15,-1.25,-2.71,1.000,-0.002,-0.011,-0.024,1,0.337,0.107,0.710,11.50,-15.80,22.90,42.20,-25.20,-57.90,-2.09,-15.37,-7.58,0.989,-0.027,-0.132,-0.068,,,,,,,,,,,,,,,,,,,,,,,,,,,,,,,,,,,,,,,,,,,,,,,,,,,,,,,,,,,,,,,,,,,,,,,,,,,,,,,,,,,,,,,,,,,,,,,,,,,,,,,,,,,,,,,,,,,,,,,,,,,,,,,,,,,,,,,,,,,,,,,,,,,,,,,,,,,,,,,,,,,,,,,,,,,,,,,,,,,,,,,,,,,,,,,,,,,,,,,,,,,,,,,,,,,,,,,,,,,,,,,,,,,,,,,,,,,,,,
1784901941,0,0.020,-0.004,0.998,0.00,0.00,0.10,36.60,19.50,-1.20,-0.15,-1.25,-2.71,1.000,-0.002,-0.011,-0.024,1,0.355,0.028,0.761,10.10,-14.40,27.00,42.20,-25.20,-57.90,-2.09,-15.37,-7.58,0.989,-0.027,-0.132,-0.068,,,,,,,,,,,,,,,,,,,,,,,,,,,,,,,,,,,,,,,,,,,,,,,,,,,,,,,,,,,,,,,,,,,,,,,,,,,,,,,,,,,,,,,,,,,,,,,,,,,,,,,,,,,,,,,,,,,,,,,,,,,,,,,,,,,,,,,,,,,,,,,,,,,,,,,,,,,,,,,,,,,,,,,,,,,,,,,,,,,,,,,,,,,,,,,,,,,,,,,,,,,,,,,,,,,,,,,,,,,,,,,,,,,,,,,,,,,,,,
1784901941,0,0.024,0.000,1.002,-0.10,-0.10,0.10,36.60,19.50,-1.20,-0.15,-1.25,-2.71,1.000,-0.002,-0.011,-0.024,1,0.356,0.056,0.749,5.90,-12.80,31.30,42.20,-25.20,-57.90,-2.09,-15.37,-7.58,0.989,-0.027,-0.132,-0.068,,,,,,,,,,,,,,,,,,,,,,,,,,,,,,,,,,,,,,,,,,,,,,,,,,,,,,,,,,,,,,,,,,,,,,,,,,,,,,,,,,,,,,,,,,,,,,,,,,,,,,,,,,,,,,,,,,,,,,,,,,,,,,,,,,,,,,,,,,,,,,,,,,,,,,,,,,,,,,,,,,,,,,,,,,,,,,,,,,,,,,,,,,,,,,,,,,,,,,,,,,,,,,,,,,,,,,,,,,,,,,,,,,,,,,,,,,,,,,
1784901941,0,0.020,-0.004,1.002,-0.10,-0.10,0.00,36.50,19.40,-1.70,-0.15,-1.26,-2.70,1.000,-0.002,-0.011,-0.024,1,0.348,0.056,0.757,0.80,-12.90,34.90,42.90,-28.90,-57.20,-2.10,-15.50,-7.27,0.989,-0.027,-0.133,-0.065,,,,,,,,,,,,,,,,,,,,,,,,,,,,,,,,,,,,,,,,,,,,,,,,,,,,,,,,,,,,,,,,,,,,,,,,,,,,,,,,,,,,,,,,,,,,,,,,,,,,,,,,,,,,,,,,,,,,,,,,,,,,,,,,,,,,,,,,,,,,,,,,,,,,,,,,,,,,,,,,,,,,,,,,,,,,,,,,,,,,,,,,,,,,,,,,,,,,,,,,,,,,,,,,,,,,,,,,,,,,,,,,,,,,,,,,,,,,,,
1784901941,0,0.020,-0.004,0.994,-0.10,-0.30,-0.10,36.50,19.40,-1.70,-0.15,-1.25,-2.70,1.000,-0.002,-0.011,-0.024,1,0.323,0.056,0.796,-4.10,-14.90,37.10,42.90,-28.90,-57.20,-2.10,-15.50,-7.27,0.989,-0.027,-0.133,-0.065,,,,,,,,,,,,,,,,,,,,,,,,,,,,,,,,,,,,,,,,,,,,,,,,,,,,,,,,,,,,,,,,,,,,,,,,,,,,,,,,,,,,,,,,,,,,,,,,,,,,,,,,,,,,,,,,,,,,,,,,,,,,,,,,,,,,,,,,,,,,,,,,,,,,,,,,,,,,,,,,,,,,,,,,,,,,,,,,,,,,,,,,,,,,,,,,,,,,,,,,,,,,,,,,,,,,,,,,,,,,,,,,,,,,,,,,,,,,,,
1784901941,0,0.024,0.000,1.002,0.00,-0.30,-0.10,36.50,19.40,-1.70,-0.15,-1.25,-2.70,1.000,-0.002,-0.011,-0.024,1,0.296,0.064,0.804,-9.00,-18.00,37.90,42.90,-28.90,-57.20,-2.10,-15.50,-7.27,0.989,-0.027,-0.133,-0.065,,,,,,,,,,,,,,,,,,,,,,,,,,,,,,,,,,,,,,,,,,,,,,,,,,,,,,,,,,,,,,,,,,,,,,,,,,,,,,,,,,,,,,,,,,,,,,,,,,,,,,,,,,,,,,,,,,,,,,,,,,,,,,,,,,,,,,,,,,,,,,,,,,,,,,,,,,,,,,,,,,,,,,,,,,,,,,,,,,,,,,,,,,,,,,,,,,,,,,,,,,,,,,,,,,,,,,,,,,,,,,,,,,,,,,,,,,,,,,
1784901941,0,0.024,-0.008,1.002,0.00,-0.30,0.00,36.50,19.40,-1.70,-0.15,-1.25,-2.70,1.000,-0.002,-0.011,-0.024,1,0.280,0.065,0.819,-14.60,-21.30,37.90,42.90,-28.90,-57.20,-2.10,-15.50,-7.27,0.989,-0.027,-0.133,-0.065,,,,,,,,,,,,,,,,,,,,,,,,,,,,,,,,,,,,,,,,,,,,,,,,,,,,,,,,,,,,,,,,,,,,,,,,,,,,,,,,,,,,,,,,,,,,,,,,,,,,,,,,,,,,,,,,,,,,,,,,,,,,,,,,,,,,,,,,,,,,,,,,,,,,,,,,,,,,,,,,,,,,,,,,,,,,,,,,,,,,,,,,,,,,,,,,,,,,,,,,,,,,,,,,,,,,,,,,,,,,,,,,,,,,,,,,,,,,,,
1784901941,0,0.016,0.000,1.002,0.00,-0.10,0.10,37.30,19.50,-1.80,-0.15,-1.26,-2.70,1.000,-0.002,-0.011,-0.024,1,0.272,0.065,0.827,-21.50,-24.60,37.30,43.40,-32.30,-55.70,-2.33,-15.68,-6.88,0.988,-0.028,-0.135,-0.062,,,,,,,,,,,,,,,,,,,,,,,,,,,,,,,,,,,,,,,,,,,,,,,,,,,,,,,,,,,,,,,,,,,,,,,,,,,,,,,,,,,,,,,,,,,,,,,,,,,,,,,,,,,,,,,,,,,,,,,,,,,,,,,,,,,,,,,,,,,,,,,,,,,,,,,,,,,,,,,,,,,,,,,,,,,,,,,,,,,,,,,,,,,,,,,,,,,,,,,,,,,,,,,,,,,,,,,,,,,,,,,,,,,,,,,,,,,,,,
1784901941,0,0.024,0.000,1.002,0.00,0.00,0.10,37.30,19.50,-1.80,-0.15,-1.26,-2.70,1.000,-0.002,-0.011,-0.024,1,0.288,0.088,0.843,-29.40,-27.50,36.50,43.40,-32.30,-55.70,-2.33,-15.68,-6.88,0.988,-0.028,-0.135,-0.062,,,,,,,,,,,,,,,,,,,,,,,,,,,,,,,,,,,,,,,,,,,,,,,,,,,,,,,,,,,,,,,,,,,,,,,,,,,,,,,,,,,,,,,,,,,,,,,,,,,,,,,,,,,,,,,,,,,,,,,,,,,,,,,,,,,,,,,,,,,,,,,,,,,,,,,,,,,,,,,,,,,,,,,,,,,,,,,,,,,,,,,,,,,,,,,,,,,,,,,,,,,,,,,,,,,,,,,,,,,,,,,,,,,,,,,,,,,,,,
1784901941,0,0.024,0.000,0.998,0.00,0.00,0.00,37.30,19.50,-1.80,-0.15,-1.26,-2.70,1.000,-0.002,-0.011,-0.024,1,0.314,-0.017,0.644,-38.00,-29.70,35.90,43.40,-32.30,-55.70,-2.33,-15.68,-6.88,0.988,-0.028,-0.135,-0.062,,,,,,,,,,,,,,,,,,,,,,,,,,,,,,,,,,,,,,,,,,,,,,,,,,,,,,,,,,,,,,,,,,,,,,,,,,,,,,,,,,,,,,,,,,,,,,,,,,,,,,,,,,,,,,,,,,,,,,,,,,,,,,,,,,,,,,,,,,,,,,,,,,,,,,,,,,,,,,,,,,,,,,,,,,,,,,,,,,,,,,,,,,,,,,,,,,,,,,,,,,,,,,,,,,,,,,,,,,,,,,,,,,,,,,,,,,,,,,
1784901941,0,0.016,-0.004,0.998,0.00,0.00,0.00,37.30,19.50,-1.80,-0.15,-1.26,-2.70,1.000,-0.002,-0.011,-0.024,1,0.253,-0.020,0.781,-46.10,-30.40,36.50,43.40,-32.30,-55.70,-2.33,-15.68,-6.88,0.988,-0.028,-0.135,-0.062,,,,,,,,,,,,,,,,,,,,,,,,,,,,,,,,,,,,,,,,,,,,,,,,,,,,,,,,,,,,,,,,,,,,,,,,,,,,,,,,,,,,,,,,,,,,,,,,,,,,,,,,,,,,,,,,,,,,,,,,,,,,,,,,,,,,,,,,,,,,,,,,,,,,,,,,,,,,,,,,,,,,,,,,,,,,,,,,,,,,,,,,,,,,,,,,,,,,,,,,,,,,,,,,,,,,,,,,,,,,,,,,,,,,,,,,,,,,,,
1784901941,0,0.020,0.000,1.002,0.00,0.00,0.00,38.00,19.50,-1.40,-0.15,-1.26,-2.70,1.000,-0.002,-0.011,-0.024,1,0.311,-0.084,0.796,-50.90,-27.00,38.40,43.20,-35.80,-53.60,-2.85,-15.95,-6.48,0.988,-0.032,-0.137,-0.059,,,,,,,,,,,,,,,,,,,,,,,,,,,,,,,,,,,,,,,,,,,,,,,,,,,,,,,,,,,,,,,,,,,,,,,,,,,,,,,,,,,,,,,,,,,,,,,,,,,,,,,,,,,,,,,,,,,,,,,,,,,,,,,,,,,,,,,,,,,,,,,,,,,,,,,,,,,,,,,,,,,,,,,,,,,,,,,,,,,,,,,,,,,,,,,,,,,,,,,,,,,,,,,,,,,,,,,,,,,,,,,,,,,,,,,,,,,,,,
1784901941,0,0.020,-0.004,0.994,0.00,0.00,-0.10,38.00,19.50,-1.40,-0.15,-1.26,-2.70,1.000,-0.002,-0.011,-0.024,1,0.252,-0.028,0.866,-51.80,-17.20,40.80,43.20,-35.80,-53.60,-2.85,-15.95,-6.48,0.988,-0.032,-0.137,-0.059,,,,,,,,,,,,,,,,,,,,,,,,,,,,,,,,,,,,,,,,,,,,,,,,,,,,,,,,,,,,,,,,,,,,,,,,,,,,,,,,,,,,,,,,,,,,,,,,,,,,,,,,,,,,,,,,,,,,,,,,,,,,,,,,,,,,,,,,,,,,,,,,,,,,,,,,,,,,,,,,,,,,,,,,,,,,,,,,,,,,,,,,,,,,,,,,,,,,,,,,,,,,,,,,,,,,,,,,,,,,,,,,,,,,,,,,,,,,,,
1784901941,0,0.024,0.000,1.002,0.00,0.00,-0.10,38.00,19.50,-1.40,-0.15,-1.26,-2.70,1.000,-0.002,-0.011,-0.024,1,0.255,-0.044,0.932,-50.90,-0.10,42.70,43.20,-35.80,-53.60,-2.85,-15.95,-6.48,0.988,-0.032,-0.137,-0.059,,,,,,,,,,,,,,,,,,,,,,,,,,,,,,,,,,,,,,,,,,,,,,,,,,,,,,,,,,,,,,,,,,,,,,,,,,,,,,,,,,,,,,,,,,,,,,,,,,,,,,,,,,,,,,,,,,,,,,,,,,,,,,,,,,,,,,,,,,,,,,,,,,,,,,,,,,,,,,,,,,,,,,,,,,,,,,,,,,,,,,,,,,,,,,,,,,,,,,,,,,,,,,,,,,,,,,,,,,,,,,,,,,,,,,,,,,,,,,
1784901941,0,0.024,0.000,1.002,0.00,0.00,-0.10,38.00,19.50,-1.40,-0.15,-1.26,-2.70,1.000,-0.002,-0.011,-0.024,1,0.278,-0.029,0.913,-53.10,20.40,44.10,43.20,-35.80,-53.60,-2.85,-15.95,-6.48,0.988,-0.032,-0.137,-0.059,,,,,,,,,,,,,,,,,,,,,,,,,,,,,,,,,,,,,,,,,,,,,,,,,,,,,,,,,,,,,,,,,,,,,,,,,,,,,,,,,,,,,,,,,,,,,,,,,,,,,,,,,,,,,,,,,,,,,,,,,,,,,,,,,,,,,,,,,,,,,,,,,,,,,,,,,,,,,,,,,,,,,,,,,,,,,,,,,,,,,,,,,,,,,,,,,,,,,,,,,,,,,,,,,,,,,,,,,,,,,,,,,,,,,,,,,,,,,,
1784901941,0,0.012,-0.008,1.002,0.10,0.00,-0.10,40.40,16.70,-1.90,-0.15,-1.26,-2.71,1.000,-0.002,-0.011,-0.024,1,-1.290,0.201,-0.022,-57.80,43.30,45.40,43.20,-40.30,-50.50,-3.50,-15.81,-6.04,0.988,-0.037,-0.136,-0.056,,,,,,,,,,,,,,,,,,,,,,,,,,,,,,,,,,,,,,,,,,,,,,,,,,,,,,,,,,,,,,,,,,,,,,,,,,,,,,,,,,,,,,,,,,,,,,,,,,,,,,,,,,,,,,,,,,,,,,,,,,,,,,,,,,,,,,,,,,,,,,,,,,,,,,,,,,,,,,,,,,,,,,,,,,,,,,,,,,,,,,,,,,,,,,,,,,,,,,,,,,,,,,,,,,,,,,,,,,,,,,,,,,,,,,,,,,,,,,
1784901941,0,0.016,0.000,1.006,0.10,-0.10,-0.10,40.40,16.70,-1.90,-0.15,-1.26,-2.71,1.000,-0.002,-0.011,-0.024,1,0.228,-0.341,1.511,-34.30,95.50,46.90,43.20,-40.30,-50.50,-3.50,-15.81,-6.04,0.988,-0.037,-0.136,-0.056,,,,,,,,,,,,,,,,,,,,,,,,,,,,,,,,,,,,,,,,,,,,,,,,,,,,,,,,,,,,,,,,,,,,,,,,,,,,,,,,,,,,,,,,,,,,,,,,,,,,,,,,,,,,,,,,,,,,,,,,,,,,,,,,,,,,,,,,,,,,,,,,,,,,,,,,,,,,,,,,,,,,,,,,,,,,,,,,,,,,,,,,,,,,,,,,,,,,,,,,,,,,,,,,,,,,,,,,,,,,,,,,,,,,,,,,,,,,,,
1784901941,0,0.016,-0.004,1.010,0.10,-0.10,-0.10,40.40,16.70,-1.90,-0.15,-1.26,-2.71,1.000,-0.002,-0.011,-0.024,1,-0.170,-0.053,1.133,17.00,177.90,48.80,43.20,-40.30,-50.50,-3.50,-15.81,-6.04,0.988,-0.037,-0.136,-0.056,,,,,,,,,,,,,,,,,,,,,,,,,,,,,,,,,,,,,,,,,,,,,,,,,,,,,,,,,,,,,,,,,,,,,,,,,,,,,,,,,,,,,,,,,,,,,,,,,,,,,,,,,,,,,,,,,,,,,,,,,,,,,,,,,,,,,,,,,,,,,,,,,,,,,,,,,,,,,,,,,,,,,,,,,,,,,,,,,,,,,,,,,,,,,,,,,,,,,,,,,,,,,,,,,,,,,,,,,,,,,,,,,,,,,,,,,,,,,,
1784901941,0,0.016,0.003,1.002,0.00,0.00,0.00,40.40,16.70,-1.90,-0.15,-1.26,-2.71,1.000,-0.002,-0.011,-0.024,1,-0.143,0.010,0.938,81.10,283.00,52.30,43.20,-40.30,-50.50,-3.50,-15.81,-6.04,0.988,-0.037,-0.136,-0.056,,,,,,,,,,,,,,,,,,,,,,,,,,,,,,,,,,,,,,,,,,,,,,,,,,,,,,,,,,,,,,,,,,,,,,,,,,,,,,,,,,,,,,,,,,,,,,,,,,,,,,,,,,,,,,,,,,,,,,,,,,,,,,,,,,,,,,,,,,,,,,,,,,,,,,,,,,,,,,,,,,,,,,,,,,,,,,,,,,,,,,,,,,,,,,,,,,,,,,,,,,,,,,,,,,,,,,,,,,,,,,,,,,,,,,,,,,,,,,
1784901941,0,0.016,-0.008,1.002,0.00,0.00,0.10,39.50,16.90,-2.00,-0.15,-1.26,-2.71,1.000,-0.002,-0.011,-0.024,1,-0.317,-0.009,0.869,115.20,371.30,58.00,43.50,-45.70,-43.30,-3.15,-13.47,-5.64,0.991,-0.033,-0.116,-0.052,,,,,,,,,,,,,,,,,,,,,,,,,,,,,,,,,,,,,,,,,,,,,,,,,,,,,,,,,,,,,,,,,,,,,,,,,,,,,,,,,,,,,,,,,,,,,,,,,,,,,,,,,,,,,,,,,,,,,,,,,,,,,,,,,,,,,,,,,,,,,,,,,,,,,,,,,,,,,,,,,,,,,,,,,,,,,,,,,,,,,,,,,,,,,,,,,,,,,,,,,,,,,,,,,,,,,,,,,,,,,,,,,,,,,,,,,,,,,,
1784901941,0,0.012,0.000,1.006,0.00,0.00,0.00,39.50,16.90,-2.00,-0.15,-1.26,-2.71,1.000,-0.002,-0.011,-0.024,1,-0.324,0.010,0.807,113.90,434.10,65.20,43.50,-45.70,-43.30,-3.15,-13.47,-5.64,0.991,-0.033,-0.116,-0.052,,,,,,,,,,,,,,,,,,,,,,,,,,,,,,,,,,,,,,,,,,,,,,,,,,,,,,,,,,,,,,,,,,,,,,,,,,,,,,,,,,,,,,,,,,,,,,,,,,,,,,,,,,,,,,,,,,,,,,,,,,,,,,,,,,,,,,,,,,,,,,,,,,,,,,,,,,,,,,,,,,,,,,,,,,,,,,,,,,,,,,,,,,,,,,,,,,,,,,,,,,,,,,,,,,,,,,,,,,,,,,,,,,,,,,,,,,,,,,
1784901941,0,0.020,0.003,0.998,0.00,-0.10,0.00,39.50,16.90,-2.00,-0.15,-1.26,-2.71,1.000,-0.002,-0.011,-0.024,1,-0.344,0.049,0.830,90.20,472.50,71.40,43.50,-45.70,-43.30,-3.15,-13.47,-5.64,0.991,-0.033,-0.116,-0.052,,,,,,,,,,,,,,,,,,,,,,,,,,,,,,,,,,,,,,,,,,,,,,,,,,,,,,,,,,,,,,,,,,,,,,,,,,,,,,,,,,,,,,,,,,,,,,,,,,,,,,,,,,,,,,,,,,,,,,,,,,,,,,,,,,,,,,,,,,,,,,,,,,,,,,,,,,,,,,,,,,,,,,,,,,,,,,,,,,,,,,,,,,,,,,,,,,,,,,,,,,,,,,,,,,,,,,,,,,,,,,,,,,,,,,,,,,,,,,
1784901941,0,0.020,0.000,1.002,0.00,-0.10,-0.10,39.50,16.90,-2.00,-0.15,-1.26,-2.71,1.000,-0.002,-0.011,-0.024,1,-0.324,0.049,0.784,60.20,494.60,73.80,43.50,-45.70,-43.30,-3.15,-13.47,-5.64,0.991,-0.033,-0.116,-0.052,,,,,,,,,,,,,,,,,,,,,,,,,,,,,,,,,,,,,,,,,,,,,,,,,,,,,,,,,,,,,,,,,,,,,,,,,,,,,,,,,,,,,,,,,,,,,,,,,,,,,,,,,,,,,,,,,,,,,,,,,,,,,,,,,,,,,,,,,,,,,,,,,,,,,,,,,,,,,,,,,,,,,,,,,,,,,,,,,,,,,,,,,,,,,,,,,,,,,,,,,,,,,,,,,,,,,,,,,,,,,,,,,,,,,,,,,,,,,,
1784901941,0,0.024,0.000,1.006,0.00,-0.10,-0.10,40.10,17.10,-1.60,-0.15,-1.26,-2.71,1.000,-0.002,-0.011,-0.024,1,-0.312,0.021,0.807,35.40,508.20,70.30,45.10,-51.10,-32.20,-2.50,-8.67,-5.17,0.996,-0.025,-0.074,-0.047,,,,,,,,,,,,,,,,,,,,,,,,,,,,,,,,,,,,,,,,,,,,,,,,,,,,,,,,,,,,,,,,,,,,,,,,,,,,,,,,,,,,,,,,,,,,,,,,,,,,,,,,,,,,,,,,,,,,,,,,,,,,,,,,,,,,,,,,,,,,,,,,,,,,,,,,,,,,,,,,,,,,,,,,,,,,,,,,,,,,,,,,,,,,,,,,,,,,,,,,,,,,,,,,,,,,,,,,,,,,,,,,,,,,,,,,,,,,,,
1784901941,0,0.020,0.000,1.002,0.00,0.00,0.00,40.10,17.10,-1.60,-0.15,-1.26,-2.71,1.000,-0.002,-0.011,-0.024,1,-0.324,0.010,0.807,20.10,518.80,60.70,45.10,-51.10,-32.20,-2.50,-8.67,-5.17,0.996,-0.025,-0.074,-0.047,,,,,,,,,,,,,,,,,,,,,,,,,,,,,,,,,,,,,,,,,,,,,,,,,,,,,,,,,,,,,,,,,,,,,,,,,,,,,,,,,,,,,,,,,,,,,,,,,,,,,,,,,,,,,,,,,,,,,,,,,,,,,,,,,,,,,,,,,,,,,,,,,,,,,,,,,,,,,,,,,,,,,,,,,,,,,,,,,,,,,,,,,,,,,,,,,,,,,,,,,,,,,,,,,,,,,,,,,,,,,,,,,,,,,,,,,,,,,,
1784901941,0,0.024,0.000,1.002,0.00,0.00,0.00,40.10,17.10,-1.60,-0.15,-1.26,-2.71,1.000,-0.002,-0.011,-0.024,1,-0.312,-0.221,0.753,12.70,529.60,45.90,45.10,-51.10,-32.20,-2.50,-8.67,-5.17,0.996,-0.025,-0.074,-0.047,,,,,,,,,,,,,,,,,,,,,,,,,,,,,,,,,,,,,,,,,,,,,,,,,,,,,,,,,,,,,,,,,,,,,,,,,,,,,,,,,,,,,,,,,,,,,,,,,,,,,,,,,,,,,,,,,,,,,,,,,,,,,,,,,,,,,,,,,,,,,,,,,,,,,,,,,,,,,,,,,,,,,,,,,,,,,,,,,,,,,,,,,,,,,,,,,,,,,,,,,,,,,,,,,,,,,,,,,,,,,,,,,,,,,,,,,,,,,,
1784901941,0,0.020,0.003,1.002,0.00,0.10,0.10,40.10,17.10,-1.60,-0.15,-1.26,-2.71,1.000,-0.002,-0.011,-0.024,1,-0.351,-0.154,0.959,16.80,543.70,27.60,45.10,-51.10,-32.20,-2.50,-8.67,-5.17,0.996,-0.025,-0.074,-0.047,,,,,,,,,,,,,,,,,,,,,,,,,,,,,,,,,,,,,,,,,,,,,,,,,,,,,,,,,,,,,,,,,,,,,,,,,,,,,,,,,,,,,,,,,,,,,,,,,,,,,,,,,,,,,,,,,,,,,,,,,,,,,,,,,,,,,,,,,,,,,,,,,,,,,,,,,,,,,,,,,,,,,,,,,,,,,,,,,,,,,,,,,,,,,,,,,,,,,,,,,,,,,,,,,,,,,,,,,,,,,,,,,,,,,,,,,,,,,,
1784901941,0,0.016,0.007,0.998,0.00,0.00,0.00,40.50,17.00,-2.00,-0.15,-1.26,-2.71,1.000,-0.002,-0.011,-0.024,1,-1.075,-2.541,2.296,31.90,561.20,7.30,47.90,-55.10,-18.70,-2.30,-3.27,-5.04,0.998,-0.021,-0.028,-0.045,,,,,,,,,,,,,,,,,,,,,,,,,,,,,,,,,,,,,,,,,,,,,,,,,,,,,,,,,,,,,,,,,,,,,,,,,,,,,,,,,,,,,,,,,,,,,,,,,,,,,,,,,,,,,,,,,,,,,,,,,,,,,,,,,,,,,,,,,,,,,,,,,,,,,,,,,,,,,,,,,,,,,,,,,,,,,,,,,,,,,,,,,,,,,,,,,,,,,,,,,,,,,,,,,,,,,,,,,,,,,,,,,,,,,,,,,,,,,,
1784901941,0,0.008,0.000,1.006,0.00,0.00,0.00,40.50,17.00,-2.00,-0.15,-1.26,-2.71,1.000,-0.002,-0.011,-0.024,1,-1.787,0.741,3.932,88.40,572.80,-15.80,47.90,-55.10,-18.70,-2.30,-3.27,-5.04,0.998,-0.021,-0.028,-0.045,,,,,,,,,,,,,,,,,,,,,,,,,,,,,,,,,,,,,,,,,,,,,,,,,,,,,,,,,,,,,,,,,,,,,,,,,,,,,,,,,,,,,,,,,,,,,,,,,,,,,,,,,,,,,,,,,,,,,,,,,,,,,,,,,,,,,,,,,,,,,,,,,,,,,,,,,,,,,,,,,,,,,,,,,,,,,,,,,,,,,,,,,,,,,,,,,,,,,,,,,,,,,,,,,,,,,,,,,,,,,,,,,,,,,,,,,,,,,,
1784901941,0,0.016,0.000,0.991,0.00,-0.10,0.00,40.50,17.00,-2.00,-0.15,-1.26,-2.71,1.000,-0.002,-0.011,-0.024,1,1.300,3.124,5.637,228.10,510.80,-45.50,47.90,-55.10,-18.70,-2.30,-3.27,-5.04,0.998,-0.021,-0.028,-0.045,,,,,,,,,,,,,,,,,,,,,,,,,,,,,,,,,,,,,,,,,,,,,,,,,,,,,,,,,,,,,,,,,,,,,,,,,,,,,,,,,,,,,,,,,,,,,,,,,,,,,,,,,,,,,,,,,,,,,,,,,,,,,,,,,,,,,,,,,,,,,,,,,,,,,,,,,,,,,,,,,,,,,,,,,,,,,,,,,,,,,,,,,,,,,,,,,,,,,,,,,,,,,,,,,,,,,,,,,,,,,,,,,,,,,,,,,,,,,,
1784901941,0,0.016,-0.008,0.998,0.00,-0.10,0.00,40.50,17.00,-2.00,-0.15,-1.26,-2.71,1.000,-0.002,-0.011,-0.024,1,-0.564,-1.000,-1.670,337.00,335.10,-69.30,47.90,-55.10,-18.70,-2.30,-3.27,-5.04,0.998,-0.021,-0.028,-0.045,,,,,,,,,,,,,,,,,,,,,,,,,,,,,,,,,,,,,,,,,,,,,,,,,,,,,,,,,,,,,,,,,,,,,,,,,,,,,,,,,,,,,,,,,,,,,,,,,,,,,,,,,,,,,,,,,,,,,,,,,,,,,,,,,,,,,,,,,,,,,,,,,,,,,,,,,,,,,,,,,,,,,,,,,,,,,,,,,,,,,,,,,,,,,,,,,,,,,,,,,,,,,,,,,,,,,,,,,,,,,,,,,,,,,,,,,,,,,,
1784901941,0,0.020,0.000,1.014,0.00,-0.10,-0.10,40.30,17.10,-1.90,-0.14,-1.26,-2.71,1.000,-0.002,-0.011,-0.024,1,-0.275,-0.303,2.505,325.90,117.50,-73.40,50.50,-56.70,-6.60,0.16,0.56,-5.62,0.999,0.002,0.005,-0.049,,,,,,,,,,,,,,,,,,,,,,,,,,,,,,,,,,,,,,,,,,,,,,,,,,,,,,,,,,,,,,,,,,,,,,,,,,,,,,,,,,,,,,,,,,,,,,,,,,,,,,,,,,,,,,,,,,,,,,,,,,,,,,,,,,,,,,,,,,,,,,,,,,,,,,,,,,,,,,,,,,,,,,,,,,,,,,,,,,,,,,,,,,,,,,,,,,,,,,,,,,,,,,,,,,,,,,,,,,,,,,,,,,,,,,,,,,,,,,
1784901941,0,0.016,0.003,1.006,0.00,0.00,-0.30,40.30,17.10,-1.90,-0.14,-1.26,-2.71,1.000,-0.002,-0.011,-0.024,1,-0.108,0.071,1.226,187.90,-37.10,-51.30,50.50,-56.70,-6.60,0.16,0.56,-5.62,0.999,0.002,0.005,-0.049,,,,,,,,,,,,,,,,,,,,,,,,,,,,,,,,,,,,,,,,,,,,,,,,,,,,,,,,,,,,,,,,,,,,,,,,,,,,,,,,,,,,,,,,,,,,,,,,,,,,,,,,,,,,,,,,,,,,,,,,,,,,,,,,,,,,,,,,,,,,,,,,,,,,,,,,,,,,,,,,,,,,,,,,,,,,,,,,,,,,,,,,,,,,,,,,,,,,,,,,,,,,,,,,,,,,,,,,,,,,,,,,,,,,,,,,,,,,,,
1784901941,0,0.016,0.003,1.002,0.10,0.00,-0.30,40.30,17.10,-1.90,-0.14,-1.26,-2.71,1.000,-0.002,-0.011,-0.024,1,0.011,-0.091,1.000,57.70,-74.50,-19.80,50.50,-56.70,-6.60,0.16,0.56,-5.62,0.999,0.002,0.005,-0.049,,,,,,,,,,,,,,,,,,,,,,,,,,,,,,,,,,,,,,,,,,,,,,,,,,,,,,,,,,,,,,,,,,,,,,,,,,,,,,,,,,,,,,,,,,,,,,,,,,,,,,,,,,,,,,,,,,,,,,,,,,,,,,,,,,,,,,,,,,,,,,,,,,,,,,,,,,,,,,,,,,,,,,,,,,,,,,,,,,,,,,,,,,,,,,,,,,,,,,,,,,,,,,,,,,,,,,,,,,,,,,,,,,,,,,,,,,,,,,
1784901941,0,0.020,-0.004,1.006,0.10,0.00,-0.20,40.30,17.10,-1.90,-0.14,-1.26,-2.71,1.000,-0.002,-0.011,-0.024,1,0.054,-0.052,1.011,2.40,-57.40,3.10,50.50,-56.70,-6.60,0.16,0.56,-5.62,0.999,0.002,0.005,-0.049,,,,,,,,,,,,,,,,,,,,,,,,,,,,,,,,,,,,,,,,,,,,,,,,,,,,,,,,,,,,,,,,,,,,,,,,,,,,,,,,,,,,,,,,,,,,,,,,,,,,,,,,,,,,,,,,,,,,,,,,,,,,,,,,,,,,,,,,,,,,,,,,,,,,,,,,,,,,,,,,,,,,,,,,,,,,,,,,,,,,,,,,,,,,,,,,,,,,,,,,,,,,,,,,,,,,,,,,,,,,,,,,,,,,,,,,,,,,,,
1784901941,0,0.020,0.000,0.998,0.10,0.00,-0.10,39.40,17.20,-2.20,-0.14,-1.26,-2.71,1.000,-0.002,-0.011,-0.024,1,0.093,-0.014,0.999,-14.50,-29.00,11.90,52.20,-57.70,-5.90,0.74,0.06,-5.77,0.999,0.007,0.000,-0.050,,,,,,,,,,,,,,,,,,,,,,,,,,,,,,,,,,,,,,,,,,,,,,,,,,,,,,,,,,,,,,,,,,,,,,,,,,,,,,,,,,,,,,,,,,,,,,,,,,,,,,,,,,,,,,,,,,,,,,,,,,,,,,,,,,,,,,,,,,,,,,,,,,,,,,,,,,,,,,,,,,,,,,,,,,,,,,,,,,,,,,,,,,,,,,,,,,,,,,,,,,,,,,,,,,,,,,,,,,,,,,,,,,,,,,,,,,,,,,
1784901941,0,0.020,0.000,0.998,0.00,0.10,0.00,39.40,17.20,-2.20,-0.14,-1.25,-2.71,1.000,-0.002,-0.011,-0.024,1,0.058,-0.009,0.995,-15.20,-7.80,9.10,52.20,-57.70,-5.90,0.74,0.06,-5.77,0.999,0.007,0.000,-0.050,,,,,,,,,,,,,,,,,,,,,,,,,,,,,,,,,,,,,,,,,,,,,,,,,,,,,,,,,,,,,,,,,,,,,,,,,,,,,,,,,,,,,,,,,,,,,,,,,,,,,,,,,,,,,,,,,,,,,,,,,,,,,,,,,,,,,,,,,,,,,,,,,,,,,,,,,,,,,,,,,,,,,,,,,,,,,,,,,,,,,,,,,,,,,,,,,,,,,,,,,,,,,,,,,,,,,,,,,,,,,,,,,,,,,,,,,,,,,,
1784901941,0,0.016,-0.004,0.998,0.00,0.10,0.00,39.40,17.20,-2.20,-0.14,-1.25,-2.71,1.000,-0.002,-0.011,-0.024,1,0.062,0.013,1.003,-9.70,2.90,-0.60,52.20,-57.70,-5.90,0.74,0.06,-5.77,0.999,0.007,0.000,-0.050,,,,,,,,,,,,,,,,,,,,,,,,,,,,,,,,,,,,,,,,,,,,,,,,,,,,,,,,,,,,,,,,,,,,,,,,,,,,,,,,,,,,,,,,,,,,,,,,,,,,,,,,,,,,,,,,,,,,,,,,,,,,,,,,,,,,,,,,,,,,,,,,,,,,,,,,,,,,,,,,,,,,,,,,,,,,,,,,,,,,,,,,,,,,,,,,,,,,,,,,,,,,,,,,,,,,,,,,,,,,,,,,,,,,,,,,,,,,,,
1784901941,0,0.016,0.003,0.998,0.00,0.10,0.00,39.40,17.20,-2.20,-0.14,-1.25,-2.71,1.000,-0.002,-0.011,-0.024,1,0.039,0.025,0.999,-3.90,5.80,-13.40,52.20,-57.70,-5.90,0.74,0.06,-5.77,0.999,0.007,0.000,-0.050,,,,,,,,,,,,,,,,,,,,,,,,,,,,,,,,,,,,,,,,,,,,,,,,,,,,,,,,,,,,,,,,,,,,,,,,,,,,,,,,,,,,,,,,,,,,,,,,,,,,,,,,,,,,,,,,,,,,,,,,,,,,,,,,,,,,,,,,,,,,,,,,,,,,,,,,,,,,,,,,,,,,,,,,,,,,,,,,,,,,,,,,,,,,,,,,,,,,,,,,,,,,,,,,,,,,,,,,,,,,,,,,,,,,,,,,,,,,,,
1784901941,0,0.020,-0.004,1.002,0.00,0.00,0.00,39.50,17.10,-2.10,-0.14,-1.25,-2.71,1.000,-0.002,-0.011,-0.024,1,0.055,0.057,0.999,-0.20,4.90,-26.10,52.80,-56.70,-5.80,0.67,0.08,-5.84,0.999,0.006,0.000,-0.051,,,,,,,,,,,,,,,,,,,,,,,,,,,,,,,,,,,,,,,,,,,,,,,,,,,,,,,,,,,,,,,,,,,,,,,,,,,,,,,,,,,,,,,,,,,,,,,,,,,,,,,,,,,,,,,,,,,,,,,,,,,,,,,,,,,,,,,,,,,,,,,,,,,,,,,,,,,,,,,,,,,,,,,,,,,,,,,,,,,,,,,,,,,,,,,,,,,,,,,,,,,,,,,,,,,,,,,,,,,,,,,,,,,,,,,,,,,,,,
1784901941,0,0.020,0.000,0.998,0.00,-0.10,0.00,39.50,17.10,-2.10,-0.14,-1.25,-2.71,1.000,-0.002,-0.011,-0.024,1,0.058,0.029,1.007,1.30,2.90,-36.00,52.80,-56.70,-5.80,0.67,0.08,-5.84,0.999,0.006,0.000,-0.051,,,,,,,,,,,,,,,,,,,,,,,,,,,,,,,,,,,,,,,,,,,,,,,,,,,,,,,,,,,,,,,,,,,,,,,,,,,,,,,,,,,,,,,,,,,,,,,,,,,,,,,,,,,,,,,,,,,,,,,,,,,,,,,,,,,,,,,,,,,,,,,,,,,,,,,,,,,,,,,,,,,,,,,,,,,,,,,,,,,,,,,,,,,,,,,,,,,,,,,,,,,,,,,,,,,,,,,,,,,,,,,,,,,,,,,,,,,,,,
1784901941,0,0.020,-0.004,1.002,0.00,-0.10,0.10,39.50,17.10,-2.10,-0.14,-1.25,-2.71,1.000,-0.002,-0.011,-0.024,1,0.023,0.026,1.003,1.50,1.30,-42.10,52.80,-56.70,-5.80,0.67,0.08,-5.84,0.999,0.006,0.000,-0.051,,,,,,,,,,,,,,,,,,,,,,,,,,,,,,,,,,,,,,,,,,,,,,,,,,,,,,,,,,,,,,,,,,,,,,,,,,,,,,,,,,,,,,,,,,,,,,,,,,,,,,,,,,,,,,,,,,,,,,,,,,,,,,,,,,,,,,,,,,,,,,,,,,,,,,,,,,,,,,,,,,,,,,,,,,,,,,,,,,,,,,,,,,,,,,,,,,,,,,,,,,,,,,,,,,,,,,,,,,,,,,,,,,,,,,,,,,,,,,
1784901941,0,0.024,-0.004,0.998,0.00,-0.10,0.10,39.50,17.10,-2.10,-0.14,-1.25,-2.71,1.000,-0.002,-0.011,-0.024,1,0.011,0.026,1.003,1.20,0.40,-44.30,52.80,-56.70,-5.80,0.67,0.08,-5.84,0.999,0.006,0.000,-0.051,,,,,,,,,,,,,,,,,,,,,,,,,,,,,,,,,,,,,,,,,,,,,,,,,,,,,,,,,,,,,,,,,,,,,,,,,,,,,,,,,,,,,,,,,,,,,,,,,,,,,,,,,,,,,,,,,,,,,,,,,,,,,,,,,,,,,,,,,,,,,,,,,,,,,,,,,,,,,,,,,,,,,,,,,,,,,,,,,,,,,,,,,,,,,,,,,,,,,,,,,,,,,,,,,,,,,,,,,,,,,,,,,,,,,,,,,,,,,,
1784901941,0,0.024,-0.004,0.998,0.00,-0.10,0.00,39.70,17.20,-2.10,-0.14,-1.25,-2.71,1.000,-0.002,-0.011,-0.024,1,-0.003,0.022,1.004,0.90,0.00,-43.90,53.50,-56.80,-5.90,0.68,0.10,-6.26,0.998,0.006,0.001,-0.055,,,,,,,,,,,,,,,,,,,,,,,,,,,,,,,,,,,,,,,,,,,,,,,,,,,,,,,,,,,,,,,,,,,,,,,,,,,,,,,,,,,,,,,,,,,,,,,,,,,,,,,,,,,,,,,,,,,,,,,,,,,,,,,,,,,,,,,,,,,,,,,,,,,,,,,,,,,,,,,,,,,,,,,,,,,,,,,,,,,,,,,,,,,,,,,,,,,,,,,,,,,,,,,,,,,,,,,,,,,,,,,,,,,,,,,,,,,,,,
1784901941,0,0.020,-0.004,1.002,0.00,0.00,0.00,39.70,17.20,-2.10,-0.14,-1.25,-2.71,1.000,-0.002,-0.011,-0.024,1,-0.027,0.000,1.004,0.80,-0.10,-42.10,53.50,-56.80,-5.90,0.68,0.10,-6.26,0.998,0.006,0.001,-0.055,,,,,,,,,,,,,,,,,,,,,,,,,,,,,,,,,,,,,,,,,,,,,,,,,,,,,,,,,,,,,,,,,,,,,,,,,,,,,,,,,,,,,,,,,,,,,,,,,,,,,,,,,,,,,,,,,,,,,,,,,,,,,,,,,,,,,,,,,,,,,,,,,,,,,,,,,,,,,,,,,,,,,,,,,,,,,,,,,,,,,,,,,,,,,,,,,,,,,,,,,,,,,,,,,,,,,,,,,,,,,,,,,,,,,,,,,,,,,,
1784901941,0,0.020,0.000,1.002,0.00,0.00,0.00,39.70,17.20,-2.10,-0.14,-1.25,-2.71,1.000,-0.002,-0.011,-0.024,1,-0.031,-0.015,0.996,0.60,-0.20,-40.10,53.50,-56.80,-5.90,0.68,0.10,-6.26,0.998,0.006,0.001,-0.055,,,,,,,,,,,,,,,,,,,,,,,,,,,,,,,,,,,,,,,,,,,,,,,,,,,,,,,,,,,,,,,,,,,,,,,,,,,,,,,,,,,,,,,,,,,,,,,,,,,,,,,,,,,,,,,,,,,,,,,,,,,,,,,,,,,,,,,,,,,,,,,,,,,,,,,,,,,,,,,,,,,,,,,,,,,,,,,,,,,,,,,,,,,,,,,,,,,,,,,,,,,,,,,,,,,,,,,,,,,,,,,,,,,,,,,,,,,,,,
1784901941,0,0.020,0.000,0.998,0.00,0.00,0.00,39.70,17.20,-2.10,-0.14,-1.25,-2.71,1.000,-0.002,-0.011,-0.024,1,-0.027,-0.004,1.008,0.50,-0.20,-38.40,53.50,-56.80,-5.90,0.68,0.10,-6.26,0.998,0.006,0.001,-0.055,,,,,,,,,,,,,,,,,,,,,,,,,,,,,,,,,,,,,,,,,,,,,,,,,,,,,,,,,,,,,,,,,,,,,,,,,,,,,,,,,,,,,,,,,,,,,,,,,,,,,,,,,,,,,,,,,,,,,,,,,,,,,,,,,,,,,,,,,,,,,,,,,,,,,,,,,,,,,,,,,,,,,,,,,,,,,,,,,,,,,,,,,,,,,,,,,,,,,,,,,,,,,,,,,,,,,,,,,,,,,,,,,,,,,,,,,,,,,,
1784901941,0,0.020,-0.004,0.998,0.00,0.10,0.00,39.90,17.20,-1.90,-0.14,-1.25,-2.71,1.000,-0.002,-0.011,-0.024,1,-0.027,-0.008,1.004,0.30,-0.10,-37.50,54.20,-58.20,-6.30,0.69,0.10,-6.66,0.998,0.006,0.001,-0.058,,,,,,,,,,,,,,,,,,,,,,,,,,,,,,,,,,,,,,,,,,,,,,,,,,,,,,,,,,,,,,,,,,,,,,,,,,,,,,,,,,,,,,,,,,,,,,,,,,,,,,,,,,,,,,,,,,,,,,,,,,,,,,,,,,,,,,,,,,,,,,,,,,,,,,,,,,,,,,,,,,,,,,,,,,,,,,,,,,,,,,,,,,,,,,,,,,,,,,,,,,,,,,,,,,,,,,,,,,,,,,,,,,,,,,,,,,,,,,
1784901941,0,0.024,0.000,0.998,0.00,0.10,0.00,39.90,17.20,-1.90,-0.14,-1.25,-2.71,1.000,-0.002,-0.011,-0.024,1,-0.043,-0.011,1.012,0.20,0.00,-37.20,54.20,-58.20,-6.30,0.69,0.10,-6.66,0.998,0.006,0.001,-0.058,,,,,,,,,,,,,,,,,,,,,,,,,,,,,,,,,,,,,,,,,,,,,,,,,,,,,,,,,,,,,,,,,,,,,,,,,,,,,,,,,,,,,,,,,,,,,,,,,,,,,,,,,,,,,,,,,,,,,,,,,,,,,,,,,,,,,,,,,,,,,,,,,,,,,,,,,,,,,,,,,,,,,,,,,,,,,,,,,,,,,,,,,,,,,,,,,,,,,,,,,,,,,,,,,,,,,,,,,,,,,,,,,,,,,,,,,,,,,,
1784901941,0,0.024,0.000,0.998,0.00,0.00,0.00,39.90,17.20,-1.90,-0.14,-1.25,-2.71,1.000,-0.002,-0.011,-0.024,1,-0.050,-0.015,1.004,0.20,0.20,-37.00,54.20,-58.20,-6.30,0.69,0.10,-6.66,0.998,0.006,0.001,-0.058,,,,,,,,,,,,,,,,,,,,,,,,,,,,,,,,,,,,,,,,,,,,,,,,,,,,,,,,,,,,,,,,,,,,,,,,,,,,,,,,,,,,,,,,,,,,,,,,,,,,,,,,,,,,,,,,,,,,,,,,,,,,,,,,,,,,,,,,,,,,,,,,,,,,,,,,,,,,,,,,,,,,,,,,,,,,,,,,,,,,,,,,,,,,,,,,,,,,,,,,,,,,,,,,,,,,,,,,,,,,,,,,,,,,,,,,,,,,,,
1784901941,0,0.020,-0.004,0.994,0.00,0.00,0.00,39.90,17.20,-1.90,-0.14,-1.25,-2.71,1.000,-0.002,-0.011,-0.024,1,-0.066,-0.026,0.996,0.00,0.20,-36.90,54.20,-58.20,-6.30,0.69,0.10,-6.66,0.998,0.006,0.001,-0.058,,,,,,,,,,,,,,,,,,,,,,,,,,,,,,,,,,,,,,,,,,,,,,,,,,,,,,,,,,,,,,,,,,,,,,,,,,,,,,,,,,,,,,,,,,,,,,,,,,,,,,,,,,,,,,,,,,,,,,,,,,,,,,,,,,,,,,,,,,,,,,,,,,,,,,,,,,,,,,,,,,,,,,,,,,,,,,,,,,,,,,,,,,,,,,,,,,,,,,,,,,,,,,,,,,,,,,,,,,,,,,,,,,,,,,,,,,,,,,
1784901941,0,0.020,0.000,0.998,0.10,0.00,0.00,40.00,17.20,-1.90,-0.14,-1.25,-2.71,1.000,-0.002,-0.011,-0.024,1,-0.070,-0.019,1.004,0.00,0.20,-36.80,54.90,-59.60,-5.90,0.69,0.11,-7.03,0.998,0.006,0.001,-0.061,,,,,,,,,,,,,,,,,,,,,,,,,,,,,,,,,,,,,,,,,,,,,,,,,,,,,,,,,,,,,,,,,,,,,,,,,,,,,,,,,,,,,,,,,,,,,,,,,,,,,,,,,,,,,,,,,,,,,,,,,,,,,,,,,,,,,,,,,,,,,,,,,,,,,,,,,,,,,,,,,,,,,,,,,,,,,,,,,,,,,,,,,,,,,,,,,,,,,,,,,,,,,,,,,,,,,,,,,,,,,,,,,,,,,,,,,,,,,,
1784901941,0,0.024,-0.004,1.002,0.10,0.10,0.00,40.00,17.20,-1.90,-0.14,-1.25,-2.71,1.000,-0.002,-0.011,-0.024,1,-0.078,-0.034,1.008,0.00,0.10,-36.90,54.90,-59.60,-5.90,0.69,0.11,-7.03,0.998,0.006,0.001,-0.061,,,,,,,,,,,,,,,,,,,,,,,,,,,,,,,,,,,,,,,,,,,,,,,,,,,,,,,,,,,,,,,,,,,,,,,,,,,,,,,,,,,,,,,,,,,,,,,,,,,,,,,,,,,,,,,,,,,,,,,,,,,,,,,,,,,,,,,,,,,,,,,,,,,,,,,,,,,,,,,,,,,,,,,,,,,,,,,,,,,,,,,,,,,,,,,,,,,,,,,,,,,,,,,,,,,,,,,,,,,,,,,,,,,,,,,,,,,,,,
1784901941,0,0.024,-0.004,0.998,0.10,0.10,0.00,40.00,17.20,-1.90,-0.14,-1.25,-2.71,1.000,-0.002,-0.011,-0.024,1,-0.081,-0.030,1.000,0.00,0.10,-37.50,54.90,-59.60,-5.90,0.69,0.11,-7.03,0.998,0.006,0.001,-0.061,,,,,,,,,,,,,,,,,,,,,,,,,,,,,,,,,,,,,,,,,,,,,,,,,,,,,,,,,,,,,,,,,,,,,,,,,,,,,,,,,,,,,,,,,,,,,,,,,,,,,,,,,,,,,,,,,,,,,,,,,,,,,,,,,,,,,,,,,,,,,,,,,,,,,,,,,,,,,,,,,,,,,,,,,,,,,,,,,,,,,,,,,,,,,,,,,,,,,,,,,,,,,,,,,,,,,,,,,,,,,,,,,,,,,,,,,,,,,,
1784901941,0,0.020,0.000,1.002,0.00,0.10,0.00,40.00,17.20,-1.90,-0.14,-1.25,-2.71,1.000,-0.002,-0.011,-0.024,1,-0.097,-0.018,1.004,0.00,0.10,-38.40,54.90,-59.60,-5.90,0.69,0.11,-7.03,0.998,0.006,0.001,-0.061,,,,,,,,,,,,,,,,,,,,,,,,,,,,,,,,,,,,,,,,,,,,,,,,,,,,,,,,,,,,,,,,,,,,,,,,,,,,,,,,,,,,,,,,,,,,,,,,,,,,,,,,,,,,,,,,,,,,,,,,,,,,,,,,,,,,,,,,,,,,,,,,,,,,,,,,,,,,,,,,,,,,,,,,,,,,,,,,,,,,,,,,,,,,,,,,,,,,,,,,,,,,,,,,,,,,,,,,,,,,,,,,,,,,,,,,,,,,,,
1784901941,0,0.016,0.000,0.995,0.00,0.00,0.10,37.00,17.20,-1.90,-0.14,-1.25,-2.71,1.000,-0.001,-0.011,-0.024,1,-0.097,-0.006,0.996,0.00,0.20,-39.20,55.90,-56.90,-5.20,0.69,0.11,-7.41,0.998,0.006,0.001,-0.065,,,,,,,,,,,,,,,,,,,,,,,,,,,,,,,,,,,,,,,,,,,,,,,,,,,,,,,,,,,,,,,,,,,,,,,,,,,,,,,,,,,,,,,,,,,,,,,,,,,,,,,,,,,,,,,,,,,,,,,,,,,,,,,,,,,,,,,,,,,,,,,,,,,,,,,,,,,,,,,,,,,,,,,,,,,,,,,,,,,,,,,,,,,,,,,,,,,,,,,,,,,,,,,,,,,,,,,,,,,,,,,,,,,,,,,,,,,,,,
1784901941,0,0.024,-0.004,0.998,0.00,0.00,0.10,37.00,17.20,-1.90,-0.14,-1.25,-2.71,1.000,-0.001,-0.011,-0.024,1,-0.117,-0.002,1.008,0.00,0.30,-39.70,55.90,-56.90,-5.20,0.68,0.11,-7.41,0.998,0.006,0.001,-0.065,,,,,,,,,,,,,,,,,,,,,,,,,,,,,,,,,,,,,,,,,,,,,,,,,,,,,,,,,,,,,,,,,,,,,,,,,,,,,,,,,,,,,,,,,,,,,,,,,,,,,,,,,,,,,,,,,,,,,,,,,,,,,,,,,,,,,,,,,,,,,,,,,,,,,,,,,,,,,,,,,,,,,,,,,,,,,,,,,,,,,,,,,,,,,,,,,,,,,,,,,,,,,,,,,,,,,,,,,,,,,,,,,,,,,,,,,,,,,,
1784901941,0,0.024,0.000,0.998,0.00,0.10,0.10,37.00,17.20,-1.90,-0.14,-1.25,-2.71,1.000,-0.001,-0.011,-0.024,1,-0.097,0.016,0.996,0.00,0.30,-39.60,55.90,-56.90,-5.20,0.68,0.11,-7.41,0.998,0.006,0.001,-0.065,,,,,,,,,,,,,,,,,,,,,,,,,,,,,,,,,,,,,,,,,,,,,,,,,,,,,,,,,,,,,,,,,,,,,,,,,,,,,,,,,,,,,,,,,,,,,,,,,,,,,,,,,,,,,,,,,,,,,,,,,,,,,,,,,,,,,,,,,,,,,,,,,,,,,,,,,,,,,,,,,,,,,,,,,,,,,,,,,,,,,,,,,,,,,,,,,,,,,,,,,,,,,,,,,,,,,,,,,,,,,,,,,,,,,,,,,,,,,,
1784901941,0,0.020,-0.004,0.998,0.00,0.00,0.00,37.00,17.20,-1.90,-0.14,-1.25,-2.71,1.000,-0.001,-0.011,-0.024,1,-0.101,0.236,1.023,-0.10,0.30,-38.70,55.90,-56.90,-5.20,0.68,0.11,-7.41,0.998,0.006,0.001,-0.065,,,,,,,,,,,,,,,,,,,,,,,,,,,,,,,,,,,,,,,,,,,,,,,,,,,,,,,,,,,,,,,,,,,,,,,,,,,,,,,,,,,,,,,,,,,,,,,,,,,,,,,,,,,,,,,,,,,,,,,,,,,,,,,,,,,,,,,,,,,,,,,,,,,,,,,,,,,,,,,,,,,,,,,,,,,,,,,,,,,,,,,,,,,,,,,,,,,,,,,,,,,,,,,,,,,,,,,,,,,,,,,,,,,,,,,,,,,,,,
1784901941,0,0.024,-0.004,0.998,0.00,0.00,0.00,41.50,17.20,-1.90,-0.14,-1.25,-2.71,1.000,-0.002,-0.011,-0.024,1,-0.191,-0.032,0.997,-0.10,0.30,-35.60,56.50,-59.80,-8.20,0.67,0.12,-7.79,0.998,0.006,0.001,-0.068,,,,,,,,,,,,,,,,,,,,,,,,,,,,,,,,,,,,,,,,,,,,,,,,,,,,,,,,,,,,,,,,,,,,,,,,,,,,,,,,,,,,,,,,,,,,,,,,,,,,,,,,,,,,,,,,,,,,,,,,,,,,,,,,,,,,,,,,,,,,,,,,,,,,,,,,,,,,,,,,,,,,,,,,,,,,,,,,,,,,,,,,,,,,,,,,,,,,,,,,,,,,,,,,,,,,,,,,,,,,,,,,,,,,,,,,,,,,,,
1784901941,0,0.020,0.000,0.998,0.00,-0.10,0.00,41.50,17.20,-1.90,-0.14,-1.25,-2.71,1.000,-0.002,-0.011,-0.024,1,-0.109,-0.089,1.004,-0.10,0.20,-29.10,56.50,-59.80,-8.20,0.69,0.17,-7.79,0.998,0.006,0.001,-0.068,,,,,,,,,,,,,,,,,,,,,,,,,,,,,,,,,,,,,,,,,,,,,,,,,,,,,,,,,,,,,,,,,,,,,,,,,,,,,,,,,,,,,,,,,,,,,,,,,,,,,,,,,,,,,,,,,,,,,,,,,,,,,,,,,,,,,,,,,,,,,,,,,,,,,,,,,,,,,,,,,,,,,,,,,,,,,,,,,,,,,,,,,,,,,,,,,,,,,,,,,,,,,,,,,,,,,,,,,,,,,,,,,,,,,,,,,,,,,,
1784901941,0,0.020,0.000,1.002,0.00,-0.10,0.10,41.50,17.20,-1.90,-0.14,-1.25,-2.71,1.000,-0.002,-0.011,-0.024,1,-0.105,-0.089,1.000,0.00,0.20,-20.90,56.50,-59.80,-8.20,0.69,0.17,-7.79,0.998,0.006,0.001,-0.068,,,,,,,,,,,,,,,,,,,,,,,,,,,,,,,,,,,,,,,,,,,,,,,,,,,,,,,,,,,,,,,,,,,,,,,,,,,,,,,,,,,,,,,,,,,,,,,,,,,,,,,,,,,,,,,,,,,,,,,,,,,,,,,,,,,,,,,,,,,,,,,,,,,,,,,,,,,,,,,,,,,,,,,,,,,,,,,,,,,,,,,,,,,,,,,,,,,,,,,,,,,,,,,,,,,,,,,,,,,,,,,,,,,,,,,,,,,,,,
1784901941,0,0.020,0.000,1.006,0.00,0.00,0.10,41.50,17.20,-1.90,-0.14,-1.25,-2.71,1.000,-0.002,-0.011,-0.024,1,-0.078,-0.050,1.008,0.00,0.20,-14.90,56.50,-59.80,-8.20,0.69,0.17,-7.79,0.998,0.006,0.001,-0.068,,,,,,,,,,,,,,,,,,,,,,,,,,,,,,,,,,,,,,,,,,,,,,,,,,,,,,,,,,,,,,,,,,,,,,,,,,,,,,,,,,,,,,,,,,,,,,,,,,,,,,,,,,,,,,,,,,,,,,,,,,,,,,,,,,,,,,,,,,,,,,,,,,,,,,,,,,,,,,,,,,,,,,,,,,,,,,,,,,,,,,,,,,,,,,,,,,,,,,,,,,,,,,,,,,,,,,,,,,,,,,,,,,,,,,,,,,,,,,
1784901941,0,0.020,-0.004,0.998,0.00,0.00,0.10,41.20,17.50,-2.10,-0.14,-1.25,-2.71,1.000,-0.002,-0.011,-0.024,1,-0.101,-0.034,0.996,-0.10,0.00,-13.40,57.00,-58.30,-8.50,0.69,0.17,-7.99,0.998,0.006,0.001,-0.070,,,,,,,,,,,,,,,,,,,,,,,,,,,,,,,,,,,,,,,,,,,,,,,,,,,,,,,,,,,,,,,,,,,,,,,,,,,,,,,,,,,,,,,,,,,,,,,,,,,,,,,,,,,,,,,,,,,,,,,,,,,,,,,,,,,,,,,,,,,,,,,,,,,,,,,,,,,,,,,,,,,,,,,,,,,,,,,,,,,,,,,,,,,,,,,,,,,,,,,,,,,,,,,,,,,,,,,,,,,,,,,,,,,,,,,,,,,,,,
1784901941,0,0.020,0.000,1.002,0.00,0.00,0.00,41.20,17.50,-2.10,-0.14,-1.25,-2.71,1.000,-0.002,-0.011,-0.024,1,-0.101,-0.018,1.008,-0.10,0.00,-15.70,57.00,-58.30,-8.50,0.65,0.21,-7.99,0.998,0.006,0.001,-0.070,,,,,,,,,,,,,,,,,,,,,,,,,,,,,,,,,,,,,,,,,,,,,,,,,,,,,,,,,,,,,,,,,,,,,,,,,,,,,,,,,,,,,,,,,,,,,,,,,,,,,,,,,,,,,,,,,,,,,,,,,,,,,,,,,,,,,,,,,,,,,,,,,,,,,,,,,,,,,,,,,,,,,,,,,,,,,,,,,,,,,,,,,,,,,,,,,,,,,,,,,,,,,,,,,,,,,,,,,,,,,,,,,,,,,,,,,,,,,,
1784901941,0,0.020,-0.004,0.998,0.00,0.00,-0.10,41.20,17.50,-2.10,-0.14,-1.25,-2.71,1.000,-0.002,-0.011,-0.024,1,-0.093,0.020,1.004,-0.30,-0.10,-19.90,57.00,-58.30,-8.50,0.65,0.21,-7.99,0.998,0.006,0.001,-0.070,,,,,,,,,,,,,,,,,,,,,,,,,,,,,,,,,,,,,,,,,,,,,,,,,,,,,,,,,,,,,,,,,,,,,,,,,,,,,,,,,,,,,,,,,,,,,,,,,,,,,,,,,,,,,,,,,,,,,,,,,,,,,,,,,,,,,,,,,,,,,,,,,,,,,,,,,,,,,,,,,,,,,,,,,,,,,,,,,,,,,,,,,,,,,,,,,,,,,,,,,,,,,,,,,,,,,,,,,,,,,,,,,,,,,,,,,,,,,,
1784901941,0,0.020,0.000,0.998,0.00,0.10,-0.10,41.20,17.50,-2.10,-0.14,-1.25,-2.71,1.000,-0.002,-0.011,-0.024,1,-0.117,0.017,1.004,-0.40,-0.10,-25.00,57.00,-58.30,-8.50,0.65,0.21,-7.99,0.998,0.006,0.001,-0.070,,,,,,,,,,,,,,,,,,,,,,,,,,,,,,,,,,,,,,,,,,,,,,,,,,,,,,,,,,,,,,,,,,,,,,,,,,,,,,,,,,,,,,,,,,,,,,,,,,,,,,,,,,,,,,,,,,,,,,,,,,,,,,,,,,,,,,,,,,,,,,,,,,,,,,,,,,,,,,,,,,,,,,,,,,,,,,,,,,,,,,,,,,,,,,,,,,,,,,,,,,,,,,,,,,,,,,,,,,,,,,,,,,,,,,,,,,,,,,
1784901941,0,0.024,0.000,1.002,0.00,0.10,0.00,41.50,17.60,-2.30,-0.14,-1.25,-2.71,1.000,-0.002,-0.011,-0.024,1,-0.105,0.013,1.000,-0.30,-0.10,-29.90,58.60,-58.70,-8.70,0.65,0.21,-8.21,0.997,0.006,0.001,-0.072,,,,,,,,,,,,,,,,,,,,,,,,,,,,,,,,,,,,,,,,,,,,,,,,,,,,,,,,,,,,,,,,,,,,,,,,,,,,,,,,,,,,,,,,,,,,,,,,,,,,,,,,,,,,,,,,,,,,,,,,,,,,,,,,,,,,,,,,,,,,,,,,,,,,,,,,,,,,,,,,,,,,,,,,,,,,,,,,,,,,,,,,,,,,,,,,,,,,,,,,,,,,,,,,,,,,,,,,,,,,,,,,,,,,,,,,,,,,,,
1784901941,0,0.024,0.003,1.002,0.00,0.10,0.00,41.50,17.60,-2.30,-0.14,-1.25,-2.71,1.000,-0.001,-0.011,-0.024,1,-0.085,0.012,1.000,-0.30,-0.10,-34.30,58.60,-58.70,-8.70,0.65,0.25,-8.21,0.997,0.006,0.002,-0.072,,,,,,,,,,,,,,,,,,,,,,,,,,,,,,,,,,,,,,,,,,,,,,,,,,,,,,,,,,,,,,,,,,,,,,,,,,,,,,,,,,,,,,,,,,,,,,,,,,,,,,,,,,,,,,,,,,,,,,,,,,,,,,,,,,,,,,,,,,,,,,,,,,,,,,,,,,,,,,,,,,,,,,,,,,,,,,,,,,,,,,,,,,,,,,,,,,,,,,,,,,,,,,,,,,,,,,,,,,,,,,,,,,,,,,,,,,,,,,
1784901941,0,0.020,0.000,0.998,0.00,0.00,0.00,41.50,17.60,-2.30,-0.14,-1.25,-2.71,1.000,-0.001,-0.011,-0.024,1,-0.003,0.046,1.007,-0.20,0.00,-38.00,58.60,-58.70,-8.70,0.65,0.25,-8.21,0.997,0.006,0.002,-0.072,,,,,,,,,,,,,,,,,,,,,,,,,,,,,,,,,,,,,,,,,,,,,,,,,,,,,,,,,,,,,,,,,,,,,,,,,,,,,,,,,,,,,,,,,,,,,,,,,,,,,,,,,,,,,,,,,,,,,,,,,,,,,,,,,,,,,,,,,,,,,,,,,,,,,,,,,,,,,,,,,,,,,,,,,,,,,,,,,,,,,,,,,,,,,,,,,,,,,,,,,,,,,,,,,,,,,,,,,,,,,,,,,,,,,,,,,,,,,,
1784901941,0,0.020,0.000,0.998,0.00,0.00,0.00,41.50,17.60,-2.30,-0.14,-1.25,-2.71,1.000,-0.001,-0.011,-0.024,1,0.011,0.026,1.000,-0.30,0.10,-41.20,58.60,-58.70,-8.70,0.65,0.25,-8.21,0.997,0.006,0.002,-0.072,,,,,,,,,,,,,,,,,,,,,,,,,,,,,,,,,,,,,,,,,,,,,,,,,,,,,,,,,,,,,,,,,,,,,,,,,,,,,,,,,,,,,,,,,,,,,,,,,,,,,,,,,,,,,,,,,,,,,,,,,,,,,,,,,,,,,,,,,,,,,,,,,,,,,,,,,,,,,,,,,,,,,,,,,,,,,,,,,,,,,,,,,,,,,,,,,,,,,,,,,,,,,,,,,,,,,,,,,,,,,,,,,,,,,,,,,,,,,,
1784901941,0,0.024,0.000,1.002,0.00,0.00,0.00,41.10,17.40,-1.60,-0.14,-1.25,-2.71,1.000,-0.001,-0.011,-0.024,1,0.011,0.022,1.007,-0.50,0.20,-43.70,59.00,-58.80,-8.70,0.64,0.26,-8.61,0.997,0.006,0.002,-0.075,,,,,,,,,,,,,,,,,,,,,,,,,,,,,,,,,,,,,,,,,,,,,,,,,,,,,,,,,,,,,,,,,,,,,,,,,,,,,,,,,,,,,,,,,,,,,,,,,,,,,,,,,,,,,,,,,,,,,,,,,,,,,,,,,,,,,,,,,,,,,,,,,,,,,,,,,,,,,,,,,,,,,,,,,,,,,,,,,,,,,,,,,,,,,,,,,,,,,,,,,,,,,,,,,,,,,,,,,,,,,,,,,,,,,,,,,,,,,,
1784901941,0,0.020,0.000,0.998,0.00,0.00,0.00,41.10,17.40,-1.60,-0.14,-1.25,-2.71,1.000,-0.001,-0.011,-0.024,1,0.027,0.030,1.003,-0.70,0.10,-45.00,59.00,-58.80,-8.70,0.65,0.26,-8.61,0.997,0.006,0.002,-0.075,,,,,,,,,,,,,,,,,,,,,,,,,,,,,,,,,,,,,,,,,,,,,,,,,,,,,,,,,,,,,,,,,,,,,,,,,,,,,,,,,,,,,,,,,,,,,,,,,,,,,,,,,,,,,,,,,,,,,,,,,,,,,,,,,,,,,,,,,,,,,,,,,,,,,,,,,,,,,,,,,,,,,,,,,,,,,,,,,,,,,,,,,,,,,,,,,,,,,,,,,,,,,,,,,,,,,,,,,,,,,,,,,,,,,,,,,,,,,,
1784901941,0,0.020,0.000,1.002,0.00,0.10,0.00,41.10,17.40,-1.60,-0.14,-1.25,-2.71,1.000,-0.001,-0.011,-0.024,1,0.039,0.045,0.999,-0.70,0.00,-45.10,59.00,-58.80,-8.70,0.65,0.26,-8.61,0.997,0.006,0.002,-0.075,,,,,,,,,,,,,,,,,,,,,,,,,,,,,,,,,,,,,,,,,,,,,,,,,,,,,,,,,,,,,,,,,,,,,,,,,,,,,,,,,,,,,,,,,,,,,,,,,,,,,,,,,,,,,,,,,,,,,,,,,,,,,,,,,,,,,,,,,,,,,,,,,,,,,,,,,,,,,,,,,,,,,,,,,,,,,,,,,,,,,,,,,,,,,,,,,,,,,,,,,,,,,,,,,,,,,,,,,,,,,,,,,,,,,,,,,,,,,,
1784901941,0,0.020,0.000,1.002,0.00,0.10,0.00,41.10,17.40,-1.60,-0.14,-1.25,-2.71,1.000,-0.001,-0.011,-0.024,1,0.051,0.057,0.999,-0.30,0.00,-44.20,59.00,-58.80,-8.70,0.65,0.26,-8.61,0.997,0.006,0.002,-0.075,,,,,,,,,,,,,,,,,,,,,,,,,,,,,,,,,,,,,,,,,,,,,,,,,,,,,,,,,,,,,,,,,,,,,,,,,,,,,,,,,,,,,,,,,,,,,,,,,,,,,,,,,,,,,,,,,,,,,,,,,,,,,,,,,,,,,,,,,,,,,,,,,,,,,,,,,,,,,,,,,,,,,,,,,,,,,,,,,,,,,,,,,,,,,,,,,,,,,,,,,,,,,,,,,,,,,,,,,,,,,,,,,,,,,,,,,,,,,,
1784901941,0,0.020,0.000,0.998,0.00,0.10,0.10,39.20,17.30,-2.10,-0.14,-1.25,-2.71,1.000,-0.001,-0.011,-0.024,1,0.074,0.056,1.003,0.00,0.00,-42.60,60.70,-61.00,-8.00,0.64,0.27,-9.05,0.997,0.006,0.002,-0.079,,,,,,,,,,,,,,,,,,,,,,,,,,,,,,,,,,,,,,,,,,,,,,,,,,,,,,,,,,,,,,,,,,,,,,,,,,,,,,,,,,,,,,,,,,,,,,,,,,,,,,,,,,,,,,,,,,,,,,,,,,,,,,,,,,,,,,,,,,,,,,,,,,,,,,,,,,,,,,,,,,,,,,,,,,,,,,,,,,,,,,,,,,,,,,,,,,,,,,,,,,,,,,,,,,,,,,,,,,,,,,,,,,,,,,,,,,,,,,
1784901941,0,0.020,-0.004,1.002,0.00,0.10,0.00,39.20,17.30,-2.10,-0.14,-1.25,-2.71,1.000,-0.001,-0.011,-0.024,1,0.043,0.057,0.992,0.20,0.00,-40.70,60.70,-61.00,-8.00,0.66,0.25,-9.05,0.997,0.006,0.002,-0.079,,,,,,,,,,,,,,,,,,,,,,,,,,,,,,,,,,,,,,,,,,,,,,,,,,,,,,,,,,,,,,,,,,,,,,,,,,,,,,,,,,,,,,,,,,,,,,,,,,,,,,,,,,,,,,,,,,,,,,,,,,,,,,,,,,,,,,,,,,,,,,,,,,,,,,,,,,,,,,,,,,,,,,,,,,,,,,,,,,,,,,,,,,,,,,,,,,,,,,,,,,,,,,,,,,,,,,,,,,,,,,,,,,,,,,,,,,,,,,
1784901941,0,0.020,0.000,0.998,-0.10,0.00,0.00,39.20,17.30,-2.10,-0.14,-1.25,-2.71,1.000,-0.001,-0.011,-0.024,1,0.035,0.116,1.007,0.20,0.10,-38.70,60.70,-61.00,-8.00,0.66,0.25,-9.05,0.997,0.006,0.002,-0.079,,,,,,,,,,,,,,,,,,,,,,,,,,,,,,,,,,,,,,,,,,,,,,,,,,,,,,,,,,,,,,,,,,,,,,,,,,,,,,,,,,,,,,,,,,,,,,,,,,,,,,,,,,,,,,,,,,,,,,,,,,,,,,,,,,,,,,,,,,,,,,,,,,,,,,,,,,,,,,,,,,,,,,,,,,,,,,,,,,,,,,,,,,,,,,,,,,,,,,,,,,,,,,,,,,,,,,,,,,,,,,,,,,,,,,,,,,,,,,
1784901941,0,0.020,0.000,1.002,0.00,-0.20,0.00,39.20,17.30,-2.10,-0.14,-1.25,-2.71,1.000,-0.001,-0.011,-0.024,1,0.023,0.085,0.999,0.00,0.10,-36.70,60.70,-61.00,-8.00,0.66,0.25,-9.05,0.997,0.006,0.002,-0.079,,,,,,,,,,,,,,,,,,,,,,,,,,,,,,,,,,,,,,,,,,,,,,,,,,,,,,,,,,,,,,,,,,,,,,,,,,,,,,,,,,,,,,,,,,,,,,,,,,,,,,,,,,,,,,,,,,,,,,,,,,,,,,,,,,,,,,,,,,,,,,,,,,,,,,,,,,,,,,,,,,,,,,,,,,,,,,,,,,,,,,,,,,,,,,,,,,,,,,,,,,,,,,,,,,,,,,,,,,,,,,,,,,,,,,,,,,,,,,
1784901941,0,0.020,0.000,0.998,0.00,-0.30,-0.10,39.40,17.10,-1.80,-0.14,-1.25,-2.71,1.000,-0.001,-0.011,-0.024,1,0.027,0.057,1.011,-0.30,0.10,-35.00,61.80,-60.70,-7.20,0.66,0.25,-9.43,0.997,0.006,0.002,-0.082,,,,,,,,,,,,,,,,,,,,,,,,,,,,,,,,,,,,,,,,,,,,,,,,,,,,,,,,,,,,,,,,,,,,,,,,,,,,,,,,,,,,,,,,,,,,,,,,,,,,,,,,,,,,,,,,,,,,,,,,,,,,,,,,,,,,,,,,,,,,,,,,,,,,,,,,,,,,,,,,,,,,,,,,,,,,,,,,,,,,,,,,,,,,,,,,,,,,,,,,,,,,,,,,,,,,,,,,,,,,,,,,,,,,,,,,,,,,,,
1784901941,0,0.024,0.000,0.998,0.00,-0.20,-0.10,39.40,17.10,-1.80,-0.14,-1.25,-2.71,1.000,-0.001,-0.011,-0.024,1,0.000,0.030,1.011,-0.60,0.10,-33.70,61.80,-60.70,-7.20,0.69,0.24,-9.43,0.997,0.006,0.002,-0.082,,,,,,,,,,,,,,,,,,,,,,,,,,,,,,,,,,,,,,,,,,,,,,,,,,,,,,,,,,,,,,,,,,,,,,,,,,,,,,,,,,,,,,,,,,,,,,,,,,,,,,,,,,,,,,,,,,,,,,,,,,,,,,,,,,,,,,,,,,,,,,,,,,,,,,,,,,,,,,,,,,,,,,,,,,,,,,,,,,,,,,,,,,,,,,,,,,,,,,,,,,,,,,,,,,,,,,,,,,,,,,,,,,,,,,,,,,,,,,
1784901941,0,0.024,0.003,1.002,0.00,-0.10,0.00,39.40,17.10,-1.80,-0.14,-1.25,-2.71,1.000,-0.001,-0.011,-0.024,1,-0.007,0.019,0.992,-0.90,0.10,-33.20,61.80,-60.70,-7.20,0.69,0.24,-9.43,0.997,0.006,0.002,-0.082,,,,,,,,,,,,,,,,,,,,,,,,,,,,,,,,,,,,,,,,,,,,,,,,,,,,,,,,,,,,,,,,,,,,,,,,,,,,,,,,,,,,,,,,,,,,,,,,,,,,,,,,,,,,,,,,,,,,,,,,,,,,,,,,,,,,,,,,,,,,,,,,,,,,,,,,,,,,,,,,,,,,,,,,,,,,,,,,,,,,,,,,,,,,,,,,,,,,,,,,,,,,,,,,,,,,,,,,,,,,,,,,,,,,,,,,,,,,,,
1784901941,0,0.020,-0.004,1.006,0.00,0.00,0.00,39.40,17.10,-1.80,-0.14,-1.25,-2.71,1.000,-0.001,-0.011,-0.024,1,-0.011,0.022,1.004,-1.20,0.10,-34.10,61.80,-60.70,-7.20,0.69,0.24,-9.43,0.997,0.006,0.002,-0.082,,,,,,,,,,,,,,,,,,,,,,,,,,,,,,,,,,,,,,,,,,,,,,,,,,,,,,,,,,,,,,,,,,,,,,,,,,,,,,,,,,,,,,,,,,,,,,,,,,,,,,,,,,,,,,,,,,,,,,,,,,,,,,,,,,,,,,,,,,,,,,,,,,,,,,,,,,,,,,,,,,,,,,,,,,,,,,,,,,,,,,,,,,,,,,,,,,,,,,,,,,,,,,,,,,,,,,,,,,,,,,,,,,,,,,,,,,,,,,
1784901941,0,0.020,-0.004,1.002,0.00,0.00,0.00,39.50,17.20,-1.60,-0.14,-1.25,-2.71,1.000,-0.001,-0.011,-0.024,1,-0.050,0.019,0.992,-1.50,0.10,-36.60,62.70,-60.80,-5.80,0.67,0.24,-9.77,0.996,0.006,0.002,-0.085,,,,,,,,,,,,,,,,,,,,,,,,,,,,,,,,,,,,,,,,,,,,,,,,,,,,,,,,,,,,,,,,,,,,,,,,,,,,,,,,,,,,,,,,,,,,,,,,,,,,,,,,,,,,,,,,,,,,,,,,,,,,,,,,,,,,,,,,,,,,,,,,,,,,,,,,,,,,,,,,,,,,,,,,,,,,,,,,,,,,,,,,,,,,,,,,,,,,,,,,,,,,,,,,,,,,,,,,,,,,,,,,,,,,,,,,,,,,,,
1784901941,0,0.024,0.000,0.998,0.00,0.00,-0.10,39.50,17.20,-1.60,-0.14,-1.25,-2.71,1.000,-0.001,-0.011,-0.024,1,-0.023,0.038,1.004,-1.90,0.10,-40.10,62.70,-60.80,-5.80,0.68,0.25,-9.77,0.996,0.006,0.002,-0.085,,,,,,,,,,,,,,,,,,,,,,,,,,,,,,,,,,,,,,,,,,,,,,,,,,,,,,,,,,,,,,,,,,,,,,,,,,,,,,,,,,,,,,,,,,,,,,,,,,,,,,,,,,,,,,,,,,,,,,,,,,,,,,,,,,,,,,,,,,,,,,,,,,,,,,,,,,,,,,,,,,,,,,,,,,,,,,,,,,,,,,,,,,,,,,,,,,,,,,,,,,,,,,,,,,,,,,,,,,,,,,,,,,,,,,,,,,,,,,
1784901941,0,0.020,-0.004,0.998,0.00,0.00,-0.10,39.50,17.20,-1.60,-0.14,-1.25,-2.71,1.000,-0.001,-0.011,-0.024,1,0.035,0.053,0.999,-2.00,0.10,-44.40,62.70,-60.80,-5.80,0.68,0.25,-9.77,0.996,0.006,0.002,-0.085,,,,,,,,,,,,,,,,,,,,,,,,,,,,,,,,,,,,,,,,,,,,,,,,,,,,,,,,,,,,,,,,,,,,,,,,,,,,,,,,,,,,,,,,,,,,,,,,,,,,,,,,,,,,,,,,,,,,,,,,,,,,,,,,,,,,,,,,,,,,,,,,,,,,,,,,,,,,,,,,,,,,,,,,,,,,,,,,,,,,,,,,,,,,,,,,,,,,,,,,,,,,,,,,,,,,,,,,,,,,,,,,,,,,,,,,,,,,,,
1784901941,0,0.024,-0.004,0.998,0.00,0.00,-0.10,39.50,17.20,-1.60,-0.14,-1.25,-2.71,1.000,-0.001,-0.011,-0.024,1,0.051,0.053,0.992,-1.90,0.10,-49.10,62.70,-60.80,-5.80,0.68,0.25,-9.77,0.996,0.006,0.002,-0.085,,,,,,,,,,,,,,,,,,,,,,,,,,,,,,,,,,,,,,,,,,,,,,,,,,,,,,,,,,,,,,,,,,,,,,,,,,,,,,,,,,,,,,,,,,,,,,,,,,,,,,,,,,,,,,,,,,,,,,,,,,,,,,,,,,,,,,,,,,,,,,,,,,,,,,,,,,,,,,,,,,,,,,,,,,,,,,,,,,,,,,,,,,,,,,,,,,,,,,,,,,,,,,,,,,,,,,,,,,,,,,,,,,,,,,,,,,,,,,
1784901941,0,0.024,0.000,1.002,0.00,0.00,0.00,39.60,17.40,-1.70,-0.14,-1.25,-2.71,1.000,-0.001,-0.011,-0.024,1,0.035,0.029,1.007,-1.40,0.20,-54.00,63.60,-60.70,-5.20,0.66,0.25,-10.24,0.996,0.006,0.002,-0.089,,,,,,,,,,,,,,,,,,,,,,,,,,,,,,,,,,,,,,,,,,,,,,,,,,,,,,,,,,,,,,,,,,,,,,,,,,,,,,,,,,,,,,,,,,,,,,,,,,,,,,,,,,,,,,,,,,,,,,,,,,,,,,,,,,,,,,,,,,,,,,,,,,,,,,,,,,,,,,,,,,,,,,,,,,,,,,,,,,,,,,,,,,,,,,,,,,,,,,,,,,,,,,,,,,,,,,,,,,,,,,,,,,,,,,,,,,,,,,
1784901941,0,0.024,0.000,1.002,0.00,0.00,0.00,39.60,17.40,-1.70,-0.14,-1.25,-2.71,1.000,-0.001,-0.011,-0.024,1,-0.003,0.014,0.996,-1.00,0.30,-58.00,63.60,-60.70,-5.20,0.68,0.24,-10.24,0.996,0.006,0.002,-0.089,,,,,,,,,,,,,,,,,,,,,,,,,,,,,,,,,,,,,,,,,,,,,,,,,,,,,,,,,,,,,,,,,,,,,,,,,,,,,,,,,,,,,,,,,,,,,,,,,,,,,,,,,,,,,,,,,,,,,,,,,,,,,,,,,,,,,,,,,,,,,,,,,,,,,,,,,,,,,,,,,,,,,,,,,,,,,,,,,,,,,,,,,,,,,,,,,,,,,,,,,,,,,,,,,,,,,,,,,,,,,,,,,,,,,,,,,,,,,,
1784901941,0,0.024,-0.004,1.002,0.00,0.00,0.00,39.60,17.40,-1.70,-0.14,-1.25,-2.71,1.000,-0.001,-0.011,-0.024,1,0.011,0.038,1.011,-0.70,0.30,-60.30,63.60,-60.70,-5.20,0.68,0.24,-10.24,0.996,0.006,0.002,-0.089,,,,,,,,,,,,,,,,,,,,,,,,,,,,,,,,,,,,,,,,,,,,,,,,,,,,,,,,,,,,,,,,,,,,,,,,,,,,,,,,,,,,,,,,,,,,,,,,,,,,,,,,,,,,,,,,,,,,,,,,,,,,,,,,,,,,,,,,,,,,,,,,,,,,,,,,,,,,,,,,,,,,,,,,,,,,,,,,,,,,,,,,,,,,,,,,,,,,,,,,,,,,,,,,,,,,,,,,,,,,,,,,,,,,,,,,,,,,,,
1784901941,0,0.020,0.000,1.002,-0.10,0.00,0.00,39.60,17.40,-1.70,-0.14,-1.25,-2.71,1.000,-0.001,-0.011,-0.024,1,0.019,0.057,1.007,-0.70,0.30,-61.00,63.60,-60.70,-5.20,0.68,0.24,-10.24,0.996,0.006,0.002,-0.089,,,,,,,,,,,,,,,,,,,,,,,,,,,,,,,,,,,,,,,,,,,,,,,,,,,,,,,,,,,,,,,,,,,,,,,,,,,,,,,,,,,,,,,,,,,,,,,,,,,,,,,,,,,,,,,,,,,,,,,,,,,,,,,,,,,,,,,,,,,,,,,,,,,,,,,,,,,,,,,,,,,,,,,,,,,,,,,,,,,,,,,,,,,,,,,,,,,,,,,,,,,,,,,,,,,,,,,,,,,,,,,,,,,,,,,,,,,,,,
1784901941,0,0.020,0.000,0.998,-0.10,0.00,0.00,39.10,17.20,-1.40,-0.14,-1.25,-2.71,1.000,-0.001,-0.011,-0.024,1,0.027,0.069,0.996,-0.80,0.30,-61.00,65.10,-60.40,-6.20,0.66,0.25,-10.84,0.996,0.006,0.002,-0.094,,,,,,,,,,,,,,,,,,,,,,,,,,,,,,,,,,,,,,,,,,,,,,,,,,,,,,,,,,,,,,,,,,,,,,,,,,,,,,,,,,,,,,,,,,,,,,,,,,,,,,,,,,,,,,,,,,,,,,,,,,,,,,,,,,,,,,,,,,,,,,,,,,,,,,,,,,,,,,,,,,,,,,,,,,,,,,,,,,,,,,,,,,,,,,,,,,,,,,,,,,,,,,,,,,,,,,,,,,,,,,,,,,,,,,,,,,,,,,
1784901941,0,0.020,0.003,1.002,0.00,0.00,0.10,39.10,17.20,-1.40,-0.14,-1.25,-2.71,1.000,-0.001,-0.011,-0.024,1,0.027,0.065,1.011,-1.30,0.20,-61.40,65.10,-60.40,-6.20,0.68,0.24,-10.84,0.996,0.006,0.002,-0.094,,,,,,,,,,,,,,,,,,,,,,,,,,,,,,,,,,,,,,,,,,,,,,,,,,,,,,,,,,,,,,,,,,,,,,,,,,,,,,,,,,,,,,,,,,,,,,,,,,,,,,,,,,,,,,,,,,,,,,,,,,,,,,,,,,,,,,,,,,,,,,,,,,,,,,,,,,,,,,,,,,,,,,,,,,,,,,,,,,,,,,,,,,,,,,,,,,,,,,,,,,,,,,,,,,,,,,,,,,,,,,,,,,,,,,,,,,,,,,
1784901941,0,0.020,-0.004,1.002,0.00,0.00,0.10,39.10,17.20,-1.40,-0.14,-1.25,-2.71,1.000,-0.001,-0.011,-0.024,1,0.008,0.065,1.011,-2.20,0.00,-62.80,65.10,-60.40,-6.20,0.68,0.24,-10.84,0.996,0.006,0.002,-0.094,,,,,,,,,,,,,,,,,,,,,,,,,,,,,,,,,,,,,,,,,,,,,,,,,,,,,,,,,,,,,,,,,,,,,,,,,,,,,,,,,,,,,,,,,,,,,,,,,,,,,,,,,,,,,,,,,,,,,,,,,,,,,,,,,,,,,,,,,,,,,,,,,,,,,,,,,,,,,,,,,,,,,,,,,,,,,,,,,,,,,,,,,,,,,,,,,,,,,,,,,,,,,,,,,,,,,,,,,,,,,,,,,,,,,,,,,,,,,,
1784901941,0,0.020,-0.004,1.006,0.00,-0.10,0.00,39.10,17.20,-1.40,-0.14,-1.25,-2.71,1.000,-0.001,-0.011,-0.024,1,-0.031,0.039,1.011,-3.50,-0.10,-65.00,65.10,-60.40,-6.20,0.68,0.24,-10.84,0.996,0.006,0.002,-0.094,,,,,,,,,,,,,,,,,,,,,,,,,,,,,,,,,,,,,,,,,,,,,,,,,,,,,,,,,,,,,,,,,,,,,,,,,,,,,,,,,,,,,,,,,,,,,,,,,,,,,,,,,,,,,,,,,,,,,,,,,,,,,,,,,,,,,,,,,,,,,,,,,,,,,,,,,,,,,,,,,,,,,,,,,,,,,,,,,,,,,,,,,,,,,,,,,,,,,,,,,,,,,,,,,,,,,,,,,,,,,,,,,,,,,,,,,,,,,,
1784901941,0,0.024,-0.004,0.998,0.10,0.00,0.00,39.40,17.30,-1.80,-0.14,-1.25,-2.71,1.000,-0.001,-0.011,-0.024,1,-0.038,0.043,1.008,-4.90,0.00,-67.40,67.10,-60.60,-10.20,0.65,0.25,-11.48,0.995,0.006,0.002,-0.100,,,,,,,,,,,,,,,,,,,,,,,,,,,,,,,,,,,,,,,,,,,,,,,,,,,,,,,,,,,,,,,,,,,,,,,,,,,,,,,,,,,,,,,,,,,,,,,,,,,,,,,,,,,,,,,,,,,,,,,,,,,,,,,,,,,,,,,,,,,,,,,,,,,,,,,,,,,,,,,,,,,,,,,,,,,,,,,,,,,,,,,,,,,,,,,,,,,,,,,,,,,,,,,,,,,,,,,,,,,,,,,,,,,,,,,,,,,,,,
1784901941,0,0.020,-0.004,0.998,0.10,0.00,0.00,39.40,17.30,-1.80,-0.14,-1.25,-2.71,1.000,-0.001,-0.011,-0.024,1,-0.058,0.027,0.984,-6.10,0.00,-69.20,67.10,-60.60,-10.20,0.67,0.25,-11.48,0.995,0.006,0.002,-0.100,,,,,,,,,,,,,,,,,,,,,,,,,,,,,,,,,,,,,,,,,,,,,,,,,,,,,,,,,,,,,,,,,,,,,,,,,,,,,,,,,,,,,,,,,,,,,,,,,,,,,,,,,,,,,,,,,,,,,,,,,,,,,,,,,,,,,,,,,,,,,,,,,,,,,,,,,,,,,,,,,,,,,,,,,,,,,,,,,,,,,,,,,,,,,,,,,,,,,,,,,,,,,,,,,,,,,,,,,,,,,,,,,,,,,,,,,,,,,,
1784901941,0,0.020,-0.004,0.998,0.00,0.00,0.00,39.40,17.30,-1.80,-0.14,-1.25,-2.71,1.000,-0.001,-0.011,-0.024,1,-0.042,0.015,0.984,-6.50,0.10,-70.00,67.10,-60.60,-10.20,0.67,0.25,-11.48,0.995,0.006,0.002,-0.100,,,,,,,,,,,,,,,,,,,,,,,,,,,,,,,,,,,,,,,,,,,,,,,,,,,,,,,,,,,,,,,,,,,,,,,,,,,,,,,,,,,,,,,,,,,,,,,,,,,,,,,,,,,,,,,,,,,,,,,,,,,,,,,,,,,,,,,,,,,,,,,,,,,,,,,,,,,,,,,,,,,,,,,,,,,,,,,,,,,,,,,,,,,,,,,,,,,,,,,,,,,,,,,,,,,,,,,,,,,,,,,,,,,,,,,,,,,,,,
1784901941,0,0.020,0.003,1.006,0.00,0.00,0.00,39.40,17.30,-1.80,-0.14,-1.25,-2.71,1.000,-0.001,-0.011,-0.024,1,0.008,-0.051,0.933,-5.30,0.10,-70.10,67.10,-60.60,-10.20,0.67,0.25,-11.48,0.995,0.006,0.002,-0.100,,,,,,,,,,,,,,,,,,,,,,,,,,,,,,,,,,,,,,,,,,,,,,,,,,,,,,,,,,,,,,,,,,,,,,,,,,,,,,,,,,,,,,,,,,,,,,,,,,,,,,,,,,,,,,,,,,,,,,,,,,,,,,,,,,,,,,,,,,,,,,,,,,,,,,,,,,,,,,,,,,,,,,,,,,,,,,,,,,,,,,,,,,,,,,,,,,,,,,,,,,,,,,,,,,,,,,,,,,,,,,,,,,,,,,,,,,,,,,
1784901941,0,0.024,-0.004,1.002,0.00,0.00,0.00,39.70,17.50,-1.70,-0.14,-1.25,-2.71,1.000,-0.001,-0.011,-0.024,1,0.040,-0.068,0.933,-1.50,0.10,-69.30,68.30,-59.50,-10.20,0.62,0.26,-12.18,0.994,0.006,0.002,-0.106,,,,,,,,,,,,,,,,,,,,,,,,,,,,,,,,,,,,,,,,,,,,,,,,,,,,,,,,,,,,,,,,,,,,,,,,,,,,,,,,,,,,,,,,,,,,,,,,,,,,,,,,,,,,,,,,,,,,,,,,,,,,,,,,,,,,,,,,,,,,,,,,,,,,,,,,,,,,,,,,,,,,,,,,,,,,,,,,,,,,,,,,,,,,,,,,,,,,,,,,,,,,,,,,,,,,,,,,,,,,,,,,,,,,,,,,,,,,,,
1784901941,0,0.020,0.000,0.998,0.00,0.00,0.00,39.70,17.50,-1.70,-0.14,-1.25,-2.71,1.000,-0.001,-0.011,-0.024,1,0.082,0.090,1.232,6.20,0.50,-67.70,68.30,-59.50,-10.20,0.61,0.26,-12.18,0.994,0.006,0.002,-0.106,,,,,,,,,,,,,,,,,,,,,,,,,,,,,,,,,,,,,,,,,,,,,,,,,,,,,,,,,,,,,,,,,,,,,,,,,,,,,,,,,,,,,,,,,,,,,,,,,,,,,,,,,,,,,,,,,,,,,,,,,,,,,,,,,,,,,,,,,,,,,,,,,,,,,,,,,,,,,,,,,,,,,,,,,,,,,,,,,,,,,,,,,,,,,,,,,,,,,,,,,,,,,,,,,,,,,,,,,,,,,,,,,,,,,,,,,,,,,,
1784901941,0,0.020,-0.004,1.006,0.10,0.00,0.00,39.70,17.50,-1.70,-0.14,-1.25,-2.71,1.000,-0.001,-0.011,-0.024,1,-0.116,-0.010,0.985,15.60,1.50,-64.60,68.30,-59.50,-10.20,0.61,0.26,-12.18,0.994,0.006,0.002,-0.106,,,,,,,,,,,,,,,,,,,,,,,,,,,,,,,,,,,,,,,,,,,,,,,,,,,,,,,,,,,,,,,,,,,,,,,,,,,,,,,,,,,,,,,,,,,,,,,,,,,,,,,,,,,,,,,,,,,,,,,,,,,,,,,,,,,,,,,,,,,,,,,,,,,,,,,,,,,,,,,,,,,,,,,,,,,,,,,,,,,,,,,,,,,,,,,,,,,,,,,,,,,,,,,,,,,,,,,,,,,,,,,,,,,,,,,,,,,,,,
1784901941,0,0.020,0.000,0.998,0.10,0.00,0.00,39.70,17.50,-1.70,-0.14,-1.25,-2.71,1.000,-0.001,-0.011,-0.024,1,-0.140,0.001,0.993,20.70,2.50,-60.60,68.30,-59.50,-10.20,0.61,0.26,-12.18,0.994,0.006,0.002,-0.106,,,,,,,,,,,,,,,,,,,,,,,,,,,,,,,,,,,,,,,,,,,,,,,,,,,,,,,,,,,,,,,,,,,,,,,,,,,,,,,,,,,,,,,,,,,,,,,,,,,,,,,,,,,,,,,,,,,,,,,,,,,,,,,,,,,,,,,,,,,,,,,,,,,,,,,,,,,,,,,,,,,,,,,,,,,,,,,,,,,,,,,,,,,,,,,,,,,,,,,,,,,,,,,,,,,,,,,,,,,,,,,,,,,,,,,,,,,,,,
1784901941,0,0.020,0.000,0.998,0.00,0.00,0.00,39.50,17.70,-0.80,-0.14,-1.25,-2.71,1.000,-0.001,-0.011,-0.024,1,-0.101,0.005,1.004,18.30,2.70,-57.60,69.80,-59.40,-10.20,0.76,0.28,-12.81,0.994,0.007,0.002,-0.112,,,,,,,,,,,,,,,,,,,,,,,,,,,,,,,,,,,,,,,,,,,,,,,,,,,,,,,,,,,,,,,,,,,,,,,,,,,,,,,,,,,,,,,,,,,,,,,,,,,,,,,,,,,,,,,,,,,,,,,,,,,,,,,,,,,,,,,,,,,,,,,,,,,,,,,,,,,,,,,,,,,,,,,,,,,,,,,,,,,,,,,,,,,,,,,,,,,,,,,,,,,,,,,,,,,,,,,,,,,,,,,,,,,,,,,,,,,,,,
1784901941,0,0.024,-0.004,0.998,0.00,-0.10,0.00,39.50,17.70,-0.80,-0.14,-1.25,-2.71,1.000,-0.001,-0.011,-0.024,1,-0.058,-0.086,1.000,9.80,1.50,-57.50,69.80,-59.40,-10.20,0.76,0.29,-12.81,0.994,0.007,0.002,-0.112,,,,,,,,,,,,,,,,,,,,,,,,,,,,,,,,,,,,,,,,,,,,,,,,,,,,,,,,,,,,,,,,,,,,,,,,,,,,,,,,,,,,,,,,,,,,,,,,,,,,,,,,,,,,,,,,,,,,,,,,,,,,,,,,,,,,,,,,,,,,,,,,,,,,,,,,,,,,,,,,,,,,,,,,,,,,,,,,,,,,,,,,,,,,,,,,,,,,,,,,,,,,,,,,,,,,,,,,,,,,,,,,,,,,,,,,,,,,,,
1784901941,0,0.024,-0.004,0.998,0.00,-0.10,0.00,39.50,17.70,-0.80,-0.14,-1.25,-2.71,1.000,-0.001,-0.011,-0.024,1,-0.172,-0.107,1.004,1.70,0.00,-61.20,69.80,-59.40,-10.20,0.76,0.29,-12.81,0.994,0.007,0.002,-0.112,,,,,,,,,,,,,,,,,,,,,,,,,,,,,,,,,,,,,,,,,,,,,,,,,,,,,,,,,,,,,,,,,,,,,,,,,,,,,,,,,,,,,,,,,,,,,,,,,,,,,,,,,,,,,,,,,,,,,,,,,,,,,,,,,,,,,,,,,,,,,,,,,,,,,,,,,,,,,,,,,,,,,,,,,,,,,,,,,,,,,,,,,,,,,,,,,,,,,,,,,,,,,,,,,,,,,,,,,,,,,,,,,,,,,,,,,,,,,,
1784901941,0,0.024,0.000,0.998,0.00,-0.20,0.00,39.50,17.70,-0.80,-0.14,-1.25,-2.71,1.000,-0.001,-0.011,-0.024,1,-0.101,-0.132,1.012,-2.50,-0.60,-67.50,69.80,-59.40,-10.20,0.76,0.29,-12.81,0.994,0.007,0.002,-0.112,,,,,,,,,,,,,,,,,,,,,,,,,,,,,,,,,,,,,,,,,,,,,,,,,,,,,,,,,,,,,,,,,,,,,,,,,,,,,,,,,,,,,,,,,,,,,,,,,,,,,,,,,,,,,,,,,,,,,,,,,,,,,,,,,,,,,,,,,,,,,,,,,,,,,,,,,,,,,,,,,,,,,,,,,,,,,,,,,,,,,,,,,,,,,,,,,,,,,,,,,,,,,,,,,,,,,,,,,,,,,,,,,,,,,,,,,,,,,,
1784901941,0,0.020,0.003,1.002,0.00,-0.10,0.10,39.60,17.50,0.00,-0.14,-1.25,-2.71,1.000,-0.001,-0.011,-0.024,1,-0.058,-0.082,0.992,-3.00,-0.40,-73.70,71.00,-58.70,-10.40,0.77,0.30,-13.46,0.993,0.007,0.002,-0.117,,,,,,,,,,,,,,,,,,,,,,,,,,,,,,,,,,,,,,,,,,,,,,,,,,,,,,,,,,,,,,,,,,,,,,,,,,,,,,,,,,,,,,,,,,,,,,,,,,,,,,,,,,,,,,,,,,,,,,,,,,,,,,,,,,,,,,,,,,,,,,,,,,,,,,,,,,,,,,,,,,,,,,,,,,,,,,,,,,,,,,,,,,,,,,,,,,,,,,,,,,,,,,,,,,,,,,,,,,,,,,,,,,,,,,,,,,,,,,
1784901941,0,0.020,0.000,0.994,0.10,0.00,0.10,39.60,17.50,0.00,-0.14,-1.25,-2.71,1.000,-0.001,-0.011,-0.024,1,-0.187,-0.122,0.989,-1.80,0.00,-77.80,71.00,-58.70,-10.40,0.76,0.31,-13.46,0.993,0.007,0.002,-0.117,,,,,,,,,,,,,,,,,,,,,,,,,,,,,,,,,,,,,,,,,,,,,,,,,,,,,,,,,,,,,,,,,,,,,,,,,,,,,,,,,,,,,,,,,,,,,,,,,,,,,,,,,,,,,,,,,,,,,,,,,,,,,,,,,,,,,,,,,,,,,,,,,,,,,,,,,,,,,,,,,,,,,,,,,,,,,,,,,,,,,,,,,,,,,,,,,,,,,,,,,,,,,,,,,,,,,,,,,,,,,,,,,,,,,,,,,,,,,,
1784901941,0,0.020,-0.008,0.994,0.00,0.00,0.00,39.60,17.50,0.00,-0.14,-1.25,-2.71,1.000,-0.001,-0.011,-0.024,1,-0.187,-0.012,1.001,-0.70,0.10,-80.40,71.00,-58.70,-10.40,0.76,0.31,-13.46,0.993,0.007,0.002,-0.117,,,,,,,,,,,,,,,,,,,,,,,,,,,,,,,,,,,,,,,,,,,,,,,,,,,,,,,,,,,,,,,,,,,,,,,,,,,,,,,,,,,,,,,,,,,,,,,,,,,,,,,,,,,,,,,,,,,,,,,,,,,,,,,,,,,,,,,,,,,,,,,,,,,,,,,,,,,,,,,,,,,,,,,,,,,,,,,,,,,,,,,,,,,,,,,,,,,,,,,,,,,,,,,,,,,,,,,,,,,,,,,,,,,,,,,,,,,,,,
1784901941,0,0.020,-0.004,1.002,0.00,0.00,0.00,39.60,17.50,0.00,-0.14,-1.25,-2.71,1.000,-0.001,-0.011,-0.024,1,-0.105,0.075,1.027,0.20,0.30,-82.60,71.00,-58.70,-10.40,0.76,0.31,-13.46,0.993,0.007,0.002,-0.117,,,,,,,,,,,,,,,,,,,,,,,,,,,,,,,,,,,,,,,,,,,,,,,,,,,,,,,,,,,,,,,,,,,,,,,,,,,,,,,,,,,,,,,,,,,,,,,,,,,,,,,,,,,,,,,,,,,,,,,,,,,,,,,,,,,,,,,,,,,,,,,,,,,,,,,,,,,,,,,,,,,,,,,,,,,,,,,,,,,,,,,,,,,,,,,,,,,,,,,,,,,,,,,,,,,,,,,,,,,,,,,,,,,,,,,,,,,,,,
1784901941,0,0.020,0.000,0.998,0.00,0.00,0.00,38.90,17.80,1.90,-0.14,-1.25,-2.71,1.000,-0.001,-0.011,-0.024,1,-0.131,0.127,0.977,-0.60,0.10,-84.10,72.80,-57.90,-10.90,0.75,0.32,-14.27,0.992,0.007,0.002,-0.124,,,,,,,,,,,,,,,,,,,,,,,,,,,,,,,,,,,,,,,,,,,,,,,,,,,,,,,,,,,,,,,,,,,,,,,,,,,,,,,,,,,,,,,,,,,,,,,,,,,,,,,,,,,,,,,,,,,,,,,,,,,,,,,,,,,,,,,,,,,,,,,,,,,,,,,,,,,,,,,,,,,,,,,,,,,,,,,,,,,,,,,,,,,,,,,,,,,,,,,,,,,,,,,,,,,,,,,,,,,,,,,,,,,,,,,,,,,,,,
