:020000040000FA
:10800000B83200204D83000039A40000FB8200003C
:10801000598300005B8300005D83000000000000C6
:108020000000000000000000000000005F8300006E
:1080300061830000000000004782000009AF0000DB
:108040009DA5000061A600004DB7000067830000F9
:108050006783000067830000C59500006783000008
:10806000E5B50000678300006783000067830000B8
:108070006783000067830000678300006783000058
:108080006783000067830000678300006783000048
:108090006783000067830000678300006783000038
:1080A0006783000067830000678300006783000028
:1080B00067830000678300000000000000000000EC
:1080C0006783000067830000678300006783000008
:1080D00067830000678300006783000000000000E2
:1080E0000000000000000000000000000000000090
:1080F0000000000000000000000000000000000080
:10810000000000000000000000000000000000006F
:10811000000000000000000000000000000000005F
:10812000000000000000000000000000000000004F
:10813000000000000000000000000000000000003F
:10814000000000000000000000000000000000002F
:10815000000000000000000000000000000000001F
:10816000000000000000000000000000000000000F
:1081700000000000000000000000000000000000FF
:1081800000000000000000000000000000000000EF
:1081900000000000000000000000000000000000DF
:1081A00000000000000000000000000000000000CF
:1081B00000000000000000000000000000000000BF
:1081C00000000000000000000000000000000000AF
:1081D000000000000000000000000000000000009F
:1081E000000000000000000000000000000000008F
:1081F000000000000000000000000000000000007F
:10820000DFF810D000F0C2FE00480047E9F500009A
:10821000AFF30080B8320020EFF3108072B67047E1
:1082200080F310887047434A1368012B04D04FF045
:1082300001031360404A1060404A116040484FF00B
:10824000805101607047EFF3108272B639480168BF
:1082500051B34FF0000101603748016891B1EFF36D
:1082600009811EF0100F08BF21ED108B21E9F00FDE
:108270004FF000041EF0100F08BF012441F8044D18
:10828000006801602D490968096808C9B1E8F00F64
:10829000002B18BFB1EC108B81F309884EF0100E43
:1082A000002B18BF2EF0100E82F310884EF0040E33
:1082B000704722490860EFF3148222F0040282F32F
:1082C00014881D494FF0000008601A494FF0010062
:1082D00008601C484FF47F01D0F8002041EA0201F9
:1082E000016017484FF0805101601748006800682E
:1082F00080F3088861B662B670471EF0040F0CBFA9
:10830000EFF30880EFF3098020E9F00F40F804ED67
:1083100040F804ED1EF0040F0CBF80F3088880F3D2
:10832000098800B509F08AFC5DF804EB4EF0040EF4
:10833000704700000C030020040300200803002005
:1083400004ED00E020ED00E008ED00E00648804785
:1083500006480047FEE7FEE7FEE7FEE7FEE7FEE72A
:10836000FEE7FEE7FEE7FEE72DAF0000018200001A
:108370002DE9F05F0546002092469B46884606465A
:10838000814640241BE0284641464746224600F0ED
:1083900019FC53465A46C01A914110D3114618464B
:1083A000224600F000FC2D1A67EB01084F462246DA
:1083B0000120002100F0F7FB17EB00094E41201EC1
:1083C000A4F10104DFDC484631462A464346BDE8B5
:1083D000F09F000000487047684A010010B504464D
:1083E000FFF7F8FF0068005D00F0010010BD40EAF3
:1083F00001039B0703D009E008C9121F08C0042A23
:10840000FAD203E011F8013B00F8013B521EF9D209
:108410007047D2B201E000F8012B491EFBD2704731
:108420000022F6E710B513460A4604461946FFF740
:10843000F0FF204610BD10B5044604E00B7800F8AC
:10844000013B03B1491C521EF8D2204610BDCAB2EE
:10845000401E10F8011F8A4202D00029F9D10020E5
:108460007047421C10F8011B0029FBD1801A70478D
:1084700010B5002200E0521C835C8C5CA34201D149
:10848000002BF8D1D8B2E1B2401A10BD30B5054684
:108490000020034600E05B1C934205D2EC5CC85C04
:1084A000201A01D1002CF6D130BD00000FB400B568
:1084B0008DB010A909900B9000914FF0FF300A90F9
:1084C00000200C9005480690054807906A4609A8C8
:1084D0000F9900F0ADFB0DB05DF814FB4D8C000062
:1084E0006B8C00002DE9FF5F1D464FF0FF3BD5E987
:1084F000014691465F464FF00008A9697F1C01982C
:108500008847296A824688470028F6D1BAF1FF3F9A
:108510000CD024F4C064002E19DD600614D5BAF125
:108520002B0F09D0BAF12D0F0ED103E0584604B03D
:10853000BDE8F09F44F48064A9697F1C01988847D6
:10854000761E8246002E02DDBAF1300F03D0B9F15B
:10855000000F26D032E0A969761E44F400747F1C17
:10856000019888478246002E05DDBAF1780F06D0C3
:10857000BAF1580F03D0B9F1000F10D01EE0B9F1D5
:10858000000F02D0B9F1100F18D1A969761E24F49A
:1085900000747F1C019888478246102002E0082062
:1085A00000E00A20814609E008FB0908A969761E57
:1085B00044F400747F1C019888478246002E05DD34
:1085C0004946504600F020FB0028EDDAE9690198A1
:1085D0008847A00502D46FF00100A8E7E00725D185
:1085E000600613D5600502D5C8F1000000E04046E2
:1085F00029680A1D2A600968220501D5087015E05E
:10860000220701D5088011E008600FE02868011DED
:1086100029600068210502D580F8008006E0210766
:1086200002D5A0F8008001E0C0F8008038467EE75F
:108630002DE9FF5FD2E901A74FF000089169994643
:108640001446DDF838B0464601988847054659EA91
:108650000B0005D009E0A169761C01988847054602
:10866000216A284688470028F5D1681C03D05FEAB4
:10867000CA7005D015E04FF0FF3004B0BDE8F09FA0
:108680002068011D2160D0F800800AE05FEACA700E
:1086900001D108F8015BA169761C7F1E019888470B
:1086A0000546002F1ADD681C18D0B9F1000F0DD057
:1086B000E81705EBD060421120F01F0059F8221096
:1086C0002A1A012090400142E0D107E0BBF1000FDF
:1086D000DCD1216A284688470028D7D0E169019873
:1086E0008847BBF1000F07D1002E05DD5FEACA7095
:1086F00002D1002188F80010A068B84203DDBBF168
:10870000000F03D017B16FF00100B6E73046B4E7B1
:108710002DE9F04791460F4680460446002614F89E
:10872000015B2DB1FFF756FE0068405DC007F6D132
:108730002B2D02D02D2D18D0641E4A4639462046D6
:1087400000F0A4FA27B13968A14201D1C7F800802E
:1087500071054FF002040BD54042002803DD03F001
:1087600041F90460A007BDE8F08746F48066E4E7BD
:108770000028F8DA03F036F904606FF00040F2E701
:108780002DE9F05F93460F4680460446002603F02D
:1087900029F9D0F80090824614F8015B2DB1FFF75B
:1087A00019FE0068405DC007F6D12B2D02D02D2D9B
:1087B0001AD0641E0021CAF800105A4639462046D5
:1087C00000F064FA014627B13868A04201D1C7F829
:1087D0000080DAF80000022809D0CAF8009070057D
:1087E00005D54842BDE8F09F46F48066E2E70846BA
:1087F000F8E770B5064603F0F5F8046805460A2266
:1088000000213046FFF784FF2C6070BD2DE9FE4F3C
:10881000804681EA0300C00F0C46009021F0004121
:1088200023F00045B8EB0200A94105D2404621469D
:1088300090461C460B46024623F00040104347D0AA
:10884000270DC7F30A00C3F30A510290401A0190A2
:1088500040286BDAC3F3130040F4801B0098924663
:1088600020B10023D2EB030A63EB0B0B01985946AE
:10887000C0F14002504600F096F906460D465046BB
:108880005946019A00F0AEF910EB0800614100244E
:1088900087EA115284EAE7731A4340D0009A62B320
:1088A000019A012A4FEA075215DC001B61EB020115
:1088B0004FF0004202EA0752CDE90042001C41F5A8
:1088C000801132462B4600F076FA03B0BDE8F08FF7
:1088D00040462146F9E7001B61EB0201001C41F50F
:1088E000801300185B412018A2F5001747EB030125
:1088F00040EAD570B6196D4111E06D084FEA3606B1
:1089000045EAC0754FEA0752001B61EB0201001CEB
:1089100041F5801149084FEA3000001951413246B3
:108920002B4603B0BDE8F04F00F036BA00980122A4
:1089300040000023D0EB020263EBE0730098214675
:108940004FEAE074B8EB000061EB0401E9E783F063
:1089500000435BE781F0004158E72DE9FE4F81EAD3
:10896000030404F0004421F0004100944FF0000B98
:1089700023F0004350EA01045ED052EA03045BD0C6
:10898000C3F30A54C1F30A552C44A4F2F3340194FE
:10899000A0FB0254C1F3130141F48011C3F313038C
:1089A00043F4801301FB024400FB034E840A970A40
:1089B00044EA815447EA8357A4FB076802958D0A6D
:1089C00005FB07854FEA932C04FB0C542705029DF9
:1089D0004FEA065847EA1637B5EB08056EEB070C69
:1089E000870E920E47EA811742EA8312A7FB020123
:1089F000B6EB0B0164EB00042B0D43EA0C335E185D
:108A000044EB1C50DA465146E7FB0201C5F3130460
:108A10004FEA0B3343EA14534FEA0432019C43EA12
:108A20000603A4F10C040294009CCDE900B400F00C
:108A3000C2F903B0BDE8F08F00200146F9E72DE947
:108A4000F04D81EA030404F0004B21F00045144688
:108A50004FF0000A23F0004150EA050220D054EA0A
:108A600001021DD0C5F30A570246C5F31303C1F333
:108A70001300C1F30A5640F4801543F48013A7EBAA
:108A80000608101BD64608F2FD3873EB050002D32A
:108A900008F1010801E092185B41B8F1000F03DA18
:108AA00000200146BDE8F08D00204FF480110646FD
:108AB00084460EE0171B73EB050705D3121B63EB0F
:108AC000050306434CEA010C49084FEA30009218AE
:108AD0005B4150EA0107EDD152EA030012D082EA6D
:108AE000040083EA0501084305D0101BAB4106D200
:108AF0000122002306E000224FF0004302E06FF065
:108B0000010253101AEB06004CEB085110EB0A005F
:108B100041EB0B01BDE8F04D00F03EB900F0004222
:108B200030F000400AD0C10D01F56071C0F31600AD
:108B300042EA0151C2084007114370470020014634
:108B4000704701F0004330B421F0004150EA0102C7
:108B500006D00A0DA2F56072C1F31301002A02DCEF
:108B600030BC00207047440F44EAC104C100E01843
:108B700030BC00EBC25000F0D8B830B50B4601460F
:108B800000202022012409E021FA02F59D4205D3AC
:108B900003FA02F5491B04FA02F52844151EA2F156
:108BA0000102F1DC30BD202A04DB203A00FA02F198
:108BB000002070479140C2F1200320FA03F31943CB
:108BC00090407047202A04DB203A21FA02F000216D
:108BD000704721FA02F3D040C2F1200291400843CD
:108BE00019467047202A06DBCB17203A41FA02F0DB
:108BF00043EAE07306E041FA02F3D040C2F12002FA
:108C000091400843194670473A2800D2303820F086
:108C10002002412A01D3A2F13700884201D34FF04C
:108C2000FF3070470268114413780160184670479E
:108C3000D16004495161044911620021116111465A
:108C400000F0B6B9258C0000DD830000426842B117
:108C5000016811F8013B23B1521EC0E90012184609
:108C600070470121C160881E704742685AB1C368CD
:108C7000016843B983688B4205D0491E521CC0E984
:108C80000012002070474FF0FF3070472DE9F05F71
:108C900082460078002715468B460AF10104B94642
:108CA000302801D09DB113E014F8010B012778287A
:108CB00003D0582801D045B10AE00DB1102D07D1DD
:108CC0000027102514F8010B02E0082500E00A2512
:108CD0000026B0460EE005FB080005FB06F1012763
:108CE00001EB10461FFA80F8B6F5803F00D3B94675
:108CF00014F8010B2946FFF787FF0028EBDABBF1D8
:108D0000000F05D00FB1641E00E05446CBF80040C0
:108D1000B9F1000F06D002F065FE02210160C81E05
:108D2000BDE8F09F48EA0640FAE70029A8BF70476F
:108D3000401C490008BF20F00100704710B4B0FA91
:108D400080FC00FA0CF050EA010404BF10BC70472C
:108D500049B1CCF1200421FA04F411FA0CF118BF46
:108D6000012121430843A3EB0C01CB1D4FEA006115
:108D70004FEA102042BF002010BC704700EBC350E8
:108D800010440029A4BF10BC7047401C490008BF14
:108D900020F0010010BC704710B5141E73F10004E0
:108DA00008DA401C41F1000192185B411A4301D1DD
:108DB00020F0010010BD2DE9F04D92469B4611B107
:108DC000B1FA81F202E0B0FA80F220329046FFF769
:108DD000EAFE04460F4640EA0A0041EA0B01534608
:108DE0005A46084313D0114653EA010019D0C8F17E
:108DF00040025046FFF7E6FE05460E4650465946ED
:108E00004246FFF7D0FE084305D0012004E020468B
:108E10003946BDE8F08D0020054346EAE0762C4354
:108E200037430A986305E40AA0EB08000022FD0A14
:108E300044EA47540A3002D500200146E9E701051B
:108E400010196941DDE9084500196941BDE8F04D97
:108E5000A2E72DE9F04D00231A461B1A8A4103DBD5
:108E600000200146BDE8F08DC1F30A52C1F31301A1
:108E700041F480154FF0000BD10702D100186D416D
:108E8000521E0027044640F2FF11384601EB620AE9
:108E90003E468046024600204FF48011FFF792FEC6
:108EA000C2197141BB1846EB0100B4EB030C75EB22
:108EB000000C04D3E41A65EB000517460E4624198E
:108EC00008F101006D4180463428E3DDF91946EBD5
:108ED0000600091BA84103D24FF0FF32134601E000
:108EE000002213461BEB070046EB0A51BDE8F04D8C
:108EF000FFF752BFC1F30A52C1F3130140F2FF332F
:108F000041F480119A4202DA00200146704740F293
:108F100033439A42A2F2334202DC5242FFF752BE7E
:108F2000FFF741BE30B5041E71F1000404DB4FF0C1
:108F30000044404264EB0101141E73F1000405DBA0
:108F40001C464FF00043524263EB0403994208BFB2
:108F5000904230BD002801DBC0F10040002901DB58
:108F6000C1F10041814202D24FF0004004E04FF0D5
:108F7000005001D14FF0C0404FEA2062EFF3008172
:108F800062F31F6181F3008870470000064C074DB3
:108F900006E0E06840F0010394E8070098471034C9
:108FA000AC42F6D3FFF730F93853010058530100B3
:108FB0002DE9F34F8BB04FF0000801F10C000C4687
:108FC0004FF0010B46460DF1080A0190626901213C
:108FD00001989047051E2DD0252D2CD0216A884759
:108FE000C0B16269012101989047216A8847002831
:108FF000F7D1411E62690198904700E0761CA16993
:109000000B988847216A88470028F7D1E1690B98B7
:109010008847DBE7A1690B9888470746A84201D13A
:10902000761CD3E7E1690B9888477F1C02D1B8F121
:10903000000F6FD047E1002762693D46394601982D
:1090400090472A2804D1626901210198904701259F
:10905000DFF888926269012101989047A0F1300100
:109060000A290AD24F45E5DC07EB870100EB4107EF
:10907000303FDFD445F01005ECE7E90601D46FF08E
:1090800000476C280AD04C2814D0682815D06A28CC
:109090000DD074281CD07A281AD01DE062690121F5
:1090A000019890476C2802D045F0040514E045F083
:1090B00002050DE045F020050AE0626901210198F2
:1090C0009047682802D045F0080505E045F40065A2
:1090D0006269012101989047C4E9015765283DD094
:1090E00019DC58287AD00CDC452837D004DC252838
:1090F00026D0412831D131E046282FD047282CD125
:109100002CE05B2877D0612828D063287CD06428A5
:1091100023D15AE0D1E06F2848D008DC66281DD062
:1091200067281BD0692821D06E2816D127E0702827
:1091300045D0732868D0752847D078280DD14DE0E8
:10914000A1690B988847054625283FF469AFE16976
:109150000B9888476D1C3FF46AAFB4E023466A461B
:109160006FF001000B99AFF300809FE045F04000E5
:109170006060A80723464FF0000236D43EE0E807BF
:109180007FF447AF2068011D21600068290501D5E3
:1091900006701BE7290701D5068017E7A90703D545
:1091A000F117C0E9006111E706600FE745F04000E4
:1091B0006060A80723464FF0080216D41EE040F670
:1091C0000E0125EA0100606016E045F04000606095
:1091D000A80723464FF00A0207D40FE045F04000ED
:1091E0006060A80708D5234610226FF001000B9994
:1091F000AFF300805AE007E0234610226FF0010031
:109200000B99FFF76FF951E04FF000094F464B46BD
:10921000632802D05B2807D041E02079C00601D442
:109220000120A06001273AE062690121019890477E
:109230005E2805D14FF001096269494601989047BF
:10924000216939B900210A46534643F82120491CB7
:109250000829FADBB0B3216969B9C11700EBD16203
:1092600053110AEB830122F01F02821A01200B68BE
:10927000904003430B6062690121019890475D288B
:10928000E8D1B9F1000F09D00020514651F8202053
:10929000D24341F82020401C0828F7DB02AB2246CD
:1092A00000976FF001000B99FFF7C2F900280CDA64
:1092B000401C08D1BBF1000F05D04FF0FF300DB0BE
:1092C000BDE8F08FFFE74046F9E7E90701D108F173
:1092D000010806444FF0000B78E60000CCCCCC0C23
:1092E00070B58C1810F8015B15F0070301D110F868
:1092F000013B2A1106D110F8012B03E010F8016B95
:1093000001F8016B5B1EF9D12B0705D40023521E17
:109310000DD401F8013BFAE710F8013BCB1A921C7F
:1093200003E013F8015B01F8015B521EF9D5A1427D
:10933000D8D3002070BD000010B508680A220021B3
:10934000401CFFF71DFA04460A49A0F51660884242
:1093500084BF012010BD214607A004F08FFC0948FE
:10936000416CA14203D04464203006F05DFD002032
:1093700010BD0000207B1E00424155443D25640D78
:109380000A000000D40400200020012291078A6016
:109390000A60064A0649136813F0010F01D0002045
:1093A0007047401C8842F6DB012070470C040040E7
:1093B000A08601000548016841F080710160044801
:1093C000016841F00101016070470000FCED00E020
:1093D000001000E04FF0E020016941F0040101615C
:1093E0006FF07F4141610648074A06490068B0FBBB
:1093F000F2F04FF47A720860504348607047000002
:10940000CC030020CC01002040420F0010B50868BA
:109410000A220021401CFFF7B3F905490028086C17
:109420000CBF20F0010040F001000864002010BDD6
:10943000D40400202DE9F041242004F087FC0646E6
:109440000C2004F083FC8046242004F07FFC0546B9
:109450000C2004F07BFC304C0746242204F5BC7140
:109460003046FEF7C4FFD4F89C11C8F80010D4F8B9
:10947000A011C8F80410D4F8A411C8F808102422C8
:1094800004F5D8712846FEF7B2FFD4F8D41139603C
:10949000D4F8D8117960D4F8DC11B96004F0F8FF81
:1094A00005F0A6F82422314604F5BC70FEF79FFFB4
:1094B000D8F80010C4F89C11D8F80410C4F8A01112
:1094C000D8F80800C4F8A4012422294604F5D8706D
:1094D000FEF78DFF3968C4F8D4117968C4F8D81143
:1094E000B868C4F8DC0104F1200006F09DFC3046A9
:1094F00004F0A0FB404604F09DFB284604F09AFBD4
:10950000384604F097FB054804F0B8FB04F003FD6F
:109510000020BDE8F0810000D40400205CAC000015
:10952000094B0221196009490A68002AFCD0084A3F
:10953000106008680028FCD0002018600868002827
:10954000FCD000207047000004E5014000E4014029
:1095500008E501404FF48050704770472DE9F04F07
:109560000023002A27D9DFF854C0154F4FF0FF0819
:109570004FF001099A46C51805F00304A543E4001D
:10958000CE5C08FA04FED5F800B006FA04F42BEA23
:109590000E0B04EB0B06C7F80090DCF80040002C23
:1095A000FBD02E60DCF80040002CFBD0C7F800A0F8
:1095B0005B1C9342DFD30020BDE8F08F00E4014044
:1095C00004E501402DE9F04108F0F8FD154F0024B5
:1095D00007F108052646A00000F1804000F5C040D4
:1095E000D0F80011012916D13346C0F80061395D69
:1095F000002015F830208A4202D105EBC00302E0BA
:10960000401C2028F5D3002B1CBF5968002902D02C
:109610004FF000008847641C082CDCDBBDE8F041FB
:1096200008F0E6BDC000002070B50C4605460A2AC9
:109630004AD2DFE802F005190F492349494923328C
:10964000FF22284601F046FC00222146284600F071
:109650008FF839E00122284601F03CFC0022214627
:10966000284600F085F82FE00022284601F032FC61
:1096700000222146284600F07BF825E0042A4FF01E
:10968000010000FA04F00CBF1049114908600122E2
:109690002146284600F06CF816E00122284600F02A
:1096A00067F80A490120A0400860A00000F1A0412D
:1096B000D1F8000720F4E060C1F80007D1F80007F6
:1096C00040F4C060C1F80007284670BD080500508E
:1096D0000C05005002480068C84000F001007047C7
:1096E0001005005001208840002A14BF014902499A
:1096F00008607047080500500C05005010B41B4A64
:1097000001234FF0400C082829D2DFE800F0040BB9
:109710000E1114171A21002914BFC2F80433C2F81D
:1097200008331CE00220A9B917E0042091B914E025
:10973000082079B911E0102061B90EE0202049B964
:109740000BE0002914BFC2F804C3C2F808C306E046
:10975000802011B1C2F8040301E0C2F808034FF001
:10976000E020C0F800C110BC00207047006000403D
:10977000880000F1A040D0F8003723F00203C0F8C1
:10978000003701208840012A02BF0649086070475F
:1097900005490860091D0860081D016821F00101E4
:1097A00001607047180500501C05005030B585B0A9
:1097B000086804AB6A4631A1FEF778FE02283DD165
:1097C00030A16846FEF754FE2F4C60B12FA16846C9
:1097D000FEF74EFE002837D02DA16846FEF748FE62
:1097E000002837D02AE00499481E102804D31021FD
:1097F00028A004F043FA21E02DA004F03FFAD4F8A9
:10980000D00004994FF47F4220F47F4002EA012106
:109810000843C4F8D00004F1200006F005FB04F072
:10982000ABF92B4844682B48057804F0A7F90CB134
:10983000A04706E02DB1284804F020FA05B0012029
:1098400030BD05B0002030BD24A004F017FA05B0EB
:10985000012030BD28A0049904F010FAD4F8D000FB
:10986000049920F07F4040EA0160C4F8D00004F180
:10987000200006F0D9FA05B0002030BD3D25337335
:109880002C256400434E5400D4040020465251005D
:10989000524F4C00434E54206F7574206F662072F7
:1098A000616E67652028312D2564290D0A000000AE
:1098B0006D617820747261636B61626C65206E6F9C
:1098C0006465732073657420746F3A25640D0A0013
:1098D000B01D00206C03002048A500004572722EC8
:1098E000205573652041542B4F445220696E737488
:1098F0006561642E0D0A0000726620726F6C65202F
:1099000073657420746F3A25640D0A0070B50C46B7
:109910000868FEF7A6FD0F4DA8B120680A220021B5
:10992000401CFEF72DFF042812D8D5F8D010C0B285
:1099300021F0FF010843C5F8D00005F1200006F032
:1099400073FA002070BD95F8D01003A004F096F9CA
:10995000012070BDD404002025640D0A0000000021
:1099600070B50C460868FEF77CFD0F4DA8B1206865
:109970000A220021401CFEF703FFFF2812D8D5F869
:10998000D010C0B221F0FF010843C5F8D00005F1A6
:10999000200006F049FA002070BD95F8D01003A011
:1099A00004F06CF9012070BDD404002025640D0A78
:1099B00000000000002812BF002001480068704726
:1099C000CC030020014800687047000000040040FC
:1099D0004FF080510A6E0260496E4160704700008E
:1099E000084A094981B0107851F82000D0F81011C8
:1099F0000029FBD00021C0F8101150788DF800002C
:109A000001B07047F0010020BC47010070B50C4662
:109A10000868FEF726FD0B4D78B120680A22002168
:109A2000401CFEF7ADFE296B814204D0286305F18E
:109A3000200006F0F9F9002070BD03A0296B04F0A6
:109A40001DF9F8E7D404002025640D0A0000000089
:109A50002DE9F0410C462DED028B9AB00868F5A176
:109A6000FEF706FDF44E28B1F4A12068FEF700FDD4
:109A7000002839D106F002FB03F050FD60B9F04830
:109A8000B26EF0A150F82230F0A004F0F7F8F3A184
:109A9000F3A0326B04F0F2F8D6E90A23F3A1F5A0A3
:109AA00004F0ECF8B06CF6A1020CF7A004F0E6F8B4
:109AB00096F8D020F7A1F9A004F0E0F803F02EFD0D
:109AC00090B1B6F8D000C0F30725002D08BF0125DE
:109AD0002A46F5A1F1A004F0D1F8012D0BD06A1EA1
:109AE000F4A1F7A004F0CAF8F8A12068FEF7C0FCC2
:109AF000002826D104E0EFA1F6A004F0BFF8F3E7B8
:109B0000B6F8F222F6A1E0A004F0B8F8F6A1F9A0A8
:109B1000D6F8E82204F0B2F896F88000F94900F08F
:109B20000F000A5CF8A1FAA004F0A8F8D6F88000AB
:109B30001E2101EAD000F9490A5AF9A1FAA004F05D
:109B40009DF8FDA12068FEF793FC50B904F0E7F9F9
:109B5000054604F0E6F9B5FBF0F2F9A1FAA004F02D
:109B60008DF8FCA12068FEF783FC00282CD106F5B7
:109B7000B871FAA003F02EFE032206F5CE71F9A00B
:109B800003F04CFE032206F53071F9A003F046FE07
:109B900006F5D471F9A003F01DFE032206F5EA7163
:109BA000F0A003F03BFE032206F52D71F5A003F0B3
:109BB00035FE06F5F071F6A003F00CFE032206F563
:109BC0000371E8A003F02AFEF3A12068FEF750FC21
:109BD0009FEDF38A00284FD1A0A1B0A0326B04F012
:109BE0004DF898A1ADA0B26E04F048F896F8D020D8
:109BF000A8A1AAA004F042F8EAA1A8A0726C04F0FF
:109C00003DF8D6F88400FEF789FF41EC100BE7A180
:109C100053EC102BE7A004F031F8D6F88C00FEF7D7
:109C20007DFF41EC100BE7A153EC102BE1A004F0F9
:109C300025F8D6F89000FEF771FF41EC100BE4A177
:109C400053EC102BDBA004F019F8D6F89400FEF7C3
:109C500065FF41EC100BE1A153EC102BD5A004F0F3
:109C60000DF8B6F8F422DFA18CA004F007F806F591
:109C7000A271DFA003F0AEFDDFA12068FEF7F8FBC4
:109C8000D0B996F8D02083A184A003F0F7FFB6F8EE
:109C9000D000DAA1C0F3072280A003F0EFFFB06C80
:109CA000DAA1020C7DA003F0E9FFD6F8D000D9A11B
:109CB000020E7AA003F0E2FFD8A12068FEF7D8FBDD
:109CC00050B905F019FB05F02BF904F02AF902460A
:109CD000D4A16DA003F0D2FFD4A12068FEF7C8FB89
:109CE00040B1D4A12068FEF7C3FB002800F0B68283
:109CF00000F0E7BAF56E022D88BF00252F46022D31
:109D000002BF96F8640010F0010F0127684604F0C6
:109D1000B5FBDFF8288304462A4658F82530C8A149
:109D2000CAA003F0ABFF58F827303A46CBA1C7A032
:109D300003F0A4FFCDA16FA0726E03F09FFF002C73
:109D400014BF9DED000AB0EE480A10EE100AFEF7AF
:109D5000E5FE41EC100BC8A153EC102BC9A003F099
:109D60008DFF002C14BF9DED050AB0EE480A10EEE1
:109D7000100AFEF7D3FE41EC100BC6A153EC102BDA
:109D8000C0A003F07BFF002C14BF9DED010AB0EED4
:109D9000480A10EE100AFEF7C1FE41EC100BBFA1FD
:109DA00053EC102B83A003F069FF002C14BF9DED32
:109DB000020AB0EE480A10EE100AFEF7AFFE41ECC0
:109DC000100BB8A153EC102B7AA003F057FF002C16
:109DD00014BF9DED030AB0EE480A10EE100AFEF71C
:109DE0009DFE41EC100BB1A153EC102B71A003F0C0
:109DF00045FF002C14BF9DED040AB0EE480A10EE9A
:109E0000100AFEF78BFE41EC100BAAA153EC102BAD
:109E100068A003F033FF002C14BF9DED060AB0EEDE
:109E2000480A10EE100AFEF779FE41EC100B53ECD5
:109E3000102B43E100000000D40400203D4C000042
:109E4000200300204D4F44453A000000252D3136B7
:109E5000732564282573290D0A00000049443A003F
:109E6000252D313673307825580D0A005555494453
:109E70003A000000252D313673255825580D0A006B
:109E80004F44523A00000000252D313673256448B6
:109E90007A0D0A00475749443A000000252D313613
:109EA0007325640D0A0000004D4158204E4F444573
:109EB000533A0000534C4156452049443A000000B3
:109EC000252D313673307E25640D0A003D53454EF5
:109ED000534F5200252D313673300D0A000000001B
:109EE000677972206672710073656E736F7220738A
:109EF00074730000252D3136733078253038580DB5
:109F00000A000000100300204143435F52473A001B
:109F1000252D3136732564470D0A000014030020F7
:109F20004759525F52473A00252D313673256464F4
:109F300070730D0A000000003D4350550000000002
:109F400074696D6500000000252D3136732564208D
:109F5000730D0A003D43414C000000004143430D96
:109F60000A0000006E6F68656164657200000000A1
:109F70005243204143430D0A000000004759520D4F
:109F80000A0000005243204759520D0A0000000009
:109F90004D41470D0A0000003D555352000000009E
:109FA00000000000424155443A00000047425F541F
:109FB00048523A00252D31367325302E34660D0A6D
:109FC000000000004C4D465F5448523A000000002B
:109FD0005A5354445F5448523A0000005A444D4189
:109FE000583A0000494D555F434F4F52443A0000E4
:109FF000555246520D0A00003D5246004D41585FF1
:10A000004E4F44455F53495A453A00004652513A33
:10A0100000000000524F4C453A0000003D53595398
:10A02000000000006F73207469636B003D44524967
:10A03000465400003D4853490000000054030020EE
:10A0400044524946545F4D4F44453A00252D313620
:10A0500073256420282573290D0A000044524946BF
:10A06000545F4150504C593A000000004655535F30
:10A0700043544C3A0000000044524946545F573A5A
:10A0800000000000252D31367325302E36660D0A6E
:10A090000000000057425F4546463A00575F414383
:10A0A000433A0000575F5354443A0000575F475902
:10A0B000523A0000575F5241573A000082A1AFF276
:10A0C0000C1003F0DBFD002C18BF9DED078A18EE85
:10A0D000100AFEF723FD41EC100B7EA153EC102B70
:10A0E000AFF2301003F0CAFDD6F8CC02FEF716FD31
:10A0F00041EC100B7AA153EC102BAFF2481003F097
:10A10000BDFDD6F8D402FEF709FD41EC100B77A196
:10A1100053EC102BAFF2641003F0B0FDD6F8D80268
:10A12000FEF7FCFC41EC100B73A153EC102BAFF2CB
:10A130007C1003F0A3FD002C14BF1298D6F8840005
:10A14000FEF7ECFC41EC100B6EA153EC102BAFF2C0
:10A150009C1003F093FD002C12BF139806F19000A1
:10A16000D6F89000FEF7DAFC41EC100B68A153EC36
:10A17000102BAFF2C01003F081FD002C12BF149819
:10A1800006F19400D6F89400FEF7C8FC41EC100BE1
:10A1900062A153EC102BAFF2E41003F06FFD62A14B
:10A1A000AFF2B020D6F8EC2203F068FDB6F8F62244
:10A1B00060A163A003F062FD002C31D063A160A018
:10A1C000169A03F05BFD65A15DA0159A03F056FD9C
:10A1D00065A15BA0179A03F051FD66A158A0189ADB
:10A1E00003F04CFD0898FEF799FC41EC100B64A1BC
:10A1F00053EC102BAFF2442003F040FD03226C46D9
:10A2000009A962A003F00AFB032204F1300163A054
:10A2100003F004FB032204F13C0163A003F0FEFA07
:10A22000032206F5377164A003F0F8FA032206F55D
:10A230002D7164A003F0F2FA032206F5187165A0EF
:10A2400003F0ECFA032206F52A7165A003F0E6FAA2
:10A2500000201AB0BDEC028BBDE8F081B6F8A40076
:10A2600062A1C0F30722AFF2CC3003F007FDD6F8AD
:10A27000A800FEF753FC41EC100B5EA153EC102B31
:10A280005EA003F0FBFC96F8A4205FA161A003F0A0
:10A29000F5FCD6F8AC00FEF741FC41EC100B60A1D8
:10A2A00053EC102B55A003F0E9FCD6F8B000FEF7F4
:10A2B00035FC41EC100B5CA153EC102B4FA003F0CC
:10A2C000DDFC0020C5E700004143435F4E4F524D87
:10A2D0003A0000004156475F4759523A00000000DB
:10A2E0005354445F4143433A000000004759525FD2
:10A2F00054454D503A00000054454D505F42415383
:10A30000453A0000424941535F5448523A00000028
:10A310005354445F5448523A0000000044454C54A2
:10A32000415F4D41583A0000544553545F43544CEB
:10A330003A0000005359535F52435F434E543A0072
:10A34000252D313673256C750D0A00005A41525582
:10A350005F52435F434E543A000000005A41525549
:10A360005F53554D3A0000005A4152555F555044D5
:10A370003A0000005A4152555F4C4153543A000094
:10A380005A4152555F5354443A0000005A415255C5
:10A390005F5354445F58595A0D0A00005A415255B0
:10A3A0005F424941530D0A005A4152552052432001
:10A3B0004759520D0A000000535953204249415356
:10A3C0000D0A0000535953205243204759520D0A99
:10A3D0000000000043414C204759520D0A00000084
:10A3E00043414C20475952320D0A000076616C6996
:10A3F000643A00006669746572723A00252D313640
:10A400007325660D0A00000062696E5F73746174E3
:10A4100075733A00252D313673256425250D0A0004
:10A42000666C75783A000000696E636C696E6174E1
:10A43000696F6E3A0000000010B500F001F810BD21
:10A44000704700002DE9F047086800260A223146CF
:10A45000401CFEF795F90546401EB0F5C87F24BFA5
:10A460000120BDE8F087DFF8B880D8F84800B5EBE8
:10A47000104F05D080B240EA05400126C8F84800D8
:10A480001FFA85FA03F078FBDFF89890D9F8087086
:10A4900003F074FB002417B15046B847044664B17A
:10A4A000D8F8D000C0F30721A14206D020F47F40A5
:10A4B00040EA0420C8F8D00000E01EB108F12000F6
:10A4C00005F0B2FC184EACB12246294617A003F0A5
:10A4D000D5FB03F051FB3578D9F8044003F04EFB6F
:10A4E0000CB1A04719E0C5B117A003F0C7FB0120CC
:10A4F000BDE8F087AFB203F03FFB3578D9F80040F4
:10A5000003F03CFB14B13846A04706E02DB119A07A
:10A5100003F0B4FB0120BDE8F0870020BDE8F08720
:10A52000D4040020B01D00206C0300204F44523D95
:10A53000256420487A2C206D6178206E6F646573E5
:10A540003D25640D0A00000052462072756E746944
:10A550006D6520686F6F6B206D697373696E673A04
:10A5600020636F6E6669675F6368616E6765640D1F
:10A570000A00000052462072756E74696D6520688D
:10A580006F6F6B206D697373696E673A206F6472C9
:10A590005F6368616E6765640D0A000010B507F0BF
:10A5A0000DFE4FF08040D0F8081131B10021C0F805
:10A5B000081104480168491C0160BDE8104007F01B
:10A5C00017BE000000000020114918B40978114A94
:10A5D0008DF80000002352F821C0CCF81C3152F84D
:10A5E00021C0CCF8203152F821C00123CCF84835E5
:10A5F00052F82140C4F844D552F821C0CCF80830B4
:10A6000052F82110D1F81C21002AFBD018BC704749
:10A61000F0010020BC470100054A012303FA00F0C5
:10A620000029116814BF084321EA00001060704738
:10A63000301500400649086810F4807F14BF40F6CA
:10A6400038104FF41660096801F03F010844704764
:10A6500008150040014800687047000004150040DC
:10A6600070B507F0ABFD1C4CD4F830011B4D002633
:10A6700050B1C4F83061686830B1FFF7EBFF0022D9
:10A6800001466B6810469847D4F8340138B1C4F8D5
:10A6900034616B681BB10022114601209847D4F841
:10A6A0000C01002818BFC4F80C610D4800680A2886
:10A6B0000ED10021172003F0C5FA00F041F9A86877
:10A6C000002818BF00F01EF90121084600F0FEF82E
:10A6D000BDE8704007F08CBD00100040B4030020BE
:10A6E000501500401448134901600821021F1160F1
:10A6F000016821F0FF010160016841F08001016003
:10A700000E48022101600F490D480860091D4FF6EF
:10A71000FF7008600C490020C1F800020B48016876
:10A7200041F0010101600A49042008600949012043
:10A7300008607047FF000401181500403415004000
:10A740002110010038150040001000405016004054
:10A750000C150040FC1F00400149086070470000D4
:10A760000815004010B44FF0E02202234FF0010C16
:10A77000C2F800311B4A072824BF10BC7047DFE82D
:10A7800000F0120E041E23281A00082019B1C2F886
:10A79000040310BC7047C2F8080310BC70470420C3
:10A7A0000029F8D0F3E7002914BFC2F80433C2F837
:10A7B000083310BC704780200029ECD0E7E74FF445
:10A7C00080500029E7D0E2E74FF400500029E2D0A2
:10A7D000DDE7002914BFC2F804C3C2F808C310BCE7
:10A7E000704700000010004004490A6822F0FF0290
:10A7F0000A600A68C0B2104308607047181500402C
:10A800000749002818BF012807D0022808BF0320E5
:10A8100003D003280CBF0420704708607047000075
:10A8200010150040014908607047000020150040E5
:10A83000254B1A1D082828BF7047DFE800F0040BDD
:10A84000141C242B343C186820F0FF001860186892
:10A85000084306E0186820F47F401860186840EA52
:10A86000012018607047186820F47F00186018688D
:10A8700040EA0140F5E7186820F07F40186018684A
:10A8800040EA0160EDE7106820F0FF0010601068FA
:10A89000084306E0106820F47F401060106840EA2A
:10A8A000012010607047106820F47F00106010686D
:10A8B00040EA0140F5E7106820F07F401060106822
:10A8C00040EA0160EDE70000241500400C4A68B141
:10A8D000012818BF70470029D2F8000214BF40F0C9
:10A8E000200020F02000C2F800027047D2F80002D9
:10A8F000002914BF40F0010020F00100F3E7000040
:10A900000010004003490860034901208860486145
:10A91000704700000415004000100040054A106018
:10A920000548016005480021C0F80C110121816033
:10A93000704700002C150040041500400010004036
:10A9400030B41D4D6868401C68601C4A10680228BD
:10A950001FBF106801281068032804BF30BC70476F
:10A960004FF0000C1649C1F800C14FF001044C60D3
:10A97000D1F8003142F21070002B1CBF30BC704780
:10A98000401E13D2E868401CE86042F21070CC60B0
:10A990000C61136823B1401E02D31368002BFAD157
:10A9A000C1F800C1C1F80CC130BC7047D1F800310A
:10A9B000002BE5D030BC7047E81600205015004051
:10A9C0000010004030B4364C2068401C20603549EF
:10A9D00008680A281FBF0868092808680B2804BFF0
:10A9E00030BC704708684FF000034FF0010C2E4A4E
:10A9F00002281FBF086801280868032821D1C2F86F
:10AA00000CC00D6842F21070022D1AD0401E15D2F3
:10AA1000A068401CA06042F21070C2F80CC0C2F8DE
:10AA200010C0D1F800C0BCF1000F2DD0401E2BD3B8
:10AA3000D1F800C0BCF1000FF8D125E00D68022D5F
:10AA4000E4D1C2F80031C2F800C0D2F8005142F29D
:10AA50001070002D1CBF30BC7047401E1AD2A06879
:10AA6000401CA06042F21070C2F80CC0C2F810C0C6
:10AA7000D1F800C0BCF1000F06D0401E04D3D1F8BD
:10AA800000C0BCF1000FF8D1C2F80031C2F80C319F
:10AA900030BC7047D2F80051002DDED030BC70477A
:10AAA000E8160020501500400010004000B58BB0A3
:10AAB000002000900290039004900590069007906B
:10AAC00008900990086802AB6A460CA1FDF7EEFCFD
:10AAD000022805D00CA003F0D1F80BB0012000BD76
:10AAE00002A911A0009A03F0C9F8009802A9C0B207
:10AAF00006F0C8FB0BB0002000BD00003D25642C13
:10AB0000253331730000000075736167653A204199
:10AB1000542B5246434D443D3C69643E2C3C636D8E
:10AB2000643E0D0A0000000073656E6420222573E8
:10AB30002220746F206465766963655B25645D0D12
:10AB40000A00000070B5A4B00025684606F020FB9E
:10AB500003F03EF91849024618A091F8D01003F00E
:10AB60008DF8DDE900121CA003F088F801F036FF33
:10AB700001461EA003F082F821A003F07FF89DF8A3
:10AB8000880000240028C8BF6E460EDD06EBC40016
:10AB9000017AC26821A003F071F8681CC5B29DF863
:10ABA0008800641CA042F1DC15B921A003F066F80E
:10ABB00024B0002070BD0000D404002067776964D1
:10ABC0003A256420726164696F20667265713A2566
:10ABD000644D687A0D0A000054583A256C75487A1D
:10ABE0002052583A256C75487A0D0A0074726163D8
:10ABF0006B2063617061636974793A25640D0A00A2
:10AC0000726164696F20726F75746572207265631A
:10AC100076206465763A0D0A000000005B69643AAC
:10AC2000253033645D20256C7520487A0D0A0000BC
:10AC3000286E6F20616374697665206E6F6465208D
:10AC40007374617473290D0A0000000010B503A02D
:10AC500003F014F803F05FF9002010BD4F4B0D0A0C
:10AC6000000000002DE9F043086885B03D21FDF7A4
:10AC7000EEFB050059A0DFF874810FC88DE80F00C6
:10AC80004FF001076E461CBF68780D2816D00A28C1
:10AC90001EBF00284FF000094C460FD004AA54A153
:10ACA00005F10100FDF702FCC0B2012819D051A046
:10ACB00002F0E4FF05B00120BDE8F08352A002F0ED
:10ACC000DDFF0024D8F8480007FA04F108421FBF4E
:10ACD000315DFF2950A002F0D1FF641C102CF1DB84
:10ACE00071E000239DF810001946725CFF2A05D020
:10ACF000824203D107FA01F0044303E0491C102902
:10AD0000F3DBD3B12C21681C09F10109FDF79FFB8E
:10AD1000050002D0B9F1100FC0DBB9F1000F08D067
:10AD200014F4807F18BF14F4007F0BD03DA002F014
:10AD3000A5FF05B00120BDE8F083C1B244A002F038
:10AD40009DFFF6E750A002F099FF002507FA05F0F5
:10AD500020421FBF715DFF292FA002F08FFF6D1CE5
:10AD6000102DF3DBD8F84820D8F8D41093B201F0B6
:10AD700001000546A34214BF0123002314F4807F81
:10AD800018BF012523D0A84218BF012600D10026F4
:10AD900053EA060017D06FF30F0242EA0400C8F826
:10ADA000480026B121F001002843C8F8D40008F17A
:10ADB000200005F039F836B1002D0CBF092108211B
:10ADC00036A002F05BFF05B00020BDE8F08314F46C
:10ADD000007F18BF0025D6D1D9E7000091FFFFFF03
:10ADE000FFFFFFFF626393FFFFFFFFFFD40400201C
:10ADF000255800004552523A2062616420746F6BFE
:10AE0000656E0D0A000000007061636B6574206957
:10AE100074656D733A0D0A005B3078253032585DE9
:10AE20000D0A00004552523A203078363220616EC9
:10AE300064203078363320617265206D75747561D9
:10AE40006C6C79206578636C75736976650D0A00A2
:10AE50004552523A20756E6B6E6F776E206974653D
:10AE60006D20307825303258202876616C69643A3C
:10AE7000203078393120307836322030783633201F
:10AE800030783933290D0A006E6577207061636B65
:10AE90006574206974656D733A0D0A005246206628
:10AEA0006F726D6174206175746F3A30782530323D
:10AEB0005820287265626F6F7420746F2061707003
:10AEC0006C79290D0A000000014A5160106070473A
:10AED000E0010020880000F1A040D0F8001721F028
:10AEE0000C01C0F80017002A04BFD0F8001741F089
:10AEF000040106D0012A06BFD0F8001741F00C016A
:10AF00007047C0F80017704710B507F057F908F000
:10AF1000F7FDBDE8104007F06BB900000249014899
:10AF2000086070470090D003CC03002070B4B44890
:10AF3000B44A01250078111D2C074FF0000C06289B
:10AF400004BF137813F00F0F06D0062804BF137840
:10AF500013F00F0F13D10DE00B7803F0F003302B3B
:10AF60001CBF402B502BF0D1B4F82433A64EC3F3B2
:10AF7000042333600B7803F0F003302B0CD0062849
:10AF800004BF137813F00F0F0AD0062804BF1378FC
:10AF900013F00F0F17D111E09D4E9C4B736707E024
:10AFA0000B7803F0F003302B1CBF402B502BECD15F
:10AFB000D4F84432974EC3F3423333600B7803F036
:10AFC000F003302B0CD0062804BF137813F00F0FBA
:10AFD0000CD0062804BF137813F00F0F1CD116E015
:10AFE0008D4B1E6826F080761E6007E00B7803F01C
:10AFF000F003302B1CBF402B502BEAD14FF0804385
:10B00000C3F80CC1C3F810C1844BC3F800C00B785F
:10B0100003F0F003302B06D0062804BF137813F09A
:10B020000F0F0AD104E07E4E4FF0030333600BE0B4
:10B030000B7803F0F003302B06D0062804BF1378FA
:10B0400013F00F0F13D10DE0764E4FF00503336070
:10B05000754B1D60754BC3F800C006F104064FF038
:10B060003F0333600B7803F0F003502B0CD006281D
:10B0700004BF137813F00F0F58D0062804BF1078C0
:10B0800010F00F0F70D15FE0694B1B68694E3360A1
:10B09000694B1B6806F104063360684B1B6806F1B8
:10B0A00004063360664B1B6806F104063360654B8B
:10B0B0001B6806F104063360634B1B6806F1040647
:10B0C0003360624B1B68624E3360624B1B6806F153
:10B0D00004063360604B1B6806F1040633605F4B67
:10B0E0001B6806F1040633605D4B1B6806F104061D
:10B0F00033605C4B1B6806F1040633605A4B1B68D7
:10B100005A4E33605A4B1B6806F104063360594BA4
:10B110001B6806F104063360574B1B6806F10406F2
:10B120003360564B1B6806F1040633600B7803F05E
:10B13000F003302B1CBF402B502B9ED1D4F858026B
:10B140004F4A00F04F001060087800F0F0003028FF
:10B150001CBF4028502807D14A48016811F0010F50
:10B160001CBF6FF001010160D4F83001062804BF54
:10B17000D4F83401062804D14348016841F48061C1
:10B1800001604248016841F470010160BFF34F8FD4
:10B19000BFF36F8F4FF01022D2F8000210F0004F73
:10B1A00004BFD2F8040210F0004F23D0384B1D60CA
:10B1B000384801680029FCD04FF01504C2F800425D
:10B1C00001680029FCD0C2F8044201680029FCD0C3
:10B1D000C3F800C001680029FCD0BFF34F8F2E4890
:10B1E00001682E4A01F4E06141EA02010160BFF307
:10B1F0004F8FFEE72B492A48086070BC704700005B
:10B20000E00F00F0E40F00F0403501400DF0ADBA62
:10B2100000C007403C050040FCED00E03805004060
:10B22000A0050040105600408856004018560040C7
:10B230000404001020C50040080400100C04001095
:10B240001004001014040010180400101C04001056
:10B2500040C5004020040010240400102804001001
:10B260002C040010300400103404001060C50040AD
:10B27000380400103C040010400400104404001086
:10B28000E40E0040000400403C17004088ED00E060
:10B2900004E5014000E401400CED00E00400FA0583
:10B2A0000090D003CC0300202DE9F0478AB001F0D4
:10B2B0008FFB804601F092FB06000CBF0124044680
:10B2C00001F080FB0546414801F0CCFB824601F0CD
:10B2D0006DFB814601F070FB07463DA002F0CEFCFD
:10B2E000414643A002F0CAFCBAF1000F14BF082186
:10B2F000092144A002F0C2FC314648A002F0BEFC85
:10B3000049464BA002F0BAFC642015FB00F2294626
:10B310004DA002F0B3FC394655A002F0AFFC601E10
:10B3200010FB05F000EBC00101EB00104FF496712B
:10B3300001EB80043D1B54A002F0A0FC214659A063
:10B3400002F09CFC29465EA002F098FC00200190CF
:10B35000029003900490059006900790089005A82D
:10B36000009004AB03AA02A901A802F087FB08AA77
:10B3700007A906A802F070FB57A002F07FFC60A0AE
:10B38000069902F07BFC64A0079902F077FC68A0A4
:10B39000089902F073FC6CA002F070FC73A0019994
:10B3A00002F06CFC77A0029902F068FC7BA0039984
:10B3B00002F064FC7FA0049902F060FC83A0059970
:10B3C00002F05CFC0AB00020BDE8F087F404002025
:10B3D0003D3D3D2054444D4120436F6E6669677585
:10B3E000726174696F6E203D3D3D0D0A00000000E2
:10B3F000476174657761792049443A2020202025EF
:10B40000640D0A00524620466F726D61743A202026
:10B410002020203078253032580D0A004D617820E8
:10B420004E6F6465733A202020202025640D0A00A9
:10B4300041637475616C204F44523A2020202025CE
:10B440006420487A0D0A000044656C74613A20203B
:10B4500020202020202020256420287831303075BD
:10B4600073203D202564207573290D0A000000001B
:10B470004379636C6520506572696F643A202025BA
:10B480006C752075730D0A002D2D2D2054696D6982
:10B490006E6720416E616C79736973202D2D2D0DBF
:10B4A0000A0000004C617374204E6F64652054588C
:10B4B0003A20207E256C752075730D0A000000006F
:10B4C0004379636C65204D617267696E3A2020256F
:10B4D0006C752075730D0A002D2D2D205365726932
:10B4E000616C204F757420286C61737420616374E3
:10B4F00069766520317329202D2D2D0D0A0000005D
:10B500005472696767657220726174653A202025FC
:10B510006C7520487A0D0A0053656E742072617450
:10B52000653A2020202020256C7520487A0D0A00DD
:10B5300044726F702074785F627573792F733A2547
:10B540006C750D0A000000002D2D2D2053657269C9
:10B55000616C204F7574202873696E636520626F7B
:10B560006F7429202D2D2D0D0A0000004F757420B9
:10B570006576656E74733A20202020256C750D0A5F
:10B58000000000004672616D65732073656E743A49
:10B59000202020256C750D0A0000000044726F7099
:10B5A0002074785F627573793A2020256C750D0AD6
:10B5B0000000000044726F70206E6F2D6461746132
:10B5C0003A2020256C750D0A0000000054582074A4
:10B5D000696D656F7574733A202020256C750D0AAE
:10B5E0000000000010B506F0E9FD07490020C1F891
:10B5F0004001064803681BB100214268084698478D
:10B60000BDE8104006F0F4BD008000401C2F002073
:10B61000024A012152F82000C1607047A84701008A
:10B62000194B30B453F820C00324CCF81045DFF890
:10B630005CC002255200CCF8005053F820C04FF4F3
:10B64000A86505EB81054CF8052053F820204FF044
:10B65000010CC2F80CC053F820500022C5F8042594
:10B6600053F82020C2F8084553F82020D2F80042B1
:10B670000CFA01F12143C2F8001253F82000C0F87F
:10B6800000C030BC70470000A8470100EC0100205A
:10B690004FF0010C10310CFA01F30B49002A51F85C
:10B6A000201014BFC1F80433C1F808330749085605
:10B6B00000F01F010CFA01F14009800000F1E020C8
:10B6C000C0F8001170470000A8470100A44701001E
:10B6D000084B4FF0010C083153F820000CFA01F12F
:10B6E000002AD0F8002214BF114322EA0101C0F859
:10B6F00000127047A8470100DFF828C010B40223E9
:10B70000CCF800305300084A4FF4A86404EB8101E0
:10B7100052F820C04CF8013052F820000121C160DD
:10B7200010BC7047EC010020A8470100024A01212B
:10B7300052F8200001607047A8470100024A012129
:10B7400052F8200041607047A847010070B51E4DB7
:10B75000D5F810011D4C00281CBFD5F8040310F0CB
:10B76000100F1ED0208B10F4007F16D0184E606D85
:10B77000317801444FF0000000F02CF83078E16D92
:10B78000401CC0B2B0FBF1F201FB1200307040F27D
:10B7900003110E4806F086FB03E001210B4806F07A
:10B7A00081FBD5F8200100281ABFD5F8040310F456
:10B7B000807F70BD4FF00000C5F82001A06DBDE88E
:10B7C000704007F043BA00000020004074160020CB
:10B7D000C8010020084A52F82000D0F81021002AA1
:10B7E00004BF012070470022C0F8102103484078B0
:10B7F0000870104670470000BC470100F0010020AF
:10B8000070B51E4B082253F820C0CCF8002500224A
:10B8100084461C1D54F832508D4206D104EBC205FB
:10B8200053F82C606D68C6F82455521C0A2AF1D3CF
:10B8300053F82010D1F8002242F02002C1F8002273
:10B8400053F820200121C2F8381553F820C00C4AC3
:10B85000CCF8342553F82020116053F82020916053
:10B86000084C217839B10849087008490848FFF7A1
:10B870002BFB00202070002070BD0000BC470100A1
:10B88000F1010020E8010020F0010020E199000012
:10B89000C9A5000003B40F49002251F82030C3F8B5
:10B8A0001C2151F82030C3F8202151F8203001220A
:10B8B000C3F8482551F820C001ABCCF8443551F805
:10B8C00020309A6051F82000D0F81C110029FBD0DC
:10B8D00002B07047BC470100154B10B41B56012441
:10B8E00003F01F0C04FA0CFC5B099B0003F1E0233E
:10B8F000C3F800C10F4B39B1012902D0022907D08A
:10B9000012E010213AB90BE04FF480711AB907E048
:10B910004FF4003122B153F82000C0F8041303E0C3
:10B9200053F82000C0F8081310BC00207047000036
:10B93000B8470100BC4701000A4B10B453F820403F
:10B940004FF0000CC4F820C153F820C0CCF84825B3
:10B9500053F82020C2F8441553F8200001218160DB
:10B9600010BC7047BC47010002490148086070479D
:10B970003546526E000601407CB50C001D46164649
:10B98000014601D0601E00E00020CDE90010064B0A
:10B990006A462946304600F0DDFB002C02D0009AB2
:10B9A000002111707CBD0000E5C80000002101608D
:10B9B0000171704700210160416070474100080239
:10B9C00018BF04200A0E18BF40F001004FF07F425C
:10B9D00032EA010108BF40F00200012808BF05203B
:10B9E0007047000000487047D003002010B54FF0AA
:10B9F0000E402DED028BB0EE408A18EE104A00EB9F
:10BA00004400B0F1506F4AD84FF0FC40B0EB440F07
:10BA100022D2B0EEC80AF7EE000A30EEC00AF6EE07
:10BA2000000A60EE208A18EE900A08F0AFFB01EEE3
:10BA3000100A14F0004F1DBFDFED2D0A9FED2D0AF7
:10BA4000B1EE411ADFED2C0A08BF9FED2C0AF8EE8B
:10BA5000001A21EE218A05E0DFED290A68EE088A46
:10BA6000B0EE600A9FED271ADFED271A30EE080AC4
:10BA700048EE811A9FED251A08EEA11ADFED241A6F
:10BA800048EE811A9FED231A08EEA11A68EE281AD3
:10BA9000BDEC028B01EE810A30EE200A10BD4FF0A2
:10BAA000E440B0EB440F0CD918EE100AFFF786FF04
:10BAB000042808BF00F01AFAB0EE480ABDEC028B69
:10BAC00010BD4FF07F40B0EB440F07D2B0EE480AF4
:10BAD000BDEC028BBDE8104000F0F9B9012000F088
:10BAE00041FABDEC028BBDE8104000F0F7B9000050
:10BAF0000000C9BF22AAFDB90000C93F22AAFD3932
:10BB00000000000024FE1C3DC78AD83C1E67383D5B
:10BB10001B93993DAFAA2A3E70B54FF068422DEDB8
:10BB2000048BF0EE408A18EE900AB0EE608A18EEB0
:10BB3000101A02EB4003B3F1654F3CBF02EB410228
:10BB4000B2F1654F7DD200BFC0F3C753C1F3C752F6
:10BB50009A1A1B2A09DD10F0004F14BF9FED830ACB
:10BB60009FED830ABDEC048B70BD12F11A0F36DA1B
:10BB700011F0004F09D010F0004F0CBF9FED7D0A6F
:10BB80009FED7D0ABDEC048B70BD88EE889A19EE9E
:10BB9000100AFFF713FF042808BF00F0A7F918EEFA
:10BBA000900AFFF70BFF054618EE100AFFF706FF95
:10BBB000044619EE100AFFF701FF042D18BF052DEA
:10BBC00008D1042C18BF052C04D1002804BF022082
:10BBD00000F0C8F9B0EE490ABDEC048B70BD42001C
:10BBE000B2EB410F3AD910F0004F19BFDFED630AF5
:10BBF0009FED630ADFED630A9FED630AB0EE481A1A
:10BC00000A46B1EE688A80F00041F0EE418A1046A3
:10BC10000A1A5200B2F1807F34D2484010F0004F2F
:10BC2000DFED5A1A9FED5A2A1DBFBEEE001A70EEC4
:10BC3000E10A30EE420AB6EE001A08BF70EEA10A21
:10BC400000E040E008BF30EE020AB0EE682A01EEE4
:10BC5000482A08EE818AC2EE081A15E011F0004F5A
:10BC600004BF9FED4C0AF0EE400AD1D010F0004F17
:10BC700019BFDFED490A9FED490ADFED490A9FED43
:10BC8000490AC5E7C8EE881A21EEA11A9FED462A97
:10BC9000DFED462A41EE022A9FED452A01EE222AD7
:10BCA000DFED442A41EE022A9FED432ABDEC048BCE
:10BCB00001EE222A21EE811A01EE020A30EE210A5B
:10BCC00030EE200A70BD4FF07F42B2EB400F28BF2C
:10BCD000B2EB410F09D2F0EE480AB0EE680ABDECB3
:10BCE000048BBDE8704000F0F5B840EA01035B004A
:10BCF00008BF41F0FF410BD0B2EB400F08BFB2EBE1
:10BD0000410F08D120F0804008EE900A21F08041D8
:10BD100008EE101A18E7B2EB400F12BF5FEA4103BA
:10BD200040F0FF4001F000413FF40EAFB2EB410F95
:10BD300012BF5FEA400200F0004041F0FF413FF4D3
:10BD400003AF4A0092EA40033FF5FEAE002AACBFC3
:10BD50009FED1A0A9FED1A0A68EE808A28EE008A83
:10BD600018EE900A18EE101AEEE60000DB0FC9BFBD
:10BD7000DB0FC93FDB0F4940DB0F49C00000C9BFE3
:10BD800022AAFDB90000C93F22AAFD390060ED3E9C
:10BD9000C30ACE3700000000000049C022AA7DBAC5
:10BDA0000000494022AA7D3A2DAD65BD8FB8D53D32
:10BDB0000FB511BE61C84C3EA8AAAABE0000804FB4
:10BDC0000000802F10B52DED028BB0EE608AF0EEF2
:10BDD000408A18EE101A18EE900AFDF7BBF800F032
:10BDE0007040B0F1005F0CD018EE100A20F0004057
:10BDF000C0F1FF40C00F02BFB0EE480ABDEC028B9D
:10BE000010BDB0EE680ABDEC028B10BD10B52DED73
:10BE1000028BB0EE608AF0EE408A18EE101A18EE2F
:10BE2000900AFDF797F800F07040B0F1004F0CD089
:10BE300018EE100A20F00040C0F1FF40C00F02BF12
:10BE4000B0EE480ABDEC028B10BDB0EE680ABDEC46
:10BE5000028B10BD00B52DED048BB0EE409AF0EED4
:10BE6000609A83B051EC190BFCF7F3FF41EC180B0F
:10BE700018EE100A18EE901A8DED008B002818BFEE
:10BE80000120084320F00040C0F17F6000F1E04055
:10BE9000C00F14D019EE101A19EE900A8DED009B08
:10BEA000002918BF0121084320F00040C0F17F6045
:10BEB00000F1E040C00F04BF012000F053F8B0EEE5
:10BEC000480A03B0F0EE680ABDEC048B00BD30EE0A
:10BED000000A704730EE200A70470000DFED020ACA
:10BEE00080EEA00A70470000000000009FED020AEB
:10BEF00020EE000A7047000000000010002808BF74
:10BF0000704710F0FF0F0E4904D051FA80F000780E
:10BF1000401C704710F47F4F04D0C0F30720085C2A
:10BF20000930704710F47F0F04D0C0F30740085C5D
:10BF30001130704701EB1060007819307047000035
:10BF40001048010002E008C8121F08C1002AFAD1F7
:10BF500070477047002001E001C1121F002AFBD189
:10BF6000704700000149086070470000D0030020BE
:10BF70002DE9FF5F82B00021DDE90430020DDDF81C
:10BF800040B0034318D044F61050A2F2FF324243AF
:10BF90001514119801281FD0A5EB0B00401C5FEA77
:10BFA000000A4FF000064E4FDFF83891B046504679
:10BFB00015D5CAF1000413E0119801244AA3012801
:10BFC00001D16FEA0B010298119AC0E90031C0E972
:10BFD000024206B0BDE8F09FCBF10000DFE7044667
:10BFE0000021404A491842EB0450CDE9001012E00C
:10BFF000E00707D032463B4640464946FCF7ADFCD9
:10C000008046894632463B4610461946FCF7A5FC59
:10C0100006460F466410002CEAD1DDE90401DDE993
:10C020000023BAF1000F06DAFCF797FC42464B46B4
:10C03000FCF793FC05E0FCF702FD42464B46FCF79B
:10C04000FEFC04460E460022284BFCF76BFF03D88B
:10C050004FF0FF30014607E00022254B20463146D5
:10C06000FCF7D4FBFCF746FF102409E0002C0ADBA8
:10C070000A220023FCF77CF9039B30321A55641E18
:10C0800050EA0102F2D1641C039AC4F11103144472
:10C09000119A012A03D0012208430DD10AE0084376
:10C0A00004D000204FF0110B119072E7A3EB0B05A9
:10C0B0006D1E0DE05B4504DD4FF0000205F101054A
:10C0C00004E003DA4FF00002A5F10105002AECD0EC
:10C0D00002981199C0E90231C0E9004579E70000F2
:10C0E000000014400000F03F300000000000F0436A
:10C0F0000000E03F002A04BF4FF0FF30704710B54A
:10C10000036C114652881B6809889847002010BDAF
:10C1100070B51D461400034601D0042D01D0002047
:10C1200070BD1A6C2188926890476080284670BD67
:10C1300010B51C461100034601D0042C01D000208C
:10C1400010BD186C4A880988D0F804C01846E0472A
:10C15000204610BD2DE9FF4F95B09A468846064609
:10C160000025EEE1252877D100242746F94A012150
:10C17000039400E0044316F8013F203B01FA03F06A
:10C180001042F7D130782A2811D06FF02F03307881
:10C19000A0F13002092A16D8039A44F0020402EBF7
:10C1A000820203EB42021044761C0390EFE758F83A
:10C1B000042B0392002A03DA504244F40054039003
:10C1C00044F00204761C30782E2816D116F8010FA0
:10C1D00044F004042A280DD06FF02F023078A0F12B
:10C1E0003003092B09D807EB870302EB4303C71879
:10C1F000761CF3E758F8047B761C30786C280FD057
:10C2000006DC4C2817D068280DD06A2814D104E029
:10C21000742810D07A280FD10DE044F400140AE0FD
:10C2200044F4801401E044F440147278824202D154
:10C2300004F58014761C761C307866280BD013DC4D
:10C24000582877D009DC002875D04528F6D0462834
:10C25000F4D047281AD193E118E0632835D0642838
:10C2600079D0652812D18BE1702873D008DC67285B
:10C27000F1D069286FD06E280DD06F2806D1ACE0C0
:10C2800073282CD0752874D0782853D0524617992B
:10C2900090476D1C54E1C4F30250022809D00328D2
:10C2A0000DD0D8F8001004280DD00D6008F1040856
:10C2B00046E1D8F80010EA17C1E90052F6E7D8F8CD
:10C2C00000100D80F2E70D70F0E718F8041B8DF8F0
:10C2D000001000208DF80100EB46012003E058F823
:10C2E00004BB4FF0FF3061074FF0000102D40DE0B6
:10C2F00009F101018946B9420FDA8145F8DB1BF8E3
:10C3000009100029F4D108E009F1010189468142B0
:10C31000FADB1BF809100029F6D103985346A0EB6D
:10C32000090721463846179A00F080FA284400EBA6
:10C33000090507E044E008E10DE01BF8010B524657
:10C3400017999047B9F10109F7D25346214638466B
:10C35000179AF2E039E00A21C4F302524FF0000BC1
:10C360000091022A06D058F8040BC117032A09D0FD
:10C370000AE023E008F1070020F00702F2E80201DA
:10C38000904605E000B2C117042A01D140B2C1179E
:10C39000002906DA0A460021404261EB02012D2203
:10C3A00002E0220504D52B228DF80420012203E0AF
:10C3B000E20701D02022F7E7914657E00A2100E08A
:10C3C00010214FF0000B00910BE010214FF0000BFB
:10C3D00044F004040827009103E008204FF0000B0C
:10C3E0000090C4F30252022A05D058F8040B002131
:10C3F000032A08D008E008F1070020F00702F2E85D
:10C400000201904603E080B2042A00D1C0B24FF08E
:10C41000000922072AD53278702A07D0DDF800C03B
:10C420008CF0100C5CEA0B0C05D00EE040228DF86D
:10C430000420012208E050EA010306D030238DF8E1
:10C4400004308DF8052002229146009B83F00803FA
:10C4500053EA0B030AD150EA010201D1620705D564
:10C4600030228DF804204FF001097F1E3278582ABF
:10C4700004D039A20C920CAA02920BE03BA2F9E77D
:10C480005B46009AFBF774FF0C9B9B5C029A521E62
:10C490000292137050EA0102F2D1029804A9081A1C
:10C4A00000F1200B600702D524F4803400E001275E
:10C4B0005F4502DDA7EB0B0000E0002000EB0B0165
:10C4C000009003984944401A0390E00306D4534671
:10C4D0002146179A039800F0A9F90544002706E0C1
:10C4E00001A85246C05D179990476D1C7F1C4F45AF
:10C4F000F6DBE0030CD553462146179A039800F06B
:10C5000095F9054404E030205246179990476D1C78
:10C510000099481E00900029F5DC08E00298029975
:10C5200052460078491C0291179990476D1CBBF147
:10C530000001ABF1010BF1DC5BE100F065F90544B2
:10C54000761C307800287FF40DAE19B02846BDE87F
:10C55000F08F00000928010030313233343536378E
:10C56000383961626364656600000000303132333F
:10C5700034353637383941424344454600000000DF
:10C58000600700D4062708F1070020F00700F0E854
:10C590000223804603F0004C5FEA0C0001D097A014
:10C5A00009E0200501D596A005E0E00701D095A09F
:10C5B00001E0AFF24C001390307823F0004365287F
:10C5C0000CD006DC452809D046281DD047287FD14D
:10C5D0003BE0662818D067287AD136E00021112F79
:10C5E00001DB112000E0781CCDE9000104A90CA8B2
:10C5F000FFF7BEFCDDE90D010C9A4FF0000B07F1CF
:10C600000109109200914EE04FF000400097CDE9F3
:10C61000011004A90CA8FFF7ABFCDDE90D020C9B8F
:10C620000F994FF0000B91461093009211B9791CAD
:10C6300000EB0109B7EB090003D4C0F1FF3B07F1A0
:10C640000109A9EB0700019042E0012F00DA012760
:10C650000021112F01DD112000E03846CDE9000155
:10C6600004A90CA8FFF784FCDDE90D010C9A0091E8
:10C670004FF0000BB946109221070FD4009A4A459B
:10C6800003DA914601E0A9F10109B9F1010F05DDD5
:10C69000109AA9F10101515C3029F4D0B84202DAB4
:10C6A00010F1040F03DA0121CDE9011010E0002898
:10C6B00003DC8344A9EB000102E0411C494500DD95
:10C6C0008946A0EB0B00401C01904FF00040029007
:10C6D000200705D40198484502DB4FF0FF30019058
:10C6E00000208DF84B0002980DF14B07B0F1004F80
:10C6F00025D002200C902B200D90029800280CDAF7
:10C70000404202902D200D9007E00A210298FCF78C
:10C7100034FA3031029007F8011D0C99481E0C9034
:10C720000029F2DC02980028EFD1791E0D980870DC
:10C73000307800F0200040F0450007F8020D11A805
:10C74000C01BC01D02901398007800B1012000EBBF
:10C750000901019801EBE071029801440398401A25
:10C76000401E0390E00306D453462146179A0398CF
:10C7700000F05CF805441398007818B152461799F8
:10C7800090476D1CE00323D553462146179A039822
:10C7900000F04CF805441BE0BBF1000F07DB0098EC
:10C7A000584504DD1098179910F80B0001E017990F
:10C7B00030205246904701980BF1010B401E05F1C5
:10C7C0000105019004D12E205246179990476D1C07
:10C7D000B9F10001A9F10109DEDC05E017F8010B50
:10C7E0005246179990476D1C0299481E02900029E5
:10C7F000F4DC53462146179A03989EE62D0000006C
:10C800002B000000200000002DE9F0410446002527
:10C810001E461746880404D405E039462020B04758
:10C820006D1C641EF9D52846BDE8F0812DE9F04164
:10C83000044600251E469046C80301D5302700E077
:10C840002027880404D505E041463846B0476D1CD2
:10C85000641EF9D52846BDE8F081000070B582B0AD
:10C860009C4611460446DDE90632DDE908651430D0
:10C8700040600060C4E9081CC4E90A32232118465C
:10C8800005F0F2FDD4E90A010844021FD4E90801C9
:10C89000114B05F029FCE06184F8366084F83560BE
:10C8A00000206564A063A564206384F83400A06759
:10C8B000E067009023460190084A194604F14C00B5
:10C8C00007F0DCF90648816800291CBF204688472C
:10C8D000002002B070BD000059360100753901001A
:10C8E000D80200204A68002A06D00A68531C0B6050
:10C8F00010704868401E4860704710B501F011FB89
:10C90000044601F00CFB002C04BF002010BD4FF4C6
:10C910007A71A0FB010122460023FBF729FD10BD1F
:10C92000094A1278002A04BF0020704710B5044657
:10C9300001F022F92146054800F090F9044601F083
:10C940001DF9204610BD0000A8030020EC230020A4
:10C95000084A1278002A08BF704710B5044601F053
:10C960000BF92146044800F09DF9BDE8104001F0A4
:10C9700005B90000A8030020EC2300200948007836
:10C98000002808BF704710B501F0F6F8FFF7B5FFB3
:10C990000146054800F0DAF9044601F0EFF82046B8
:10C9A00010BD0000A8030020EC230020014800F087
:10C9B000EFB90000EC2300200148D0F8000B7047CD
:10C9C000EC2300200148407D70470000EC2300204C
:10C9D0000148007870470000EC23002001484078AF
:10C9E00070470000EC23002008480078002808BFAA
:10C9F000704710B501F0C0F80548D0F8B41A491CCA
:10CA0000C0F8B41ABDE8104001F0B8B8A80300207F
:10CA1000EC23002030B585B00024DDE9085C0094EB
:10CA200001948DF80000ADF80430ADF806508DF893
:10CA300001100A4D0294039404948DF802208DF89D
:10CA400008C0D5E901236946054800F0A7F9002888
:10CA500006BF012028702C7005B030BDA80300204F
:10CA6000EC230020002808BF7047816A11F4807F02
:10CA70001CBF0120704711F4007F12BF002090F806
:10CA8000B40000F0010070470A480078002808BF91
:10CA9000704710B501F070F8FFF72FFF0146064808
:10CAA00000F032FA044601F069F8002C0CBF0120B6
:10CAB000002010BDA8030020EC23002070B5044620
:10CAC0000D480D4600784042204212D0022D10D36E
:10CAD00001F052F8FFF711FF03462A4621460748A6
:10CAE00000F08FFA044601F049F8002C04BF012041
:10CAF00070BD002070BD0000A8030020EC230020C2
:10CB000010B501F0B3F928B901F04CFA002804BFC0
:10CB1000012010BD002010BD2DE9F041044617484A
:10CB200084B000784042204204BF04B0BDE8F081E8
:10CB3000B4F8B000C5B2C0F307261148017A204608
:10CB400000F020F80746204600F039F880462046DD
:10CB500000F03AF8044601F00FF8FFF7CEFECDF8EA
:10CB60000080CDE901403B4632462946044800F0AA
:10CB700020FB04B0BDE8F04101F000B8A80300209C
:10CB8000EC23002010B5C0B1826A12F4807F07D177
:10CB900012F4007F11D190F8B40010F0010F0CD006
:10CBA000084607F073FB002808BF10BD302107F0CE
:10CBB00065FBBDE8104007F073BB002010BD0028E6
:10CBC0001CBF806A000C704768B1816A11F4807FD5
:10CBD00007D111F4007F06D190F8B40010F0010FD6
:10CBE00001D0302070471D2070470000014AC2E983
:10CBF00001017047A803002010B5044609480078D9
:10CC00004042204008BF10BD00F0B6FFFFF775FEA0
:10CC100001462246044800F02BFB044600F0AEFF1C
:10CC2000204610BDA8030020EC230020094A1278FA
:10CC3000002A04BF0020704710B5044600F09CFF96
:10CC40002146054800F039FB044600F097FF2046D6
:10CC500010BD0000A8030020EC23002030B4002801
:10CC60001FBFC469002C90F80C2B002A02BF0020C3
:10CC700030BC7047827894F805C00AB1624500D292
:10CC80006246C388002B08BF1D23002908BF64210A
:10CC900004D0B1F5C87F88BF4FF4C871204630BCBE
:10CCA00007F0C6BA70B50E4604004FF0000508BF85
:10CCB00070BD2EB38C213046FBF7B2FBD4F8B40A1A
:10CCC0003060D4F8B80A7060002000EB800104EBFB
:10CCD000011191F8A82472B104EB8002D2F8C03A95
:10CCE0004BB191F8A93406EBC5010B72D2F8C02AFA
:10CCF000CA60691CCDB2401C1028E6DB86F888505B
:10CD00000020C4F8B40AC4F8B80AC4F8C00AC4F8C9
:10CD1000C40AC4F8C80AC4F8CC0AC4F8D00AC4F8D3
:10CD2000D40AC4F8D80AC4F8DC0AC4F8E00AC4F883
:10CD3000E40AC4F8E80AC4F8EC0AC4F8F00AC4F833
:10CD4000F40AC4F8F80AC4F8FC0A70BD10B45FEA2B
:10CD5000000C4FF0000009BF0020002210BC7047FB
:10CD600002EB82030CEB031393F8A8445CB1D3F8F5
:10CD7000AC34CB1AB3F57A7F94BF00230123002B88
:10CD800004BF401CC0B2521C102AE9DB10BC704723
:10CD9000002818BFB0F8AA0970470000002812BF89
:10CDA00000294FF0FF3070472DE9F0410D4688B063
:10CDB0001E46174604464FF43161FBF731FB95E8F8
:10CDC0000F1084E80F106878002808BF012002D0F7
:10CDD000102888BF10206070C4F8047BC4F8086B6A
:10CDE00029782175A9786175A075A8882083287A8B
:10CDF000A076287A07F04AFAE061A988204603F075
:10CE0000E5FF002802BF6FF0030008B0BDE8F08125
:10CE1000287884F82000002784F8217014F595689C
:10CE200004F6A8101EBF0028078000260BD006EBD2
:10CE3000860008EB00104FF05001FBF7F1FA701C70
:10CE4000C6B2102EF3D3D4F8040B002853D0406898
:10CE5000002834D00097019702970397049705970D
:10CE600006970797287A00280CBF012000208DF82C
:10CE7000000028784FF4807141EA40000190802042
:10CE80008DF808001F48039004208DF8110002213E
:10CE90008DF818008DF812108DF81C00D4F8040BD2
:10CEA000D4F8081B42686846904700281EBF6FF000
:10CEB000010008B0BDE8F081D4F8040BD8B1D4F873
:10CEC000040BD0F820C0BCF1000F14D0002108469C
:10CED000D4F8083BD4F8002BE04760B1D4F8040B39
:10CEE000816800291CBFD4F8080B88476FF0020046
:10CEF00008B0BDE8F081012084F80C0B08B00020D8
:10CF0000BDE8F0812143658730B583B00B4604004E
:10CF100019BF94F80C0B00284FF0FF3003B008BF86
:10CF200030BDD4F8B00A04F1200100F10100C4F8CA
:10CF3000B00A207884F820004FF47A706362CDE95B
:10CF40000001627804F6A81104F5956000F07CFAFF
:10CF5000D4F8B00A012808D903208DF80800E26847
:10CF600002A8002A1CBF216990470025A4F8A859EF
:10CF7000D4F8040B002839D0C16859B1D4F8080B93
:10CF8000884700281EBF6FF0010003B030BDD4F801
:10CF9000040B58B3036973B104F62D210120D4F8B2
:10CFA000082B984700281EBF6FF0020003B030BD69
:10CFB000D4F8040BD0B1416959B1D4F8080B8847B3
:10CFC00000281EBF6FF0030003B030BDD4F8040B7F
:10CFD00060B1826952B104F6AC10D4F8081B9047D6
:10CFE00000281EBF6FF0040003B030BD8DF808505C
:10CFF000E26802A8002A1CBF21699047002003B004
:10D0000030BD2DE9F04F95B0994616460D46040007
:10D010001DBF94F80C0B0028002D4FF0FF3004BF0B
:10D0200015B0BDE8F08F022E3EBF6FF0010015B0C5
:10D03000BDE8F08F482102A8FBF7F2F92978701EAD
:10D0400009294FD008291EBF6FF0020015B0BDE8B6
:10D05000F08F81B202AA681C03F014FA00281EBFE8
:10D060006FF0030015B0BDE8F08F14F59566627897
:10D0700004F6A8174FF47A700DF1080A4FF0FF3844
:10D080004FF0010B18BF002F2AD000904B463946B5
:10D09000304600F033F99DF808203146002505EBB5
:10D0A000850001EB0010037813B14078904204D062
:10D0B000681CC5B2102DF2D34546002D21DA002E92
:10D0C00018BF002509D005EB850106EB011000789B
:10D0D00020B1681CC5B2102DF5D34546002D07DAE6
:10D0E00045461FE081B202AA681C03F0FDF8B5E7CF
:10D0F00005EB850006EB001080F800B09AF80010F0
:10D10000417005EB850006EB001606F10800482289
:10D110005146FBF76CF9C6F8049039880BFA05F014
:10D1200008433880002DBEBF6FF0040015B0BDE885
:10D13000F08FC4F82490D4F8B80A401CC4F8B80A98
:10D14000102D06DA04EB8500D0F8C01A491CC0F88F
:10D15000C01A8DF804B09DF808008DF80500D4F8C9
:10D16000040B00281DBFC1690029D4F8080B00205A
:10D1700018BF88478DF80600E26801A8002A1CBF86
:10D1800021699047D4F8040B00281CBF8269002A4B
:10D190000BD004F6AC10D4F8081B904700281EBF33
:10D1A0006FF0050015B0BDE8F08F002015B0BDE8A8
:10D1B000F08FF8B50400DDE907C5069E19BF94F8A5
:10D1C0000C0B00284FF0FF30F8BD20782170002AAA
:10D1D00008BF012202D0102A88BF10226270A370FB
:10D1E000A4F806C02175A27584F82010884217D0D3
:10D1F00014F5956704F6A81018BF00281AD04FF050
:10D20000000101800D4605EB850007EB00104FF093
:10D210005001FBF705F9681CC5B2102DF3D309E0E6
:10D220004FF47A7000902B4604F6A81104F595602F
:10D2300000F064F8002C1CBF94F80C0B002815D0EB
:10D240003146204603F0C2FD00281FBFD4F8040B6E
:10D250000028D0F824C0BCF1000F07D04FF0000127
:10D260000846D4F8083BD4F8002BE0470020F8BD6E
:10D2700070B582B00E46040015461DBF94F80C0B25
:10D280000028002D002004BF02B070BD4FF4916152
:10D290001046FBF7C5F8207828704FF47A706E605E
:10D2A000CDE900056278334604F6A81104F59560CF
:10D2B00000F0CAF802B0012070BD70B5040019BFBB
:10D2C00094F80C0B0028002070BD204603F07EFD72
:10D2D000051E08BF70BDD4F8040B00281CBFD0F891
:10D2E00024C0BCF1000F07D04FF000010846D4F86D
:10D2F000083BD4F8002BE047284670BD2DE9F047E5
:10D300009846089F92460E4605004FF0010918BF47
:10D31000002E29D0002F18BF002425D004EB840153
:10D3200005EB0112107800281CBF5068002F17D0A1
:10D33000A8EB0001B9428CBF0120002000281CBFCF
:10D340003046002D0CD0002818BF102C08D20188C0
:10D3500009FA04F39943318050211046FBF760F835
:10D36000601CC4B2102CD9D3BAF1000F08BF4FF023
:10D37000010A04D0BAF1100F88BF4FF0100A002143
:10D380000C46002D0CBF214600200CD000EB800382
:10D3900005EB03121278002A1CBF491CC9B2401CBD
:10D3A000C0B21028F2D38A4534BF4FF0FF37BDE832
:10D3B000F0874FF0FF310023002D0CBF39460020CD
:10D3C00014D000EB800C05EB0C1292F800C0BCF1FD
:10D3D000000F07D0002903DBD2F804C09C4501D21E
:10D3E00053680146401CC0B21028EAD30029B8BFD8
:10D3F000BDE8F087C8B2002D1CBF002E10280CD24B
:10D40000318809FA00F221EA020200EB800105EB03
:10D41000011032805021FBF703F80021002D0CBFD2
:10D42000214600200CD000EB800305EB031212789C
:10D43000002A1CBF491CC9B2401CC0B21028F2D33C
:10D440008A45B6D3BDE8F0872DE9F04387B00500E3
:10D45000DDE90E074FF0000419BF0029002F00205E
:10D4600007B008BFBDE8F08300902846FFF746FFED
:10D470004FF4906107F10800FAF7D2FF00200DF198
:10D48000080800EB800105EB0111097819B108F8D3
:10D490000400611CCCB2401CC0B21028F1D30120A2
:10D4A000012C1FD918F800C001460CEB8C0205EBCB
:10D4B000021303E008F80120491EC9B261B108EB6C
:10D4C000010293F8019012F8012C02EB820605EBA1
:10D4D000061676784E45EDD8401CC0B208F801C05B
:10D4E000A042DFD30026002C13D918F806004822EA
:10D4F00000EB800005EB001000F1080106EBC60010
:10D5000007EBC0000830FAF772FF701CC6B2B442D5
:10D51000EBD87C7007B02046BDE8F08310B500F072
:10D520002BFB0648016800291BBF40680028002427
:10D53000012400F023FB204610BD0000B01D002098
:10D5400010B5044600F018FB084934B1D4E90002D4
:10D55000A3688B60C1E9000203E000200860486016
:10D560008860BDE8104000F009BB0000B01D00203D
:10D5700010B5044600F000FB02480470BDE81040FE
:10D5800000F0FCBA6C03002003490968002908BFB9
:10D59000704700F021B800000400002008B500909A
:10D5A0001168FF220648FAF746FF0549002081F876
:10D5B000FF0004486946006800F0ECFB002008BD4D
:10D5C000D403002004000020024AC2E90001002028
:10D5D00090607047D02200202DE9F84F484EDFF8C8
:10D5E00024914FF0040A31784FF00008052928BF34
:10D5F000BDE8F88FDFE801F0030B152E7E0041280F
:10D600000CBF0120BDE8F88F3070BDE8F88F5428BA
:10D6100006BF0220307086F80080C6F80480BDE89E
:10D62000F88F0D2814BF0A280320EDD07168FF2958
:10D6300005D209F80100481C7060BDE8F88F4FF46E
:10D6400080713048C6F80480FAF7EAFE86F800A038
:10D65000BDE8F88F0D2818BF0A282FD170682A4F0F
:10D660004FF0000409F800807868002826D93D2191
:10D670002448FAF7ECFE002808BF756805D03D2164
:10D680002048FAF7E4FEA0EB0905386850F83400AA
:10D69000FAF7E7FEA84205D3386850F83400FAF7E5
:10D6A000E0FE054638682A46164950F83400FAF775
:10D6B000EDFE48B17868641CA042D8D8C6F8048052
:10D6C00086F80080BDE8F88F386850F83400FAF723
:10D6D000C8FE48440090BB6833B138680AEBC40107
:10D6E0006A464058012198474FF480710548FAF77F
:10D6F00097FEE3E70D2818BF0A28DFD0BDE8F88FB2
:10D7000078030020D0210020D02200200149886029
:10D7100070470000D022002010B501F001FC00206D
:10D7200010BD10B501F0E8FD002010BD00207047CD
:10D7300070B403880025002A88BF41F2210612D95F
:10D7400011F805C0002483EA0C234FEA430C13F4BC
:10D75000004F18BF8CEA060C6346641C082CF4D3F7
:10D760006D1C9542ECD3038070BC704710B501214D
:10D770002DED028B82B0B7EE008A009101F0BCFF64
:10D780000446694600F098F862880021002AC8BF64
:10D7900063680ADD01FB021003EB8000491C90ED79
:10D7A000000A8A4220EE088AF4DC9DED000A204639
:10D7B000B8EEC00A28EE008A04F0CEF902B0B0EE4E
:10D7C000480ABDEC028B10BD01490020487070472B
:10D7D0008800002070B50C4605460BA1FAF748FEFC
:10D7E00018B10CA12846FAF743FE23880022002B2B
:10D7F000CCBF618870BD00208142C8BF401CFBDCEB
:10D80000521C9342F7DC70BD6E6F6865616465728F
:10D81000000000006D61746C6162000070B5144618
:10D8200005460AA1FAF724FE48B102220AA12846B9
:10D83000FAF72CFE18B109A12846FAF719FE0020C4
:10D84000A04238BF401CFBD370BD00006E6F6865FE
:10D8500061646572000000002F2B00006D61746C24
:10D8600061620000428803889FED120A00215A433A
:10D87000002A0ADD426802EB8102491C82ED000A9F
:10D88000428803885A438A42F4DC42880021002AF5
:10D89000CCBFB7EE000A70474388426801FB031310
:10D8A00002EB8302491C82ED000A42888A42F3DCC3
:10D8B0007047000000000000F0B401220A604288B6
:10D8C0000023002A7EDD4488456803FB043205EB13
:10D8D000820292ED000AB5EEC00AF1EE10FA3BD1D9
:10D8E000028803F1010C624535DD0CFB043605EBC3
:10D8F000860696ED000AB5EEC00AF1EE10FA26D0C3
:10D900006245C8BF9A421EDD0022002C1BD9458803
:10D9100044680CFB052603FB052504EB860604EB97
:10D92000850496ED000AD4ED000AC6ED000A46888B
:10D93000456803FB062405EB8404521C84ED000AB1
:10D9400044889442E3D80A6852420A60BBE70CF16B
:10D95000010C6245C9DC43D0028803F1010C624529
:10D960003EDDA4B20CFB0435426802EB8505D5ED23
:10D97000000AF5EEC00AF1EE10FA04D10288521E38
:10D980009A4228D12CE003FB043502EB850292ED8C
:10D99000001A028880EE810A9342D8BF94451ADCAF
:10D9A0000022002C17DD458844680CFB052604EB9B
:10D9B000860603FB052504EB8504D6ED000A94EDED
:10D9C000001A00E011E041EE400A521CC6ED000AC8
:10D9D00044889442E7DC02880CF1010C6245C0DC0B
:10D9E000A2B25B1C9A423FF76EAFF0BC00207047BA
:10D9F000162000F021F90021162000F023F901255E
:10DA00004FF4FA76FEF7BAFF05EB8000B6FBF0F4B0
:10DA10000121162000F016F9600800F0B1F800218D
:10DA2000162000F00FF9204600F0AAF8EAE70000FF
:10DA3000002818BF7047002908BF704710B5054C73
:10DA4000E06800F0A7F9A068BDE81040022100F0EE
:10DA5000CAB8000078000020074B00281CBFD3F88C
:10DA600020C0C0F800C000291CBF586A0860002A06
:10DA70001CBF986A106070478800002030B40D4CBD
:10DA8000DDF808C000281CBFE568056000291CBF40
:10DA900020690860002A1CBF60691060002B1CBF51
:10DAA000A0691860BCF1000F1CBFE069CCF8000051
:10DAB00030BC704788000020104830B4C368026949
:10DAC0004169D0F82CC0A3EB0C05D0F830C0A2EB14
:10DAD0000C04D0F834C0C362C0E90C21A1EB0C0CDB
:10DAE000074991F8401011F0010F04BF30BC704796
:10DAF00005624462C0F828C030BC7047880000202E
:10DB0000D404002010B5044621B1012C04BF0878CC
:10DB1000042802D04FF0FF3010BD08484FF0050236
:10DB200000F8012B11F8012BFAF761FC034920469C
:10DB300000F09EF9FEF758FF002010BDD00700202E
:10DB400010B550EA01031CBF4FF0FF3010BD00F0CC
:10DB50002BFA002010BD10B5002000F09BF900F05A
:10DB6000BAF9002010BD000002480121806800F0D1
:10DB70003AB800007800002003F0F2BE03F0D4BFF2
:10DB800005F01DBE002103F0F9BE70B582B00E464F
:10DB900005004FF000010698019121D0002A0CBF2A
:10DBA00002240124002B18BF44F00404B0F1FF3F0D
:10DBB00007D0002808BF084605D005F089FF0028D7
:10DBC00001DA4FF0FF3001A90346009122463146A9
:10DBD000284603F0E5FE002802BF019802B070BDA0
:10DBE000002002B070BD002808BF704703F04ABF94
:10DBF00010B5FBF795FC002818BF6FF0030010BDAF
:10DC0000002904BF4FF0FF30704710B50B460146A6
:10DC10001846FAF7ECFB002010BD002904BF4FF0B6
:10DC2000FF30704710B5FBF799FC002818BF6FF064
:10DC3000030010BD03F090BF202828BF70470021CB
:10DC400004F010BF202828BF7047002918BF012109
:10DC500004F01ABF10B5064C2078002818BF10BD7C
:10DC6000012204A1044804F05DFD0120207010BDD4
:10DC7000C00300206C6F6700DC2F00200FB42DE97B
:10DC8000F041DFF8B080012698F8000030B9012299
:10DC900029A12A4804F046FD88F800604FF0FF31C2
:10DCA000264804F0A7FD07AB4FF480712448069A7C
:10DCB000FDF762FE0546FF28CCBFFF25002D32DDB3
:10DCC00003F090FB04002ED0278B98F8010068B970
:10DCD00003F046FE98F8010030B9012219491A48AC
:10DCE00004F020FD88F8016003F01EFF4FF0FF31C3
:10DCF000154804F07FFD00280CBF00264FF0FF36CA
:10DD0000208B2B4620F4406020830D4A00212046C2
:10DD100003F00BFE278336B998F8010000281CBFDA
:10DD2000094804F013FD054804F010FDBDE8F001BA
:10DD30005DF814FBC00300206C6F6700DC2F00202F
:10DD40000030002058E000000031002004F0D2BA7A
:10DD5000002304F0B3BB002812BF00294FF0FF30AE
:10DD6000704770B504460D461046B2F1FF3F04D02F
:10DD700028B105F0ADFE002801DA4FF0FF30034670
:10DD8000228C2946204604F0DDFB002818BF4FF006
:10DD9000FF3070BD002812BF00294FF0FF307047E0
:10DDA00010B5028C04F05CFC002818BF4FF0FF3067
:10DDB00010BD012104F0A0BC002808BF704704F08A
:10DDC000C5BC002808BF70474FF0FF3104F012BDFA
:10DDD000FCF730BC002804BF4FF0FF3070472DE93E
:10DDE000F04705461F4895E8DC1380E8DC131E4F1A
:10DDF0007960FCF777FC287AFCF7F6FC6868FCF79A
:10DE0000ABFC2878012818BF0020FCF7F9FCE86873
:10DE1000FCF708FD01210220FCF7A4FC01210320EE
:10DE2000FCF7A0FC01210420FCF79CFC0024012647
:10DE30002819017C00291CBF2046FCF7F9FC287F2B
:10DE400006FA04F1084214BF012100212046FCF724
:10DE5000E3FB601CC4B2082CEAD33E700020BDE88E
:10DE6000F0870000FC2E0020B40300200020704743
:10DE7000002904BF4FF0FF30704770B50C460546CF
:10DE800001211720FFF7DEFE21462846FCF746FD5C
:10DE9000002070BD01460120FCF718BD002804BF1A
:10DEA0004FF0FF30704710B50446054800218460EC
:10DEB0001720FFF7C7FE2046FCF724FD002010BD09
:10DEC000B403002010B500211720FFF7BBFEBDE80A
:10DED0001040FCF735BD10B5FCF774FD0121BDE81D
:10DEE00010401720FFF7AEBEF8B5064614460D46A3
:10DEF000184605F0EDFD4FF0060C03462246294674
:10DF00003046CDF800C005F07CFEF8BD002808BF03
:10DF1000704705F0D1BE72B603F088FEFEE705F04B
:10DF2000E9BD642070470000042838BF042900D2EE
:10DF300012B94FF0FF30704770B514460E460546D3
:10DF40001268FDF76DFB2846FDF7F8FB2846FDF744
:10DF50005FFB207901281DD0002231462846FDF7BD
:10DF6000B7FB012231462846FDF792FB0C4805EB32
:10DF7000450100EB011006EB4601A26840F82120A4
:10DF800000EB8100E2684260217901720121417257
:10DF9000002070BD012231462846FDF799FBE0E7DD
:10DFA0001C2F002000207047042832BF04294FF0A6
:10DFB000FF30704710B5FDF79FFB002010BD04280F
:10DFC00024BF4FF0FF30704710B5FDF7AFFB0020C6
:10DFD00010BD002808BF704710B503F094FB041E65
:10DFE00008BF10BD40F6031103F0BCFB204610BD76
:10DFF000002808BF7047034BC3E90112024903F030
:10E0000091BC0000C00300200545010070B5114C13
:10E010000546617861B903F0A3FC617831B901224A
:10E020000DA10E4804F07EFB0121617003F07CFD20
:10E03000B5F1FF3F16BF28464FF0FF3005F048FD11
:10E040000146064804F0D6FB002818BF4FF0FF3009
:10E0500070BD0000C00300207574780000310020FE
:10E0600003484078002808BF7047024804F06EBBA0
:10E07000C003002000310020002819BF0029002A19
:10E080004FF0FF30704710B51446028B234642F420
:10E09000006202830A46002103F047FCA0420CBF45
:10E0A00000204FF0FF3010BD70B55F4D286810F0B4
:10E0B000020F1CBF5DA004F0F7F8286810F0804F35
:10E0C00000F0A7805F4C2078002836D05EA004F0D6
:10E0D000EBF821785FA004F0E7F8207810F0010F4A
:10E0E0001CBF62A004F0E0F8207810F0020F1CBF03
:10E0F00061A004F0D9F8207810F0040F1CBF61A0D3
:10E1000004F0D2F8207810F0080F1CBF61A004F0D2
:10E11000CBF8207810F0100F1CBF61A004F0C4F8F9
:10E12000207810F0800F05D05F4801685FA004F0F0
:10E13000BBF802E061A004F0B7F8614C2078002839
:10E140002FD060A004F0B0F8217863A004F0ACF800
:10E15000207810F0010F1CBF65A004F0A5F820780E
:10E1600010F0020F1CBF65A004F09EF8207810F09C
:10E17000080F1CBF64A004F097F8207810F0100F6F
:10E180001CBF64A004F090F8207810F0800F05D038
:10E190006348016863A004F087F802E047A004F038
:10E1A00083F8644C2088002833D063A004F07CF806
:10E1B000218865A004F078F8208810F0010F1CBFBA
:10E1C00067A004F071F8208810F0020F1CBF67A050
:10E1D00004F06AF8208810F0040F1CBF66A004F059
:10E1E00063F8208810F0080F1CBF65A004F05CF8ED
:10E1F000208810F4807F1CBF63A004F055F82088AD
:10E2000010F4007F1CBF63A004F04EF82BA004F0B4
:10E210004BF8286810F0004F08BF70BD60A0BDE843
:10E22000704004F041B800002CED00E06661696CBC
:10E23000656420766563746F722066657463680A2E
:10E240000000000029ED00E0627573206661756CC6
:10E25000743A0A005343425F434653525F42465367
:10E26000523A307825303258200000004942555348
:10E270004552522000000000505245434953455238
:10E2800052200000494D50524543495345525220B7
:10E2900000000000554E53544B45525220000000E0
:10E2A00053544B455252200038ED00E05343422D69
:10E2B0003E424641523A253038580A000A000000D2
:10E2C00028ED00E06D656D206D616E61676520660B
:10E2D00061756C743A0A00005343425F43465352DF
:10E2E0005F4D4653523A30782530325820000000B6
:10E2F0004941434356494F4C2000000044414343A9
:10E3000056494F4C200000004D554E53544B45523A
:10E31000522000004D53544B455252200000000043
:10E3200034ED00E05343422D3E4D4D41523A2530ED
:10E3300038580A002AED00E0757361676520666150
:10E34000756C743A0A0000005343425F43465352CF
:10E350005F554653523A307825303258200000003D
:10E36000554E444546494E5354522000494E56534B
:10E370005441544520000000494E565043200000AF
:10E380004E4F435020000000554E414C49474E45EA
:10E390004420000044495642595A45524F2000003B
:10E3A0006465627567206576656E740A000000001A
:10E3B00010B502A003F078FF002010BD48656C6C1A
:10E3C0006F2052542D546872656164210A00000068
:10E3D00010B5FFF73FFC0F4C0020A4F8F40284F8BE
:10E3E000F80201F093FB04F1200001F0CDFB48B1ED
:10E3F00009A0FFF743FC00F04BF804F1200001F006
:10E4000013FD03E0A18F10A0FFF738FCBDE810401A
:10E4100000F0EEB8D40400205B5359535F494E49D5
:10E42000545D204E6F2076616C6964204E564D20FD
:10E43000646174612C207573696E67206465666120
:10E44000756C74730D0A00005B5359535F494E4954
:10E45000545D204E564D206C6F6164656420737569
:10E46000636365737366756C6C7920287665727367
:10E47000696F6E3D2575290D0A000000002808BF50
:10E48000704710B56421F9F7CBFF002010BD0000E4
:10E4900070B54E4C03202DED028B0025A4F84401ED
:10E4A000A4F84601A4F87001A4F87201A4F8A80128
:10E4B000A4F8AA01A4F8E001A4F8E20104F5A6700A
:10E4C000C4F848012C30C4F874013830C4F8AC01E9
:10E4D0003830C4F8E4010120A5664FF4E13120632F
:10E4E000C4E910013A49C4E9121525656565A565B9
:10E4F000E565C4E9185025676567A56702209FEDAB
:10E50000350AE567E06684ED210A84ED230AC4F844
:10E5100098509FED310AC4F89C5084ED240A9FED79
:10E520002F0A04F5B87084ED250AC4F8A050FFF74F
:10E5300099F904F5D470FFF795F904F5F070FFF739
:10E5400091F904F5A270FFF78DF99FED258A03215B
:10E5500004F5CE70B0EE480A06F0C6F8B0EE480AF0
:10E56000032104F5EA7006F0BFF8B0EE480A032173
:10E5700004F5037006F0B8F8DFED1A0AC4ED2B0AB3
:10E58000DFED190AC4ED2A0ADFED180AC4ED2C0AE2
:10E59000C4F8A450C4F8805084ED228AC4F8D05046
:10E5A00001F09EFE4169A164C169C4F8D010016AFE
:10E5B000C4F8801090ED0A0A84ED210A90ED0B0A50
:10E5C00084ED230ABDEC028B70BD0000D404002052
:10E5D00001006400CDCCCC3E0AD7233ECDCC4C3DCF
:10E5E00000000000000048420000C64200006842EF
:10E5F000F0B5A94D03202DED028B89B0A5F844019B
:10E60000A5F84601A5F87001A5F87201A5F8A801C2
:10E61000A5F8AA01A5F8E001A5F8E20105F5A670A4
:10E62000C5F848012C30C5F874013830C5F8AC0184
:10E6300038302C46C5F8E40100260F20C4E9BA6042
:10E64000DD2184F8201084F82160432184F8221011
:10E65000482184F823107B2184F8241084F8256055
:10E66000762184F8261084F8276004F12800FBF74F
:10E67000AFF900203434FBF79DF9884FB0FBF7F079
:10E6800020700020FBF796F9B0FBF7F0000A6070ED
:10E69000FBF798F9C0F30070A0708148E67090E82D
:10E6A000DF108DE8DF1001216A6C00206B4653F803
:10E6B00020C0624508BF0021401C0828F7D300296C
:10E6C0001CBF4FF4E1306864D5F8800000F00F0102
:10E6D000032905D920F00F0040F00200C5F88000A2
:10E6E000C0F30311042905D920F0F00040F03000F8
:10E6F000C5F880006B49D5F8840008446A4988420F
:10E7000024BF9FED6A0A85ED210A9FED698A694958
:10E71000D5F8900001446848814203D39FED670A11
:10E7200085ED240A95ED250AB5EEC00AF1EE10FA42
:10E7300004D310EE100A6249884203DD9FED610A9E
:10E7400085ED250AD5F8D00010F47F4F04BF20F4E2
:10E750007F4040F4807008D0C0F30721102984BFA7
:10E7600020F47F4040F4805001D9C5F8D0005649CC
:10E77000D5F8AC008842BCBF9FED540A85ED2A0A4B
:10E78000032105F5CE7005F08FFF10EE100AB0F1F1
:10E790007C5F06DDB0EE480A032105F5CE7005F07A
:10E7A000A3FF032105F5EA7005F07EFF10EE100AC5
:10E7B0004749884206DDB0EE480A032105F5EA70B4
:10E7C00005F092FF05F5F070FEF7D0FF10EE100A8D
:10E7D000B0F1804F04DC10EE100AB0F1404F03D9C5
:10E7E00005F5F070FFF73EF8DFED3A0A9FED3A0AC3
:10E7F000032105F5037005F03EFF30B1B0EE480A85
:10E80000032105F5037005F06FFF05F5B870FEF7FD
:10E81000ADFFB7EE008A314C30EE480AB0EEC00AC8
:10E8200010EE100AA042C4BF05F5B870FFF71AF841
:10E8300005F5D470FEF79AFF30EE480AB0EEC00A34
:10E8400010EE100AA042C4BF05F5D470FFF70AF815
:10E8500005F5F070FEF78AFF30EE480AB0EEC00A08
:10E8600010EE100AA042C4BF05F5F070FEF7FAFFE3
:10E8700005F5A270FEF77AFF30EE480AB0EEC00A46
:10E8800010EE100AA042C4BF05F5A270FEF7EAFF21
:10E8900009B0BDEC028BF0BDD404002040420F0053
:10E8A000344901003333B3C29A99F902CDCCCC3E3E
:10E8B00000000000F6285CC4F728DC030AD7233EDA
:10E8C0000000A040CDCC4C3D0AD7233CCDCCCC3D64
:10E8D00000002041000048C300004843CDCCCC3D9F
:10E8E00070B582B04FF4E1310020FCF789FF384960
:10E8F0000020086037490120086000F0DFFF36A0E3
:10E9000003F0AAFA34A002F0FEFE00281CBF032187
:10E9100002F028FFFFF75CFD3148416C31A003F0A5
:10E9200003FC30A002F064FD05F01EFE2DA002F0F5
:10E93000EAFE040004D040F2031102F013FF48B1D4
:10E940002AA12CA003F0B0FC142004F038FF03F03F
:10E950006DF9FEE72B49204602F0E1FF48B12AA1FC
:10E9600024A003F0A1FC142004F029FF03F05EF9B9
:10E97000FEE70120FEF7FCFD0024254D142605EBE3
:10E9800004100022017BCDE900168368416800680D
:10E9900004F012FE10B104F08DFF70B105EB04100D
:10E9A0000168002908BF1BA112A003F07DFC142000
:10E9B00004F005FF03F03AF9FEE7641C042CDED3F3
:10E9C00004F030FF02B0BDE8704004F023BE000048
:10E9D0000C250040142500406F63666C617368006D
:10E9E000D404002075617274300000007561727487
:10E9F00000000000696E6974206661696C3A202528
:10EA0000730A000049410100756172742072780038
:10EA100000470100756E6B6E6F776E0070B504462F
:10EA200015468078E27800EB0220B0F5006F84BFD5
:10EA3000012070BD20442A46801DF9F7D8FCA0783B
:10EA400050FA85F0A070E07800EB1520E07000200F
:10EA500070BD5A220270417000218170C170017135
:10EA600041710846704718B504460020ADF8000013
:10EA7000022221466846FEF75BFE0222A11C684680
:10EA8000FEF756FEA078E17800EB0122A11D684652
:10EA9000FEF74EFEBDF800002071000A60710020F4
:10EAA00018BD8178C078062202EB00200844704728
:10EAB00070B520A003F0F8FB2348244D04682868B3
:10EAC00084420ED2022222A12068F9F7DFFC20B195
:10EAD000D4E900121FA003F0E7FB28680C3484423D
:10EAE000F0D32048046834B11FA0616803F0DCFB58
:10EAF0002468002CF8D11EA003F0D6FB2148224D3B
:10EB000004682868844208D2D4E9001211A003F0F6
:10EB1000CBFB286810348442F6D31C48046834B117
:10EB200011A0616803F0C0FB2468002CF8D100201C
:10EB300070BD00002D2D46756E6374696F6E204C9C
:10EB40006973743A0A000000980300209C030020B7
:10EB50005F5F0000252D313673202D2D2025730A8F
:10EB600000000000880300205B6C5D2025730A0014
:10EB70002D2D5661726961626C65204C6973743A1F
:10EB80000A000000A0030020A4030020840300204A
:10EB9000F0B597B0082003F019FF051D50221A495F
:10EBA00002A8F9F724FC19A42946204601F0DAF955
:10EBB00006460146224617A003F076FB741E04D3D6
:10EBC0001E4803F071FB641EFAD21DA003F06CFB1B
:10EBD0002C68AC4218BF02AF12D0207AA17BA4F1FE
:10EBE0000C03132894BF57F8200015980822CDE98C
:10EBF000000131461BA003F057FB2468AC42ECD166
:10EC000017B00020F0BD00008449010064657669FA
:10EC100063650000252D2A2E73202020202020202F
:10EC20002020747970652020202020202020207250
:10EC3000656620636F756E740A000000C4F30000FF
:10EC4000202D2D2D2D2D2D2D2D2D2D2D2D2D2D2D01
:10EC50002D2D2D2D2D202D2D2D2D2D2D2D2D2D2DF1
:10EC60000A000000252D2A2E2A7320252D3230730C
:10EC700020252D38640A00002DE9F04182B00320E0
:10EC800003F0A4FE071D2CA43946204601F06AF9C2
:10EC90008046014622462AA003F006FBB8F1010493
:10ECA00004D3304803F000FB641EFAD22EA003F018
:10ECB000FBFA3E68BE423BD0B36806F10800A6F1FD
:10ECC0000C05834208D1E86900902B460822414692
:10ECD0002DA003F0E9FA28E005F114020021104606
:10ECE000934204D00068491C03689342FAD1E86952
:10ECF000CDE900012B460822414628A003F0D4FAB2
:10ED000055F8144FAC420DD0A4F11401294803F07A
:10ED1000CBFA2068A8421CBF274803F0C5FA246834
:10ED2000AC42F1D1254803F0BFFA3668BE42C3D1E8
:10ED300002B00020BDE8F0816576656E74000000C9
:10ED4000252D2A2E7320202020202073657420205A
:10ED5000202073757370656E6420746872656164D9
:10ED60000A000000C4F3000020202D2D2D2D2D2D94
:10ED70002D2D2D2D202D2D2D2D2D2D2D2D2D2D2DD0
:10ED80002D2D2D0A00000000252D2A2E2A7320206B
:10ED900030782530387820300A000000252D2A2EC2
:10EDA0002A73202030782530387820253033643A93
:10EDB00000000000F0F20000F4F20000B0F20000E9
:10EDC0002DE9F04184B0042003F000FE071D32A4B9
:10EDD0003946204601F0C6F880460146224630A05A
:10EDE00003F062FAB8F1010404D3364803F05CFA88
:10EDF000641EFAD234A003F057FA3E68BE421FD018
:10EE000006F10800B36802468342A6F10C054FF0F4
:10EE10000001104618D1934204D00068491C0368D1
:10EE20009342FAD1288C6A8CCDE9002002912B46BE
:10EE3000082241462BA003F037FA3668BE42DFD1E4
:10EE400004B00020BDE8F081934204D00068491C62
:10EE500003689342FAD1288C6A8CCDE90020029194
:10EE60002B460822414625A003F01EFA55F8144F00
:10EE7000AC420DD0A4F11401264803F015FA206825
:10EE8000A8421CBF244803F00FFA2468AC42F1D119
:10EE9000224803F009FAD0E76D61696C626F78006F
:10EEA000252D2A2E7320656E7472792073697A6518
:10EEB0002073757370656E64207468726561640A8E
:10EEC00000000000C4F30000202D2D2D2D20202D4A
:10EED0002D2D2D202D2D2D2D2D2D2D2D2D2D2D2D6F
:10EEE0002D2D0A00252D2A2E2A732025303464204A
:10EEF00020253034642025640A000000252D2A2EA8
:10EF00002A73202530346420202530346420256481
:10EF10003A000000F0F20000F4F20000B0F200004D
:10EF200010B5074C07A0616903F0BEF90AA0A169FA
:10EF300003F0BAF9E169BDE810400CA003F0B4B9E0
:10EF40000C020020746F74616C206D656D6F7279B6
:10EF50003A2025640A00000075736564206D656DB4
:10EF60006F7279203A2025640A0000006D6178698B
:10EF70006D756D20616C6C6F6361746564206D6587
:10EF80006D6F72793A2025640A0000002DE9F04186
:10EF900082B0052003F01AFD071D30A43946204633
:10EFA00000F0E0FF8046014622462FA003F07CF9E6
:10EFB000B8F1010404D3334803F076F9641EFAD2A1
:10EFC00031A003F071F93E68BE421DD006F1080081
:10EFD000B36802468342A6F10C054FF000011046CB
:10EFE00016D1934204D00068491C03689342FAD1B9
:10EFF000A88CCDE900012B460822414628A003F049
:10F0000053F93668BE42E1D102B00020BDE8F0817C
:10F01000934204D00068491C03689342FAD1A88C3B
:10F02000CDE900012B460822414622A003F03CF91D
:10F0300055F8144FAC420DD0A4F11401224803F04E
:10F0400033F92068A8421CBF204803F02DF924683A
:10F05000AC42F1D11E4803F027F9D2E76D73677116
:10F060007565756500000000252D2A2E7320656EDC
:10F070007472792073757370656E6420746872653C
:10F0800061640A00C4F30000202D2D2D2D20202DB9
:10F090002D2D2D2D2D2D2D2D2D2D2D2D2D0A00001D
:10F0A000252D2A2E2A732025303464202025640A39
:10F0B00000000000252D2A2E2A73202530346420DC
:10F0C0002025643A00000000F0F20000F4F2000095
:10F0D000B0F200002DE9F04184B0022003F076FC8C
:10F0E000061D1CA43146204600F03CFF8046014628
:10F0F00022461AA003F0D8F8B8F1010404D320483E
:10F1000003F0D2F8641EFAD21EA003F0CDF83568E1
:10F11000B54218BF082719D0AA6805F108010020D8
:10F12000A5F10C038A4203D01268401C8A42FBD12D
:10F13000D97F1A6A03900097CDE901210822414640
:10F1400018A003F0B1F82D68B542E5D104B0002055
:10F15000BDE8F0816D75746578000000252D2A2EBC
:10F16000732020206F776E65722020686F6C64209A
:10F1700073757370656E64207468726561640A00EB
:10F18000C4F30000202D2D2D2D2D2D2D2D202D2DC6
:10F190002D2D202D2D2D2D2D2D2D2D2D2D2D2D2DAC
:10F1A0002D0A0000252D2A2E2A7320252D382E2ADF
:10F1B0007320253034642025640A00002DE9F041D5
:10F1C00082B0012003F002FC071D30A4394620461E
:10F1D00000F0C8FE8046014622462FA003F064F8E6
:10F1E000B8F1010404D3334803F05EF8641EFAD288
:10F1F00031A003F059F83E68BE421DD006F1080068
:10F20000B36802468342A6F10C054FF00001104698
:10F2100016D1934204D00068491C03689342FAD186
:10F22000A88BCDE900012B460822414628A003F017
:10F230003BF83668BE42E1D102B00020BDE8F08163
:10F24000934204D00068491C03689342FAD1A88B0A
:10F25000CDE900012B460822414621A003F024F805
:10F2600055F8144FAC420DD0A4F1140120A003F0C6
:10F270001BF82068A8421CBF1EA003F015F82468E4
:10F28000AC42F1D10AA003F00FF8D2E773656D61CB
:10F2900070686F7265000000252D2A2E732076207D
:10F2A000202073757370656E642074687265616484
:10F2B0000A000000C4F30000202D2D2D202D2D2D3F
:10F2C0002D2D2D2D2D2D2D2D2D2D2D0A0000000045
:10F2D000252D2A2E2A7320253033642025640A0028
:10F2E000252D2A2E2A7320253033642025643A00E8
:10F2F000257300002F000000F0B583B0002003F05C
:10F3000065FB061D2CA43146204600F02BFE074667
:10F31000014622462A4802F0C7FF7C1E04D329A0DA
:10F3200002F0C2FF641EFAD227A002F0BDFF3568CA
:10F33000B5423DD095F82900A5F10C040090234674
:10F340000822394630A002F0AFFF94F8340000F0F4
:10F350000F00012808BF2FA00BD0022808BF30A043
:10F3600007D0002808BF31A003D0042808BF32A06E
:10F3700001D102F099FFA06A03460178232903D145
:10F3800010F8011F2329FBD0E26AD4F830C0D1184D
:10F39000081A64235843B0FBF2F3A06CCDE9000CCB
:10F3A000E069091A27A002F07FFF2D68B542C1D19C
:10F3B00003B00020F0BD0000746872656164000055
:10F3C000384B01002D000000202D2D2D20202D2D4B
:10F3D0002D2D2D2D2D202D2D2D2D2D2D2D2D2D2D6A
:10F3E000202D2D2D2D2D2D2D2D2D2D20202D2D2D74
:10F3F0002D2D2D20202D2D2D2D2D2D2D2D2D2D2064
:10F400002D2D2D0A00000000252D2A2E2A732025DF
:10F4100033642000207265616479202000000000C0
:10F420002073757370656E640000000020696E695A
:10F43000742020200000000020636C6F7365202082
:10F4400000000000203078253038782030782530D2
:10F4500038782020202025303264252520202030B7
:10F46000782530387820253033640A00F0B583B031
:10F47000092003F0ABFA061D1BA43146204600F01C
:10F4800071FD07460146224619A002F00DFF7C1EC1
:10F4900004D3214802F008FF641EFAD21FA002F034
:10F4A00003FF3468B44216D0A4F10C052B46D5E90D
:10F4B0000901CDE900010822394621A002F0F4FE3D
:10F4C000687A10F0010F14BF23A026A002F0ECFE12
:10F4D0002468B442E8D104F00DFB014625A002F0F7
:10F4E000E3FE03B00020F0BD74696D65720000009A
:10F4F000252D2A2E732020706572696F6469632040
:10F50000202074696D656F757420202020202020D4
:10F51000666C61670A000000C4F30000202D2D2DE9
:10F520002D2D2D2D2D2D2D202D2D2D2D2D2D2D2D18
:10F530002D2D202D2D2D2D2D2D2D2D2D2D2D0A0058
:10F54000252D2A2E2A7320307825303878203078DF
:10F550002530387820000000616374697661746535
:10F56000640A000064656163746976617465640AA5
:10F570000000000063757272656E74207469636BBD
:10F580003A3078253038780A00000000F0B4B1F83D
:10F5900000C00024BCF1000F22DD4D884FF0000CAC
:10F5A000002DC8BF151916DD478803EB0C0605FBB7
:10F5B0000766476807EB86064F8896ED000A04FB4E
:10F5C00007C74E680CF1010C06EB870686ED000AB2
:10F5D0004E886645E8DCB1F800C0641CA445DCDC5C
:10F5E000F0BC002070470000264882B0002480F85C
:10F5F0000044F9F7C9FE24490F20086004200107E0
:10F60000C1F80403FBF78AFCF9F7E4FEF9F7D2FE30
:10F61000F8F702FE1D481E490068A1FB00104009D2
:10F62000801EB0F1807F09D24FF0E0214861194A75
:10F63000E02082F8140D8C610720086103F036FF8A
:10F6400003F002FF02F08CF803F03CFF04F080F8B6
:10F650001149124803F0A0FE14211520CDE9000144
:10F660004FF4806300220E490E4803F0A5FF10B14D
:10F6700004F020F910B102F0D9FAFEE703F002FF1E
:10F68000FEE7000001E000E010050040CC03002090
:10F690001F85EB510FE000E00080002000400020BB
:10F6A000E1E800000813010070B50C460546604310
:10F6B000082101EB800002F01DFE002808BF70BD8C
:10F6C00000F108014160AAB20280A3B29FED090ACD
:10F6D00000215A434380002AD8BF70BD426802EB24
:10F6E0008102491C82ED000A428803885A438A42FB
:10F6F000F4DC70BD000000002DE9F04102880446F2
:10F70000002541882E461046FFF7CEFF07462CB154
:10F71000014633462A462046FFF738FF3846BDE803
:10F72000F0810000024901200860002070470000BD
:10F7300094030020014900200860704794030020D2
:10F7400070B50FA002F0B0FD1448154D046828688C
:10F7500084420FD2062213A12068F8F797FE28B939
:10F76000D4E90002811D11A002F09EFD28680C342E
:10F770008442EFD310A002F097FD002070BD00007E
:10F7800052542D546872656164207368656C6C20F6
:10F79000636F6D6D616E64733A0A00009803002018
:10F7A0009C0300205F5F636D645F0000252D313690
:10F7B00073202D2025730A000A00000010B5C46BC9
:10F7C000096894F86000FCF71BF8012294F86000C7
:10F7D0001146FCF781F8002010BD10B5C36B03295A
:10F7E00011D0102908D0112917D193F860000022F8
:10F7F0000121FCF771F810E0012293F86000114636
:10F80000FCF76AF809E0B2F5007F06D1C16C09681F
:10F810005965806CC0F38F20D865002010BD2DE99C
:10F82000F047C66B174688468146022B1CBF002056
:10F83000BDE8F0870024002F20D93D1BFF2D28BFF5
:10F84000FF252A4641460020FCF776F800210122D8
:10F850000846FCF741F8642004F03AF9014696F8AE
:10F86000600000EBC00202EB001006EB8000806D30
:10F8700003F012FA2C44A844BC42DED30022114605
:10F880001046FCF729F896F860000421C0EBC00090
:10F8900000EB400009EB800002F004FB3846BDE8B5
:10F8A000F08708B569460020FBF794FF00280CBFDD
:10F8B0009DF800004FF0FF3008BD00000022024913
:10F8C00002A001F0A9BF00007047010070696E003E
:10F8D00010B4DFF868C000201CF830408C4202D120
:10F8E0000CEBC00003E0401C2028F5D3002010B32F
:10F8F00012B1012A0ED019E041784FF0011242EA0C
:10F9000001218278920002F1804202F5C042C2F8E1
:10F9100010150BE041780A4A42EA012182789200F0
:10F9200002F1804202F5C042C2F81015436001782E
:10F930008078044A115410BC00207047C800002091
:10F9400001000200C00000200020084A844612F88E
:10F9500030308B4202D102EBC00003E0401C202873
:10F96000F5D36046C0F804C000207047C8000020EE
:10F9700010B5094B002013F830C08C4502D103EBC1
:10F98000C00003E0401C2028F5D30020D1B28078CD
:10F99000F9F7B4FE002010BDC8000020164B00206F
:10F9A00013F830C08C4502D103EBC00003E0401CCB
:10F9B0002028F5D30020052A28BF7047DFE802F091
:10F9C00003080D121700417804220020F9F72CBE1D
:10F9D000417800221046F9F727BE41780222002024
:10F9E000F9F722BE417801220020F9F71DBE4178C7
:10F9F00009220020F9F718BEC800002000202029A5
:10FA0000A8BF70470020F9F765BE2029A8BF70473E
:10FA1000D2B20020F9F766BE10B50020FBF73AFF1E
:10FA2000012010BD002808BF7047F8B40021ADF8D0
:10FA30000010D42600F592756F468C4641F22104E1
:10FA400015F80C20002381EA02214A0011F4004F2E
:10FA500018BF624011465B1C082BF6D30CF1010C59
:10FA6000B445EDD33A80BDF80010B0F8F8018142FA
:10FA700014BF00200120F8BC7047002808BF704761
:10FA80000321A0F82411A0F82611A0F85011A0F825
:10FA90005211A0F88811A0F88A11A0F8C011A0F89E
:10FAA000C21100F59671C0F828112C31C0F854111C
:10FAB0003831C0F88C113831C0F8C411704778B4AF
:10FAC0000022ADF80020002804BF78BC70476D46C6
:10FAD0000024002988BF41F2210612D9035D4FF0AE
:10FAE000000C82EA0322530012F4004F18BF734047
:10FAF0001A460CF1010CBCF1080FF4D3641C8C42C3
:10FB0000ECD32A80BDF8000078BC704710B50C48D3
:10FB100000210C4C016041608160C16001610121E4
:10FB20004170606818B908A0FEF743F9606020785A
:10FB300018B1012106A0FEF7A1F8002010BD0000B9
:10FB4000BC1D0020700300206E766D5F6D74780020
:10FB50005B4E564D5D204E564D2073756273797322
:10FB600074656D20696E697469616C697A65642079
:10FB70002863757272656E742076657273696F6E34
:10FB80003D2575290D0A0000002804BF4FF0FF3005
:10FB900070472DE9F047644E04468AB07068FEF75E
:10FBA00010F9624F6D464FF40072B86807F50571A1
:10FBB000401CB8604FF4E020FEF722F84FF0000838
:10FBC00080BB2846FBF7F6FE07F5057A0AF1180513
:10FBD000284601F09BF98DF800004FF4007107F5FD
:10FBE000057001F07DF98DF801004FF4FC73D4220B
:10FBF0004FF4927107F5057001F060F98DF802007D
:10FC0000A888ADF80400E888ADF806004FF00109B7
:10FC10004FF4E22002AD4FF4007207F50571FDF7D5
:10FC2000EFFF60B142A0FEF729F887F80280706804
:10FC3000FEF7C2F80AB06FF00100BDE8F087284671
:10FC4000FBF7B8FE0AF11805284601F05FF98DF8B8
:10FC500008004FF400713F4801F042F98DF80900A7
:10FC60004FF4FC73D4224FF492713A4801F026F914
:10FC70008DF80A00A888ADF80C00E888ADF80E00F1
:10FC800004AA02A9684601F05FF99DF8240060B15A
:10FC900031A0FDF7F3FF87F802807068FEF78CF85B
:10FCA0000AB06FF00100BDE8F0870898002814BF83
:10FCB0004FF4E2204FF4E0204FF400722146FDF7AC
:10FCC0009FFF68B133A00899FDF7D8FF87F802803D
:10FCD0007068FEF771F80AB06FF00100BDE8F087B8
:10FCE000207F387087F802909DF8010078719DF8A8
:10FCF0000900B8712046FFF795FEF870002804BF90
:10FD000030A0FDF7BBFF2046FFF7B7FE307820B1EB
:10FD1000A28B39A00899FDF7B1FF7068FEF74CF887
:10FD20000AB00020BDE8F08770030020BC1D002051
:10FD30005B4E564D5F4552525D204E564D20666CCF
:10FD40006173682072656164206661696C65640D29
:10FD50000A000000D01F00205B4E564D5F455252F6
:10FD60005D204E564D2072656164206661696C6548
:10FD700064202D206E6F2076616C6964206461744C
:10FD80006120696E20616E7920626C6F636B0D0A71
:10FD9000000000005B4E564D5F4552525D204E56AE
:10FDA0004D20726561642073656C656374656420C1
:10FDB000626C6F636B2564206661696C65640D0A13
:10FDC000000000005B4E564D5F4552525D2043617E
:10FDD0006C6962726174696F6E20435243206D6971
:10FDE000736D617463682061667465722072656109
:10FDF00064210D0A000000005B4E564D5D204E56FA
:10FE00004D2072656164204F4B2066726F6D2062D9
:10FE10006C6F636B2564202876657273696F6E3D25
:10FE20002575290D0A000000002804BF4FF0FF309F
:10FE3000704770B52D4C05466068FDF7C2FF4FF462
:10FE4000007229462A48F8F7D2FA4FF400730122CB
:10FE50001821274801F06CF84FF4FC73D4224FF4BA
:10FE60009271234801F0BCF84FF40071204801F072
:10FE7000C6F84FF4E020FDF7BBFE38B94FF400722E
:10FE80001B494FF4E020FDF7C8FE40B119A0FDF773
:10FE9000F5FE6068FDF790FF6FF0080070BDFBF79E
:10FEA00063FD4FF4E220FDF7A3FE38B94FF4007272
:10FEB0000F494FF4E220FDF7B0FE40B116A0FDF768
:10FEC000DDFE6068FDF778FF6FF0080070BD1B482D
:10FED000C168491CC160207800281CBF18A0FDF72C
:10FEE000CDFE6068FDF768FF002070BD7003002044
:10FEF000D01F00205B4E564D5F4552525D204E563E
:10FF00004D20426C6F636B30207772697465206698
:10FF100061696C65640D0A005B4E564D5F45525237
:10FF20005D204E564D20426C6F636B3120777269B5
:10FF30007465206661696C65640D0A00BC1D002053
:10FF40005B4E564D5D204E564D207772697465208C
:10FF50004F4B2028626F746820626C6F636B73294B
:10FF60000D0A000070B50E4603F0E4F9054601F0F5
:10FF7000F7FC3468B44209D0A4F10C0003F0DAF9BC
:10FF8000A842C8BF05462468B442F5D101F0CCFDB3
:10FF9000082D00DC05B90825284670BD0C4B10B5AE
:10FFA000D868102902D012290BD00FE0002A04BF14
:10FFB0004FF0FF3010BD9968516059681160906032
:10FFC00004E0196802FB0010F9F7AAFA002010BD3E
:10FFD000D81600200020704710B5F9F7BEFAF9F7DF
:10FFE000B9FA05491022C860C1E901204FF4E020A8
:10FFF0000860002010BD0000D816002010B505488C
:020000040001F9
:100000001C461346006822460144184602F0FEF9D9
:10001000204610BDD816002010B505481C461346D2
:100020000068224608441946F9F798FA204610BDA0
:10003000D816002001A10FA0FDF720BE32303135C7
:10004000202D203230323620436F70797269676814
:100050007420627920536561204C616E6420546580
:1000600063686E6F6C6F677920436F2E2C204C7421
:10007000642E000025730D0A0000000010B500F08A
:1000800009F80349BDE8104001F13800FDF7F6BD5D
:100090003C00010000B583B0082007A1CDE90001B4
:1000A0000122134607A10BA0FDF7E8FD03B00FA046
:1000B0005DF804EBFDF7E2BD4A756E203134203265
:1000C00030323600534C2D5246313620446F6E6725
:1000D0006C6500000D0A25732025642E25642E25ED
:1000E00064206275696C6420257300000D0A0000AD
:1000F00010B41C4B41689A681144884218D0B1F87A
:1001000002C0BCF1000F13D1D3F80CC061450FD071
:10011000D3F810C08C4508BF1861D1F804C0C0F8EE
:1001200004C0496802F10804A0EB020C41F804C0C5
:1001300081681144814204BF10BC7047B1F802C00D
:10014000BCF1000F1CBF10BC7047D3F810C0844531
:1001500008BF196143684B60891A406808328150B2
:1001600010BC70470C0200202DE9F04F85B0DDE98E
:100170000F54DDF838B0A84614F0400F14BFDFF874
:1001800054A1DFF854A114F0100F18BF24F001049B
:1001900014F0010F14BF4FF030094FF02009002672
:1001A00014F0020F0DD0002ABCBF2D26524208DBEE
:1001B00014F0040F18BF2B2603D114F0080F18BF3A
:1001C00020264FF0000C2AB930228DF800204FF085
:1001D000010C0DE00A2B1CBF02F00F0712091BD007
:1001E0001AF807E00DF80CE00CF1010C002AF1D12F
:1001F000AC45C8BF6546ABEB050214F0110F4FF0DC
:10020000200716D026B188429CBF0670521E401CA3
:1002100014F0100F2ED11FE0304FA7FB02E74FEA7A
:10022000D70ECEF1000707EB870702EB47077246B0
:10023000D6E7002E18BF002AC8BF521E131EA2F117
:100240000102DFDD884298BF0770131EA2F1010290
:1002500000F10100F6DCD5E7131EA2F1010209DD71
:10026000884298BF80F80090131EA2F1010200F1AD
:100270000100F5DC6B1E6545C8BF302407DD8842F0
:1002800098BF04701D465B1E401C6545F7DC6B463D
:10029000BCF10004ACF1010C09DDB8F1000F06D08F
:1002A00088429CBF13F80C400470401CF0E7531EBA
:1002B000002ADCBF05B0BDE8F08F884298BF077008
:1002C0001A1EA3F1010300F10100F6DC05B0BDE840
:1002D000F08F00002149010010490100CDCCCCCCA9
:1002E0000048704754490100002812BF002A4FF00F
:1002F000FF3070471C293CBF6FF00100704770B59C
:1003000005462DED088B1446007893281EBF6FF02C
:100310000200BDEC088B70BD48211046F8F780F84C
:10032000687820700020DFED530A606005EB400123
:10033000498809B200EE101A04EB8001401CB8EEA7
:10034000C00A032820EE200A81ED020AEEDB00201D
:100350009FED490A05EB4001098909B200EE901AA8
:1003600004EB8001401CF8EEE00A032860EE800AEE
:10037000C1ED080AEEDB002005EB4001C98909B296
:1003800000EE901A04EB8001401CF8EEE00A03280E
:1003900060EE800AC1ED050AEEDB0020DFED370AD2
:1003A00005EB4001898A09B200EE101A04EB8001C6
:1003B000401CB8EEC00A042820EE200A81ED0E0A87
:1003C000EEDB94ED0F9AD4ED0E9A94ED108A29EE9F
:1003D000091A29EE890AD4ED118AF7EE00BA08EE5F
:1003E000081A08EE280AB0EE00BAF0EE6B0A41EEE9
:1003F0004B0A20EE0B0AFBF78FFBB0EE40AA29EE6A
:10040000880A08EEC90A20EE0B0A10EE100AB0F1B5
:100410007E5FC8BFB0EE6B0A06DC10EE100A10F16A
:10042000814F88BFBFEE000AFBF7E0FA68EE080ACA
:10043000F0EE40AA29EEA80A48EEA80A09EE080A3A
:1004400040EECBBA20EE0B0AF0EE6B0AFBF764FB32
:10045000DFED0B0A00202AEE201A20EE200A84EDA0
:100460000B1A2AEEA01A84ED0C1A84ED0D0ABDECCD
:10047000088B70BD6F12833ACDCCCC3D00010038A3
:10048000E12E65422DE9F0410E46070015464FF07A
:10049000000412BF002D4FF0FF30BDE8F081002EA8
:1004A00000F0EB8048211046F7F7BAFF002E73D911
:1004B000DFED741AB2EE040A9FED731A385DC0289E
:1004C0006CD00CDCA1281BD004DC902810D0A02814
:1004D00016D0CAE0B02818BFB1285DD136E0C128D7
:1004E0005CD0D0287ED0D1287DD0F0287CD0BCE054
:1004F000A01CB04279D8391984B249782970B1E08A
:10050000E11DB14271D83819B0F8012013B200EEE4
:10051000903AB0F80320B0F80500F8EEE00A12B205
:1005200000B280EEA12A00EE902AF8EEE00A85EDF6
:10053000022A80EEA12A00EE900AF8EEE00A85ED8C
:10054000032A80EEA12A85ED042A77E0E11DB1425D
:100550004BD83819B0F8012013B200EE903AB0F839
:100560000320B0F80500F8EEE00A12B200B280EE07
:10057000802A00EE902AF8EEE00A85ED052A80EE4A
:10058000802A00EE900AF8EEE00A85ED062A80EE59
:10059000802A85ED072A51E067E0FFE7E11DB142BF
:1005A0006BD83819B0F8012013B200EE903AB0F8C9
:1005B0000320B0F80500F8EEE00A12B200B280EEB7
:1005C000802A00EE902AF8EEE00A85ED082A80EEF7
:1005D000802A00EE900AF8EEE00A85ED092A80EE06
:1005E000802A03E005E02BE042E046E085ED0A2AA0
:1005F00024E0E11DB14240D83819B0F8012013B20F
:10060000B0F80320B0F8050012B200EE902A00B254
:10061000F8EEE00A80EE812A00EE903AF8EEE00A69
:1006200085ED0B2A80EE812A00EE900AF8EEE00AB2
:1006300085ED0C2A80EE802A85ED0D2A8CB211E022
:1006400004F11101B14218D838198CB2D0F8012048
:10065000AA63D0F80520EA63D0F809202A64D0F80C
:100660000D006864A6423FF629AF0020BDE8F08186
:10067000601DB04298BF84B2F4D96FF00100BDE8AC
:10068000F081000000007A440000C842002812BF38
:1006900000294FF0FF3070472DE9F04146780D46B4
:1006A0000746102E84BF6FF00300BDE8F08106EB13
:1006B000460000EB0610082101EB8008904584BF3E
:1006C0006FF00100BDE8F081622028703878687012
:1006D000AE70E81CFBF76AF90024002E16DD04EB6F
:1006E000440000EB041005EB800000F1080104EB6E
:1006F000C40007EBC0004C22083000F015F90028B8
:10070000B8BFBDE8F081641CB442E8DB4046BDE8F8
:10071000F0810000002812BF00294FF0FF30704721
:100720002DE9F04F88462DED068B81B0824690F87A
:100730000190B9F1100F81BF6FF0030001B0BDEC63
:10074000068BBDE8F08F09EB0910082101EB400092
:100750000090904288BF6FF001007CD8632088F839
:1007600000009AF8000088F80100002088F8029044
:1007700088F80300DAF8041088F804100A0A88F8E8
:1007800005200A0C090E88F8062088F8071007468D
:10079000B9F1000F7EDD9FED609AB2EE048A9FED05
:1007A0005FAADFED5F8ADFED5F9A07EBC7000AEB18
:1007B000C00507EB071008EB4004932004F8080F6E
:1007C00015F8080F6070002605EB860004EB460B59
:1007D00090ED020A60EE090AB0EE4A0AFBF716FB3A
:1007E000F0EE400AB0EE680AFBF7ECFABDEEC00A84
:1007F000761C10EE100A8BF80200000A8BF803003A
:10080000032EE1DB002605EB860004EB460B90EDA2
:10081000080A60EE080AB0EE4A0AFBF7F7FAF0EEB3
:10082000400AB0EE680AFBF7CDFABDEEC00A761CAE
:1008300010EE100A8BF80800000A8BF80900032E4E
:10084000E1DB002605EB860004EB460B90ED050A84
:1008500060EE080A00E05AE0B0EE4A0AFBF7D6FA6A
:10086000F0EE400AB0EE680AFBF7ACFABDEEC00A43
:10087000761C10EE100A8BF80E00000A8BF80F00A1
:10088000032EDFDB002605EB860004EB460BD0EDE4
:100890000E0A00E03AE0B0EE4A0A60EE800AFBF78A
:1008A000B5FAF0EE400AB0EE680AFBF78BFABDEE3F
:1008B000C00A761C10EE100A8BF81400000A8BF8A0
:1008C0001500042EDFDB002605EB860004EB460B4B
:1008D00090ED0B0A60EE290AB0EE4A0AFBF796FA91
:1008E000F0EE400AB0EE680AFBF76CFABDEEC00A03
:1008F000761C10EE100A8BF81C00000A8BF81D0005
:10090000032EE1DB7F1C4F45FFF64FAF009801B08F
:10091000BDEC068BBDE8F08F00007A4400FEFF4678
:1009200000FEFFC60000C842002812BF00294FF099
:10093000FF3070474C2A3CBF6FF00100704770B524
:100940000C4605464C212046F7F76AFD91202070A1
:1009500028786070696821720A0A62720A0C090EAE
:10096000A272E172002005EB800104EB800289682D
:10097000401CD1600328F6DB002005EB800204EB6D
:1009800080015269401C8A610328F6DB002005EBD8
:10099000800204EB8001126A401C4A620328F6DBE5
:1009A000002005EB800204EB8001D26A401C0A6340
:1009B0000328F6DB002005EB800204EB8001926B3C
:1009C000401CCA630428F6DB4C2070BD30B583B0F0
:1009D0000C46032806D00FA001F066FC03B04FF0D0
:1009E000FF3030BD606800F08EFE002802BF6FF05F
:1009F000070003B030BD0546A068F7F7FAFE0021F6
:100A00000191029100906A468121284600F074FE0F
:100A100003B030BD55736167653A2070776D5F65CF
:100A20006E61626C652070776D3120310A000000C4
:100A300030B583B00C46032806D00FA001F034FC7B
:100A400003B04FF0FF3030BD606800F05CFE00285E
:100A500002BF6FF0070003B030BD0546A068F7F78E
:100A6000C8FE00210191029100906A46802128462B
:100A700000F042FE03B030BD55736167653A2070E7
:100A8000776D5F656E61626C652070776D312031C6
:100A90000A000000F0B583B00C46052806D013A06C
:100AA00001F002FC03B04FF0FF30F0BD606800F0D1
:100AB0002AFE002802BF6FF0070003B0F0BD074612
:100AC000A068F7F796FE0546E068F7F792FE06463F
:100AD0002069F7F78EFE0095CDE901606A46822114
:100AE000384600F009FE03B0F0BD000055736167A1
:100AF000653A2070776D5F7365742070776D312073
:100B000031203130302035300A00000096B000210D
:100B10009648FCF76BF896481290964813909648C2
:100B2000149012A8FCF70CFDFCF7F8FC002808BF95
:100B3000FDF7F1F9914E0021B6F8D000C4B2C0F330
:100B4000072506F12000FCF71DF8804606F120007D
:100B5000FCF73AF8814606F12000FCF730F8002750
:100B6000CDE900970346424629462046FBF752FF4F
:100B7000FBF72EFF824D6870FBF730FF28701720BF
:100B8000FDF75AF800211720FDF75CF8287881213D
:100B9000021D7CA0FDF7DCF8E860002808BFFDF727
:100BA000BAF97AA0FCF7EEFFA860002808BFFDF7AD
:100BB000B2F90097029705970120049706970797C7
:100BC0008DF8000068784FF4807141EA4000019090
:100BD00080208DF808006F48039004208DF81100E4
:100BE00002218DF812108DF81C006B496846FDF744
:100BF000F1F8002818BFFDF78EF94FF47A73002240
:100C0000664967A0FDF770F9040008BFFDF783F996
:100C10002046FDF77BF9FBF7CFFE00906148CDE958
:100C2000020700218DF804706A460846FDF77CF93A
:100C300018B90020FDF7C3F908B1FDF76CF9FDF70D
:100C400041F95948FDF72AF94FF0FF38CDF80080F7
:100C5000012300220721A868FCF797FF0446FBF751
:100C60004FFF14F0010F03D0FBF70EFF03F04CFA17
:100C700014F0040F25D0FCF77FFFAC78B5F8049092
:100C8000AF70FCF77BFF14F0020F14D006F12000C8
:100C9000FBF742FFFBF7A2FE2870FBF799FE687096
:100CA000FBF78AFE8246FBF781FE0246534629780F
:100CB0003E48FCF7E3FF14F0010F1CBF484600F06C
:100CC000B5F900223849E868FDF745F80028BDD19C
:100CD000354C06F12000FBF7C5FE617801292ED0C6
:100CE000082904D0092908BF002814D036E00028BC
:100CF00034D02178601CFBF7E1FE20786A46401E64
:100D000081B2A01CFFF7BEFB002804BF9DF80000C5
:100D1000002810D022E021781D291FD3601CFBF78A
:100D2000CDFEE078D0B920786A46401E81B2A01C82
:100D3000FFF7DAFA90B9684603F060FC0EE0E0785D
:100D400010F0020F14BF1AA31AA310F0010F14BF62
:100D500017A218A2A17818A0FCF790FF0022124950
:100D6000E868FCF7F8FF0028B2D06FE740470100C1
:100D700051120100B9110100B5110100D404002085
:100D8000780000206D715F726672000072665F65A8
:100D9000767400002143658731DA0000F1440100D8
:100DA0007274320069DB000060090020101201003B
:100DB0006F6B0000657272005B25645D3A413A25F5
:100DC0007320473A25730D0A00000000002819BF60
:100DD000D0F81CC0BCF1000F002070472DE9F0478F
:100DE00045780446002D08BF012502D0102D88BF8C
:100DF0001025002908BF642104D0B1F5C87F88BF41
:100E00004FF4C8710F46A6789CF805000EB18642D3
:100E100000D20646E388002B08BF1D2399463246C0
:100E20002946604603F0E6F923494FF0000A0028FE
:100E300008BFD0460CD0B1FBF0F0B0F5C87F88BF3A
:100E40004FF4C87002D8002808BF01201FFA80F8AC
:100E5000B8F1000F04BF0020BDE8F0876570A575EC
:100E6000474506D8B1FBF7F0C4F8000BA4F8AA79FF
:100E700009E04B4632462946E06903F0BBF9C4F865
:100E8000000BA4F8AA89A670B4F8AA09A080667518
:100E90002083802204F62E2104F1140003F095F93A
:100EA0000028C7BF84F82D0AB4F8AA0984F82DAA2F
:100EB0000020BDE8F087000040420F00002808BF76
:100EC000704770B5044608441D461146FEF7F7FD0D
:100ED00001466019008881420CBF0120002070BDCE
:100EE00008B1042901D20020704770B50446081FDC
:100EF00085B229462046FEF7E2FD014660190088CA
:100F000081420CBF0120002070BD0000002808BFF6
:100F10007047064A0168914205D1808818B1FF28C0
:100F20009CBF01207047002070470000314D564E95
:100F3000002808BF70470844024901608280C380CE
:100F400070470000314D564E70B4002A04BF70BC8B
:100F5000704700231360536093604FF0FF3CD360F1
:100F6000C2E904C328B1D0F800C04468C2F800C088
:100F7000546029B1D1F800C04C68C2F808C0D460F0
:100F800000281BBF90F801C0BCF1000F4FF0000C0F
:100F90004FF0010C00291BBF4C78002C00240124C9
:100FA0001CEA040F4FF001050FD0808889880128C2
:100FB00007D0012903D0814203D9156102E001283D
:100FC000FBD11361137570BC7047BCF1000FF8D1F1
:100FD000002C04BF6FF006001075EED170BC704796
:100FE000002808BF704770B5044608441D461146E6
:100FF000FEF765FD6055000A6119487070BD002854
:1010000008BF7047042938BF704770B50446081FF1
:1010100085B229462046FEF752FD6055010A601947
:10102000417000218170C17070BD000070B5244D09
:10103000044605F12000FBF715FD00282AD005F134
:101040002000FBF769FDFBF7C9FC1E4D2870FBF77C
:10105000BFFC6870FBF7B0FC0646FBF7A7FC024636
:10106000334629781848FCF709FEFBF79FFC054634
:10107000A04206D02146BDE87040024613A0FCF70E
:10108000FDBDFBF799FC2946BDE8704002461DA056
:10109000FCF7F4BD2046FBF7C9FD0546A04206D08B
:1010A0002146BDE87040024623A0FCF7E7BDFBF7F0
:1010B00083FC2946BDE8704002462AA0FCF7DEBD4D
:1010C000D404002078000020101201005B54444D2D
:1010D000415D204F44522025642065786365656436
:1010E00073206D6178202830783038206D6F64650A
:1010F000292C207573696E6720256420487A0D0AB3
:10110000000000005B54444D415D204F4452207567
:1011100070646174656420746F20256420487A2CA3
:10112000206379636C653D256C75207573202830CC
:10113000783038290D0A00005B54444D415D204F42
:1011400044522025642065786365656473206D6171
:10115000782C207573696E6720256420487A0D0A03
:10116000000000005B54444D415D204F4452207507
:1011700070646174656420746F20256420487A2C43
:10118000206379636C653D256C752075730D0A00CD
:10119000002808BF704710B50446FCF7EDFC8C2210
:1011A00003492046F7F723F9BDE81040FCF7E6BCF9
:1011B000D4080020FBF7B4BB70B5134CA06868B12D
:1011C000FCF7DAFCA07840F00200A070FCF7D6FC37
:1011D000A068BDE870400421FCF705BD0B48FBF793
:1011E0009BFCFBF7FBFB2070FBF7F2FB6070FBF74F
:1011F000E3FB0546FBF7DAFB2B462178BDE87040A0
:10120000024603A0FCF73ABD78000020F404002059
:101210005B54444D415D20436F6E6669672063688F
:10122000616E6765643A206D61785F6E6F646573A7
:101230003D25642C204F44523D256420487A2C20C3
:101240006379636C653D256C752075730D0A00002C
:1012500070B50B4C0546A16871B1FCF78DFCA580FB
:10126000A07840F00100A070FCF788FCA068BDE801
:1012700070400421FCF7B7BCBDE87040FFF7D6BE54
:101280007800002070B50E460846F7F7EAF80446E5
:101290007C28C8BF7C24E01C0D4D224631462870B6
:1012A00001206870A81CF7F7A2F828190D21817099
:1012B0000A21C1700020FCF7EDFDFCF70CFE294669
:1012C0000120FCF7D5FDBDE87040FBF78DBB0000A9
:1012D0005108002000B583B014211520CDE900018C
:1012E0004FF480630022074907A002F065F928B196
:1012F00002F0E0FA002804BF03B000BD00F096FC45
:10130000FEE70000E1E8000074696E697400000007
:1013100070B504460068012808BF70BDF6F77CFF71
:101320000546012044F8040B2068A04204D1284659
:10133000BDE87040F6F774BF143802F047FA28464B
:10134000F6F76EFFBDE8704001F0D4BB10B504465F
:10135000F6F762FF002144F8041B64602460BDE8D6
:101360001040F6F75DBF2DE9F3410546002602F077
:1013700059FA0446F6F750FF8046286800270128EE
:1013800028D00198002808BF6FF0010623D020461E
:10139000276302F0C5FAAA6804F11400291D106041
:1013A000AA68A261A86061610198002809DD01AA0C
:1013B000002104F14C0002F00BFC04F14C0002F09F
:1013C0007BFC4046F6F72CFF01F094FB266BF6F70A
:1013D00023FF80462F604046F6F722FF02B03046DA
:1013E000BDE8F08101480068704700000402002059
:1013F00070B5094D2E6800F086F9040009D0286800
:10140000002818BF00F05BF94321204600F0AAF93C
:101410002C60304670BD00000402002010B503624D
:1014200001800446428000202081608104F1100088
:10143000606120610830E061A061C80000F05AFFDF
:10144000E06000280CBF6FF00400002010BD70B5F4
:1014500015460E460446F6F7DFFE024620896189EE
:10146000884205D11046F6F7DBFE6FF0030070BD31
:101470002388B0FBF3F103FB1100E16851F8300061
:10148000306020892188B0FBF1F301FB13000421B7
:1014900001EBC000E168085828601046F6F7C0FE6E
:1014A000002070BD2DE9FF471746884604464FF0DF
:1014B000000A02F0B7F90546F6F7AEFE814620892C
:1014C0006189884208BF002631D1039840B328467D
:1014D0002E6302F025FAE16905F1140004F1180306
:1014E0000860E169A961E0616B610398002809DD8A
:1014F00003AA002105F14C0002F06AFB05F14C0043
:1015000002F0DAFB4846F6F78BFE01F0F3FAD5F865
:1015100030A0F6F781FE8146BAF1000F3FD102E01C
:101520006FF0010A3BE0208961898842CDD0218893
:1015300080B2B0FBF1F201FB1200E16851F830001B
:10154000C8F8000020892188B0FBF1F201FB1200ED
:10155000042101EBC000E168085838602089401C74
:1015600080B220816189081A6188884217DC21696C
:1015700004F11000814203D14846F6F751FE08E01D
:10158000A1F1140002F022F94846F6F749FE01F0F5
:10159000B1FA226A72B10321204690470AE0484618
:1015A000F6F73EFEBAF1000F04D1226A12B1012112
:1015B0002046904704B05046BDE8F0872DE9FF472C
:1015C0001746884604464FF0000A02F02BF90546FC
:1015D000F6F722FE814660892189401A21888842D7
:1015E00008BF002633D1039840B328462E6302F08B
:1015F00097F9616905F1140004F11003086061694D
:10160000A96160616B610398002809DD03AA0021CC
:1016100005F14C0002F0DCFA05F14C0002F04CFB45
:101620004846F6F7FDFD01F065FAD5F830A0F6F76B
:10163000F3FD8146BAF1000F32D102E06FF0010AEA
:101640002EE060892189401A21888842CBD06089A8
:1016500089B2B0FBF1F201FB1200E16841F8308081
:1016600060892188B0FBF1F201FB1200042101EB3B
:10167000C000E1680F506089401C6081A16904F1DD
:10168000180081420CD0A1F1140002F09FF84846E6
:10169000F6F7C6FD01F02EFA04B05046BDE8F0871B
:1016A0004846F6F7BDFDBAF1000F04D1226A12B127
:1016B00002212046904704B05046BDE8F08710B59F
:1016C00004460020A17E002904BF4FF0FF3010BD6A
:1016D000491E11F0FF01A1761CBF002010BDE16A78
:1016E00031B12046884700281CBF10F1060F10BDFD
:1016F0004FF00001218310BD836B002B04BF6FF0FE
:101700000500704718472DE9F041074602F08AF8B6
:10171000002818BF00F024F9082001F057F94468A8
:10172000051DAC420AD0A4F10C0608223946304609
:1017300001F008FE58B12468AC42F4D102F072F80E
:10174000002818BF00F0F0F90020BDE8F08102F099
:1017500069F8002818BF00F0E7F93046BDE8F081CD
:101760000020704770B50446807D00250E4610F0BD
:10177000100F10D1616A51B120468847050006D08C
:101780000246214616A000F08FFD284670BDE08A73
:1017900040F01000E082A07D10F0080F1FBF207EF7
:1017A00010F0080F6FF0060070BDA26A002A02BF99
:1017B00026F0F00020F47040208307D03146204608
:1017C0009047050018BF15F1060F07D1208B40F098
:1017D00008002083A07E00F10100A076284670BD9D
:1017E000546F20696E697469616C697A65206465FB
:1017F000766963653A2573206661696C65642E209D
:10180000546865206572726F7220636F6465206929
:10181000732025640A0000008C460D4910B5122380
:101820000B750023CB610B624B628B62CB62094B61
:101830000B63094B4B63094BC1F840C0C1E90E3241
:1018400001460322024800F025F8002010BD0000E8
:10185000DC22002011C1000031C10000F5C00000F1
:1018600010B590F81AC0BCF1000F07D0D0F830C006
:10187000BCF1000F08D0BDE8104060474FF0FF30CA
:1018800001F0F0FC002010BD6FF0050001F0EAFC53
:10189000002010BD002804BF4FF0FF3070472DE935
:1018A000F04791468846054601F0BCFF002818BF66
:1018B00000F056F8082001F089F84468061D4FF042
:1018C000000AB4420AD0A4F10C0708224146384667
:1018D00001F038FD48B12468B442F4D101F0A2FF10
:1018E000002818BF00F020F90BE001F09BFF002852
:1018F00018BF00F019F9002F1CBF4FF0FF30BDE8F2
:10190000F08742460821284601F072F8A5F81690A3
:1019100085F81AA0A5F818A00020BDE8F087C161DD
:101920000020704701620020704710B590F81AC07F
:10193000BCF1000F07D0D0F834C0BCF1000F08D0C4
:10194000BDE8104060474FF0FF3001F08BFC0020F5
:1019500010BD6FF0050001F085FC002010BD0000F7
:1019600010B5F6F759FC04494A88521C4A80BDE874
:101970001040F6F755BC0000C002002010B50C4620
:101980000146032000F0A2FF002808BF10BD4472EA
:1019900000F11401816141610021C16110BD0000AD
:1019A000002904BF4FF0FF3070472DE9FF479046F4
:1019B0000E4605460C9F01F035FF002104460163E9
:1019C0002E48016800291CBF28468847F6F724FCEA
:1019D000814618F0010F04D0E86936EA000006D00D
:1019E00010E018F0020F1CBFE86930420AD017B1AE
:1019F000E8693040386018F0040F32D0E869B0432D
:101A0000E8612EE00398002804BF6FF00100206316
:101A100027D0E66384F840806A7A214605F11400F5
:101A200000F012FC0398002809DD03AA002104F14C
:101A30004C0002F0CDF804F14C0002F03DF94846AC
:101A4000F6F7EEFB01F056F8206B00281CBF04B03F
:101A5000BDE8F087F6F7E0FB8146002F1CBFE06B86
:101A600038604846F6F7DCFB0548016800291CBFD2
:101A700028468847206B04B0BDE8F0873402002078
:101A800038020020002904BF4FF0FF3070472DE9D5
:101A9000F0410D4604460026F6F7BEFB8046E0699D
:101AA0002843E0611F48016800291CBF2046884781
:101AB00004F114006569854218BF04F1140727D0AA
:101AC00095F82C20A5F114004FF0FF3112F0010F12
:101AD00005D0C26BE3699A4308BF002108E012F009
:101AE000020F05D0C26BE3691A401CBFC26300211C
:101AF0002D6859B990F8401011F0040F03D0E16936
:101B0000C26B9143E16101F061FE0126BD42D7D174
:101B10004046F6F785FB012E08BF00F0EBFF0020E2
:101B2000BDE8F0813C02002010B5F6F775FB094ACC
:101B30005188491E09B25180002907DC00215180DB
:101B4000F6F76EFBBDE8104000F0D4BFBDE81040D2
:101B5000F6F766BBC0020020002808BF704770B5CA
:101B60001C4D04466968002918BF8847A86884424C
:101B700024BFE868A04298BF70BD4FF0FF311648FF
:101B80000C3C01F089F8608818B12088B0F5F55F49
:101B900008D012A000F088FB23886288214616A096
:101BA00000F082FB002060804FF4F550208028690F
:101BB000844238BF2C616068A968611A401AA9691B
:101BC000081AA8612046FEF793FABDE87040024863
:101BD00001F03CB80C020020101A0020746F20663F
:101BE00072656520612062616420646174612062B5
:101BF0006C6F636B3A0A00006D656D3A2030782592
:101C00003038782C207573656420666C61673A20E3
:101C100025642C206D6167696320636F64653A20D9
:101C20003078253034780A007047000002490148B6
:101C3000086070470400FA050CED00E070B5324909
:101C40000546283009682C1D19B18847002808BFAF
:101C500070BD2EA0216C00F027FB30A0616A00F05F
:101C600023FB32A0A16A00F01FFB34A0E16A00F060
:101C70001BFB36A0216B00F017FB38A0616800F059
:101C800013FB3AA0A16800F00FFB3CA0E16800F054
:101C90000BFB3EA0216900F007FB40A0616900F04A
:101CA00003FB42A0A16900F0FFFA44A0E16900F043
:101CB000FBFA46A0216A00F0F7FA48A0616B00F039
:101CC000F3FA4AA0A16B00F0EFFA4CA0E16B00F030
:101CD000EBFA287810F0040F08D001F0A3FD0146BC
:101CE0004AA000F0E1FAFDF707FB02E04FA000F088
:101CF000DBFA287810F0100F04BF53A000F0D4FADC
:101D0000FCF7D2F9FEE70000000300207073723A7E
:101D1000203078253038780A000000007230303AE0
:101D2000203078253038780A000000007230313ACF
:101D3000203078253038780A000000007230323ABE
:101D4000203078253038780A000000007230333AAD
:101D5000203078253038780A000000007230343A9C
:101D6000203078253038780A000000007230353A8B
:101D7000203078253038780A000000007230363A7A
:101D8000203078253038780A000000007230373A69
:101D9000203078253038780A000000007230383A58
:101DA000203078253038780A000000007230393A47
:101DB000203078253038780A000000007231303A3F
:101DC000203078253038780A000000007231313A2E
:101DD000203078253038780A000000007231323A1D
:101DE000203078253038780A00000000206C723AE4
:101DF000203078253038780A000000002070633ADF
:101E0000203078253038780A00000000686172645C
:101E1000206661756C74206F6E20746872656164F1
:101E20003A2025730D0A0D0A0000000068617264F3
:101E3000206661756C74206F6E2068616E646C65DD
:101E4000720D0A0D0A000000465055206163746946
:101E50007665210D0A00000010B50446402000F010
:101E600049FA0321017500220949C261C0E908212C
:101E70000849C0E90A120849016308494163084951
:101E8000C0E90E1203222146FFF704FD002010BD19
:101E9000D5FF0000D9FF0000FDFF00001900010080
:101EA0009DFF00002DE9F0410446C8B2012700263D
:101EB00084B0012808BFE56C24D002286BD0032829
:101EC0007AD004281CBF04B0BDE8F0810023256D42
:101ED0006A4602A9281DFFF7E5FA6A4601A9281DEE
:101EE000FFF7B5FA002818BF2E605AD0226A002AE0
:101EF00004BF04B0BDE8F08120460299904704B0C9
:101F0000BDE8F081206CC168204688478046B0F16A
:101F1000FF3F22D0F6F780F90146AA88286800F82A
:101F20000280A888401C80B2A880A26CC2F38F22D5
:101F3000904228BFAE80AA88E888824209D1401C1E
:101F400080B2E880AF60A26CC2F38F22904228BFBB
:101F5000EE800846F6F764F9D4E7E069002804BF8C
:101F600004B0BDE8F081F6F757F90246A888E98881
:101F7000884228BF451A04D2081AA16CC1F38F21E8
:101F80000D1A1046F6F74CF9002D18BFE26973D10F
:101F900004B0BDE8F081206D04B0BDE8F041FFF76A
:101FA000B7B92F60206CDDE90021D0F810C0022302
:101FB0002046E0479AE7FFE70D123249A06C08423D
:101FC00008D1E26929462046E76C90473E6004B09C
:101FD000BDE8F081F6F720F90246E06CC3888188FD
:101FE0008B42294489B281800ED8A36CC3F38F231E
:101FF0008B4217D8B1FBF3FC03FB1C118180C38813
:102000008B420FD8876010E0C3888B420AD8A36C3C
:10201000C3F38F238B42F5D8B1FBF3FC03FB1C11F8
:102020008180EFE78168012901D18188C180A36C9B
:10203000C188C3F38F23994228BFC680E06C838890
:10204000C1888B4288BF5D1A07D1806800281ABFFB
:10205000A06CC0F38F25002505E004D8C81AA16C38
:10206000C1F38F210D1A1046F6F7DAF8E269002A5B
:1020700004BF04B0BDE8F081294604B02046BDE8A5
:10208000F041104700FCFF034FF0000C80F814C033
:10209000C0F81CC0C0F820C0DFF834C0C0F824C0AD
:1020A000DFF830C0C0F828C0DFF82CC0C0F82CC062
:1020B000DFF828C0C0F830C0DFF824C0C0F834C052
:1020C000DFF820C0C0E90EC392B2FFF7E3BB000007
:1020D000312E01004D2E0100312D01000130010093
:1020E000A5310100CD2D010030B40546101D20F0B2
:1020F0000700A0F14404DFF82CC02046002240F87D
:1021000022C0521C112AFAD3416200218162C162AD
:102110000163C0E90D134FF08072C0E90F522160D6
:1021200030BC7047EFBEADDEF8B506461B480C4626
:102130006A4640681AA16FF3992000F500453046C1
:10214000F6F7B4F93046FFF7DEFA00281CBF03208B
:10215000F8BD0098144F00EBC00101EB001107EB34
:102160008101002281F86000114610A000F04CFDB2
:102170000146009800EBC00202EB001007EB800064
:10218000034681650C498564C0E9101440F60332AA
:102190003146FFF779FF0020F8BD000088470100B5
:1021A000756172742564000074160020646D615FAF
:1021B00074785F73656D00009047010010B5F6F705
:1021C0002BF8074904460878421C0A704968002920
:1021D00018BF88472046BDE81040F6F721B8000038
:1021E000F80100200148007870470000F801002045
:1021F00010B5F6F711F8074904460878421E0A7030
:102200008968002918BF88472046BDE81040F6F7C6
:1022100007B80000F801002070B504460068A0422D
:1022200018BF4FF0FF350DD0F5F7F6FF06462068D2
:10223000C561143801F0CAFA3046F5F7F1FF20689D
:10224000A042F1D1002070BD70B5044616460D467F
:10225000084601F065FBEEB1012E23D12068A042B3
:1022600018BF95F8351013D090F82130A0F1140262
:1022700099420AD202F1140305F1140259680A6066
:102280005968A9615A606B6102E00068A042EBD115
:10229000A04207D1616805F1140008606168A96176
:1022A00060606C61002070BD0FB47F2170B505AB1C
:1022B0000E48049A01F0B6FD03467F2888BF7F23AD
:1022C0000B4D286860B1048B084A44F0400101833B
:1022D0000021FFF72AFB2868048370BC5DF814FB1B
:1022E0000248FFF7A1FC70BC5DF814FB90190020B8
:1022F00004020020002808BF70472DE9F047414E36
:10230000C01C20F003057069854284BF0020BDE831
:10231000F0870C2D38BF0C254FF0FF313A4800F004
:10232000BBFCD6F810C0B1687769ACEB01007A1B32
:10233000824260D90C186388002B59D163681B1A3C
:102340000C3BAB4254D3626805F11803121A0C3AE5
:102350004FF001094FF4F558934220D8421902F189
:102360000C03CA184FF0000AA2F80080A2F802A0DD
:10237000D4F804A0C2E901A06360A4F802905068F8
:1023800007F10C0290421CBF01F108028350B069B2
:1023900028440C30B061F36983420CD20AE0A4F8FF
:1023A00002906068621A801AB2691044B061F269E2
:1023B000904200D9F061A4F80080644508BF3069FC
:1023C00009D14288002A1CBFF268904203D04068BD
:1023D00008443061F5E70C4800F038FC32681AB167
:1023E000294604F10C00904704F10C00BDE8F08789
:1023F000606882429ED8044800F028FC0020BDE8B6
:10240000F08700000C020020101A00200346102A5A
:1024100024BF41EA030C1CF0030F1BD151F804CB7D
:1024200043F804CB51F804CB43F804CB51F804CB68
:1024300043F804CB51F804CB103A43F804CB102AEC
:10244000ECD2042A06D351F804CB121F43F804CB74
:10245000042AF8D2521E38BF704711F801CB03F896
:1024600001CB521EF9D27047034601F0FF0C042A3B
:1024700028BF10F0030F19D119464CEA0C2343EA88
:102480000343102A0CD341F8043B103A41F8043BB3
:10249000102A41F8043B41F8043BF4D2042A04D347
:1024A000121F41F8043B042AFAD20B46511E38BFD2
:1024B000704703F801CB491EFBD270472DE9F0416C
:1024C0000E4601461F461546052000F0FFF90400A0
:1024D00008BFBDE8F081677204F11400A06160617B
:1024E000F01C4FF6FC7108402084A9B2001D6184E5
:1024F0004843FFF7FFFEE061B8B10022A262E2624A
:102500002263618C104600290BDD238CE1691B1DC1
:1025100000FB0311236B0B602163618C401C814223
:10252000F3DCA2842046BDE8F08104F11400FFF73B
:1025300073FEE069FFF710FB204600F009FA002067
:10254000BDE8F0812DE9FF4717468946044600267D
:1025500001F068F905464048016800291CBF204683
:102560008847F5F759FE8246A08C0399014303D0B2
:102570004FF0000820B13BE05046F5F751FE65E012
:10258000C5F83080039800285AD0627A294604F1B1
:102590001400FFF759FE039800280CDD01F0AAFA99
:1025A000064603AA002105F14C0001F011FB05F1DC
:1025B0004C0001F081FB5046F5F732FE00F09AFA2C
:1025C000286B00281CBF04B0BDE8F087F5F724FE97
:1025D00082460398002808DD01F08CFA861B0398D8
:1025E000801B039048BFCDF80C80A08C0028C7D07A
:1025F000A56A2868A062E06AA84208BFC4F82C80D7
:10260000A08C401EA0845046F5F70AFE208CB842EC
:1026100038BF07463A46291D4846FFF7F7FEF5F74B
:10262000FBFD216B29602563F5F7FAFD0B48016876
:1026300000291CBF20468847002004B0BDE8F08771
:102640005046F5F7EDFD6FF00100286304B06FF020
:102650000100BDE8F08700003402002038020020AD
:102660002DE9F0410446008C16460F46B0423CBFAF
:102670004FF0FF30BDE8F0811E480368002B1CBFFF
:1026800020469847F5F7C8FD256B25B329682163D7
:10269000F5F7C6FD0020286032463946281DFFF7B1
:1026A000B5FEF5F7B9FD0646E06A002818BF0560DB
:1026B000E562A06A002808BFA56234F8240F401C18
:1026C00024F810092068A0420BD13046F5F7A8FD88
:1026D0000020BDE8F081F5F7A3FD6FF00200BDE832
:1026E000F081143801F072F83046F5F799FD00F0EA
:1026F00001FAEDE73C02002010B50C46014602202D
:1027000000F0E4F8002808BF10BD00F11401816159
:102710004161012181830021FF2201628277C1771B
:10272000447210BD70B515460A460446022100F0F9
:102730005FF904F11400A06160610120A083002012
:10274000FF212062A177E077657270BD2DE9F0412D
:102750000446002501F066F80746F5F75DFD0646DC
:102760002348016800291CBF20468847206AB842D8
:1027700009D04FF0FF3038633046F5F751FD4FF088
:10278000FF30BDE8F081E17F491E11F0FF01E177E4
:1027900024D1A17F90F83520914204D004F11E028B
:1027A000022100F0B7FE616904F11400814207D1F3
:1027B000A08B401CA08300202062FF20A0770DE0AA
:1027C000A1F11400206291F82100A077E07F401C65
:1027D000E077A1F1140000F0F9FF01253046F5F78C
:1027E0001FFD002D18BF00F085F90020BDE8F08125
:1027F0003C02002073B5044601F014F80546F5F7D5
:102800000BFD06462F48016800291CBF204688475B
:1028100000202863206AA84203D1E07F401CE077B3
:1028200044E0A08B38B180B2401EA083256295F8A9
:102830003500A077F1E7019858B3206A95F8351074
:1028400090F83520914204D205F13502022100F0C2
:1028500061FE627A294604F11400FFF7F5FC019845
:10286000002809DD01AA002105F14C0001F0B0F9B2
:1028700005F14C0001F020FA3046F5F7D1FC00F0EC
:1028800039F9286B78B110F1090FCAD0286B02B062
:1028900070BD6FF0010028633046F5F7C1FC02B04F
:1028A0006FF0010070BDF5F7B7FC06463046F5F74E
:1028B000B7FC0548016800291CBF20468847002056
:1028C00002B070BD34020020380200202DE9F0472C
:1028D0000746054600201C4A8946804602EB001147
:1028E0000978A94202D102EB001403E0401C082839
:1028F000F4DB4446E068FFF7FDFC061E08BFBDE8B8
:10290000F0870021E268FFF7AFFD377286F8098093
:1029100008224946304600F028FD0C48016800298D
:102920001CBF30468847F5F777FC54F8041F06F1C2
:102930000C054D602168F16025603461F5F770FC8D
:102940003046BDE8F0870000400200202C02002045
:1029500010B504460D48416800291CBF2046884731
:1029600000202072F5F758FC04F10C01D1E9002396
:102970005360D1E900231A602161E160F5F750FC52
:102980002046BDE81040FFF7E7B800002C02002009
:1029900010B504460C48416800291CBF20468847F2
:1029A00000202072F5F738FC014604F10C00D0E954
:1029B00000235360D0E900231A602061E060BDE885
:1029C00010400846F5F72CBC2C020020074A0021D5
:1029D00002EB01131B78834202D102EB0110704716
:1029E000491C0829F4DB0020704700004002002049
:1029F00070B50B46DFF858C01646044600210CEBB4
:102A000001100078984202D10CEB011503E0491C3B
:102A10000829F4DB002543F08000207208223146AB
:102A2000204600F0A2FC0B48016800291CBF20468C
:102A30008847F5F7F1FB55F8041F0C344C60296802
:102A400021602C606560BDE87040F5F7E9BB0000CF
:102A5000400200202C020020007A10F0800018BFF5
:102A6000012070470A460349096C0B68014601487A
:102A700018470000DC220020024A01460148126C7F
:102A800092681047DC2200200A460349096C4B6813
:102A90000146014818470000DC22002000B583B041
:102AA0000022009201920292002802BF6FF00700FC
:102AB00003B000BD6A4600918021FEF71DFE03B001
:102AC00000BD00B583B04FF0000CCDF800C0CDF8CC
:102AD00004C0CDF808C0002802BF6FF0070003B0A3
:102AE00000BD0293CDE900126A468221FEF704FE82
:102AF00003B000BD2DE9F041F5F78EFB184F0646F7
:102B0000788840BBB868F9F7F9F91649401E7D6826
:102B100051F83010A1F11404AC421CD038707C6024
:102B2000FA6812B12146284690470F48007804F110
:102B30001C01002805F11C0006D0F5F774FB304697
:102B4000BDE8F041F5F76CBBF5F76DFB3046BDE82D
:102B5000F041F5F765BB3046BDE8F041F5F760BBE5
:102B6000C0020020301A0020F801002010B50446F1
:102B7000F5F752FB024694F834000E4920F00F009E
:102B800040F0010084F8340094F8350001EBC001F6
:102B900004F114004B6818604B68A3614860064854
:102BA0006161A16B836819438160BDE810401046E4
:102BB000F5F736BB301A0020C002002010B50446DD
:102BC000F5F72AFB04F114010246D1E90003436042
:102BD000D1E900031860A161616194F835100848DB
:102BE00000EBC1000168814205D10648A16B8368F2
:102BF00023EA01018160BDE810401046F5F710BBE3
:102C0000301A0020C002002070B50C46014615465F
:102C10000120FFF75BFE002808BF70BD00F1140122
:102C2000816141618483457270BD70B515460A4665
:102C30001E4604460121FFF7DBFE04F11401A161E9
:102C40006161A5836672002070BD000070B5044606
:102C50001048016800291CBF204688470025F5F769
:102C6000DBFA0646616904F11400814203D1A08BAE
:102C7000401CA08304E0A1F1140000F0A7FD012591
:102C80003046F5F7CDFA002D18BFFFF733FF0020CF
:102C900070BD00003C02002073B504462248016864
:102CA00000291CBF20468847F5F7B6FA0646A08BD8
:102CB00028B1401EA0833046F5F7B2FA23E0019810
:102CC00050B300F0AFFD054600202863627A294624
:102CD00004F11400FFF7B8FA0198002809DD01AAF1
:102CE000002105F14C0000F073FF05F14C0000F0ED
:102CF000E3FF3046F5F794FAFFF7FCFE286B002857
:102D00001CBF02B070BD0948016800291CBF2046E5
:102D10008847002002B070BD3046F5F781FA02B056
:102D20006FF0010070BD0000340200203802002066
:102D300070B50446807E012846D8208B4FF00005F0
:102D400010F4807F0FD0E06CFEF706FFE564208B67
:102D50004FF4807220F480712183206C112143682C
:102D60002046984711E010F4007F0ED0E06CFEF78B
:102D7000F3FE206C4FF400721121436820469847FF
:102D8000E564208B20F400712183208B10F4806F88
:102D90000FD0206DFEF7E0FE2565208B4FF480629A
:102DA00020F480612183206C1121436820469847DC
:102DB0000AE010F4006F07D0206DFEF7CDFE256508
:102DC000208B20F400602083002070BD10B500240B
:102DD000012904BFC18A21F020010DD0022904BFBE
:102DE000C18A41F0200107D0032907D0036C5B683A
:102DF00098470446204610BDC182FBE7002AF9D05F
:102E00005168D0F848C0C1F38F23CCF38F2C6345B1
:102E10001FBF837E002B072010BD1368C0E911314E
:102E2000817E0029E6D0016C0B6811469847E1E7E6
:102E300010B50021C1640165026C12681AB100F17D
:102E4000440190470146084610BD00002DE9F041BD
:102E500000270D46044611F4007F03D0E08A10F4E9
:102E6000007F3AD015F4006F03D0E08A10F4006FB1
:102E700033D015F4807F03D0E08A10F4807F2CD00B
:102E800015F4806F03D0E08A10F4806F25D015F020
:102E9000400F06BF207E10F0400F4027E8B220838D
:102EA000E16C4FF00008E1B115F4807F18BF40F4E9
:102EB00080716AD02183206D002805F480606BD07A
:102EC00000281CBF208B40F4806079D02083208BA9
:102ED000384320830020BDE8F0816FF00700BDE893
:102EE000F08115F4807F21D0A06CC0F38F200C30CE
:102EF000FFF700FA06460C303060A16CC1F38F2258
:102F00000021FFF7B1FAA6F80480A6F80680C6F8FB
:102F10000880E664208B4FF4807240F48071218336
:102F2000206C1021436820469847C4E715F4007FC1
:102F3000C1D03249A06C084206D10420FFF7DAF96B
:102F4000C0F80080E0641BE0C0F38F200C30FFF776
:102F5000D1F906460C303060A16CC1F38F220021FC
:102F6000FFF782FAA6F80480A6F80680C6F8088063
:102F7000E664206C4FF400720321436820469847B2
:102F8000208B40F40071218395E715F4007F18BF72
:102F900040F400718ED18EE798B10C20FFF7AAF9AA
:102FA0000546FEF7D3F92565208B4FF4806240F487
:102FB00080612183206C102143682046984786E772
:102FC00013E015F4006F82D02820FFF793F905462F
:102FD00040F8048B002304220821FEF71FFA256520
:102FE000208B40F40060208371E715F4006F1CBF54
:102FF000208B40F400607FF469AF68E700FCFF03BA
:10300000002B04BF002070472DE9F0478046008B5D
:103010001D46164610F4807F4FF000072FD09946CA
:10302000BA46D8F84C40F5F7F7F80146E088A28890
:10303000904204BFA268002A1AD02268175C00F1EF
:10304000010080B2E080D8F84820C2F38F2290427D
:1030500028BFA4F806A0A068012808BFC4F808A0EB
:103060000846F5F7DDF806F8017B6D1EDBD102E0BE
:103070000846F5F7D5F8A9EB0500BDE8F08710F490
:10308000007F08BF1C4678D04446F5F7C5F8814656
:103090004348A16C01421DD1E06C4FF0000801686B
:1030A000012908BF6FF0060809D001210160206CDA
:1030B0000B462A46D0F810C031462046E047484625
:1030C000F5F7AEF8B8F1000F53D0404600F0CAF85B
:1030D0003D464EE0D4F84C80B8F80420B8F806001D
:1030E000824213D1D8F80820002A18BFC1F38F22DA
:1030F000954228BF15464219C1F38F218A420CD24E
:10310000D8F800102A460144304618E03DBF821A24
:10311000C1F38F239A1A121AEAE70A1AD8F8001094
:1031200001443046FFF772F9B8F80610A06C4A194E
:10313000C0F38F20121A3044401AD8F80010FFF75D
:1031400065F9E06C816800291CBF002D8760C2888A
:1031500002EB050189B2C180A26CC2F38F229142B9
:1031600004D3B1FBF2F302FB1311C1804846F5F71B
:1031700057F82846BDE8F087FFE7D8F84000C16857
:1031800040468847B0F1FF3F06D06D1E06F8010BA0
:103190000A2818BF002DF0D1A4EB0500BDE8F08788
:1031A00000FCFF03002B04BF002070472DE9F04115
:1031B000018B11F4806F19D0D0F850800646154667
:1031C0001C461F46306C2978826830469047B0F123
:1031D000FF3F1CBF641E6D1C02D0002CF2D13DE0ED
:1031E0004FF0FF314046FEF7BEF8F6E711F4006FEE
:1031F00027D017461E46046D05464FF0FF33324672
:103200003946201DFEF7DAF920B100F02BF8002036
:10321000BDE8F081F5F700F8216801290CD0012103
:103220002160F4F7FDFF286C02233246D0F810C06D
:1032300039462846E04701E0F4F7F2FF3046BDE8A2
:10324000F081064615461C461F46306C2978826878
:1032500030469047641E05F10105F6D13846BDE8B9
:10326000F081000070B50446FEF7BCFF044D28B99C
:1032700000F0D8FA00281CBF046370BD6C6070BDFC
:103280000402002008B509A0FFF70EF80AA0FFF716
:103290000BF812A0009002230122032112A0FFF7D5
:1032A00003F8BDE8084018A0FEF7FEBF0A205C2026
:1032B0007C202F0A000000002D205254202D2020B9
:1032C000202020546872656164204F7065726174BB
:1032D000696E672053797374656D0A004A756E20B4
:1032E0003134203230323600202F207C205C2020E8
:1032F00020202025642E25642E2564206275696CAB
:10330000642025730A0000002032303036202D2042
:103310003230313920436F70797269676874206286
:10332000792072742D746872656164207465616DB2
:103330000A00000001460A78002A18BF491CFAD189
:10334000081A7047002372B190F800C011F8013BD1
:10335000ACEB03035BB233B9401CBCF1000F18BFE8
:10336000B2F10102F0D118467047002A14BF03469B
:10337000704711F801CB03F801CBBCF1000F02D06C
:10338000521EF6D17047511E14BF0022704703F839
:10339000012B491EFBD170470A46C11C10B522F013
:1033A000030321F00301182B22D9A3F1180C614566
:1033B0001ED8581A114C18384FF4F553A1606061AB
:1033C00000F10C020B800020C1E901204880486810
:1033D0000844E060038001214180426082600A4627
:1033E000002307A10848FFF720FCA068206110BD5A
:1033F0000146BDE8104005A0FEF756BF0C020020B4
:103400006865617000000000101A00206D656D2075
:10341000696E69742C206572726F722062656769CB
:103420006E206164647265737320307825782C2077
:10343000616E6420656E64206164647265737320DC
:10344000307825780A0000000B4B4FF0000C0B4A37
:10345000A3F802C0604602EBC001401C496009604D
:103460002028F8DB1F2018700548C3F804C0C3F8F3
:1034700008C0406000607047C0020020301A002081
:10348000D002002010B5074CA068F8F737FD0649B8
:10349000401E51F8300014386060BDE810401C3008
:1034A000F4F707BFC0020020301A0020044A0020B1
:1034B00002EBC001401C49600960F9D07047000070
:1034C000F002002000B50D4A85B0002002EBC001DB
:1034D000401C49600960F9D0042209480A23D1013F
:1034E0008DE80F000023074A07A1803800F04EF94D
:1034F00005B007485DF804EB00F0DCB9F8020020E5
:10350000B01B00209D39010074696D6572000000D8
:10351000301B00202DE9F0411546044631B3012946
:1035200028D0022912D1F4F777FE074694F8340028
:10353000012600F00F0001280BD0287884F8350010
:1035400006FA00F0A0633846F4F76AFE0020BDE8F2
:10355000F0812046FFF732FB287884F8350006FA20
:1035600000F0A0632046FFF701FBECE7BDE8F04167
:1035700000F0A0B994F8340010F00F0F1CBF2046E3
:10358000FFF71CFB04F14C0000F05CFB042084F806
:103590003400F4F741FE01460648143402685460D2
:1035A00002682260046060600846F4F739FE00207B
:1035B000BDE8F081D00200202DE9F04784B08946B3
:1035C000DDE90C54824601461E4690460020FFF776
:1035D0007DF9071E04BF04B0BDE8F0873046FEF752
:1035E00089FE68B1CDE90006CDE9025443464A465A
:1035F00051463846F9F732F904B03846BDE8F0874D
:103600003846FFF7A5F904B00020BDE8F08700F0C8
:103610000FB9000010B5044690F8340010F00F0FF9
:103620001CBF2046FFF7CAFA04F14C0000F00AFB69
:10363000042084F83400F4F7EFFD064914340A68D6
:1036400054600A6822600C606160F4F7E9FD0020B4
:1036500010BD0000D002002070B515480468F4F7D2
:10366000DBFD05462046FFF7A9FA042084F8340064
:1036700004F14C0000F0E6FA2046FFF7EDF90128CE
:1036800004BFA06F00280FD00A4804F11404016899
:103690004C6001682160046060602846F4F7C0FD5A
:1036A000BDE87040FFF726BA2046FFF771F9F4E74E
:1036B000C4020020D0020020234E244D002456F8DE
:1036C0002400002818BF8047641C042CF7D31F482F
:1036D00001688142F2D0F4F79FFD07461B4801685C
:1036E000814226D02968A1F11404D1E90002426088
:1036F000D1E90002106049600960FEF731F9A16F5D
:1037000000291CBF204688472046FFF7A5F901285D
:1037100013D0FEF709FA3846F4F782FDA06AFEF7E7
:103720001BFA2046FFF714F9084801688142D2D1FC
:10373000C4E73846F4F774FDC0E7FEF7F5F93846FC
:10374000F4F76EFDBAE7000080190020D0020020D7
:1037500000B585B0202308481F2219018DE80F000D
:103760000023064A06A1803800F010F805B006488C
:103770005DF804EB00F09EB880170020B936010018
:103780007469646C65000000001700202DE9F04F9B
:1037900085B092460EAA884692E8F0000A469946FD
:1037A00083460021FFF724F98DE8F0004B4652468E
:1037B00041465846F9F752F805B0BDE8F08F10B50C
:1037C00000F086F9BDE8104000F032B870B504464C
:1037D00090F8340000F00F0002281CBF4FF0FF30BB
:1037E00070BDF4F719FD04F114010546D1E900029A
:1037F0004260D1E900021060A16104F14C006161F6
:1038000000F0E2FA2846F4F70BFD2046FFF7AEF988
:103810000348416800291CBF20468847002070BD2E
:10382000D80200200148006870470000C402002050
:10383000F1B5F4F7F1FC05461C48046894F834002F
:1038400000F00F0001281AD1F4F7E6FC064694F8C0
:10385000340020F00F0040F00201204684F83410BC
:10386000FFF7ACF904F14C0000F0AEFA3046F4F783
:10387000D7FC0F48016800291CBF204688476A46CC
:10388000002104F14C0000F0A3F904F14C0000F019
:1038900013FA2846F4F7C4FCFFF72CF9206B10F15B
:1038A000020F04BF002020630020F8BDC4020020E6
:1038B000D802002070B590F8361080F8351001223B
:1038C00002FA01F18163022180F834100446F4F712
:1038D000A3FC04F114010546D1E900024260D1E9DC
:1038E00000021060A16104F14C00616100F06CFA0B
:1038F0002846F4F795FC2046FFF738F9064841685A
:1039000000291CBF2046884704480068002818BFCB
:10391000FFF7F0F8002070BDD8020020C40200209C
:1039200070B5044690F8340000F00F0001281CBF69
:103930004FF0FF3070BDF4F76FFC054694F834008B
:1039400020F00F0040F0020084F834002046FFF71A
:1039500035F904F14C0000F037FA2846F4F760FC22
:103960000348016800291CBF20468847002070BD1D
:10397000D802002010B56FF00101016300F11401BD
:10398000D1E900235360D1E900231A6081614161CC
:10399000FFF7ECF8BDE81040FFF7ACB8314E4FF040
:1039A000FF3A6FF0004906F114082F480168814280
:1039B0000EBF5446A1F114004C69B4F1FF3F4AD048
:1039C00000F098F8201A484538BFFFF720FE00F0B5
:1039D00091F80746FDF7C4FFD8F80050454537D0A9
:1039E0006869A5F11404381A484531D27168002974
:1039F0001CBF204688472D68002104EBC100491CEC
:103A0000F0E9052301295360D0E900231A604060E2
:103A10000060F2DBFEF788F8D4E90710884700F071
:103A200069F8B168074600291CBF20468847FDF7A2
:103A300097FF607A10F0020F18BF10F0010F20F00E
:103A40000100607202D0204600F036F94545C7D12A
:103A5000FEF76AF8A9E7FFF7E5FEFFF761FFFFF75A
:103A600049F8B4E7E4020020F802002010B5F4F7AA
:103A7000D3FB1549096891F8342002F00F02012A9E
:103A80001ED1D1E9053C63451AD001F11402C3F8F7
:103A900004C0D2E9003CCCF800308A614A6191F858
:103AA00035200A4B143103EBC20253681960536886
:103AB0004B6051600A60F4F7B3FBFFF71BF801E0BD
:103AC000F4F7AEFB002010BDC4020020301A002025
:103AD0000028BCBF4FF0FF30704700EBC00101EB86
:103AE000001040F2E73101EB8000491C90FBF1F03F
:103AF000704700000148006870470000F401002092
:103B0000094810B50168491C0160FFF78BFE816C04
:103B1000491E816403D1416C8164FFF7A7FFBDE8B2
:103B2000104000F003B80000F40100202DE9F04738
:103B3000FFF7E0FF8146F4F76FFB804623480168FA
:103B400081423DD006466FF00047A0F10C05306879
:103B5000A0F114044069A9EB0000B84230D26968B2
:103B600000291CBF20468847002204EBC20000F158
:103B70001401521CD1E90003012A4360D1E900037A
:103B8000186049600960F0DBD4E907108847FFF747
:103B9000B1FFA968814600291CBF20468847607A8A
:103BA00010F0020F18BF10F0010F20F0010060723A
:103BB00002D0204600F080F8044801688142C6D156
:103BC0004046BDE8F047F4F72BBB0000F0020020B0
:103BD000002904BF1168416211D0012904BF406A65
:103BE00010600CD0022904BF417A21F0020105D0F7
:103BF000032904BF417A41F0020100D14172002043
:103C000070472DE9F0410F4601461D461646092032
:103C1000069CFEF75BFEB0F1000C08BFBDE8F0812A
:103C200024F0010141720021C0E90951C0E9077681
:103C300000EBC1021432491C526012600129F7DB0B
:103C4000BDE8F08170B50546F4F7E6FA2C4600228F
:103C500004EBC201521CF1E9053C012AC3F804C07F
:103C6000D1E9003CCCF8003049600960F0DBF4F7A2
:103C7000D7FA2846FEF78CFE002070BD2DE9F041F2
:103C80001746DDE906580A461E4604460921FEF796
:103C9000AFFE28F0010060720020C4E90950C4E9B9
:103CA0000776014604EBC1001430491C40600060F7
:103CB0000129F7DBBDE8F0812DE9F8430446F4F76C
:103CC000ABFA03462246002002EBC001401CF1E99A
:103CD000055C0128C5F804C0D1E9005CCCF80050AF
:103CE00049600960F0DB607A20F0010060721846DC
:103CF000F4F796FA2F48016800291CBF2046884730
:103D0000FFF7F8FE616A0844A062F4F785FA80467E
:103D1000607A10F0040F14BF274E284E00216FF078
:103D20000047EC46009606EBC1025CF8210055689E
:103D3000A84218BFA36A0CD00068A0EBC102526968
:103D40009A421CBFD21ABA4203D34CF82100A842AF
:103D5000F2D129B15CF821000CEB810208305060EF
:103D6000491CE0D016480168491C0160009904F123
:103D700014000A6850600A6862610860A161607A94
:103D800040F0010060724046F4F74AFA607A10F0A1
:103D9000040F0BD00B4890F8340000F00F000128FE
:103DA00004D00848FFF712FDFEF7A4FE0020BDE88E
:103DB000F883000038020020F8020020F002002002
:103DC000E4020020301B002070B50446407A10F059
:103DD000010F04BF4FF0FF3070BD1148016800298A
:103DE0001CBF20468847F4F717FA034620460022F6
:103DF00000EBC201521CF1E9055C012AC5F804C0C0
:103E0000D1E9005CCCF8005049600960F0DB18464D
:103E1000F4F706FA607A20F001006072002070BDAD
:103E20003C0200202DE9F04F01444D1E83B01E4698
:103E300014460746854238BF4FF0FF3521780029E8
:103E400000F04A816FF02F094FF020084FF0250A4B
:103E5000C9B2252908BF002103D0A8427ED801702D
:103E6000A7E014F8013F2D2B08BF41F01001F8D056
:103E70002B2B08BF41F00401F3D0202B08BF41F0E9
:103E80000801EED0232B08BF41F02001E9D0302BF0
:103E900008BF41F00101E4D003F0FF0CACF1300C9D
:103EA0004FF0FF32BCF10A0F38BF00220CD223467C
:103EB00002EB82021B7809EB42021A4414F8013F1C
:103EC000303B0A2BF3D309E02A2B07D156F8042BF9
:103ED000641C002ABCBF524241F010014FF0FF3B6E
:103EE00023782E2B21D114F8013FA3F1300CBCF123
:103EF0000A0F38BF4FF0000B0DD223460BEB8B0C93
:103F00001B7809EB4C0C03EB0C0B14F8013F303B16
:103F10000A2BF2D304E02A2B05D156F804BB641C0B
:103F2000BBF1000F01DA4FF0000B23784FF0000EC9
:103F3000682B12BF6C2B9E46641C4FF00A0394F84A
:103F400000C0BCF16F0F08BF08237DD018DCBCF1A6
:103F5000630F30D00BDCBCF1250F00E029E074D0FA
:103F6000BCF1580F08BF41F040016FD014E0BCF124
:103F7000640F14BFBCF1690F41F002010CD197E04E
:103F8000BCF1700F7ED0BCF1730F34D0BCF1750F53
:103F90005AD0BCF1780F59D0A84298BF80F800A041
:103FA0002178401C002908BF641E69D0A8427FF612
:103FB00056AF401C8BE011F0100F0AD1521E002AA0
:103FC00007DDA84298BF80F80080401C521E002ADE
:103FD000F7DC16F8041BA84298BF0170401C511E64
:103FE000002974DDA84298BF80F80080401C491E5B
:103FF0000029F7DC6BE056F804CBBCF1000F08BFDA
:104000000FF2FC0C634693F800E0BEF1000F18BFFE
:104010005B1CF8D1A3EB0C03BBF1000FC4BF5B45E5
:104020005B4611F0100F0CD11146521E994208DD6B
:10403000A84298BF80F800801146521E401C994249
:10404000F6DC0021002B02E032E02BE02FE00BDD5C
:10405000A8429CBF9CF800B080F800B0401C491CEE
:104060000CF1010C9942F3DB511E93422FDAA84266
:1040700098BF80F800800A46491E401C9A42F6DC30
:1040800025E0FFE7B2F1FF3F04BF082241F0010144
:104090000092CDE901B156F8042B10232946FCF714
:1040A00063F814E0A84298BF80F800A081E71023CD
:1040B000BEF16C0F02D0BEF1680F16D056F804CBDB
:1040C000CDE9002B029162462946FCF74DF814F821
:1040D000011F00297FF4BCAE0021A84294BF0170EB
:1040E0002970C01B03B0BDE8F08F36F804CB11F087
:1040F000020F1FFA8CFC18BF0FFA8CFCE0E70000DF
:10410000284E554C4C2900000D4A1178002908BF53
:1041100070479078401CC0B2B0FBF1F301FB130074
:104120009070002818BF7047064890F8400010F0C3
:10413000010F08BF704701215068F9F754BD000016
:1041400088000020D40400202DE9F04188B00D0043
:10415000804618BF6F4615D0202D8CBF20232B46DC
:104160006A4600214046FDF77BFB061E18BF00246F
:1041700008D005D9385DF9F707FA641CA642F9D8CA
:10418000AD1BE9D108B00020BDE8F08110B500EE0C
:10419000100A2DED028BB1EEC08A18EE100A20F045
:1041A0000040C0F1FF40C00F0AD010EE100A20F00E
:1041B0000040C0F1FF40C00F04BF0120F7F7D2FE5E
:1041C00018EE100ABDEC028B10BD002812BF0029AA
:1041D0004FF0FF307047042A3CBF6FF0010070477A
:1041E00086220A7002784A70407888705520C8701C
:1041F00004207047002812BF002900207047B0F843
:1042000002C00079012900FB03C000F1F3039CBF49
:1042100003F5AF607047481E10FB02F000EBC001D1
:1042200001EB001003EB800000F5AF607047000069
:10423000002812BF002900207047DFF83CC0BCFBFB
:10424000F1F1B0F802C0007900FB03C000F26B602E
:1042500081429CBF01207047642312FB03F2002AB5
:1042600004BF10207047081AB0FBF2F0401C102861
:1042700088BF1020C0B2704740420F0018B142887A
:10428000007900FB0120F3307047000001288EBF49
:104290000248024901EBC00070470000D449010008
:1042A00006496330A1FB00104009032838BF0320F2
:1042B00002D3FF2888BFFF20C0B270471F85EB5193
:1042C00082B00122042115A0F9F742FD154C2060AF
:1042D00038B915A0F9F7D2FC1420F9F751FCF9F719
:1042E0001AFE0E211548F9F76FF91548F9F70EFA7D
:1042F000144D4FF0FF3269462068F9F72CFD002875
:10430000F7D1009A01A9012001959047002814BF18
:104310000DA00FA0F9F7B2FCEBE700006D625F6340
:1043200068000000040000204154206D7367712074
:10433000696E6974206661696C0D0A0008000020CE
:104340009DD50000D40300204552520D0A00000004
:104350004F4B0D0A0000000082B0F8F727FBDFF892
:104360006C818146D8F84800070C59A0F9F70AFC7F
:10437000594D0028686008BFF9F7CDFD57A0F9F73F
:1043800028FE060008BFF9F7C6FD00225549304651
:10439000F9F72EFED8F84000534C40F001004FF0E2
:1043A000010AC8F840002FB1B94524BFB9FBF7F0A6
:1043B000287001D285F800A04FF47A7B4FF00009F5
:1043C0004FF0FF3001460090012300226868F9F7A2
:1043D000DCFB98F8400010F0010FF1D0E868401CB9
:1043E000E860687898B1F9F79AFDA968471AF9F773
:1043F00098FDFA214843B0FBFBF0002808BF0120DC
:10440000874245D3E869401CE86185F80190002E99
:10441000D6D03648F8F7F0FB00283DD0A52120463D
:10442000FAF717FBB8F8480010F4007F0CD04FF4EF
:104430000062A11D2D48FCF76DF9002804DD82B251
:104440002046A11DFAF7EAFAB8F8480010F4807F78
:104450000CD04FF40062A11D2448FCF717F9002886
:1044600004DD82B22046A11DFAF7D8FA2046FAF7F9
:10447000FAFA002CA4D0A178E07811EB00209FD0AC
:104480002046FAF70EFB0746FA20F9F7BFFD38B1D0
:104490006869401C686193E7A869401CA8618FE7C0
:1044A00085F801A0F9F73BFDA8603A462146304661
:1044B000F9F7E2FD002818BF85F8019002D12869BC
:1044C000401C2861F9F7CCFD7AE70000D4040020F5
:1044D00072645F65767400008800002075617274F4
:1044E00030000000C9D70000E4090020EC110020D2
:1044F00010B50348F8F72CFABDE81040F9F7DCBA1C
:10450000D4080020044810B5416800291CBF806809
:104510008847002010BD0000C003002070B5C368AC
:1045200015460E460446002B18BF98470822314610
:104530002046A560FDF76AFFF3F76EFE09490346C2
:1045400004F11C0251F8280F18B101460068002838
:10455000FBD100200A6010601846F3F761FE0020CE
:1045600070BD00002023002010B500F02DF8064992
:1045700004480122086105A10348FFF7CFFF00208E
:1045800010BD000095450100CC230020636F6E73C1
:104590006F6C65002DE9F041DDE90667FCF722FF4D
:1045A00004000CD0258B3B4645F04000208332466A
:1045B00000212046FDF7B9F92583BDE8F08130469A
:1045C000BDE8F041FDF730BB10B5084C206800286D
:1045D0001CBF002010BD002205A1201DFEF7A2F87F
:1045E00000210120A1622060084610BD2023002088
:1045F000756C6F67206C6F636B0000001A4990ED5B
:10460000020A81ED950A90ED030A81ED960A90ED7C
:10461000040A81ED970A90ED050A81EDAA0A90ED52
:10462000060A81EDAB0A90ED070A81EDAC0A90ED28
:104630000E0A81ED8E0A90ED0F0A81ED8F0A90ED42
:10464000100A81ED900A90ED110A81ED910A90ED2A
:104650000B0A81ED920A90ED0C0A81ED930A90ED20
:104660000D0A81ED940A7047D404002010B5FEF7BE
:1046700009FE002010BD0022002912D900EB8203A0
:1046800093ED001AB4EEC01AF1EE10FA04DCB4EEA9
:10469000E01AF1EE10FA01D201207047521C8A4252
:1046A000ECD300207047000010B59FED0E0A0022E9
:1046B000002908D900EB8203521CD3ED000A914275
:1046C00000EEA00AF6D810EE100AF4F727FA41EC33
:1046D000100BF7F7BFFB51EC100BF4F732FA00EEBA
:1046E000100A10BD000000000022002998BF70478A
:1046F00000EB8203521C83ED000A9142F8D8704708
:10470000D84A0100C1420100140500001700000052
:10471000E04A01000D0B0100140500000700000035
:10472000DC4A010059430100F401000008000000C8
:10473000D44A0100F1D9000000020000110000007D
:1047400000000000000000000000000057DB000037
:1047500005DB000000000000000000000000000079
:104760000000000041DB000000000000000000002D
:104770009DF900000BFA0000FDF90000D1F80000DF
:1047800049F9000071F9000000C2010008000100B1
:10479000BDF70000DBF7000019FA0000A3F80000E5
:1047A0001FF8000008090A1A00800040009000402D
:1047B00000A0004000A001400200000000200040D6
:1047C0006009000000D00900C012000000B0130012
:1047D0008025000000502700004B000000A04E0084
:1047E00000C201000000D601008403000000B003F5
:1047F000000807000000400700100E000000000F36
:1048000040420F000000001080841E0000000020C5
:10481000000001000200010003000100020001008D
:104820000400010002000100030001000200010079
:104830000500010002000100030001000200010068
:104840000400010002000100030001000200010059
:104850000600010002000100030001000200010047
:104860000400010002000100030001000200010039
:104870000500010002000100030001000200010028
:104880000400010002000100030001000200010019
:104890000700010002000100030001000200010006
:1048A00004000100020001000300010002000100F9
:1048B00005000100020001000300010002000100E8
:1048C00004000100020001000300010002000100D9
:1048D00006000100020001000300010002000100C7
:1048E00004000100020001000300010002000100B9
:1048F00005000100020001000300010002000100A8
:104900000400010002000100030001000200010098
:104910003031323334353637383961626364656635
:10492000003031323334353637383941424344452B
:1049300046000000C01200008025000000C20100F7
:1049400000E803000008070000100E0040420F00BE
:1049500080841E00DE000000304B01007600000065
:104960000800000000C20100000264000100000015
:10497000011064003200000001000000CDCCCC3EEC
:10498000CDCCCC3E304C0100EC4B0100804B010003
:10499000944B0100AC4B01007C4B0100C84B010063
:1049A000B84B01006C4C0100D84B0100884C010051
:1049B000744C0100A04B01007C4C01000C4C010028
:1049C0005C4C0100FC4B0100204C0100444C0100F8
:1049D000644C01000000280004059600010050000E
:1049E0000807C8000040404040404040404041412E
:1049F00041414140404040404040404040404040B4
:104A0000404040404005020202020202020202024D
:104A1000020202020220202020202020202020024A
:104A200002020202020290909090909010101010DA
:104A30001010101010101010101010101010101076
:104A4000020202020202888888888888080808080A
:104A500008080808080808080808080808080808D6
:104A60000202020240000000E54901002B54444DBF
:104A7000410000002B4944002B47574944000000E7
:104A80002B5246434D4400002B4241554400000048
:104A90002B4600002B475743464700002B47574300
:104AA000480000002B53455450544C002B494E46AF
:104AB0004F0000002B4F4452000000002B52465381
:104AC000544154002B525354000000002B454F55C5
:104AD000540000006C656400746174006F757400AC
:104AE00072665F6777000000464958454400000041
:104AF000414441505449564500000000554E4B4E2C
:104B00004F574E003320415849530000362041583A
:104B1000495300003920415849530000544553542B
:104B2000000000004C4547414359000000000000D0
:104B30004849323231475700252D2A2E7320707292
:104B400069202073746174757320202020202073E5
:104B5000702020202020737461636B2073697A6554
:104B6000206D61782075736564206C6566742074AF
:104B700069636B20206572726F720A0052544300A1
:104B80004E6574776F726B20496E746572666163EF
:104B9000650000004D54442044657669636500005B
:104BA00053504920446576696365000043414E20B7
:104BB00044657669636500004772617068696320C7
:104BC0004465766963650000536F756E64204465C3
:104BD000766963650000000055534220536C61768E
:104BE000652044657669636500000000426C6F6370
:104BF0006B2044657669636500000000506F727435
:104C0000616C20446576696365000000504D20505A
:104C1000736575646F204465766963650000000004
:104C200054696D6572204465766963650000000013
:104C30004368617261637465722044657669636577
:104C4000000000004D697363656C6C616E656F7583
:104C500073204465766963650000000050697065E3
:104C600000000000556E6B6E6F776E004932432076
:104C70004275730053504920427573005344494FA5
:104C8000204275730000000055534220486F737432
:104C900020427573006C6973745F6D656D006C699B
:104CA0007374206D656D6F7279207573616765200F
:104CB000696E666F726D6174696F6E0070696E4DBA
:104CC0006F646500736574206861726477617265F2
:104CD0002070696E206D6F64650070696E5772692F
:104CE00074650077726974652076616C75652074EF
:104CF0006F2068617264776172652070696E007000
:104D0000696E5265616400726561642073746174D8
:104D100075732066726F6D20686172647761726569
:104D20002070696E0070776D5F656E61626C650002
:104D3000656E61626C652070776D206279206368B2
:104D4000616E6E656C2E0070776D5F7365740073B5
:104D500065742070776D2E005F5F636D645F7077A0
:104D60006D5F656E61626C650070776D5F656E6129
:104D7000626C652070776D312031005F5F636D6418
:104D80005F70776D5F64697361626C650070776DE9
:104D90005F64697361626C652070776D31203100EA
:104DA0005F5F636D645F70776D5F736574007077CC
:104DB0006D5F7365742031203130302035300068EC
:104DC000656C6C6F007361792068656C6C6F20771F
:104DD0006F726C640076657273696F6E0073686FD2
:104DE000772052542D546872656164207665727321
:104DF000696F6E20696E666F726D6174696F6E00A7
:104E00005F5F636D645F76657273696F6E00736870
:104E10006F772052542D54687265616420766572F4
:104E200073696F6E20696E666F726D6174696F6E03
:104E3000006C6973745F746872656164006C697397
:104E40007420746872656164005F5F636D645F6C99
:104E50006973745F746872656164006C697374204F
:104E6000746872656164006C6973745F73656D006A
:104E70006C6973742073656D6170686F7265206909
:104E80006E2073797374656D005F5F636D645F6C32
:104E90006973745F73656D006C6973742073656DFD
:104EA0006170686F726520696E2073797374656DC7
:104EB000006C6973745F6576656E74006C697374F9
:104EC000206576656E7420696E2073797374656DE4
:104ED000005F5F636D645F6C6973745F6576656EB8
:104EE00074006C697374206576656E7420696E2039
:104EF00073797374656D006C6973745F6D75746537
:104F000078006C697374206D7574657820696E2003
:104F100073797374656D005F5F636D645F6C697353
:104F2000745F6D75746578006C697374206D757449
:104F3000657820696E2073797374656D006C697390
:104F4000745F6D61696C626F78006C697374206D59
:104F500061696C20626F7820696E20737973746563
:104F60006D005F5F636D645F6C6973745F6D616931
:104F70006C626F78006C697374206D61696C20627B
:104F80006F7820696E2073797374656D006C697336
:104F9000745F6D73677175657565006C69737420F6
:104FA0006D65737361676520717565756520696EE0
:104FB0002073797374656D005F5F636D645F6C6906
:104FC00073745F6D73677175657565006C69737473
:104FD000206D6573736167652071756575652069FE
:104FE0006E2073797374656D006C6973745F746996
:104FF0006D6572006C6973742074696D65722069E7
:105000006E2073797374656D005F5F636D645F6CB0
:105010006973745F74696D6572006C697374207470
:10502000696D657220696E2073797374656D006CAB
:105030006973745F646576696365006C6973742075
:1050400064657669636520696E2073797374656D34
:10505000005F5F636D645F6C6973745F646576693C
:105060006365006C697374206465766963652069A3
:105070006E2073797374656D006C697374006C696C
:10508000737420616C6C2073796D626F6C20696E33
:105090002073797374656D0064756D6D7900647546
:1050A0006D6D79207661726961626C6520666F72E0
:1050B0002066696E7368005F5F636D645F65786921
:1050C000740072657475726E20746F2052542D5482
:1050D0006872656164207368656C6C206D6F6465CF
:1050E0002E006D736800757365206D6F64756C6557
:1050F000207368656C6C005F5F636D645F68656CEE
:10510000700052542D546872656164207368656C38
:105110006C2068656C702E005F5F636D645F7073F8
:10512000004C697374207468726561647320696EE1
:10513000207468652073797374656D2E005F5F63FA
:105140006D645F74696D650045786563757465208D
:10515000636F6D6D616E6420776974682074696D2A
:10516000652E005F5F636D645F66726565005368FE
:105170006F7720746865206D656D6F727920757327
:1051800061676520696E2074686520737973746542
:105190006D2E0000954C01009E4C010021EF000097
:1051A000BC4C0100C44C0100652A0100DA4C01002E
:1051B000E34C0100892A0100FF4C0100074D01006A
:1051C000792A0100254D0100304D01009D2A010082
:1051D000474D01004F4D0100C32A0100584D010009
:1051E000694D0100310A01007B4D01008D4D010028
:1051F000CD090100A04D0100AE4D0100950A01004E
:10520000BF4D0100C54D0100B1E30000D54D0100C7
:10521000DD4D01006D460100004E01000E4E010003
:105220006D460100314E01003D4E0100F9F20000D3
:10523000494E01005B4E0100F9F20000674E01008B
:10524000704E0100BDF10000894E0100984E010032
:10525000BDF10000B14E0100BC4E010079EC000030
:10526000D14E0100E24E010079EC0000F74E010042
:10527000024F0100D5F00000174F0100284F010038
:10528000D5F000003D4F01004A4F0100C1ED000084
:10529000624F0100754F0100C1ED00008D4F01000C
:1052A0009B4F01008DEF0000B84F0100CC4F010073
:1052B0008DEF0000E94F0100F44F01006DF4000094
:1052C000095001001A5001006DF400002F50010038
:1052D0003B50010091EB0000515001006350010070
:1052E00091EB0000795001007E500100B1EA00000E
:1052F000B7500100C250010035F70000E250010034
:10530000E650010025F70000F750010002510100AE
:1053100041F70000185101002151010023D700007E
:105320003D510100485101002DD70000635101009B
:105330006E51010019D700006853010000000020E1
:10534000D4030000E0920000BC540100D40300200C
:10535000E42E000054BF0000985001009E50010050
:1053600009000000800300208114C44A01234DACD1
:105370001A7408230D9A1A78082361992A9C101927
:10538000081AA4081A65202ACC1022941AB40823FB
:1053900045A42ABC0822AB1A6C0823A9B21AAC088F
:1053A0001A51401A88082339931A940823AD972A72
:1053B000800822AA1A90081A3540015854010101A8
:1053C0005402020254030303540404045405050563
:1053D00054060606540707076308084B0909404BA3
:1053E0000A0A404B0B0B404B0C0C404B0D0D404B35
:1053F0000E0E404B0F0F406310104B1111404B121B
:1054000012404B1313404B1414404B1515404B16D0
:1054100016404B1717406318184B1919404B1A1AAE
:10542000404B1B1B404B1C1C404B1D1D404B1E1E6C
:10543000404B1F1F400120495601561344022A20A9
:10544000045A80681A540C2904322029C61A640CA4
:105450002904322429CE1A740C2904292029D61AA9
:10546000840C2904323029DE1A940C290432343297
:10547000081AA40C2904324032091AB40C29040277
:10548000532C1602040810FA2009F401E803D0078F
:10549000A00F140C4B011A14041A040414FC4A0142
:1054A0001A1C080A1D2C041A24041AE82C1AF004E9
:0C54B000A90C012809282AF14490D0031F
:040000050000820174
:00000001FF
